index,close_time,predictions_XRPUSDT,actual_XRPUSDT,predictions_TRXUSDT,actual_TRXUSDT,log_actual_price_XRPUSDT,log_prediction_XRPUSDT,log_actual_price_TRXUSDT,log_prediction_TRXUSDT,predicted_spread,actual_spread,actual_spread_rolling_mean_4320_minutes,actual_spread_rolling_sd_4320_minutes,predicted_spread_rolling_mean_4320_minutes,predicted_spread_rolling_sd_4320_minutes,predicted_rolling_z_score_4320_minutes,actual_rolling_z_score_4320_minutes,actual_rolling_z_score_4320_minutes_lag_1,predicted_spread_rolling_sd_4320_minutes_percentile_75th,historical_spread,historical_XRPUSDT_mid,historical_XRPUSDT_vol,historical_TRXUSDT_mid,historical_TRXUSDT_vol,signal_4320_minutes,threshold_4320_minutes,delayed_signal_4320_minutes
0,2023-01-20 16:58:59.999,0.3959856140258727,0.3965,0.0608669479951433,0.06111,-0.9250792379072343,-0.9263773966050354,-2.795079760075313,-2.79906497745499,0.03396480720899986,0.03200513606854494,0.01790454911433164,0.013883149335544612,0.017908265906299854,0.013883692176672286,1.1565036950097893,1.0156619808239034,0.0,0.013883692176672286,0.0320051360685447,0.3964999999999999,330335.0,0.06111,434315.0,0,2.0,0
1,2023-01-20 16:59:59.999,0.3961292707089846,0.3966,0.0607896609431773,0.061055,-0.9248270628964415,-0.9260146798136826,-2.795980181697152,-2.8003355547468924,0.0353661937187173,0.03299338646674288,0.01791209480607919,0.01388248969465814,0.01791613417171507,0.013883421973406203,1.2568990253575774,1.0863535282483832,1.0156619808239034,0.013883624625855765,0.0329933864667428,0.3966,367451.0,0.061055,413923.5,0,2.0,0
2,2023-01-20 17:00:59.999,0.3959614453582926,0.3972,0.0607270675732475,0.061145,-0.9233153468111195,-0.9264384326738009,-2.794507186340804,-2.8013657565344148,0.03578460875135425,0.03330096040212993,0.017919696423219618,0.013881923262555268,0.017923830862545728,0.013882976619156606,1.2865236597865546,1.1080066996479752,1.0863535282483832,0.013883557075039243,0.0333009604021299,0.3972,800336.0,0.061145,1507236.1,0,2.0,0
3,2023-01-20 17:01:59.999,0.3964428693419942,0.3974,0.0608713666330189,0.06121,-0.9228119488644206,-0.9252233356986732,-2.7934447041191586,-2.7989923850605405,0.035059525387943324,0.03293580189267553,0.017927124155087366,0.01388137132705202,0.017931089070901494,0.013882211218386674,1.233840635874752,1.0812100176543258,1.1080066996479752,0.013883489524222723,0.0329358018926755,0.3974,325232.0,0.06121,435951.4,0,2.0,0
4,2023-01-20 17:02:59.999,0.3963991221317621,0.3969,0.0609100490476374,0.061195,-0.9240709191931175,-0.9253336911307692,-2.7936897921478354,-2.798357108886368,0.034429845292077044,0.031877185777250294,0.017934234332870697,0.013880648335286074,0.01793805187764256,0.013881309974103176,1.1880574272313924,1.0044884869631876,1.0812100176543258,0.013883421973406203,0.0318771857772506,0.3969,390580.0,0.061195,350606.9,0,2.0,0
5,2023-01-20 17:03:59.999,0.3955656263309056,0.39699998,0.060948100355257,0.0612,-0.9238190486727818,-0.927438572971053,-2.7936080894638566,-2.797732590804602,0.031814433298109845,0.03206226610363361,0.017941358381528525,0.01387999988493739,0.0179445689982646,0.01387999791137828,0.9992699126038969,1.0173564725623037,1.0044884869631876,0.013883310634843804,0.0320623164814688,0.397,207685.0,0.0612,354985.3,0,2.0,0
6,2023-01-20 17:04:59.999,0.3956774242023897,0.39725,0.0609555940842068,0.06123,-0.9231894735653117,-0.927155985030084,-2.7931180134922737,-2.7976096457372894,0.03199651628022793,0.03229121460253337,0.01794850566437074,0.013879437643786874,0.01795175676611012,0.013879476512369605,1.011908446374105,1.0333782467464119,1.0173564725623037,0.013883199296281405,0.0322912146025333,0.39725,202179.0,0.06123,112124.9,0,2.0,0
7,2023-01-20 17:05:59.999,0.3960028338583249,0.39735,0.0609509692254528,0.061215,-0.9229377745959487,-0.9263339115453708,-2.7933630214562584,-2.7976855212050356,0.032880616334451496,0.032743202333997634,0.017955698082488192,0.013879051821757929,0.01795915212512924,0.01387930255203081,1.0750874659144136,1.065454934632303,1.0333782467464119,0.013883087957719005,0.0327432023339975,0.39735,440693.0,0.061215,277331.1,0,2.0,0
8,2023-01-20 17:06:59.999,0.3960921578391871,0.3977,0.0608677946562933,0.06124,-0.9220573267684922,-0.9261083729870486,-2.792954708192654,-2.799051067520462,0.034222459753482926,0.033289862815170546,0.01796304678622973,0.01387876446393636,0.017966809668193917,0.01387936214204505,1.1712101693813015,1.1043357691361635,1.065454934632303,0.013882976619156606,0.0332898628151705,0.3977,360435.0,0.06124,89522.5,0,2.0,0
9,2023-01-20 17:07:59.999,0.3966564511745697,0.3977,0.0608376855191461,0.061225,-0.9220573267684922,-0.9246847352177155,-2.7931996761439057,-2.7995458544062792,0.03605057520285737,0.033490118867719465,0.017970365508794876,0.013878614158604306,0.01797454977394046,0.01387973303576872,1.3023323562732907,1.1182495011076323,1.1043357691361635,0.013882785268964123,0.0334901188677194,0.3977,368463.0,0.061225,108815.5,0,2.0,0
10,2023-01-20 17:08:59.999,0.3969564167122243,0.3981,0.0608133403444419,0.06121,-0.9210520489758656,-0.9239287859026845,-2.7934447041191586,-2.799946100517751,0.03713371714011504,0.0346957017812306,0.017977871656718485,0.01387888906824637,0.017982304854006936,0.01388034168489194,1.3797507814201335,1.2045510301513243,1.1182495011076323,0.01388259391877164,0.0346957017812306,0.3981,702715.0,0.06121,108700.0,0,2.0,0
11,2023-01-20 17:09:59.999,0.3979753345906591,0.39825,0.0608506072127283,0.061235,-0.9206753301919791,-0.9213652490084331,-2.7930363575088863,-2.799333480753224,0.03919645050014531,0.03473860595864642,0.017985372457721905,0.013879189150098769,0.01799028129318648,0.013881333101096942,1.5276752637888256,1.207075811111436,1.2045510301513243,0.013882402568579156,0.0347386059586463,0.39825,223741.0,0.061235,178666.4,0,2.0,0
12,2023-01-20 17:10:59.999,0.3984589250933589,0.39805,0.0609274556008858,0.06123,-0.9211776534475499,-0.9201508598576635,-2.7931180134922737,-2.7980713749751716,0.039379095213649906,0.03430303472029517,0.017992711305940098,0.01387943348066753,0.01799766071207472,0.013881639571090816,1.5402672279507281,1.1751433109336553,1.207075811111436,0.013882211218386674,0.034303034720295,0.39805,296691.0,0.06123,585178.9,0,2.0,0
13,2023-01-20 17:11:59.999,0.3979261511150145,0.398,0.0609154032349726,0.06126,-0.9213032736976993,-0.9214888408764984,-2.792628177577508,-2.79826920956421,0.03820283973342542,0.033776984102881324,0.017999927560389577,0.013879534114277175,0.01800460307813386,0.013881329973424339,1.4550649465116723,1.1367136974909473,1.1751433109336553,0.01388206830656271,0.0337769841028814,0.398,176159.0,0.0612599999999999,151348.6,0,2.0,0
14,2023-01-20 17:12:59.999,0.3972886179559407,0.39805,0.0609169605581587,0.06128,-0.9211776534475499,-0.9230922650593979,-2.7923017535498014,-2.7982436445478593,0.036578516697301944,0.033635759702897006,0.018007037178314405,0.01387967523633233,0.018011335137008918,0.013880943848553397,1.3376022382100483,1.1260150009613952,1.1367136974909473,0.013881925394738745,0.0336357597028968,0.39805,113913.0,0.06128,393507.3,0,2.0,0
15,2023-01-20 17:13:59.999,0.3969022786971657,0.3978,0.0609271493806589,0.061285,-0.9218059125622653,-0.9240651779720933,-2.7922201641890085,-2.7980764009686814,0.0354688857412494,0.03294080303350633,0.018013956190435606,0.013879667878560157,0.018017995748304344,0.01388060124157475,1.2572142725832862,1.0754469756533682,1.1260150009613952,0.01388178248291478,0.0329408030335065,0.3978,358643.0,0.061285,157748.9,0,2.0,0
16,2023-01-20 17:14:59.999,0.3965274559345401,0.39735,0.0609529203238508,0.06126,-0.9229377745959487,-0.9250099945680648,-2.792628177577508,-2.797653510767873,0.03417836546509112,0.032142483204631866,0.018020691241907066,0.013879462835584562,0.018024430578686326,0.013880032833280789,1.1638254088039164,1.0174595465264655,1.0754469756533682,0.013881639571090816,0.0321424832046317,0.39735,269248.0,0.06126,84866.2,0,2.0,0
17,2023-01-20 17:15:59.999,0.3962328742465158,0.39735,0.0609539118729456,0.06124,-0.9229377745959487,-0.9257531742917916,-2.792954708192654,-2.7976372434418018,0.03342188755077291,0.03240941498771399,0.018027547551732147,0.013879253217615224,0.018031110231667122,0.013879622526731973,1.1088757845873223,1.036213347396005,1.0174595465264655,0.013881562953592348,0.0324094149877138,0.39735,282948.0,0.06124,216135.5,0,2.0,0
18,2023-01-20 17:16:59.999,0.3965472166844349,0.3977,0.0609482514653835,0.061265,-0.9220573267684922,-0.92496016130373,-2.792546561580727,-2.7977301114830433,0.03429081817316948,0.03295621170306329,0.01803466145254095,0.013879027220128912,0.018038423580918783,0.013879623943614047,1.1709535257061738,1.0751149928491706,1.036213347396005,0.01388148633609388,0.0329562117030632,0.3977,400452.0,0.061265,65403.7,0,2.0,0
19,2023-01-20 17:17:59.999,0.3973260727763174,0.39715,0.0609720579769309,0.06127,-0.923441235902996,-0.9229979934058752,-2.7924649522445737,-2.797339585705035,0.035933739613179805,0.03150558868445441,0.018041719025808093,0.01387812359539109,0.01804585973874199,0.013879186199246508,1.2888277178246184,0.9701505802353321,1.0751149928491706,0.013881409718595411,0.0315055886844544,0.39715,559916.0,0.06127,12215.3,0,2.0,0
20,2023-01-20 17:18:59.999,0.3963242998506459,0.3967,0.0609621042640098,0.06126,-0.9245749514618526,-0.9255224638584661,-2.792628177577508,-2.79750284943294,0.03354273376078487,0.030505306338727944,0.018048797555346958,0.013876680296735645,0.018052383284623847,0.013877075916075364,1.11625464686093,0.897657690241034,0.9701505802353321,0.013881333101096942,0.0305053063387279,0.3967,405359.0,0.0612599999999999,124247.3,0,2.0,0
21,2023-01-20 17:19:59.999,0.3954931927118646,0.3962,0.0609264556074016,0.06126,-0.9258361447176865,-0.9276217037762466,-2.792628177577508,-2.798087787964698,0.03192166856241241,0.029244113082894097,0.01805554275219044,0.01387503837091889,0.01805875176070935,0.013875035937877287,0.999126551006535,0.8063812172335406,0.897657690241034,0.01388133231917879,0.0292441130828939,0.3962,327483.0,0.0612599999999999,71805.2,0,2.0,0
22,2023-01-20 17:20:59.999,0.3948540795913554,0.39635,0.0609380177542868,0.06126,-0.9254576196989722,-0.9292390010889957,-2.792628177577508,-2.7978980337795623,0.030149251268148047,0.029622638101608367,0.018062704019030852,0.013873022844886356,0.01806550118340232,0.013872635737227636,0.8710493314776961,0.8332671409705453,0.8063812172335406,0.01388133153726064,0.0296226381016082,0.39635,274113.0,0.0612599999999999,210830.5,0,2.0,0
23,2023-01-20 17:21:59.999,0.395016683331743,0.3967,0.0609828392400153,0.061265,-0.9245749514618526,-0.9288272786900482,-2.792546561580727,-2.797162778322002,0.02995991808086962,0.03043858700970281,0.018070292647864472,0.013870824061682078,0.018073044239031565,0.013870398022147394,0.8569958715573863,0.8916769693594159,0.8332671409705453,0.01388133075534249,0.0304385870097028,0.3967,253891.0,0.061265,43654.0,0,2.0,0
24,2023-01-20 17:22:59.999,0.3956343309414406,0.39685,0.0609987244698431,0.06127,-0.9241969034452525,-0.9272649010438083,-2.7924649522445737,-2.7969023253578906,0.03130938100826097,0.030749921142197878,0.018077745447609223,0.013868985219622015,0.01808080761737563,0.013868840769512947,0.9538341099109692,0.9137060494274593,0.8916769693594159,0.013881329973424339,0.0307499211421979,0.39685,277957.0,0.06127,172446.2,0,2.0,0
25,2023-01-20 17:23:59.999,0.3961501621421815,0.3964,0.0609928729524151,0.061255,-0.9253314765263042,-0.9259619422760526,-2.792709800236003,-2.7969982584804356,0.03269076304865881,0.029815506049110208,0.018085280274969605,0.01386651781072144,0.018088660391325468,0.013866692971625435,1.053034251729142,0.8459388243147044,0.9137060494274593,0.013881324973594048,0.0298155060491103,0.3964,179805.0,0.061255,252792.6,0,2.0,0
26,2023-01-20 17:24:59.999,0.3955304004292679,0.3963,0.0609704175431752,0.06123,-0.9255837787857477,-0.9275276289148813,-2.7931180134922737,-2.797366490747742,0.031426098400238134,0.029896909382097325,0.01809305687455163,0.013863719204273192,0.018096142512488606,0.013863598397276486,0.9615076479976662,0.8514203392050391,0.8459388243147044,0.013881319973763757,0.0298969093820973,0.3963,133098.0,0.06123,184377.9,0,2.0,0
27,2023-01-20 17:25:59.999,0.395239128423492,0.39605,0.0609282822621661,0.061195,-0.9262148130718484,-0.9282643088407535,-2.7936897921478354,-2.7980578071072184,0.03125455478915329,0.029733291898519365,0.01810075098542655,0.013860953514648555,0.018103795142752108,0.013860793699871695,0.948773925300029,0.8392309303107678,0.8514203392050391,0.013881314973933467,0.0297332918985193,0.39605,181307.0,0.061195,36669.3,0,2.0,0
28,2023-01-20 17:26:59.999,0.3948673432802453,0.39585,0.0608718061857104,0.06118,-0.9267199273646943,-0.9292054102846765,-2.79393494025938,-2.7989851640775263,0.0310715478030108,0.02942858093540257,0.018108165654087263,0.013858443620564351,0.018111165742527188,0.013858242841416596,0.9352110659910183,0.8168605069415661,0.8392309303107678,0.013881309974103176,0.0294285809354026,0.39585,418128.0,0.06118,486606.1,0,2.0,0
29,2023-01-20 17:27:59.999,0.3946116565986137,0.396,0.0608684848740182,0.06119,-0.9263410677276565,-0.9298531455394725,-2.793771501507688,-2.7990397279637156,0.03046841735632988,0.02967383289404757,0.018115534783141332,0.013856127507967227,0.018118393584940266,0.013855798187672573,0.8913253212923786,0.834165108848793,0.8168605069415661,0.013881218442715731,0.0296738328940475,0.396,833412.0,0.06119,176713.8,0,2.0,0
30,2023-01-20 17:28:59.999,0.394752375501932,0.39605,0.0608958006960328,0.061215,-0.9262148130718484,-0.9294966081268556,-2.7933630214562584,-2.7985910607318596,0.030458178918063128,0.02946616385809797,0.0181227508817341,0.013853919322022429,0.018125605644066047,0.013853586861815337,0.8902079581995744,0.8187872841393112,0.834165108848793,0.013881126911328288,0.0294661638580979,0.39605,195582.0,0.061215,30257.9,0,2.0,0
31,2023-01-20 17:29:59.999,0.3950063823825431,0.39585,0.0609210214205877,0.061185,-0.9267199273646943,-0.9288533562810642,-2.7938532175445054,-2.7981769845069664,0.030762932320168912,0.029361774366622018,0.018129956019163986,0.0138516684042543,0.01813287964246901,0.013851398460856769,0.9118250921299884,0.8108639349183651,0.8187872841393112,0.013881035379940843,0.0293617743666221,0.39585,270775.0,0.061185,231631.7,0,2.0,0
32,2023-01-20 17:30:59.999,0.3951994097405217,0.3956,0.0608802385752108,0.061175,-0.92735167923358,-0.9283648066810941,-2.7940166696534017,-2.798846646658284,0.03179891638362342,0.02886364109535744,0.01813689354392757,0.013849537230711941,0.018140055317322552,0.013849493767450611,0.9862354029431912,0.7745202870492197,0.8108639349183651,0.013880943848553397,0.0288636410953573,0.3955999999999999,136862.0,0.061175,294063.4,0,2.0,0
33,2023-01-20 17:31:59.999,0.3949649564426662,0.396,0.0608562489537454,0.061195,-0.9263410677276565,-0.9289582358833457,-2.7936897921478354,-2.7992407704294373,0.031527674921538074,0.029607037242711298,0.0181438093092334,0.013847803695264107,0.018146906709282533,0.01384769777879322,0.9662810689548158,0.8278011579120144,0.7745202870492197,0.013880858196808735,0.0296070372427112,0.396,432627.0,0.061195,68994.3,0,2.0,0
34,2023-01-20 17:32:59.999,0.3952069451332124,0.39605,0.0608772523724462,0.06121,-0.9262148130718484,-0.9283457395451975,-2.7934447041191586,-2.798895698305816,0.031858082190614256,0.029532937685247784,0.018150663504510913,0.013846111123817373,0.018153835783771756,0.01384607882383323,0.9897564921596002,0.8220556717299246,0.8278011579120144,0.013880772545064073,0.0295329376852477,0.39605,110072.0,0.06121,55652.1,0,2.0,0
35,2023-01-20 17:33:59.999,0.3949767499936645,0.3959,0.0609361533219907,0.06122,-0.9265936248700521,-0.9289283765889115,-2.793281345464871,-2.7979286297996997,0.0304848873592799,0.02902058368656313,0.018157368489304285,0.013844359867045752,0.018160221421234385,0.013844027760372123,0.8902514608735682,0.7846672075548224,0.8220556717299246,0.013880686893319411,0.0290205836865631,0.3959,279793.0,0.06122,63292.4,0,2.0,0
36,2023-01-20 17:34:59.999,0.3946159521967657,0.39585,0.0609185894364341,0.061235,-0.9267199273646943,-0.9298422599645023,-2.7930363575088863,-2.798216905582499,0.029806663260806388,0.028694008785931202,0.018163833334201764,0.013842757774233955,0.01816652781000056,0.013842288835073867,0.8409111809104733,0.7606992496343213,0.7846672075548224,0.01388060124157475,0.0286940087859313,0.39585,160445.0,0.061235,258043.9,0,2.0,0
37,2023-01-20 17:35:59.999,0.3944894379704275,0.3958,0.0609864663274929,0.061235,-0.9268462458136717,-0.9301629122601237,-2.7930363575088863,-2.7971033029078924,0.028575664633816333,0.028567690336953833,0.01817016492523136,0.013841259479113882,0.018172573048283566,0.01384056280742979,0.7516379015995113,0.7511979258399195,0.7606992496343213,0.013880536352404046,0.028567690336954,0.3958,193652.0,0.061235,213708.8,0,2.0,0
38,2023-01-20 17:36:59.999,0.3944440683669365,0.39525,0.060989237420548,0.061195,-0.9282368028925557,-0.930277927285285,-2.7936897921478354,-2.7970578661041614,0.02842350599493293,0.027711302077812028,0.01817622413394779,0.013839705423620313,0.01817859564097417,0.01383898171754596,0.7402936547686596,0.6889653827162143,0.7511979258399195,0.013880471463233344,0.0277113020778121,0.39525,564120.0,0.061195,219983.5,0,2.0,0
39,2023-01-20 17:37:59.999,0.3939871375294668,0.3951,0.0609140832435735,0.061155,-0.928616381564792,-0.9314370160813885,-2.7943436540428106,-2.798290879053876,0.028272378872142845,0.027866241497967015,0.018182199180405638,0.013838315577443335,0.018184534329605297,0.013837565408507767,0.7290187431623794,0.6997992106312789,0.6889653827162143,0.013880406574062643,0.0278662414979669,0.3951,227482.0,0.061155,54782.2,0,2.0,0
40,2023-01-20 17:38:59.999,0.3938619636495595,0.3951,0.0608057883936491,0.06115,-0.928616381564792,-0.9317547771368323,-2.7944254168489557,-2.800070290698701,0.029409248718544778,0.027933080840502833,0.018188145414738635,0.013836985200612419,0.01819074229122644,0.013836436782282255,0.8107944699811578,0.7042672435129071,0.6997992106312789,0.01388034168489194,0.0279330808405027,0.3951,284382.0,0.0611499999999999,132405.8,0,2.0,0
41,2023-01-20 17:39:59.999,0.3938857454387471,0.3954,0.0607404034863529,0.061195,-0.9278573682456206,-0.9316943979344038,-2.7936897921478354,-2.801146176542461,0.030349141551078263,0.028090736724747156,0.018194217535836985,0.013835573743453561,0.018197030524500543,0.013835208126837556,0.878346817421925,0.7152951783870046,0.7042672435129071,0.013880264471989152,0.0280907367247471,0.3954,185512.0,0.061195,54986.6,0,2.0,0
42,2023-01-20 17:40:59.999,0.3942499502614899,0.3956,0.0607800530057811,0.061235,-0.92735167923358,-0.93077017929882,-2.7930363575088863,-2.8004936194013874,0.030739908702635987,0.028062256917045558,0.01820046116590478,0.01383393943905557,0.018203363144043347,0.013833653566635237,0.906235326640604,0.7128696633801394,0.7152951783870046,0.013880187259086364,0.0280622569170456,0.3956,185554.0,0.061235,47700.1,0,2.0,0
43,2023-01-20 17:41:59.999,0.3945928018929543,0.3957,0.0608796399124449,0.061244998,-0.9270989305907584,-0.9299009270882463,-2.792873098198216,-2.798856480156368,0.030270834650506062,0.028181544570665684,0.018206911452431987,0.0138320953358686,0.018209703380966603,0.013831711998932508,0.8719912090759483,0.7211223517501393,0.7128696633801394,0.013880110046183575,0.0281815178753077,0.3957,486756.0,0.061245,51241.4,0,2.0,0
44,2023-01-20 17:42:59.999,0.3948299383796612,0.3957,0.0609373595363535,0.061244998,-0.9270989305907584,-0.9293001425358335,-2.792873098198216,-2.797908835271183,0.030096939809325263,0.028181544570665684,0.018213272972041977,0.013830361616212199,0.018216023184223714,0.013829942523386393,0.8590720174730266,0.7207527811086819,0.7211223517501393,0.013880032833280789,0.0281815178753077,0.3957,231211.0,0.061245,51941.0,0,2.0,0
45,2023-01-20 17:43:59.999,0.3947598410069131,0.3959,0.0609295146985802,0.06126,-0.9265936248700521,-0.9294776964372701,-2.792628177577508,-2.7980375796544847,0.03002463168333047,0.028486632930528444,0.018219646234127387,0.013828750473525808,0.018222378237239906,0.013828316111826588,0.8534844988101448,0.7424377723827252,0.7207527811086819,0.013880024102805161,0.0284866329305284,0.3959,132635.0,0.06126,353866.8,0,2.0,0
46,2023-01-20 17:44:59.999,0.3947325323843794,0.39585,0.0609156796776158,0.06127,-0.9267199273646943,-0.9295468766433492,-2.7924649522445737,-2.798264671434258,0.030141094142552838,0.028226897222756064,0.018225988422360846,0.013827055734890358,0.018228745910377556,0.01382664356727826,0.86155025073234,0.7232854912965693,0.7424377723827252,0.013880015372329534,0.0282268972227561,0.39585,127486.0,0.06127,78901.4,0,2.0,0
47,2023-01-20 17:45:59.999,0.3945358484015939,0.39615,0.0609147272393773,0.06128,-0.9259623515708861,-0.9300452723516911,-2.7923017535498014,-2.798280306910862,0.02965548010139829,0.028851061579560744,0.018232444478110545,0.013825503980367613,0.01823508808737305,0.013824996028177744,0.8260683757701266,0.7680455711798114,0.7232854912965693,0.013880006641853907,0.0288510615795607,0.39615,684843.0,0.06128,64844.5,0,2.0,0
48,2023-01-20 17:46:59.999,0.3947602852930671,0.39655,0.0609458425921904,0.061275,-0.9249531424528084,-0.9294765709785535,-2.792383349567961,-2.7977696355176085,0.029806718549936217,0.02992697369456887,0.01823912054238837,0.013824186085079246,0.018241797607421364,0.013823706203739879,0.8366006027664324,0.8454641076334657,0.7680455711798114,0.01387999791137828,0.0299269736945686,0.3965499999999999,148329.0,0.0612749999999999,72726.2,0,2.0,0
49,2023-01-20 17:47:59.999,0.3952927497686974,0.3965,0.0609685068889581,0.061255,-0.9250792379072343,-0.9281286499337142,-2.792709800236003,-2.7973978286363796,0.030850695434059494,0.030067744668180074,0.01824571071935808,0.013823037418335186,0.018248627864628778,0.013822767636295509,0.9116891711570477,0.8552414054194041,0.8454641076334657,0.01387993169247589,0.0300677446681798,0.3964999999999999,128688.0,0.061255,116673.4,0,2.0,0
50,2023-01-20 17:48:59.999,0.3954706664054605,0.39655,0.06096357092112,0.061244998,-0.9249531424528084,-0.9276786629056696,-2.792873098198216,-2.797478791217014,0.03136686763742669,0.030327332708615762,0.01825233117485025,0.013821973213130901,0.018255366244617103,0.013821813348149985,0.9486093512154485,0.8736090967311554,0.8552414054194041,0.0138798654735735,0.0303273060132576,0.3965499999999999,158938.0,0.061245,61154.3,0,2.0,0
51,2023-01-20 17:49:59.999,0.3956649167983575,0.3968,0.0609494687907849,0.061255,-0.9243229035714193,-0.927187595632437,-2.792709800236003,-2.797710138584471,0.032047056427730536,0.030824079003995086,0.01825915605097239,0.013820900013149746,0.018262346955942716,0.013820892016877244,0.9973820398100759,0.9091247994752827,0.8736090967311554,0.013879799254671109,0.0308240790039953,0.3968,153077.0,0.061255,211991.9,0,2.0,0
52,2023-01-20 17:50:59.999,0.3958636549806079,0.39699998,0.0609448528208618,0.061255,-0.9238190486727818,-0.9266854326189656,-2.792709800236003,-2.7977858758274246,0.03261113301490581,0.031327933902632665,0.0182661273884741,0.013819894824399517,0.018269447223148116,0.013820018259178005,1.0377472390264932,0.9451451461915239,0.9091247994752827,0.01387973303576872,0.0313279842804679,0.397,146864.0,0.061255,127331.2,0,2.0,0
53,2023-01-20 17:51:59.999,0.3958959480944312,0.39705,0.0609201107598547,0.061275,-0.923693061640917,-0.9266038595917089,-2.792383349567961,-2.7981919328370863,0.033024648949180446,0.0311870545064602,0.018273066103342932,0.013818855392879404,0.018276480031333177,0.013819078113439997,1.0672324735977625,0.9345193965754647,0.9451451461915239,0.013879705762730052,0.0311870545064603,0.39705,188371.0,0.0612749999999999,215658.2,0,2.0,0
54,2023-01-20 17:52:59.999,0.395800483979081,0.39705,0.0609548265336525,0.061295,-0.923693061640917,-0.9268450230274536,-2.7920570054351797,-2.7976222377790596,0.032317772007264045,0.03092027516871665,0.018279943063735433,0.013817755310630142,0.018283191809151663,0.013817806265391874,1.0156880136077346,0.914789111604609,0.9345193965754647,0.013879678489691384,0.0309202751687167,0.39705,160678.0,0.061295,24331.2,0,2.0,0
55,2023-01-20 17:53:59.999,0.3958562144355231,0.3972,0.0610198896652676,0.061305,-0.9233153468111195,-0.9267042285223461,-2.791893873297787,-2.7965554078685093,0.031586455913672706,0.0311646329707429,0.018286951536391698,0.013816610436832471,0.018290029412896508,0.013816492660192919,0.9623590319043054,0.9320434627020922,0.914789111604609,0.013879651216652715,0.0311646329707429,0.3972,261195.0,0.061305,110482.4,0,2.0,0
56,2023-01-20 17:54:59.999,0.3963697518217947,0.39735,0.0610385286549301,0.061345,-0.9229377745959487,-0.9254077866482544,-2.791241610738991,-2.79624999690114,0.03263323086432379,0.031008994516588673,0.018293833729278477,0.01381554098560875,0.018297152265991053,0.013815664119918797,1.0376684373546425,0.9203520007327408,0.9320434627020922,0.013879623943614047,0.0310089945165885,0.39735,436271.0,0.061345,818924.4,0,2.0,0
57,2023-01-20 17:55:59.999,0.3969390895522179,0.3969,0.0610708288889116,0.061325,-0.9240709191931175,-0.9239724368866551,-2.791567688837584,-2.795720959071697,0.033636103533176476,0.030142411779913503,0.018300412188965335,0.013814415200992393,0.018303961295964687,0.013814786191021031,1.1098356518305703,0.857220477208291,0.9203520007327408,0.013879623589393528,0.0301424117799138,0.3969,285685.0,0.061325,81877.3,0,2.0,0
58,2023-01-20 17:56:59.999,0.3963102848688776,0.3968,0.0610392268726029,0.061315,-0.9243229035714193,-0.9255578268921766,-2.7917307677681475,-2.796238558000256,0.03247383956396799,0.030023740933940113,0.018306962374763213,0.013813263737746818,0.01831024098554526,0.013813346231912582,1.025356082489337,0.848226659653145,0.857220477208291,0.01387962323517301,0.0300237409339407,0.3968,113934.0,0.0613149999999999,160466.6,0,2.0,0
59,2023-01-20 17:57:59.999,0.3958881181749643,0.3971,0.0610092666233744,0.061325,-0.9235671408449313,-0.9266236375079381,-2.791567688837584,-2.796729514487667,0.031809375359604375,0.03064619012809966,0.018313597047288743,0.013812305491150409,0.01831672034706016,0.013812232723955077,0.9768627044013959,0.8928699910896447,0.848226659653145,0.013879622880952493,0.0306461901280996,0.3971,139206.0,0.061325,56445.5,0,2.0,0
60,2023-01-20 17:58:59.999,0.3960722373459561,0.3967,0.0610113443876138,0.061329998,-0.9245749514618526,-0.9261586668234197,-2.7914861919547134,-2.7966954585323265,0.0322465060301641,0.029571757555223233,0.0183198816236863,0.013811249994093961,0.018323104633268916,0.01381127643039003,1.0081183637928235,0.8146891799329183,0.8928699910896447,0.013879513015960198,0.0295717308968637,0.3967,145626.0,0.0613299999999999,35187.1,0,2.0,0
61,2023-01-20 17:59:59.999,0.395451085366819,0.39635,0.0610351348992655,0.06131,-0.9254576196989722,-0.9277281773831806,-2.7918123172075404,-2.7963055986675927,0.03035829338239504,0.02895568972617346,0.018326026057496066,0.013810075782352965,0.018328810659978108,0.013809690544284752,0.8710899555526556,0.7697035002704605,0.8146891799329183,0.013879390734626188,0.0289556897261733,0.39635,157461.0,0.06131,108029.3,0,2.0,0
62,2023-01-20 18:00:59.999,0.3951318632691747,0.39645,0.0610215318767894,0.06131,-0.9252053492637291,-0.9285357387290042,-2.7918123172075404,-2.7965284955054583,0.029732945426725554,0.02920796016141658,0.018332094600599837,0.013809096193773962,0.018334733075681096,0.013808587195534216,0.8254437756478601,0.7875870663947065,0.7697035002704605,0.01387931744953437,0.0292079601614165,0.3964499999999999,635402.0,0.06131,400429.1,0,2.0,0
63,2023-01-20 18:01:59.999,0.3955219015845803,0.39675,0.061022096317556,0.061335,-0.9244489195756186,-0.9275491163555127,-2.791404636497422,-2.796519245685948,0.030712006270912973,0.02963111960216802,0.01833832141652425,0.013808124870211809,0.01834118503255165,0.013807809843344284,0.8959292877519149,0.8178372003287472,0.7875870663947065,0.013879215287442584,0.0296311196021679,0.39675,368661.0,0.061335,252772.3,0,2.0,0
64,2023-01-20 18:02:59.999,0.3964770194721017,0.3974,0.0610338309077621,0.061375,-0.9228119488644206,-0.9251371980431284,-2.790752692867452,-2.7963269635000843,0.03296673801534089,0.030735140361524582,0.0183450257945957,0.013807111033241316,0.01834840966689858,0.01380730469992813,1.0587387376566262,0.8973719800687527,0.8178372003287472,0.01387760348686815,0.0307351403615245,0.3974,388654.0,0.061375,577457.4,0,2.0,0
65,2023-01-20 18:03:59.999,0.3975147146805173,0.3976,0.0610594467408536,0.06138,-0.9223088041997181,-0.9225233275087076,-2.790671229790547,-2.7959073526261577,0.03523758564905244,0.031171690705924515,0.01835172416451239,0.013806312877072766,0.01835563202414778,0.013807104479266603,1.2227005053996218,0.9285583091993662,0.8973719800687527,0.013875545932426805,0.031171690705924,0.3976,2168715.0,0.06138,193768.2,0,2.0,0
66,2023-01-20 18:04:59.999,0.3975280432651376,0.3978,0.0610636680466816,0.061365,-0.9218059125622653,-0.9224897982815351,-2.7909156389326655,-2.7958382206549164,0.035214600970650545,0.03187438158143019,0.018358511169200616,0.013805752128941333,0.01836241213883761,0.01380653547573153,1.2205950480071492,0.9790028305590049,0.9285583091993662,0.013873235787390048,0.0318743815814301,0.3978,172194.0,0.061365,59583.5,0,2.0,0
67,2023-01-20 18:05:59.999,0.397399869205696,0.3976,0.0610948025104813,0.061359998,-0.9223088041997181,-0.9228122779895478,-2.790997154517661,-2.7953284817177497,0.034475420600914575,0.03143812718851935,0.018365124025884555,0.013805173738939622,0.018368852398153713,0.013805751231292658,1.1666564124560699,0.9469640447740525,0.9790028305590049,0.013870957450917454,0.0314381005431938,0.3975999999999999,119894.0,0.06136,287623.0,0,2.0,0
68,2023-01-20 18:06:59.999,0.3967264337317948,0.39735,0.0610708466665736,0.061345,-0.9229377745959487,-0.9245083196213171,-2.791241610738991,-2.795720667972661,0.033099982831288566,0.031008994516588673,0.01837166813775386,0.013804465191166588,0.01837507668084424,0.013804685727476871,1.0666600052427015,0.9154520804559221,0.9469640447740525,0.013869230082671559,0.0310089945165885,0.39735,65562.0,0.061345,158603.8,0,2.0,0
69,2023-01-20 18:07:59.999,0.396234771198634,0.3971,0.0611076504267664,0.061325,-0.9235671408449313,-0.9257483868354731,-2.791567688837584,-2.7951182090755298,0.031367418374345646,0.03064619012809966,0.01837811214266177,0.013803695990134417,0.018381118230657995,0.013803512748820268,0.9407967652869766,0.888753127727962,0.9154520804559221,0.013867229921097313,0.0306461901280996,0.3971,268868.0,0.061325,266355.1,0,2.0,0
70,2023-01-20 18:08:59.999,0.3958522133641474,0.39695,0.0610877701118588,0.061325,-0.9239449508110146,-0.9267143359589611,-2.791567688837584,-2.7954435946750125,0.030667465008162864,0.030268380162016384,0.01838436244521456,0.013802965374463351,0.01838720509797155,0.013802632704270817,0.8897041726243682,0.8609756957579751,0.888753127727962,0.013864372040863722,0.0302683801620164,0.39695,190209.0,0.061325,108863.4,0,2.0,0
71,2023-01-20 18:09:59.999,0.3956365324042936,0.39699998,0.0610482565915445,0.061329998,-0.9238190486727818,-0.9272593366714676,-2.7914861919547134,-2.796090635892242,0.030651406630100242,0.030327660344294127,0.01839068598997997,0.013802177966383878,0.018393523462935334,0.013801840854894214,0.8881339305414604,0.8648616459943823,0.8609756957579751,0.013861494874222892,0.0303276840637698,0.397,137293.0,0.06133,50855.3,0,2.0,0
72,2023-01-20 18:10:59.999,0.3956496338538576,0.3969,0.0609919982914475,0.061325,-0.9240709191931175,-0.9272262223567637,-2.791567688837584,-2.7970125989631316,0.03143820600535607,0.030142411779913503,0.01839693688850118,0.01380138386934771,0.018399955002159327,0.013801212470704092,0.9447177942425792,0.8510360267203728,0.8648616459943823,0.013858880556030372,0.0301424117799138,0.3969,130006.0,0.061325,111369.7,0,2.0,0
73,2023-01-20 18:11:59.999,0.3955547737679976,0.39655,0.0609344555552753,0.061285,-0.9249531424528084,-0.927466008903453,-2.7922201641890085,-2.7979564915906785,0.03197003146201993,0.02979357314296327,0.018403136796479362,0.013800486172294705,0.018406276554559797,0.013800432212945824,0.9828500077509408,0.8253648606489592,0.8510360267203728,0.013856409351108578,0.029793573142963,0.3965499999999999,139546.0,0.061285,199759.2,0,2.0,0
74,2023-01-20 18:12:59.999,0.3953428642484736,0.39625,0.0608828323360881,0.06128,-0.9257099537906467,-0.9280018798288648,-2.7923017535498014,-2.7988040432505628,0.03212701586267264,0.029103459359800188,0.018409161653979954,0.013799474875804501,0.01841233634831198,0.013799455677170013,0.9938565574764219,0.7749785989734456,0.8253648606489592,0.013854139693279647,0.0291034593598,0.39625,821230.0,0.06128,42311.1,0,2.0,0
75,2023-01-20 18:13:59.999,0.39528047948368,0.39605,0.0609301711387474,0.061295,-0.9262148130718484,-0.9281596914225083,-2.7920570054351797,-2.7980268059492563,0.03133382942485796,0.028398523737785286,0.018415068396822852,0.013798288228065229,0.018418058158690024,0.013798090842833009,0.9360549523325276,0.7235285403486819,0.7749785989734456,0.01385194556109641,0.0283985237377852,0.39605,504798.0,0.061295,320043.8,0,2.0,0
76,2023-01-20 18:14:59.999,0.3952078012576552,0.3962,0.0609876329865578,0.06134,-0.9258361447176865,-0.9283435732788249,-2.7913231202960316,-2.7970841732882192,0.030379365560819216,0.02817725671166882,0.018420923920446745,0.013797062320231526,0.0184236914376049,0.013796664880780973,0.8665626241214865,0.7071311678367743,0.7235285403486819,0.01384996994080215,0.0281772567116687,0.3962,492802.0,0.06134,231020.9,0,2.0,0
77,2023-01-20 18:15:59.999,0.3952630474921093,0.39625,0.0610300442657685,0.061359998,-0.9257099537906467,-0.9282037927046736,-2.790997154517661,-2.796389007114371,0.029950862679403167,0.028036977597590718,0.01842663982647504,0.013795929956964865,0.018429306853286642,0.013795447239497596,0.8351708810954155,0.6966067384434571,0.7071311678367743,0.013848146775957568,0.0280369509522651,0.39625,193658.0,0.06136,70374.9,0,2.0,0
78,2023-01-20 18:16:59.999,0.3950569186845666,0.3964,0.0610201163304573,0.061375,-0.9253314765263042,-0.9287254265265138,-2.790752692867452,-2.796551693263813,0.029562221299738733,0.028215612699641013,0.018432350290877877,0.013794875037722346,0.018434926053666315,0.013794317604627812,0.8066578982014563,0.7091954354070349,0.6966067384434571,0.013846483562573227,0.0282156126996411,0.3964,461692.0,0.061375,250814.0,0,2.0,0
79,2023-01-20 18:17:59.999,0.3950076927770984,0.39595,0.0610330771348957,0.061329998,-0.9264673383257155,-0.9288500388855988,-2.7914861919547134,-2.796339313659165,0.029263993163359037,0.027679370691360394,0.01843784995028565,0.013793824483326509,0.018440355421985046,0.013793211319354771,0.7847075993236001,0.6699752307451475,0.7091954354070349,0.0138445405262374,0.0276793440330007,0.39595,268051.0,0.06133,262855.7,0,2.0,0
80,2023-01-20 18:18:59.999,0.3945753574214354,0.39575,0.061001598228896,0.061315,-0.9269725802210156,-0.9299451368585363,-2.7917307677681475,-2.7968552146783474,0.028590633222191242,0.027374064284343858,0.018443344462933477,0.013792655458663811,0.01844569282876529,0.013791923085693674,0.73557112596932,0.6474982173067028,0.6699752307451475,0.013842723566398431,0.027374064284344,0.39575,273990.0,0.061315,146180.1,0,2.0,0
81,2023-01-20 18:19:59.999,0.3945462666623064,0.3957,0.0610102497280798,0.061295,-0.9270989305907584,-0.930018866327491,-2.7920570054351797,-2.796713400594827,0.02840097377783979,0.027514406218875243,0.018448975107296095,0.013791392344106429,0.01845127827755079,0.013790627268694509,0.7214824464783673,0.6573253001139614,0.6474982173067028,0.01384099431434081,0.0275144062188752,0.3957,252464.0,0.061295,53936.6,0,2.0,0
82,2023-01-20 18:20:59.999,0.3946860071376901,0.3957,0.0610047373195533,0.061285,-0.9270989305907584,-0.9296647488351307,-2.7922201641890085,-2.7968037568479995,0.02882895557159537,0.027647785005013192,0.018454532124504073,0.013790261212049147,0.018456933055642027,0.013789568371085255,0.752164406951416,0.6666482047835741,0.6573253001139614,0.013839376990016918,0.0276477850050131,0.3957,288590.0,0.061285,128529.7,0,2.0,0
83,2023-01-20 18:21:59.999,0.3947779768675593,0.39585,0.0609911422970251,0.061315,-0.9267199273646943,-0.9294317559889754,-2.7917307677681475,-2.797026633598054,0.02924414538654896,0.027626717140665114,0.018460068970395538,0.013789140901740405,0.018462564706664034,0.013788520986421688,0.7819243768423124,0.6647729713975583,0.6666482047835741,0.013837919485767316,0.0276267171406656,0.39585,221267.0,0.0613149999999999,671101.4,0,2.0,0
84,2023-01-20 18:22:59.999,0.3948636092797599,0.3956,0.0610067599730407,0.0613,-0.92735167923358,-0.9292148666709897,-2.791975436039971,-2.7967706017186478,0.029251734127726414,0.027194976342815536,0.01846543025681457,0.013788033481663135,0.01846792650857826,0.013787414176014132,0.7821486670001305,0.6331248105547821,0.6647729713975583,0.013836718938838633,0.0271949763428154,0.3955999999999999,244039.0,0.0613,129674.4,0,2.0,0
85,2023-01-20 18:23:59.999,0.394500832163085,0.3959,0.0609680997804996,0.061315,-0.9265936248700521,-0.9301340292863036,-2.7917307677681475,-2.7974045060152184,0.0288507746956308,0.027753019635307297,0.018470755047539218,0.013787177419826454,0.018473157273794272,0.013786486112299188,0.7527383944904174,0.6732534372423358,0.6331248105547821,0.01383551529069873,0.0277530196353072,0.3959,95451.0,0.061315,31454.1,0,2.0,0
86,2023-01-20 18:24:59.999,0.394626230682059,0.39595,0.0609998240182342,0.0613,-0.9264673383257155,-0.9298162134973549,-2.791975436039971,-2.7968842997599674,0.02874333301454901,0.028079317250680025,0.018476020321048527,0.013786502568983063,0.01847839646376861,0.013785791855351753,0.7446026066899791,0.6965723816885248,0.6732534372423358,0.013834042206685816,0.0280793172506799,0.39595,101488.0,0.0613,77429.2,0,2.0,0
87,2023-01-20 18:25:59.999,0.3946758459639093,0.3959,0.0610238429728418,0.06129,-0.9265936248700521,-0.9296904941222671,-2.7921385814844966,-2.7964906227707393,0.028547229884123726,0.02808639861241069,0.018481302541867955,0.01378581217926583,0.01848363207839706,0.013785067225310314,0.7300361790945221,0.6967377725477077,0.6965723816885248,0.01383219739085819,0.0280863986124106,0.3959,132601.0,0.06129,105789.7,0,2.0,0
88,2023-01-20 18:26:59.999,0.3948066383164721,0.3961,0.0610219700961563,0.06132,-0.9260885743542661,-0.9293591571860751,-2.791649224978524,-2.7965213141420953,0.028903656358941543,0.028191410667350758,0.01848655150647819,0.01378519143424703,0.01848896231528459,0.013784506959676488,0.7555362026456822,0.7040061218709267,0.6967377725477077,0.013830384892272922,0.0281914106673508,0.3961,139573.0,0.06132,103880.5,0,2.0,0
89,2023-01-20 18:27:59.999,0.395208153192193,0.3962,0.0610434966225597,0.061315,-0.9258361447176865,-0.9283426827741841,-2.7917307677681475,-2.7961686095286575,0.029631802304835198,0.02851049978767295,0.018491873417200457,0.013784622354712502,0.018494451507662765,0.013784068760612363,0.8079871763986798,0.7267973044649612,0.7040061218709267,0.01382872271471654,0.0285104997876728,0.3962,95716.0,0.061315,55350.3,0,2.0,0
90,2023-01-20 18:28:59.999,0.3953409473284384,0.3961,0.0610271940621178,0.061295,-0.9260885743542661,-0.9280067285939645,-2.7920570054351797,-2.796435709853025,0.03018610527851584,0.028524762455367614,0.018497214848493107,0.013784038285960396,0.018499919983977948,0.013783589987633113,0.8478332063724291,0.7274753159303085,0.7267973044649612,0.013827061703415341,0.0285247624553677,0.3961,140464.0,0.061295,40509.2,0,2.0,0
91,2023-01-20 18:29:59.999,0.3950830591839538,0.39625,0.060987945873408,0.06131,-0.9257099537906467,-0.9286592597709289,-2.7918123172075404,-2.79707904296864,0.030059485142358344,0.028703355634498995,0.01850252387301401,0.013783551435815932,0.01850519847640891,0.013783077493361951,0.8382951246928764,0.7400728186045423,0.7274753159303085,0.013825407912952873,0.0287033556344988,0.39625,78580.0,0.06131,170335.7,0,2.0,0
92,2023-01-20 18:30:59.999,0.3950705417959631,0.39615,0.0609933796157804,0.061295,-0.9259623515708861,-0.9286909432005208,-2.7920570054351797,-2.796989951587575,0.029954971417223586,0.02865098523874754,0.018507821697195132,0.013783052726429584,0.018510470887132653,0.013782557678699708,0.8303611562444515,0.7359156017811979,0.7400728186045423,0.013824028659849346,0.0286509852387475,0.39615,186539.0,0.061295,297620.1,0,2.0,0
93,2023-01-20 18:31:59.999,0.3948990922683294,0.3964,0.0609965475951384,0.061345,-0.9253314765263042,-0.9291250093289708,-2.791241610738991,-2.796938013211495,0.02947844677893008,0.028615292586233187,0.018513069068854377,0.013782584642544426,0.01851560676330244,0.013781999049657769,0.7954462902027167,0.7329701779008136,0.7359156017811979,0.013823002278156601,0.0286152925862333,0.3964,154059.0,0.061345,95457.6,0,2.0,0
94,2023-01-20 18:32:59.999,0.3951716243839688,0.3967,0.0610576307526862,0.06137,-0.9245749514618526,-0.9284351163340664,-2.7908341625811315,-2.7959370943822623,0.029350110072193902,0.029038737509815782,0.018518343589507612,0.013782251719701346,0.018520850362588544,0.013781641742672247,0.7857742866783863,0.7633291086440946,0.7329701779008136,0.013822051920186366,0.0290387375098157,0.3967,300950.0,0.0613699999999999,90770.5,0,2.0,0
95,2023-01-20 18:33:59.999,0.395860664785032,0.39695,0.0610823897024722,0.061385,-0.9239449508110146,-0.9266929862471699,-2.7905897733493337,-2.7955316752570183,0.030760818708919113,0.02946895519886128,0.01852371862722077,0.013781993477851454,0.01852655063371966,0.013781655690047802,0.8877212107420613,0.7941693332847825,0.7633291086440946,0.013821122349695429,0.0294689551988613,0.39695,94280.0,0.061385,110647.3,0,2.0,0
96,2023-01-20 18:34:59.999,0.3966595936255129,0.3971,0.0610836581386517,0.061395,-0.9235671408449313,-0.9246768128998353,-2.7904268803696612,-2.7955109094844985,0.03276001648205451,0.029713603643486186,0.01852923828992286,0.013781698969901491,0.01853253168918047,0.013781804198735943,1.0323383344960724,0.8115374873583725,0.7941693332847825,0.013820236698602814,0.0297136036434857,0.3971,118225.0,0.061395,31216.4,0,2.0,0
97,2023-01-20 18:35:59.999,0.3969612489481465,0.39725,0.061079604831729,0.061405,-0.9231894735653117,-0.9239166127614854,-2.7902640139197894,-2.79557726833618,0.03357446356014282,0.029958131089191653,0.01853478583343536,0.013781474930114425,0.018538266434621822,0.013781778962510947,1.0910200465718036,0.8288913424494723,0.8115374873583725,0.0138193131498745,0.0299581310891916,0.39725,232129.0,0.061405,306621.2,0,2.0,0
98,2023-01-20 18:36:59.999,0.3968840105490691,0.39735,0.061090130540923,0.06143,-0.9229377745959487,-0.9241112058472212,-2.789856963806301,-2.795404955460361,0.033239008389638114,0.02987707531043171,0.0185402275771873,0.013781311221299618,0.0185436292853133,0.01378153019550732,1.0663096837472665,0.8226247525506003,0.8288913424494723,0.013818124227403904,0.0298770753104316,0.39735,81873.0,0.06143,156661.3,0,2.0,0
99,2023-01-20 18:37:59.999,0.3966044597105923,0.39755,0.0611636669506609,0.06144,-0.9224345666346445,-0.9248158181018925,-2.78969419014272,-2.7942019430367724,0.03155095924910312,0.030247219288626948,0.018545832281476295,0.013781147742876842,0.018548842030832374,0.01378097287670779,0.9434832601874249,0.8490865365839235,0.8226247525506003,0.013816821061492658,0.0302472192886273,0.3975499999999999,148266.0,0.0614399999999999,185561.6,0,2.0,0
100,2023-01-20 18:38:59.999,0.3965576249611889,0.3977,0.061161154522587,0.061435,-0.9220573267684922,-0.9249339143910696,-2.7897755736626024,-2.7942430210133273,0.031466443325804616,0.03069098843891971,0.018551464289896846,0.013781138425890202,0.018554453176505482,0.013780943946299778,0.93694526293796,0.8808796322818085,0.8490865365839235,0.013815871254987327,0.0306909884389197,0.3977,188677.0,0.061435,176694.5,0,2.0,0
101,2023-01-20 18:39:59.999,0.3966321951473526,0.39775,0.0612150763934633,0.06143,-0.9219316117642409,-0.9247458883108227,-2.789856963806301,-2.7933617735037037,0.030934068444643192,0.030883238142139557,0.01855714172827778,0.013781165479313025,0.018560006094562525,0.013780856755140644,0.8979167674364511,0.8944161096073144,0.8808796322818085,0.013815005673245473,0.0308832381421395,0.39775,171963.0,0.06143,349251.8,0,2.0,0
102,2023-01-20 18:40:59.999,0.3966774674072481,0.39790002,0.0612071986670155,0.061425,-0.9215545112853699,-0.9246317531575993,-2.789938360574894,-2.7934904711031363,0.031153411128497566,0.031326878735688735,0.018562939885870502,0.013781267618543815,0.018565853672318694,0.01378100363062264,0.913399182930928,0.9261803197728572,0.8944161096073144,0.013813706221689695,0.0313268284718046,0.3979,199610.0,0.061425,87764.9,0,2.0,0
103,2023-01-20 18:41:59.999,0.3968621406879375,0.39785,0.0611637598389446,0.06142,-0.9216802291585933,-0.9241663112763386,-2.7900197639694606,-2.794200424353904,0.03219922458394453,0.03126770639373433,0.018568622190445448,0.013781444151561961,0.01857177669227222,0.013781409072544179,0.9888283425837351,0.9214625160926689,0.9261803197728572,0.013812511100944454,0.0312677063937343,0.39785,118962.0,0.06142,91411.2,0,2.0,0
104,2023-01-20 18:42:59.999,0.3967340964199566,0.39795,0.0610965709434029,0.061444998,-0.9214289097302787,-0.9244890050168197,-2.7896128457950113,-2.7952995364187205,0.03277503141174032,0.031186378931264636,0.018574226513581378,0.013781651378432245,0.0185775129761822,0.01378174946518207,1.0301680836258444,0.915140868925243,0.9214625160926689,0.013811515503781291,0.0311863523227988,0.39795,186395.0,0.061445,377870.8,0,2.0,0
105,2023-01-20 18:43:59.999,0.3969514696607791,0.3981,0.0610769857376835,0.06146,-0.9210520489758656,-0.9239412484352533,-2.7893687222797983,-2.795620149265219,0.03358488212728716,0.03136367394150108,0.01857982705804548,0.013781931560702804,0.01858329964658268,0.01378222674574107,1.088473057181432,0.9275802036274002,0.915140868925243,0.013810087015811072,0.031363673941501,0.3981,111053.0,0.06146,70136.6,0,2.0,0
106,2023-01-20 18:44:59.999,0.3974856663532121,0.3981,0.061096910496746,0.061444998,-0.9210520489758656,-0.922596405026684,-2.7896128457950113,-2.7952939787844,0.03466308815487207,0.03156323968567776,0.01858548904839494,0.013782239946992283,0.018589209853557283,0.01378281487804148,1.1662260897752739,0.9416285514688756,0.9275802036274002,0.01380886303272185,0.0315632130772121,0.3981,267251.0,0.061445,158774.4,0,2.0,0
107,2023-01-20 18:45:59.999,0.3979132268807143,0.39785,0.0611201774562535,0.061425,-0.9216802291585933,-0.9215213203809278,-2.789938360574894,-2.794913230720798,0.03542691941485643,0.031201160862465382,0.01859109397324052,0.013782445818415898,0.018594990253139064,0.01378323015726151,1.2211890079227683,0.9149368011572722,0.9416285514688756,0.013808004181391767,0.0312011608624653,0.39785,168612.0,0.061425,84658.7,0,2.0,0
108,2023-01-20 18:46:59.999,0.3977866203027598,0.39765,0.0611291049536389,0.061414998,-0.9221830575789928,-0.9218395473592818,-2.790101206556414,-2.7947671767362627,0.034989296432851535,0.030831455543541053,0.018596376774498297,0.013782762743015979,0.018600170553637007,0.013783423466453556,1.1890460972270638,0.8877087269925279,0.9149368011572722,0.013807430985782168,0.0308314289220774,0.39765,62700.0,0.061415,135996.5,0,2.0,0
109,2023-01-20 18:47:59.999,0.3972674719318016,0.39755,0.0611112215146089,0.06142,-0.9224345666346445,-0.9231454923253222,-2.7900197639694606,-2.7950597714907808,0.03392254141078954,0.03051336891768308,0.018601514537278263,0.013783067236702154,0.018605060250509814,0.013783442560043158,1.1112957516639272,0.8642382842539875,0.8877087269925279,0.013807154534431985,0.030513368917683,0.3975499999999999,83048.0,0.06142,58172.9,0,2.0,0
110,2023-01-20 18:48:59.999,0.3965971913887919,0.3975,0.0610829065879931,0.06143,-0.9225603448877504,-0.9248341446441798,-2.789856963806301,-2.79552321318904,0.03261274275260784,0.03025450501863003,0.018606462006543308,0.013783413256712196,0.018609703450826128,0.013783464870214658,1.0159302783178663,0.845076817704381,0.8642382842539875,0.013806677726615299,0.0302545050186298,0.3974999999999999,112202.0,0.06143,102500.7,0,2.0,0
111,2023-01-20 18:49:59.999,0.3961466128449287,0.3977,0.0610929087450429,0.061444998,-0.9220573267684922,-0.9259709017906307,-2.7896128457950113,-2.7953594793593144,0.03134213670779251,0.030557961893051155,0.018611436957256852,0.013783847490984455,0.01861438319649558,0.01378361275727946,0.9233974963911473,0.8667046659946084,0.845076817704381,0.013805947292402376,0.0305579352845855,0.3977,80846.0,0.061445,189378.9,0,2.0,0
112,2023-01-20 18:50:59.999,0.3963525769171557,0.3978,0.0611282822923326,0.061444998,-0.9218059125622653,-0.9254511180999343,-2.7896128457950113,-2.7947806345947175,0.031388727203197186,0.03080937609927803,0.018616366388141292,0.013784401037446593,0.018619322268913115,0.013784175102236389,0.9263815091998013,0.884551289389601,0.8667046659946084,0.013804952103430818,0.0308093494908123,0.3978,170477.0,0.061445,10136.5,0,2.0,0
113,2023-01-20 18:51:59.999,0.3967447193518188,0.3975,0.0611517714726143,0.061435,-0.9225603448877504,-0.9244622294264657,-2.7897755736626024,-2.7943964479698775,0.03206355154074125,0.030187970319661472,0.01862110826776812,0.013784857444197733,0.01862421922432285,0.013784778832946376,0.9749400029761568,0.839099141845825,0.884551289389601,0.013803805993484419,0.0301879703196612,0.3974999999999999,193016.0,0.061435,91899.6,0,2.0,0
114,2023-01-20 18:52:59.999,0.3966976674513177,0.3973,0.0611536430159752,0.061405,-0.9230636161615838,-0.9245808313598609,-2.7902640139197894,-2.794365843546208,0.03191993114659142,0.03008398849291949,0.018625740744328,0.013785346199501187,0.018628817391030672,0.013785234213474006,0.9641558169950936,0.8311904237128334,0.839099141845825,0.01380285271540818,0.0300839884929193,0.3973,166406.0,0.061405,92766.3,0,2.0,0
115,2023-01-20 18:53:59.999,0.396653231347948,0.3974,0.0611132997232898,0.061414998,-0.9228119488644206,-0.9246928526696834,-2.790101206556414,-2.7950257650793002,0.03234738155351358,0.030202564258113185,0.018630266592152785,0.013785936716422515,0.018633441115402345,0.013785920463390992,0.9947787291047482,0.8394277374111898,0.8311904237128334,0.013802038817238365,0.0302025376366494,0.3974,58975.0,0.061415,19811.8,0,2.0,0
116,2023-01-20 18:54:59.999,0.3966340920994708,0.39745,0.0611082455339999,0.061414998,-0.9226861389630153,-0.9247411056744023,-2.790101206556414,-2.7951084704530893,0.03236673842018811,0.0303283741595185,0.018634838885459994,0.013786540211970375,0.018638016830272473,0.01378652722537033,0.9958070923511242,0.8481849031206115,0.8394277374111898,0.013801369566751622,0.0303283475380546,0.3974499999999999,92011.0,0.061415,43588.0,0,2.0,0
117,2023-01-20 18:55:59.999,0.3963898145864347,0.39735,0.0610928891896148,0.06141,-0.9229377745959487,-0.925357171643417,-2.7901825906408293,-2.7953597994526223,0.03195612852442875,0.03014326827221947,0.018639762592357122,0.013786851190774845,0.01864284437109632,0.013786743820359857,0.9656583401275481,0.8343823778673737,0.8481849031206115,0.013800627277385392,0.0301432682722193,0.39735,144132.0,0.06141,15576.7,0,2.0,0
118,2023-01-20 18:56:59.999,0.3960907875408807,0.3973,0.061099794922396,0.061405,-0.9230636161615838,-0.9261118325371802,-2.7902640139197894,-2.795246769235818,0.031109067849713234,0.03008398849291949,0.018644774377900165,0.013787075212492015,0.018647658963290542,0.013786783464571076,0.903866294734062,0.8297056437796632,0.8343823778673737,0.013799699811113966,0.0300839884929193,0.3973,114710.0,0.061405,11680.9,0,2.0,0
119,2023-01-20 18:57:59.999,0.3960828927256833,0.3973,0.0611288471775408,0.06142,-0.9230636161615838,-0.9261317645682342,-2.7900197639694606,-2.7947713936578387,0.030700526466954092,0.029884319390743763,0.018649725676350697,0.013787269952523348,0.018652514567993973,0.013786893104930113,0.8738743244953295,0.8148526686631612,0.8297056437796632,0.01379843205141726,0.0298843193907436,0.3973,104992.0,0.06142,188599.5,0,2.0,0
120,2023-01-20 18:58:59.999,0.3963989573964466,0.3974,0.0611472079467939,0.061435,-0.9228119488644206,-0.9253341067102712,-2.7897755736626024,-2.794471076978953,0.03125268187318442,0.02993636634299124,0.018654776611426567,0.013787407000856402,0.018657692118314268,0.01378714328116515,0.9135315052594237,0.818253187917345,0.8148526686631612,0.013797021371293981,0.0299363663429912,0.3974,97195.0,0.061435,21254.8,0,2.0,0
121,2023-01-20 18:59:59.999,0.3968958764837667,0.39765,0.061151548362957,0.061435,-0.9221830575789928,-0.9240813085548047,-2.7897755736626024,-2.794400096434328,0.032447454953935084,0.030565257628419107,0.018659916028571612,0.013787707730628476,0.018663106849891996,0.013787707322344423,0.9997563613570553,0.8634750483868011,0.818253187917345,0.01379575164981844,0.0305652576284192,0.39765,84754.0,0.061435,28327.3,0,2.0,0
122,2023-01-20 19:00:59.999,0.3973017668293076,0.3981,0.0611440061898783,0.061435,-0.9210520489758656,-0.9230591690803378,-2.7897755736626024,-2.794523439807124,0.033570424993453196,0.03169626623154631,0.018665172711193813,0.013788347958584262,0.018668622202580587,0.01378861647632199,1.080732270453834,0.945080118335691,0.8634750483868011,0.013794600013345258,0.0316962662315463,0.3981,133376.0,0.061435,4386.3,0,2.0,0
123,2023-01-20 19:01:59.999,0.3976702048504616,0.39795,0.0611314720493264,0.06142,-0.9214289097302787,-0.9221322482311535,-2.7900197639694606,-2.7947284545946562,0.034664941039705854,0.03151902582204891,0.018670504375916764,0.013788864084769807,0.018674205934968786,0.013789414830523858,1.1596384111485594,0.9318041984563254,0.945080118335691,0.013793487890673032,0.0315190258220487,0.39795,179378.0,0.06142,95463.4,0,2.0,0
124,2023-01-20 19:02:59.999,0.3971635663795252,0.3977,0.0611135734992837,0.061405,-0.9220573267684922,-0.9234070771523445,-2.7902640139197894,-2.7950212852789638,0.03362949493004186,0.031090277886011153,0.018675440894527624,0.013789492168027408,0.01867890168000217,0.013789772623546286,1.0841798235680318,0.9003113994486917,0.9318041984563254,0.013792245144108949,0.0310902778860111,0.3977,182483.0,0.061405,28469.3,0,2.0,0
125,2023-01-20 19:03:59.999,0.3967330955281153,0.39755,0.0611144072716288,0.0614,-0.9224345666346445,-0.9244915278478868,-2.79034544382904,-2.7950076423742893,0.03253389145218055,0.03077960522631429,0.0186798344087558,0.013790324353216843,0.018683040624225235,0.013790338764096974,1.0043880041595414,0.877410168727177,0.9003113994486917,0.013790951222944301,0.0307796052263147,0.39755,115048.0,0.0613999999999999,221174.0,0,2.0,0
126,2023-01-20 19:04:59.999,0.3966673811131562,0.3977,0.0611149766012525,0.0614,-0.9220573267684922,-0.9246571804206899,-2.79034544382904,-2.7949983266172156,0.03236062344752788,0.031156845092466634,0.018684166031274665,0.013791303870378349,0.018687331145233528,0.013791277039145785,0.9914449737673647,0.9043872267930672,0.877410168727177,0.013790789711307328,0.031156845092467,0.3977,193271.0,0.0613999999999999,94542.1,0,2.5,0
127,2023-01-20 19:05:59.999,0.3972360049905455,0.39795,0.061110847294825,0.061405,-0.9214289097302787,-0.9232247039139094,-2.7902640139197894,-2.7950658950949308,0.03384833573741752,0.03171869492422463,0.01868862881056836,0.013792401681223693,0.018692137189861777,0.013792733348338613,1.0988538794147984,0.944727859209232,0.9043872267930672,0.013790789711307328,0.0317186949242245,0.39795,97068.0,0.061405,50207.3,0,2.5,0
128,2023-01-20 19:06:59.999,0.3979481283037002,0.39855,0.0611018949087128,0.06142,-0.9199223181082048,-0.9214336130867341,-2.7900197639694606,-2.795212400049599,0.03575919122666715,0.0330256174441228,0.018693452922105457,0.013793770770298825,0.018697402410257406,0.013794617212694883,1.2368439481385651,1.039031658614902,0.944727859209232,0.013790789711307328,0.0330256174441228,0.39855,530600.0,0.06142,162491.9,0,2.5,0
129,2023-01-20 19:07:59.999,0.398926206799821,0.39945,0.0611035344535854,0.06144,-0.9176666780540861,-0.9189788245606335,-2.78969419014272,-2.7951855674468047,0.03819204467477999,0.03501510786918538,0.018698650465105694,0.013795689457868646,0.01870316178059046,0.013797279533111268,1.4125163476915377,1.182721418448084,1.039031658614902,0.013790789711307328,0.0350151078691856,0.3994499999999999,1829149.0,0.0614399999999999,21214.5,0,2.5,0
130,2023-01-20 19:08:59.999,0.3998655375529373,0.39935,0.0611259298632162,0.061444998,-0.9179170536187391,-0.9166269445049448,-2.7896128457950113,-2.794819118816655,0.040244360825227976,0.034698235042804226,0.01870377355026049,0.013797520532374045,0.018708758643358147,0.013799814220771551,1.5605718915733178,1.1592272289078942,1.182721418448084,0.013790789711307328,0.0346982084343385,0.39935,277322.0,0.061445,21070.5,0,2.5,0
131,2023-01-20 19:09:59.999,0.3993653012954001,0.39925,0.0611763508680146,0.061444998,-0.9181674918870153,-0.9178787388515695,-2.7896128457950113,-2.7939945878699954,0.03831853009246022,0.03444779677452803,0.01870888111344705,0.013799263638244096,0.018713419333530136,0.013800890581308243,1.4205685237069419,1.1405619947329084,1.1592272289078942,0.013790789711307328,0.0344477701660623,0.39925,113972.0,0.061445,13858.8,0,2.5,0
132,2023-01-20 19:10:59.999,0.3989319051441446,0.39915,0.0611667651526958,0.061444998,-0.9184179928903292,-0.9189645404561332,-2.7896128457950113,-2.794151290031101,0.037360829147793484,0.03419729577121411,0.01871397425653296,0.013800918770524572,0.018718289659192356,0.013802236412086456,1.3506897673681402,1.1219051261825976,1.1405619947329084,0.013790789711307328,0.0341972691627483,0.39915,130657.0,0.061445,26728.2,0,2.5,0
133,2023-01-20 19:11:59.999,0.3986442348514038,0.39895,0.0612266385403485,0.061444998,-0.918919183227847,-0.919685901817863,-2.7896128457950113,-2.793172913899347,0.035839666256711644,0.03369610543369628,0.01871892306844653,0.013802457087816663,0.018722885286263768,0.013803316748104795,1.240048408857822,1.0851098663056165,1.1219051261825976,0.013790789711307328,0.0336960788252307,0.39895,150392.0,0.061445,87670.1,0,2.5,0
134,2023-01-20 19:12:59.999,0.3983269047138985,0.39855,0.0612246989974307,0.061444998,-0.9199223181082048,-0.9204822422084278,-2.7896128457950113,-2.7932045924903197,0.03506922243566146,0.03269297055333853,0.018723583073501325,0.0138037758010515,0.01872736591065989,0.013804417687671149,1.1838135367054732,1.0119975636501637,1.0851098663056165,0.013790789711307328,0.0326929439448728,0.3985499999999999,344986.0,0.061445,22133.3,0,2.5,0
135,2023-01-20 19:13:59.999,0.3976598489894898,0.39835,0.0611879485702237,0.061444998,-0.9204242631557621,-0.9221582899000742,-2.7896128457950113,-2.7938050276421014,0.033884017618330375,0.032191025505781234,0.0187281410337436,0.013804971042189572,0.018731648526588908,0.01380529852675583,1.0975763445009827,0.9752200443516701,1.0119975636501637,0.013790789711307328,0.0321909988973154,0.39835,84547.0,0.061445,78435.8,0,2.5,0
136,2023-01-20 19:14:59.999,0.3973187944705584,0.39845,0.0611269014124413,0.061444998,-0.9201732591383799,-0.9230163117920102,-2.7896128457950113,-2.7948032247189074,0.03384200045373065,0.03244202952316344,0.018732738537522064,0.013806230165587992,0.01873623524243209,0.013806545507611576,1.0941017217500728,0.9929785916369672,0.9752200443516701,0.013790789711307328,0.0324420029146976,0.3984499999999999,119725.0,0.061445,66009.3,0,2.5,0
137,2023-01-20 19:15:59.999,0.3975438778233456,0.39855,0.0610767879611944,0.061444998,-0.9199223181082048,-0.92244996651842,-2.7896128457950113,-2.795623387421243,0.035078811167303714,0.03269297055333853,0.018737129629589566,0.013807652816431783,0.01874091155079709,0.013808292541864496,1.1831947771219917,1.0107323170192133,0.9929785916369672,0.013790789711307328,0.0326929439448728,0.3985499999999999,154139.0,0.061445,49405.9,0,2.5,0
138,2023-01-20 19:16:59.999,0.3979894269481059,0.39865,0.0610785417275449,0.06145,-0.9196714400336325,-0.9213298395075877,-2.7895314429700933,-2.795594673711328,0.036175465335373636,0.032877303562316884,0.018741416583586128,0.013809167303690383,0.01874545130905518,0.01381011568513568,1.2621193351102047,1.023659621746567,1.0107323170192133,0.013790789711307328,0.0328773035623168,0.39865,62986.0,0.06145,17324.6,0,2.5,0
139,2023-01-20 19:17:59.999,0.3985884844270447,0.39865,0.0611258391971403,0.061455,-0.9196714400336325,-0.9198257616683229,-2.789450079315193,-2.7948206020847763,0.03704675620176545,0.03281079051737357,0.0187458044411815,0.013810625509197417,0.018750039792202234,0.013811832932126728,1.3247131281905764,1.0184177441365894,1.023659621746567,0.013790789711307328,0.0328107905173735,0.39865,70241.0,0.0614549999999999,37788.6,0,2.5,0
140,2023-01-20 19:18:59.999,0.3988491605919451,0.39855,0.0611641922805713,0.06141,-0.9199223181082048,-0.9191719771979915,-2.7901825906408293,-2.7941933541525446,0.03718777892413516,0.0331587247599634,0.018750012168594704,0.01381224692292509,0.018754279182423804,0.013813495924859769,1.3344557990231203,1.0431838260474195,1.0184177441365894,0.013790789711307328,0.0331587247599634,0.3985499999999999,155440.0,0.06141,288204.9,0,2.5,0
141,2023-01-20 19:19:59.999,0.3984653322987371,0.39835,0.0611053335529739,0.061355,-0.9204242631557621,-0.9201347800224248,-2.791078611553626,-2.7951561244216303,0.03701202017062466,0.033389257614438894,0.018754199361293005,0.013813942285000231,0.018758424730607827,0.013815135446461367,1.3212751703199799,1.0594411031409376,1.0431838260474195,0.013791641116443992,0.0333892576144387,0.39835,94142.0,0.061355,688699.6,0,2.5,0
142,2023-01-20 19:20:59.999,0.3975923025181428,0.3987,0.0610110697227368,0.06135,-0.9195460245948277,-0.9223281642509485,-2.7911601078252164,-2.7966999604081337,0.03608068878967041,0.03433411763161964,0.018758355577683395,0.01381592801590617,0.018762364449058537,0.013816841858641541,1.253421333021944,1.1273771863897954,1.0594411031409376,0.01379320431442768,0.0343341176316196,0.3987,123374.0,0.06135,40550.1,0,2.5,0
143,2023-01-20 19:21:59.999,0.3976054463995305,0.39915,0.0609999106843361,0.061385,-0.9184179928903292,-0.9222951061055834,-2.7905897733493337,-2.7968828790011093,0.0362632789663887,0.03499591311954664,0.018762737621336335,0.013818075160669671,0.018766787735047287,0.01381904031634065,1.2661147829963473,1.1747783471618916,1.1273771863897954,0.013795282792798978,0.0349959131195469,0.39915,114465.0,0.0613849999999999,339896.6,0,2.5,0
144,2023-01-20 19:22:59.999,0.3981167448831046,0.39935,0.0610605454003616,0.061405,-0.9179170536187391,-0.9210099878581745,-2.7902640139197894,-2.795889359511537,0.03673621631382373,0.035230551035764224,0.018767483600477128,0.01382020930976575,0.018771642066738026,0.013821312822259018,1.299773362929318,1.1912314109203708,1.1747783471618916,0.013797913205026338,0.0352305510357642,0.39935,118033.0,0.061405,11590.7,0,2.5,0
145,2023-01-20 19:23:59.999,0.3988031744790157,0.3999,0.0611073184289296,0.06143,-0.9165407631293644,-0.9192872808483624,-2.789856963806301,-2.795123642089831,0.037832965734263646,0.036274086777016046,0.018772868056762183,0.013822497473908107,0.018777279095336014,0.013823938470496037,1.378455689715166,1.2661401279537114,1.1912314109203708,0.013800083310905724,0.0362740867770159,0.3999,407985.0,0.06143,64825.4,0,2.5,0
146,2023-01-20 19:24:59.999,0.4000085078389012,0.4002,0.0611480434969052,0.061455,-0.915790856832504,-0.9162694625030968,-2.789450079315193,-2.7944574125054524,0.04030615566598661,0.03669137371850206,0.018778319725831192,0.013824918980467922,0.01878330186791408,0.013827197195725326,1.5565594019825155,1.2957077012877063,1.2661401279537114,0.013801227039002797,0.0366913737185021,0.4002,441439.0,0.0614549999999999,236669.8,0,2.5,0
147,2023-01-20 19:25:59.999,0.4005477239664786,0.4001,0.0611664935989096,0.06144,-0.9160407631189477,-0.9149223586078368,-2.78969419014272,-2.794155729605244,0.041406640252849014,0.0366410228043238,0.018783497778126722,0.013827419036506833,0.01878873340471194,0.013830100783569974,1.6354115708980899,1.291457572743695,1.2957077012877063,0.01380250649609104,0.0366410228043241,0.4001,134314.0,0.0614399999999999,11326.6,0,2.5,0
148,2023-01-20 19:26:59.999,0.4002657145782169,0.3998,0.0611336640350438,0.061425,-0.9167908569158374,-0.915626665969191,-2.789938360574894,-2.7946925983270754,0.04114121157101858,0.036090533105221256,0.018788272814244424,0.013829832886107427,0.018793445908147872,0.01383241196812361,1.615608739413667,1.2510823835302873,1.291457572743695,0.013803591982996383,0.0360905331052214,0.3998,244605.0,0.061425,263492.5,0,2.5,0
149,2023-01-20 19:27:59.999,0.3995399032579355,0.3995,0.0611036144530641,0.06139,-0.9175415137758076,-0.9174416357651953,-2.790508323542732,-2.7951842582029607,0.03972816319142192,0.035805808761954605,0.018792969071136364,0.013832165997536014,0.018797814059361373,0.013834230902019462,1.5129391203818363,1.229947623087289,1.2510823835302873,0.01380463789744232,0.0358058087619546,0.3994999999999999,181370.0,0.06139,46315.8,0,2.5,0
150,2023-01-20 19:28:59.999,0.3988463301397056,0.39945,0.0610788421700317,0.061395,-0.9176666780540861,-0.9191790737712386,-2.7904268803696612,-2.7955897547702504,0.03832220994276314,0.035614066434331404,0.018797681872523984,0.013834427838121565,0.018802200393253036,0.013836014667010134,1.4108115681643927,1.2155460824674587,1.229947623087289,0.013805610271969767,0.0356140664343311,0.3994499999999999,190968.0,0.061395,23645.7,0,2.5,0
151,2023-01-20 19:29:59.999,0.3988858117036611,0.4001,0.061118282801932,0.0614,-0.9160407631189477,-0.9190800892577239,-2.79034544382904,-2.7949442300366867,0.03789349181474544,0.03717340874201114,0.018802844670731938,0.01383712253022857,0.018807262779304956,0.013838568364600007,1.3792054591618268,1.3276289222088535,1.2155460824674587,0.013806982266174807,0.0371734087420114,0.4001,368606.0,0.0613999999999999,19547.4,0,2.5,0
152,2023-01-20 19:30:59.999,0.4001276813597398,0.4004,0.0611282578480474,0.061405,-0.9152912315410716,-0.9159715794093719,-2.7902640139197894,-2.794781034479831,0.04086859279127353,0.03785637311343171,0.018808430485941212,0.013839942122019635,0.018813535823202335,0.013842408309894373,1.593296229551799,1.3763021882284336,1.3276289222088535,0.013808748327682292,0.0378563731134318,0.4004,336279.0,0.061405,231509.8,0,2.5,0
153,2023-01-20 19:31:59.999,0.4007897351209314,0.40035,0.0611231507702132,0.06141,-0.9154161144634942,-0.9143183405151687,-2.7901825906408293,-2.7948645848927853,0.04259013235828579,0.03766492840467395,0.01881442961744285,0.013842497324988753,0.018819931978641843,0.013845619503061105,1.7168029479929472,1.3617845353093765,1.3763021882284336,0.013810544996883441,0.0376649284046739,0.40035,281524.0,0.06141,43621.3,0,2.5,0
154,2023-01-20 19:32:59.999,0.4007777518747214,0.40095,0.061119229906872,0.06142,-0.9139185477290994,-0.9143482400467872,-2.7900197639694606,-2.794928733894479,0.0426126732613793,0.03902938782322818,0.018820951330969633,0.013845382642739625,0.01882645739945619,0.013848509868286257,1.7176011056896934,1.4595794868013734,1.3617845353093765,0.013812248680309988,0.0390293878232284,0.40095,639614.0,0.06142,29364.1,0,2.5,0
155,2023-01-20 19:33:59.999,0.4011683268278972,0.40105,0.0611153445988547,0.061435,-0.9136691711692034,-0.9133741721027443,-2.7897755736626024,-2.7949923052372734,0.0436387094163585,0.039079144038208447,0.018827409514823625,0.01384832343363967,0.018833151542109332,0.01385186318801938,1.7907741029166209,1.4623961247316262,1.4595794868013734,0.013813905805260169,0.0390791440382085,0.40105,123671.0,0.061435,30817.5,0,2.5,0
156,2023-01-20 19:34:59.999,0.40105830110905,0.40075,0.0611290476206792,0.061444998,-0.9144174874924748,-0.9136484729441912,-2.7896128457950113,-2.794768114636247,0.04318113756108799,0.03819780116906857,0.018833692024321048,0.013850953085581413,0.01883932670276047,0.01385430115399098,1.7569858333356223,1.3980344186498763,1.4623961247316262,0.013815562049506411,0.038197774560603,0.40075,205111.0,0.061445,31262.4,0,2.5,0
157,2023-01-20 19:35:59.999,0.4007027923141755,0.4009,0.0611559638897417,0.061435,-0.9140432593336758,-0.9145352927739132,-2.7897755736626024,-2.7943278927453594,0.04193444576581107,0.03870505587373607,0.018840122402640515,0.013853728372446566,0.018845467073634072,0.013856578792319765,1.6662827843893502,1.4339052229870892,1.3980344186498763,0.013817391473066319,0.038705055873736,0.4009,200313.0,0.061435,44034.0,0,2.5,0
158,2023-01-20 19:36:59.999,0.4009662465155333,0.401,0.0611514972521789,0.061444998,-0.9137938516755678,-0.9138780284963088,-2.7896128457950113,-2.7944009322398116,0.04265141826550911,0.03882143698597551,0.018846614291445855,0.013856518881480451,0.018852123387482437,0.013859646216052344,1.7171646741214905,1.4415469617860843,1.4339052229870892,0.013819608442820241,0.0388214103775097,0.401,199428.0,0.061445,125248.5,0,2.5,0
159,2023-01-20 19:37:59.999,0.4013049548042132,0.40125,0.0611579367657756,0.061475,-0.9131706045379114,-0.9130336549023255,-2.7891246908798806,-2.794295633516874,0.043409712409155476,0.03904562793755939,0.018853534977669173,0.013859139201601017,0.01885921796249479,0.013862568586296807,1.77099173892845,1.4569514503150105,1.4415469617860843,0.013821969234318273,0.0390456279375595,0.40125,138359.0,0.061475,169163.8,0,2.5,0
160,2023-01-20 19:38:59.999,0.4016402261151736,0.40145,0.06117634953469,0.061485,-0.9126722863514442,-0.9121985509913428,-2.7889620363577263,-2.7939946096647676,0.04399873576944602,0.039410979536481316,0.018860811498264293,0.013861678307857133,0.018866629115545284,0.013865347688111302,1.8125839480714931,1.4825165886708462,1.4569514503150105,0.01382475315180336,0.0394109795364814,0.40145,432312.0,0.061485,32922.0,0,2.5,0
161,2023-01-20 19:39:59.999,0.4019022925462975,0.4017,0.0611728833350529,0.06149,-0.9120497376169006,-0.9115462732727918,-2.788880719016759,-2.794051270414602,0.04469733243722429,0.03996705308672954,0.018868369263405453,0.01386428299005781,0.01887434680637556,0.013868244883374648,1.8620226169935543,1.5218012960680423,1.4825165886708462,0.013827923092686488,0.0399670530867295,0.4017,538036.0,0.06149,92234.2,0,2.5,0
162,2023-01-20 19:40:59.999,0.4019562184022376,0.4014,0.0611808446165119,0.06149,-0.9127968426198994,-0.9114121057413506,-2.788880719016759,-2.793921134919697,0.04472511698928783,0.03921994808373075,0.018875917163938112,0.013866484607724225,0.01888189939023419,0.013870454085339151,1.863184683071732,1.4671368768159265,1.5218012960680423,0.013830678579708383,0.0392199480837307,0.4014,273914.0,0.06149,86685.9,0,2.5,0
163,2023-01-20 19:41:59.999,0.4014625765493008,0.40115,0.0612229394533401,0.061485,-0.9134198567824721,-0.9126409590322087,-2.7889620363577263,-2.7932333320252427,0.042933999566034275,0.038663409105453406,0.018883289888858106,0.013868536113620667,0.018888855894337662,0.013871756101866554,1.7333885843380097,1.4262586227228917,1.4671368768159265,0.013832866701597573,0.0386634091054534,0.40115,408725.0,0.061485,21021.2,0,2.5,0
164,2023-01-20 19:42:59.999,0.4010353729483156,0.4013,0.0612077657744314,0.06149,-0.9130460017092661,-0.9137056437248176,-2.788880719016759,-2.7934812057748575,0.042071946353889556,0.038970788994364014,0.018890540336371726,0.013870848209413214,0.018895905160721996,0.013873724756144935,1.6704988458778853,1.4476583086220474,1.4262586227228917,0.01383467684326713,0.038970788994364,0.4013,116814.0,0.06149,33537.8,0,2.5,0
165,2023-01-20 19:43:59.999,0.4010877338187582,0.4016,0.0612716698024879,0.06151,-0.9122987106046175,-0.913575088028129,-2.78855551576186,-2.7924376994334983,0.041349457970065284,0.03945223340449833,0.018897848061876672,0.013873362777011455,0.018903043991038482,0.01387596057015847,1.6176475758586315,1.481571964418089,1.4476583086220474,0.013836653091407601,0.0394522334044982,0.4015999999999999,199339.0,0.06151,341676.3,0,2.5,0
166,2023-01-20 19:44:59.999,0.4013477160985416,0.4017,0.0612908696773847,0.06156,-0.9120497376169006,-0.9129271049687888,-2.7877429700114584,-2.792124392037367,0.04174131894460564,0.03903696764727149,0.018904816152873212,0.013875916333055975,0.018910101156990718,0.01387865835692376,1.645059428689296,1.4508700550779738,1.481571964418089,0.0138395283509236,0.0390369676472714,0.4017,1076013.0,0.06156,1437555.0,0,2.5,0
167,2023-01-20 19:45:59.999,0.4014103354863604,0.40045,0.0613128446453106,0.061444998,-0.9151663642124459,-0.912771094355573,-2.7896128457950113,-2.791765920545983,0.041604286792638834,0.03744892444909742,0.018911368199910867,0.013877988322504397,0.01891661997463726,0.013880674973233195,1.6344786447165824,1.3357524028987868,1.4508700550779738,0.013843211108186055,0.0374488978406317,0.40045,520829.0,0.061445,147145.8,0,2.5,0
168,2023-01-20 19:46:59.999,0.4000504404646727,0.4,0.0611183383571256,0.06142,-0.916290731874155,-0.9161646386625565,-2.7900197639694606,-2.7949433210587866,0.04080819933995128,0.0366572036781726,0.01891816216244804,0.013879489924346993,0.018923228128006363,0.013881877637486936,1.5765137673340561,1.2780758956139486,1.3357524028987868,0.013846342094367393,0.0366572036781724,0.4,477530.0,0.06142,118759.0,0,2.5,0
169,2023-01-20 19:47:59.999,0.3995533641300061,0.40005,0.0610386877650045,0.06143,-0.916165739686004,-0.9174079453998244,-2.789856963806301,-2.7962473901891087,0.04063094118150812,0.036649110220376424,0.018925174789561384,0.013880793495355016,0.018930198109716894,0.013883113740716097,1.5631034562619588,1.276867596708075,1.2780758956139486,0.013849348198219539,0.0366491102203765,0.40005,211650.0,0.06143,216143.8,0,2.5,0
170,2023-01-20 19:48:59.999,0.3999211082660431,0.4009,0.0610504023553408,0.06149,-0.9140432593336758,-0.9164879806613103,-2.788880719016759,-2.7960554878600683,0.041394029876881455,0.037973531369954294,0.018932493101478043,0.013882500095987533,0.018937691327993993,0.013885097780759255,1.617297832789156,1.3715856752617415,1.276867596708075,0.013852472679512281,0.0379735313699542,0.4009,276927.0,0.06149,64062.2,0,2.5,0
171,2023-01-20 19:49:59.999,0.4012058116001494,0.40105,0.0611617927406507,0.06151,-0.9136691711692034,-0.9132807374555288,-2.78855551576186,-2.7942325860446156,0.04311108989795687,0.03808177283991243,0.018939718562000836,0.013884341755690225,0.018945312491955926,0.013887602894381464,1.7400970916138263,1.3786792787685884,1.3715856752617415,0.013854870563573176,0.0380817728399125,0.40105,251283.0,0.0615099999999999,330796.4,0,2.5,0
172,2023-01-20 19:50:59.999,0.4015231642015614,0.4014,0.0612131252950653,0.06153,-0.9127968426198994,-0.9124900531087263,-2.788230418229738,-2.793393646852675,0.0432159594267465,0.03868834112080766,0.018946982695242316,0.013886462843475193,0.01895259921381013,0.01388976237310696,1.7468520742957079,1.4216261295684218,1.3786792787685884,0.01385734564825291,0.0386883411208076,0.4014,695899.0,0.06153,34500.9,0,2.5,0
173,2023-01-20 19:51:59.999,0.4016878495972998,0.4016,0.0612272438697376,0.06154,-0.9122987106046175,-0.9120799855294305,-2.7880679090882414,-2.7931630272485166,0.04343750041987782,0.03905362539411794,0.018954418843112674,0.013888626532110558,0.018960084911517388,0.013892011971491121,1.7619777148617808,1.447170208266154,1.4216261295684218,0.01386037680861346,0.0390536253941178,0.4015999999999999,112216.0,0.06154,49057.3,0,2.5,0
174,2023-01-20 19:52:59.999,0.4014436269960355,0.4012,0.0612149315055185,0.06153,-0.9132952228943566,-0.9126881614406225,-2.788230418229738,-2.793364140373514,0.042993730180211354,0.0381899608463504,0.018961890031683987,0.013890290826598829,0.018967451670227967,0.013893493188599008,1.7293187669821826,1.3842813699657137,1.447170208266154,0.01386326336175043,0.0381899608463505,0.4012,110002.0,0.06153,16352.6,0,2.5,0
175,2023-01-20 19:53:59.999,0.4006495378794457,0.40145,0.0611933432017399,0.061565,-0.9126722863514442,-0.9146682041857895,-2.787661751737302,-2.7937168665932743,0.04130203356374762,0.03834802471342813,0.018969383501771138,0.013892015148646963,0.018974551900304348,0.013894560784153466,1.6069224504676263,1.3949481773739938,1.3842813699657137,0.013866071986927138,0.0383480247134282,0.40145,218820.0,0.0615649999999999,166413.4,0,2.5,0
176,2023-01-20 19:54:59.999,0.400823595716242,0.4017,0.0612519277089019,0.06158,-0.9120497376169006,-0.9142338593968337,-2.787418136485783,-2.7927599572541606,0.04095412546648258,0.03877142319847726,0.018976841838278392,0.013893995181735955,0.01898192799510047,0.013896408909875459,1.5811421219598403,1.4246860677063857,1.3949481773739938,0.013868797183865774,0.0387714231984772,0.4017,623040.0,0.0615799999999999,502706.5,0,2.5,0
177,2023-01-20 19:55:59.999,0.4013563946544826,0.40155,0.0612885879144745,0.061595,-0.9124232203476658,-0.9129054816686833,-2.7871745805681996,-2.7921616211613207,0.041793376256037296,0.03819883872243868,0.018984108678438964,0.013895837130889705,0.01898938737956778,0.013898560270838457,1.6407446837724742,1.3827688006853789,1.4246860677063857,0.013870779589471003,0.0381988387224385,0.4015499999999999,397787.0,0.061595,135600.5,0,2.5,0
178,2023-01-20 19:56:59.999,0.4015697718159086,0.40215,0.0613163859555693,0.0616,-0.910930125632059,-0.9123739828201975,-2.787093408442663,-2.7917081641653496,0.04195418372407933,0.03962557696425373,0.018991823704387345,0.013898042867677573,0.018997137835380096,0.013900823382269107,1.6514882073806934,1.4846517208443737,1.3827688006853789,0.013872248265436149,0.0396255769642537,0.40215,1183505.0,0.0616,245942.7,0,2.5,0
179,2023-01-20 19:57:59.999,0.4022031915840734,0.4024,0.0613153055181648,0.06161,-0.9103086601966076,-0.910797866359124,-2.7869310839556576,-2.7917257850167223,0.04354470485368378,0.040114345608824764,0.0189998592464551,0.01390021764878642,0.019005539608780313,0.013903622781367263,1.764947570196544,1.5190040110064822,1.4846517208443737,0.013874283709648319,0.0401143456088246,0.4024,300724.0,0.06161,278858.9,0,2.5,0
180,2023-01-20 19:58:59.999,0.4022706432078144,0.4025,0.0613068966840665,0.061605,-0.9100601821235189,-0.9106301750782347,-2.7870122429055053,-2.7918629352873987,0.0438245135428762,0.04042916938486141,0.019007971119398847,0.013902495525563349,0.01901371435995045,0.013906011145647384,1.7841780020931157,1.5408167710663256,1.5190040110064822,0.013876635016849792,0.0404291693848612,0.4024999999999999,310993.0,0.061605,35964.4,0,2.5,0
181,2023-01-20 19:59:59.999,0.4020826602448765,0.40245,0.0612879999183058,0.06162,-0.9101844134423943,-0.9110975890008319,-2.786768785813615,-2.792171215100573,0.043609111763710295,0.040105917108599676,0.01901593747956073,0.01390472244761462,0.019021629026490645,0.013908145188435488,1.7678477183042314,1.5167494143442588,1.5408167710663256,0.013879162511001119,0.0401059171085997,0.40245,726683.0,0.06162,458510.1,0,2.5,0
182,2023-01-20 20:00:59.999,0.4018517262923984,0.40235,0.061325617450974,0.061645,-0.9104329223899953,-0.9116720984700055,-2.786363155661621,-2.7915576203848222,0.042533001758574995,0.039525814200980114,0.01902368290864311,0.013906825587573153,0.01902912362117492,0.013909813717531945,1.6897334942577815,1.4742495448175663,1.5167494143442588,0.01388097563929663,0.0395258142009802,0.40235,414141.0,0.061645,332853.2,0,2.5,0
183,2023-01-20 20:01:59.999,0.4018477576688878,0.40255,0.061378066887,0.06169,-0.9099359662361473,-0.9116819743591651,-2.7856334357605896,-2.7907027244702722,0.041824266772487295,0.03942623996748407,0.01903122773057815,0.013909050836725063,0.019036502675970866,0.013911762180040787,1.6380213952485507,1.4663122937947357,1.4742495448175663,0.013882186663294226,0.0394262399674845,0.40255,743908.0,0.0616899999999999,1214548.2,0,2.5,0
184,2023-01-20 20:02:59.999,0.4022596583574561,0.4027,0.0614253492455827,0.06171,-0.9095634111247286,-0.9106574825651936,-2.7853092866491616,-2.789932674867286,0.04221925951169192,0.03953381012409474,0.019038443550105692,0.013911599296884226,0.01904380823790055,0.013914457776487076,1.6655662510222786,1.4732573974136376,1.4663122937947357,0.013883609750726887,0.0395338101240947,0.4027,434539.0,0.06171,365530.4,0,2.5,0
185,2023-01-20 20:03:59.999,0.402599255218444,0.403,0.0614257696872876,0.06174,-0.908818717035454,-0.9098136157075064,-2.7848232599081237,-2.789925830131828,0.0430575309447675,0.039881187764028825,0.01904556444886217,0.013914392812209506,0.019051121488088255,0.013917576120073742,1.72489873592673,1.4974152013937652,1.4732573974136376,0.013885724059164807,0.0398811877640288,0.403,1129851.0,0.06174,599336.3,0,2.5,0
186,2023-01-20 20:04:59.999,0.4028303139704036,0.4029,0.0614371349465668,0.061735,-0.9090668867848355,-0.9092398628503052,-2.78490424796243,-2.789740822959069,0.04348004440138287,0.039699224014150936,0.019052671632910998,0.013917098958431613,0.019058324808742626,0.013920448248172646,1.7543773847832889,1.483538519263838,1.4974152013937652,0.013888142764062838,0.0396992240141509,0.4029,284929.0,0.061735,121965.3,0,2.5,0
187,2023-01-20 20:05:59.999,0.4026210102640526,0.4043,0.0614262105733037,0.06197,-0.9055981023354119,-0.9097595806898932,-2.781104882008121,-2.789918652616005,0.04310569849694901,0.04006210818432676,0.019059847647271148,0.013919937527651477,0.019065412528282415,0.013923131815582931,1.7266435660517432,1.5087898559411883,1.483538519263838,0.013890324772703001,0.0400621081843266,0.4043,3950018.0,0.06197,5791597.1,0,2.5,0
188,2023-01-20 20:06:59.999,0.4033227727242562,0.4045,0.061710377166166,0.062,-0.9051035424835906,-0.9080181127305397,-2.7806208939370456,-2.7853031747546,0.041074112175405575,0.0401610181558304,0.019067045590187518,0.013922807121902324,0.0190721386396171,0.013925220079103306,1.5800090347444806,1.515066062537016,1.5087898559411883,0.013892382275768092,0.0401610181558302,0.4044999999999999,2578061.0,0.062,3129500.4,0,2.5,0
189,2023-01-20 20:07:59.999,0.4033899348132002,0.40395,0.061762959490215,0.06196,-0.9064641710564195,-0.9078516046577856,-2.7812662634334693,-2.7844514552068556,0.04054435776305221,0.039327965321497405,0.019073976770850723,0.0139254384504073,0.019078945616255075,0.013927656527608466,1.541207747638431,1.4544596655090798,1.515066062537016,0.013893760087487623,0.0393279653214975,0.40395,1525420.0,0.06196,1068974.5,0,2.5,0
190,2023-01-20 20:08:59.999,0.4031487822791799,0.40425,0.0617194735513399,0.06205,-0.9057217805249208,-0.9084495983711586,-2.779814767331521,-2.7851557811518775,0.04052213542196437,0.03888378888298505,0.019080878090434267,0.013927866391540622,0.01908584019581069,0.01393007314145432,1.538850155952282,1.4218194112329,1.4544596655090798,0.013895022815583965,0.0388837888829849,0.40425,1133866.0,0.06205,1507991.7,0,2.5,0
191,2023-01-20 20:09:59.999,0.4034488701203262,0.40425,0.061807616977012,0.062085,-0.9057217805249208,-0.9077055152360313,-2.7792508651133314,-2.783728670058192,0.04009958580896977,0.03842281089928801,0.01908767367055977,0.013930139918218369,0.01909253641347539,0.01393219443282124,1.5078062179498668,1.3880073956357757,1.4218194112329,0.013896946750116209,0.0384228108992878,0.40425,882079.0,0.062085,614075.1,0,2.5,0
192,2023-01-20 20:10:59.999,0.4034353268805979,0.40445,0.061823609317253,0.062045,-0.9052271595181755,-0.9077390844638831,-2.779895350755554,-2.783469959685262,0.039854526393231504,0.03944428511265363,0.019094619536934834,0.013932807320997009,0.019099423958794656,0.013934773432098514,1.4894467093830046,1.4605574531308891,1.3880073956357757,0.01389912604869612,0.0394442851126535,0.40445,910981.0,0.062045,2332728.0,0,2.5,0
193,2023-01-20 20:11:59.999,0.4036054834856036,0.4041,0.0617667007991706,0.061995,-0.906092906897709,-0.9073174041588937,-2.780701542350332,-2.784390881755136,0.041029040762742164,0.03923758209195771,0.01910155916951289,0.013935372132902754,0.01910663380075409,0.013937750986586648,1.572879798404037,1.4449576753606554,1.4605574531308891,0.013901523232043645,0.0392375820919577,0.4041,774550.0,0.061995,109171.8,0,2.5,0
194,2023-01-20 20:12:59.999,0.4033587798706478,0.40405,0.0617180300051903,0.06193,-0.9062166463026804,-0.9079288404612045,-2.7817505640321674,-2.7851791702533752,0.04106201342136129,0.03997139544019079,0.019108608940075152,0.01393822445913619,0.019113689570596164,0.013940611605954922,1.574416135472105,1.4968037400517364,1.4449576753606554,0.013904219872437293,0.0399713954401907,0.40405,311796.0,0.06193,212183.8,0,2.5,0
195,2023-01-20 20:13:59.999,0.4031810803849824,0.40355,0.0616776302684282,0.061885,-0.9074548832117557,-0.9083694869742841,-2.7824774549901514,-2.7858339702376864,0.04115665186860962,0.039327376318119,0.01911549642196098,0.013940862126387036,0.01912059736050452,0.013943280242442097,1.5804067712150918,1.4498299827455652,1.4968037400517364,0.01390654465634441,0.039327376318119,0.40355,599343.0,0.061885,357808.7,0,2.5,0
196,2023-01-20 20:14:59.999,0.4027806537607399,0.404,0.0616475060202684,0.0619,-0.9063404010209869,-0.9093631486835815,-2.7822350992915865,-2.7863225040381017,0.04056235607598857,0.04024373791695168,0.01912268316314617,0.013943749382043596,0.019127644901843887,0.013945949382004887,1.536984724883836,1.5147328150493486,1.4498299827455652,0.013908562320709602,0.0402437379169517,0.404,522602.0,0.0619,332225.5,0,2.5,0
197,2023-01-20 20:15:59.999,0.4029936615157007,0.40475,0.0617136282560936,0.06193,-0.9044856864243925,-0.9088344454080259,-2.7817505640321674,-2.7852504931078292,0.04021471338020821,0.04170235531847866,0.01913004452500061,0.013947273125356518,0.019134924105851155,0.013949346555474987,1.5111667912561422,1.6184031524012372,1.5147328150493486,0.013910300833159157,0.0417023553184785,0.40475,221821.0,0.06193,147154.5,0,2.5,0
198,2023-01-20 20:16:59.999,0.4033802403894802,0.40455002,0.061739774752394,0.061935,-0.9049798912906428,-0.9078756373352901,-2.7816698309759738,-2.784826908240111,0.04082724989743891,0.04114215290821943,0.019137229651301834,0.013950615411585014,0.019142249327359723,0.013952902264996105,1.5541569888639395,1.5773442681707104,1.6184031524012372,0.013912436079152359,0.0411421034705739,0.40455,544483.0,0.061935,470576.5,0,2.5,0
199,2023-01-20 20:17:59.999,0.4032659689922735,0.40425,0.0617107624969886,0.061955,-0.9057217805249208,-0.908158962036112,-2.781346963913681,-2.785296930592155,0.04092815840079467,0.04013632676683765,0.019144151584739796,0.013953614094265623,0.01914919301191315,0.013955933633084705,1.5605523758905748,1.5044256663744768,1.5773442681707104,0.013915237362383742,0.0401363267668375,0.40425,388245.0,0.061955,262953.6,0,2.5,0
200,2023-01-20 20:18:59.999,0.4030718359108891,0.40475,0.0616884648644985,0.06199,-0.9044856864243925,-0.9086404800399931,-2.780782197268309,-2.7856583207436096,0.04074206910418143,0.04091073623296515,0.01915125277962826,0.013956883207887075,0.01915624949712989,0.01395913200082993,1.5463582983360407,1.5590503358973833,1.5044256663744768,0.013918294152098467,0.040910736232965,0.40475,507373.0,0.06199,738126.0,0,2.5,0
201,2023-01-20 20:19:59.999,0.4033883823076508,0.4059,0.0616899084106481,0.062085,-0.9016484551372851,-0.9078554533124072,-2.7792508651133314,-2.785634920432658,0.04150796657883582,0.042496136286923725,0.019158720965269948,0.013960740601785832,0.01916389320447698,0.013963263988615852,1.6002041780901515,1.6716459382297024,1.5590503358973833,0.013921119140025216,0.0424961362869238,0.4059,1841171.0,0.062085,1006663.8,0,2.5,0
202,2023-01-20 20:20:59.999,0.4040445829731619,0.40575,0.0617888242105737,0.06206,-0.9020180725874365,-0.9062300532155648,-2.779653619961903,-2.7840327688882645,0.04182364210874512,0.04245576229783676,0.01916622336035194,0.013964549181945046,0.01917146691942354,0.013967185880951909,1.6218138272373133,1.6677616036181235,1.6716459382297024,0.013923653881463025,0.0424557622978367,0.40575,803528.0,0.06206,253984.4,0,2.5,0
203,2023-01-20 20:21:59.999,0.4041390212367745,0.4054,0.0617843984616333,0.062025,-0.9028810449642375,-0.9059963482417187,-2.7802177494042724,-2.784104398467013,0.042115902728799504,0.042053953655631915,0.019173762503429528,0.01396811160009365,0.01917907195499754,0.013970854311576528,1.641762934625698,1.63803038000133,1.6677616036181235,0.013925829191229595,0.0420539536556319,0.4054,673905.0,0.062025,1050831.1,0,2.5,0
204,2023-01-20 20:22:59.999,0.4040790875337968,0.40565,0.0617663985789176,0.06202,-0.902264560141063,-0.9061446589574454,-2.780298365309834,-2.784395774698882,0.0422057858408883,0.04273634025468365,0.019181299465615833,0.013972038660490727,0.019186627974381226,0.013974811027428397,1.6471892050151744,1.685869998032235,1.63803038000133,0.01392826068106993,0.0427363402546836,0.40565,577589.0,0.06202,114460.8,0,2.5,0
205,2023-01-20 20:23:59.999,0.4040907138534899,0.40605,0.0617644785914279,0.061985,-0.9012789742537172,-0.9061158869848379,-2.7808628586920268,-2.7844268598418656,0.042259969251991936,0.04418338738963501,0.0191889982907398,0.013976649234342652,0.019194337557335784,0.013979437352505085,1.649968529707874,1.7882962275021095,1.685869998032235,0.01393060346429605,0.0441833873896349,0.40605,287587.0,0.061985,618646.4,0,2.5,0
206,2023-01-20 20:24:59.999,0.4040231474142258,0.4064,0.0617208495423742,0.06196,-0.900417382717865,-0.9062831070825492,-2.7812662634334693,-2.7851334871234776,0.04267040181992998,0.04537475366005195,0.019196841414061503,0.013981833768217817,0.01920227385109133,0.013984774664596704,1.6781198504577712,1.872280323164448,1.7882962275021095,0.01393283918264056,0.0453747536600519,0.4064,1079722.0,0.06196,221471.4,0,2.5,0
207,2023-01-20 20:25:59.999,0.4039502595250723,0.4058,0.0616874337601059,0.061935,-0.9018948515904227,-0.9064635285883196,-2.7816698309759738,-2.7856750355866886,0.042932684582013936,0.04422719260843955,0.019204287508868236,0.013986595630010343,0.019209778922215412,0.013989633896077665,1.6957488549039028,1.7890633118670356,1.872280323164448,0.013935517820720549,0.0442271926084396,0.4058,977711.0,0.061935,212330.7,0,2.5,0
208,2023-01-20 20:26:59.999,0.4036527076093892,0.40445,0.0616659814554411,0.06184,-0.9052271595181755,-0.9072004053489456,-2.7832048747029705,-2.786022854167043,0.04248014206000572,0.04214975004445354,0.019211046583090894,0.013990626584848221,0.019216431701229497,0.013993484587982684,1.6624672870083137,1.639576563797732,1.7890633118670356,0.013938466141428716,0.0421497500444534,0.40445,576581.0,0.06184,187895.3,0,2.5,0
209,2023-01-20 20:27:59.999,0.4031611923396165,0.40385,0.0615665376589558,0.061785,-0.9067117570938318,-0.9084188160149228,-2.7840946624259835,-2.787636775862151,0.04258107780703624,0.041392534871706466,0.01921757072321143,0.01399439679732506,0.019222977690830922,0.01399728954629954,1.6687588006908445,1.584560197173603,1.639576563797732,0.013941278765076715,0.0413925348717065,0.40385,354630.0,0.061785,497817.6,0,2.5,0
210,2023-01-20 20:28:59.999,0.4030704131968005,0.40445,0.0615061389413927,0.061795,-0.9052271595181755,-0.9086440097249592,-2.783932823940438,-2.788618288966121,0.04315825003393903,0.0427448329522645,0.019224071997561397,0.013998800743378463,0.019229611034366854,0.014001914574991666,1.7089547912476402,1.6801982816869936,1.584560197173603,0.013943947527332794,0.0427448329522643,0.40445,452713.0,0.061795,323890.5,0,2.5,0
211,2023-01-20 20:29:59.999,0.4035042910740543,0.40515,0.061506554049799,0.0618,-0.9034979100754028,-0.9075681566965761,-2.783851914518492,-2.788611539932404,0.04422858587183365,0.044407940675803115,0.019230986353439512,0.014003860288328018,0.01923677149565622,0.014007401589409232,1.784186325826007,1.7978581479671123,1.6801982816869936,0.013946798675372412,0.0444079406758031,0.40515,347353.0,0.0618,558127.8,0,2.5,0
212,2023-01-20 20:30:59.999,0.4037560116281649,0.4051,0.061500776309668,0.061905,-0.9036213287734921,-0.9069445150745951,-2.7821543271094824,-2.788705481327902,0.04492902257226217,0.04289678063584346,0.019237418775461652,0.014008346576320784,0.019243364529638183,0.014012176149289563,1.8330955712347567,1.6889474950865906,1.7978581479671123,0.013950235482855266,0.0428967806358433,0.4051,617872.0,0.061905,2414324.3,0,2.5,0
213,2023-01-20 20:31:59.999,0.4035515201898191,0.40485,0.0616225479606687,0.06186,-0.9042386508500138,-0.9074511161768014,-2.7828815117252135,-2.7867274370958026,0.04280541268313576,0.04287391640524252,0.01924371032263693,0.01401285672138393,0.019249163158175115,0.014015818157661009,1.680690292923418,1.686323249601587,1.6889474950865906,0.013953660107018255,0.0428739164052425,0.40485,231707.0,0.06186,186231.6,0,2.5,0
214,2023-01-20 20:32:59.999,0.4032945081376944,0.4052,0.0615821917791784,0.061894998,-0.9033745066076088,-0.9080881945084633,-2.782315910311152,-2.787382544732389,0.0427038708109464,0.043275693607724874,0.01924997324405379,0.014017549226123686,0.019255401130553882,0.014020466763930931,1.672445723470211,1.7139743885397423,1.686323249601587,0.013956733225021011,0.0432756671927125,0.4052,257849.0,0.061895,169816.8,0,2.5,0
215,2023-01-20 20:33:59.999,0.4035080400504774,0.40575,0.061633854998105,0.06194,-0.9020180725874365,-0.9075588656949927,-2.78158910443708,-2.78654396528912,0.04254767889323641,0.044037979395169735,0.019255832678930215,0.014022618190922638,0.01926122306222443,0.014025471018708576,1.660297597132401,1.7672981164303487,1.7139743885397423,0.01396016499777641,0.0440379793951697,0.40575,249578.0,0.0619399999999999,46425.2,0,2.5,0
216,2023-01-20 20:34:59.999,0.4039131341753267,0.4065,0.0616807195816321,0.061979998,-0.9001713499942718,-0.906555438557409,-2.780943558891009,-2.7857838834262414,0.04292975539006694,0.0453569823330231,0.01926145831979781,0.014028212349554568,0.019266935824326918,0.014031208503027562,1.68644201678239,1.8602173507912354,1.7672981164303487,0.013964244461699866,0.0453569559542368,0.4065,733056.0,0.06198,206626.3,0,2.5,0
217,2023-01-20 20:35:59.999,0.4043373975005286,0.4066,0.0617039060972193,0.061985,-0.8999253777878907,-0.9055056072302612,-2.7808628586920268,-2.7854080421780703,0.043672344547945885,0.045536983855461455,0.019267021883835365,0.014033864895006319,0.019272669956657416,0.014037150545980301,1.7382213371128656,1.8718978818852496,1.8602173507912354,0.013968102988608063,0.0455369838554613,0.4065999999999999,324343.0,0.061985,181154.5,0,2.5,0
218,2023-01-20 20:36:59.999,0.4043890944377298,0.40665,0.0616937563855753,0.062015,-0.8998024143693528,-0.9053777594651962,-2.7803789877148444,-2.7855725462936696,0.04393467090357639,0.045264393115430845,0.019272767568935256,0.014039425222538243,0.019278475021685698,0.014042812002850867,1.7557876497161091,1.8513311716472436,1.8718978818852496,0.013971843490539496,0.0452643931154308,0.4066499999999999,406782.0,0.062015,445393.3,0,2.5,0
219,2023-01-20 20:37:59.999,0.4043283270742159,0.40685,0.0617294761528313,0.062085,-0.8993107118394708,-0.9055280402975657,-2.7792508651133314,-2.784993728715834,0.043311219100509724,0.04483387958473806,0.019278603487617074,0.014044808340918705,0.019284165305625153,0.014047940231270171,1.7103613340695512,1.8195532097556093,1.8513311716472436,0.013975967608697569,0.044833879584738,0.40685,1866249.0,0.062085,1439358.8,0,2.5,0
220,2023-01-20 20:38:59.999,0.404312572387676,0.406,0.0618279244002478,0.062145,-0.9014021193804044,-0.9055670061390223,-2.7782849147846624,-2.78340016543578,0.041969549414243246,0.04195282834229441,0.01928351052413494,0.014049025675859873,0.019288760706706126,0.014051637719868454,1.6141028654238212,1.6135864750472806,1.8195532097556093,0.01398077168052799,0.0419528283422945,0.406,3269866.0,0.062145,3051867.7,0,2.5,0
221,2023-01-20 20:39:59.999,0.4039741311698865,0.40595,0.0619120616298014,0.06214,-0.9015252796736817,-0.9064044348288142,-2.778365375017236,-2.782040261572534,0.04002042844752951,0.0418954425655611,0.019288186868635534,0.014053188688905958,0.01929298488797802,0.014055100775671287,1.4747274950478984,1.6086922475304462,1.6135864750472806,0.013985989472466945,0.0418954425655613,0.40595,1496253.0,0.06214,969525.0,0,2.5,0
222,2023-01-20 20:40:59.999,0.4039939643034805,0.4055,0.0619081372109278,0.062155,-0.9026344054266694,-0.9063553409754576,-2.7781240137384584,-2.782103650565795,0.040121341444984915,0.04058900913751151,0.019292836396681376,0.014056912107900103,0.019297656694077417,0.01405885574836058,1.4811792028903754,1.5149965068687814,1.6086922475304462,0.01399059656905392,0.0405890091375114,0.4054999999999999,644427.0,0.062155,278534.8,0,2.5,0
223,2023-01-20 20:41:59.999,0.4039202177938945,0.40505,0.0619100687538978,0.06213,-0.9037447627056368,-0.9065379012310516,-2.7785263149065345,-2.782072450905695,0.039913276135605025,0.0398075244455216,0.01929750751543131,0.01406037516157524,0.019302278579680362,0.014062244989115251,1.4656975164263182,1.4587105034110963,1.5149965068687814,0.013994435827561897,0.0398075244455216,0.40505,757666.0,0.06213,431120.8,0,2.5,0
224,2023-01-20 20:42:59.999,0.4037768531415692,0.40525,0.0618586984219516,0.062135,-0.9032511183663515,-0.9068928973279542,-2.7784458417241793,-2.782902552652172,0.040236870434361194,0.040235383682094006,0.019302524766765205,0.014063978069607123,0.019307369558634588,0.014065955453636163,1.4879544404014275,1.4884024144324877,1.4587105034110963,0.013998445803472571,0.0402353836820941,0.40525,334217.0,0.0621349999999999,349009.5,0,2.5,0
225,2023-01-20 20:43:59.999,0.4039309655252381,0.40475,0.0618466727225313,0.062119998,-0.9044856864243925,-0.9065112930349725,-2.7786873128974015,-2.783096977507729,0.0407774128818742,0.03919821313546923,0.019307417352632632,0.014067221762742431,0.01931238610883009,0.014069384709184505,1.5256549747361532,1.4139818166169897,1.4884024144324877,0.014003286328596057,0.039198186816133,0.40475,469119.0,0.0621199999999999,542725.6,0,2.5,0
226,2023-01-20 20:44:59.999,0.4036521485077122,0.40515,0.0618352505747339,0.062155,-0.9034979100754028,-0.9072017904556319,-2.7781240137384584,-2.7832816794839816,0.040237905370194116,0.039725504488778096,0.019312781217907308,0.014070588052718148,0.01931762387566067,0.014072559805517687,1.4866010010723738,1.4507370405835647,1.4139818166169897,0.014008595229379315,0.039725504488778,0.40515,328189.0,0.062155,480802.9,0,2.5,0
227,2023-01-20 20:45:59.999,0.4037025175784307,0.40455002,0.0619028665786037,0.062115,-0.9049798912906428,-0.9070770148820217,-2.778767773316497,-2.782188790531807,0.03946926763680314,0.038769782938240516,0.019317906204899548,0.014073641611697406,0.019322569792363537,0.01407535100025127,1.4313460349287168,1.382149501176256,1.4507370405835647,0.014013086651382425,0.0387697335005947,0.4045499999999999,545003.0,0.062115,288007.1,0,2.5,0
228,2023-01-20 20:46:59.999,0.4033291574657278,0.4043,0.0619029683557183,0.06213,-0.9055981023354119,-0.9080022825038142,-2.7785263149065345,-2.782187146390969,0.038542655965096206,0.03795418481574642,0.019323001468809553,0.014076402990913598,0.01932744943328451,0.014077809964881808,1.3649286770986058,1.3235755866724903,1.382149501176256,0.014016980309228488,0.0379541848157463,0.4043,489003.0,0.06213,641193.1,0,2.5,0
229,2023-01-20 20:47:59.999,0.4031485226962584,0.4048,0.0619602684268051,0.062215,-0.9043621610088812,-0.9084502422600067,-2.7771591507545423,-2.781261931183249,0.03733835259615881,0.038072498734832205,0.01932805037936819,0.014079215229192029,0.0193322184659724,0.014080251345786877,1.2788219249775141,1.3313560486382106,1.3235755866724903,0.014021717827625343,0.0380724987348322,0.4048,389661.0,0.062215,329432.4,0,2.5,0
230,2023-01-20 20:48:59.999,0.4033924707386636,0.40489998,0.0620470234170795,0.06221,-0.9041152053389352,-0.9078453181412578,-2.7772395204552085,-2.779862739198035,0.03679946723989014,0.03838515491342731,0.01933344799803315,0.014082050231205382,0.019337490122365908,0.014082926864980468,1.2399394873622707,1.352907183442378,1.3313560486382106,0.014026905389788322,0.038385204308341,0.4049,503688.0,0.06221,218668.9,0,2.5,0
231,2023-01-20 20:49:59.999,0.4034300353825839,0.4054,0.0619948655347094,0.06223,-0.9028810449642375,-0.9077522006497093,-2.7769180804010105,-2.7807037113226105,0.037580061428332256,0.03935654492957008,0.01933922876425603,0.014085142541936808,0.019343450202039897,0.014086245485443709,1.2946396003915672,1.4211653240792497,1.352907183442378,0.014032694013765747,0.03935654492957,0.4054,445396.0,0.06223,717668.8,0,2.5,0
232,2023-01-20 20:50:59.999,0.4036443759960068,0.4048,0.0619725270135968,0.06224,-0.9043621610088812,-0.9072210461106972,-2.776757399112001,-2.7810641048244045,0.038405829934864966,0.03774407537320723,0.019344562395773278,0.014087748137237593,0.01934897370508572,0.01408910156848033,1.3525955602742343,1.3060648726959592,1.4211653240792497,0.014038565910197942,0.0377440753732072,0.4048,457648.0,0.06224,928999.1,0,2.5,0
233,2023-01-20 20:51:59.999,0.403400223282452,0.40475,0.0619504871572048,0.06222,-0.9044856864243925,-0.9078260999608104,-2.777078787512646,-2.781419807221927,0.03809155517502105,0.03788327809057768,0.019349823904079657,0.014090426200760722,0.01935416126378133,0.014091679588093103,1.3296778282605901,1.3153224694862264,1.3060648726959592,0.014044094059955693,0.0378832780905777,0.40475,257174.0,0.06222,319447.8,0,2.5,0
234,2023-01-20 20:52:59.999,0.4035233404669048,0.40515,0.0619242846612693,0.0622,-0.9034979100754028,-0.9075209479217844,-2.7774002792370034,-2.781842855368723,0.038742540011695525,0.03913386703737087,0.019355333890103563,0.014093507185750838,0.019359820630701016,0.014094961589518496,1.3751523377976549,1.403379079925846,1.3153224694862264,0.014048864603419742,0.0391338670373708,0.40515,345608.0,0.0622,1121849.1,0,2.5,0
235,2023-01-20 20:53:59.999,0.4038830924441489,0.40515,0.061925655319005,0.06214,-0.9034979100754028,-0.9066298180362966,-2.778365375017236,-2.7818207211999706,0.039615575688376925,0.03992281216383997,0.01936109565121532,0.01409682611442369,0.019365783103202628,0.014098561520923305,1.4363020337303285,1.458606096558584,1.403379079925846,0.014052503483819163,0.0399228121638399,0.40515,389791.0,0.06214,622222.9,0,2.5,0
236,2023-01-20 20:54:59.999,0.4039659992356744,0.406,0.0618833093727019,0.06223,-0.9014021193804044,-0.906424564870401,-2.7769180804010105,-2.782504774217614,0.04038002754270309,0.040835470513403194,0.01936733039172957,0.014100365773431612,0.019372193316319012,0.014102356607609877,1.4896683448671184,1.522523632835442,1.458606096558584,0.01405603951884361,0.0408354705134033,0.406,1270955.0,0.06223,2561112.5,0,2.5,0
237,2023-01-20 20:55:59.999,0.404212892545842,0.4057,0.0619896415687479,0.062235,-0.9021413087697355,-0.9058135780694371,-2.7768377365291963,-2.7807879793668464,0.039587571329613325,0.040030601729956206,0.0193736867245073,0.01410348960309586,0.0193783647815786,0.014105209174149192,1.4327477386916325,1.4646669432020925,1.522523632835442,0.014059703058549249,0.0400306017299563,0.4057,1149319.0,0.062235,968534.6,0,2.5,0
238,2023-01-20 20:56:59.999,0.4038688253674281,0.40545,0.0619851224870824,0.062235,-0.9027577175915708,-0.9066651434286793,-2.7768377365291963,-2.780860882617793,0.038795602816317776,0.03941419290812098,0.01938014985389334,0.014106274163021721,0.01938464313159813,0.014107733285539263,1.3759091763250375,1.4202221524054177,1.4646669432020925,0.01406317260524548,0.0394141929081208,0.40545,435116.0,0.062235,733537.6,0,2.5,0
239,2023-01-20 20:57:59.999,0.4035260960394555,0.4054,0.0619903322309143,0.06223,-0.9028810449642375,-0.9075141191640254,-2.7769180804010105,-2.780776837855113,0.037877922287851695,0.03935654492957008,0.019386279448948,0.014109199724074458,0.019390558931206486,0.0141103707589504,1.3101968525467995,1.4154073846262816,1.4202221524054177,0.014066812767523248,0.03935654492957,0.4054,395937.0,0.06223,146924.2,0,2.5,0
240,2023-01-20 20:58:59.999,0.4034570320064139,0.40565,0.0619944788705622,0.06225,-0.902264560141063,-0.907685285154515,-2.7765967436373202,-2.7807099483770776,0.037652075581946054,0.039710343831967254,0.019392406177144973,0.014112276938347096,0.01939663197427638,0.014113377124046006,1.2934851415942483,1.4397349019995935,1.4154073846262816,0.0140701784832678,0.0397103438319672,0.40565,315446.0,0.06225,656856.0,0,2.5,0
241,2023-01-20 20:59:59.999,0.4037259998488627,0.4062,0.062018257382292,0.062315,-0.9009096298358528,-0.9070188493108738,-2.775553111703797,-2.7803264633780413,0.03800502065372735,0.04021212738776114,0.019398637174922954,0.014115525190108133,0.019402943211367946,0.014116729120297315,1.3177328320065989,1.4745105075809612,1.4397349019995935,0.014073257604201084,0.0402121273877611,0.4062,332550.0,0.0623149999999999,628580.3,0,2.5,0
242,2023-01-20 21:00:59.999,0.4041434441303975,0.40605,0.0620848089486531,0.06233,-0.9012789742537172,-0.9059854043110693,-2.775312428161378,-2.779253942372587,0.03816170270666097,0.03964602932978967,0.019404780599274685,0.014118560348414223,0.019409121474559896,0.014119809401542083,1.3281044169089866,1.433662372862857,1.4745105075809612,0.014075965741408904,0.0396460293297895,0.40605,549341.0,0.0623299999999999,404382.4,0,2.5,0
243,2023-01-20 21:01:59.999,0.4041814380845341,0.40595,0.0620793334287751,0.062335,-0.9015252796736817,-0.905891397668442,-2.7752322131851987,-2.7793421404590344,0.03832780939561764,0.03933414988512962,0.019410835482155525,0.014121496786923487,0.019415213397895738,0.014122794294021666,1.339153966558007,1.4108500468182024,1.433662372862857,0.014078420310108076,0.0393341498851298,0.40595,413567.0,0.062335,216070.9,0,2.5,0
244,2023-01-20 21:02:59.999,0.404077624883874,0.4066,0.0620682943895925,0.062365,-0.8999253777878907,-0.9061482786759983,-2.7747510584044646,-2.7795199777549326,0.0382163065679032,0.040540718044763335,0.01941736001824117,0.014124746148117337,0.019421710619155232,0.014126006148609382,1.3304960900500657,1.4954858519236227,1.4108500468182024,0.014080920225585275,0.0405407180447632,0.4065999999999999,288095.0,0.062365,198291.2,0,2.5,0
245,2023-01-20 21:03:59.999,0.4041684938823168,0.4065,0.062097527088006,0.062365,-0.9001713499942718,-0.9059234239028895,-2.7747510584044646,-2.7790491122847776,0.03805623890583987,0.04029474583838222,0.019424062801991868,0.014127781002233606,0.019428374807570176,0.014128988917586993,1.318414516914423,1.4772796260849945,1.4954858519236227,0.014083756520096278,0.0402947458383822,0.4065,279475.0,0.062365,428364.7,0,2.5,0
246,2023-01-20 21:04:59.999,0.4040216847643031,0.40685,0.0621076639108451,0.06238,-0.8993107118394708,-0.9062867273022807,-2.77451056780248,-2.7788858852444247,0.03755950089754034,0.04095878807774822,0.01943141786600092,0.014130719076541495,0.01943561321037295,0.014131774364467687,1.282492008415964,1.5234447797837152,1.4772796260849945,0.014086959506202864,0.0409587880777482,0.40685,551141.0,0.06238,1178384.3,0,2.5,0
247,2023-01-20 21:05:59.999,0.4041808540229609,0.4068,0.0621345161803246,0.062385,-0.8994336148077322,-0.9058928427174723,-2.7744304171191523,-2.778453628342978,0.037600024725039316,0.04077036364282027,0.01943912531784835,0.01413327531795173,0.01944332825684562,0.014134339570633772,1.284580462883245,1.509291925975398,1.5234447797837152,0.014089746073383523,0.0407703636428202,0.4068,1235213.0,0.0623849999999999,1385569.5,0,2.5,0
248,2023-01-20 21:06:59.999,0.4042960289684133,0.4062,0.0621397272574812,0.062315,-0.9009096298358528,-0.9056079243761948,-2.775553111703797,-2.7783697641887413,0.037816385916730644,0.04021212738776114,0.019446835133128865,0.014135520421341544,0.019451086359878134,0.014136646361295226,1.2991270409886555,1.4690150511389188,1.509291925975398,0.014092500088449452,0.0402121273877611,0.4062,509029.0,0.062315,893087.0,0,2.5,0
249,2023-01-20 21:07:59.999,0.4042202157794142,0.4066,0.0620535184858699,0.062325,-0.8999253777878907,-0.9057954609648875,-2.7753926495725154,-2.779758064896106,0.038763755416721946,0.041065205080752176,0.019454316567379348,0.014138407124162092,0.019458785310459505,0.014139821914747502,1.3652908942316884,1.5285235687152128,1.4690150511389188,0.014095861572369698,0.041065205080752,0.4065999999999999,391266.0,0.062325,508038.3,0,2.5,0
250,2023-01-20 21:08:59.999,0.4043780272197137,0.4069,0.0620513571666193,0.062355,-0.8991878239744928,-0.9054051275856858,-2.7749114176094265,-2.7797928954253575,0.03918256200746195,0.04140936207307111,0.019461554389810582,0.014141640966537252,0.01946611838139069,0.014143186082526031,1.394059550021124,1.5519986496047147,1.5285235687152128,0.014099510292594947,0.0414093620730713,0.4069,335641.0,0.062355,282087.1,0,2.5,0
251,2023-01-20 21:09:59.999,0.4044013297788925,0.4071,0.0620823316314615,0.062385,-0.8986964234732039,-0.905347503565034,-2.7744304171191523,-2.779293845315996,0.03883222325414959,0.04150755497734859,0.019468902315155547,0.014144846923798136,0.019473383528055107,0.014146276621383245,1.368475977405392,1.5580693648309405,1.5519986496047147,0.014103069749244706,0.0415075549773487,0.4071,284791.0,0.0623849999999999,374065.5,0,2.5,0
252,2023-01-20 21:10:59.999,0.4043851308061986,0.4065,0.0621264873437503,0.062335,-0.9001713499942718,-0.9053875610424659,-2.7752322131851987,-2.7785828537050428,0.03821094536532332,0.04068807956453946,0.019476265957730377,0.014147610992189908,0.01948060168543405,0.014148843946656713,1.3238073548980758,1.4993212365337807,1.5580693648309405,0.014105840201996709,0.0406880795645394,0.4065,369573.0,0.062335,450584.0,0,2.5,0
253,2023-01-20 21:11:59.999,0.4041535429044375,0.4058,0.0620946177736293,0.06226,-0.9018948515904227,-0.9059604165300865,-2.776436113968675,-2.77909596411072,0.038057546642711104,0.03994874106943003,0.019483531734527153,0.01415006295145958,0.019487830279981487,0.014151246122270691,1.312231884194658,1.4462981122491676,1.4993212365337807,0.014108392653892047,0.0399487410694301,0.4058,386726.0,0.0622599999999999,359842.1,0,2.5,0
254,2023-01-20 21:12:59.999,0.4039227487273786,0.4053,0.0620247595621471,0.062175,-0.9031277453478742,-0.9065316353264413,-2.777802289292669,-2.78022162587858,0.03840653222813473,0.03983266637371752,0.01949058039027398,0.014152613433910324,0.01949495806947737,0.014153900579762988,1.3361386885602977,1.4373377806464316,1.4462981122491676,0.014111122350224301,0.0398326663737176,0.4053,386286.0,0.0621749999999999,546107.3,0,2.5,0
255,2023-01-20 21:13:59.999,0.4038260041693485,0.40525,0.0619185993649804,0.06211,-0.9032511183663515,-0.9067711765405769,-2.7788482724109254,-2.781934670031109,0.039567367912588636,0.04056436214781012,0.019498006862127108,0.014155252057793138,0.019502651472414183,0.014156905810558612,1.4173094536808764,1.4882359706258272,1.4373377806464316,0.014114215123108833,0.0405643621478102,0.40525,338823.0,0.06211,252269.9,0,2.5,0
256,2023-01-20 21:14:59.999,0.4037789597568163,0.40455002,0.0618222466594652,0.062034998,-0.9049798912906428,-0.9068876800656586,-2.7800565693271673,-2.78349200098664,0.040723949083172895,0.039823346068924126,0.019505309442529407,0.014157598159738525,0.019510220027958856,0.014159638788820149,1.4981829248330474,1.4351330216572533,1.4882359706258272,0.014117499190608507,0.0398232702758798,0.40455,334843.0,0.062035,864452.7,0,2.5,0
257,2023-01-20 21:15:59.999,0.4035523338824383,0.40489998,0.0617249628489059,0.06205,-0.9041152053389352,-0.9074490998498689,-2.779814767331521,-2.7850668456319028,0.041449931060813516,0.04049036406897066,0.01951304355866389,0.014159933643664477,0.019518120366694935,0.014162226598545755,1.5486131747369898,1.4814561309538743,1.4351330216572533,0.014120555624661978,0.0404904134638843,0.4049,322089.0,0.06205,1075826.1,0,2.5,0
258,2023-01-20 21:16:59.999,0.4036350260188556,0.40555,0.0617430360644772,0.062085,-0.9025111084657833,-0.9072442102769779,-2.7792508651133314,-2.784774086117544,0.04141549600208594,0.041633482958425505,0.019521008958229072,0.014162696072158627,0.01952607595361066,0.014164972762373865,1.5453203063418315,1.5613181196245307,1.4814561309538743,0.014123597257668595,0.0416334829584255,0.40555,304164.0,0.062085,371048.1,0,2.5,0
259,2023-01-20 21:17:59.999,0.4037937909271933,0.406,0.0618083089725031,0.06208,-0.9014021193804044,-0.9068509498258972,-2.779331403107174,-2.7837174741627475,0.04094499881441194,0.042808310128520044,0.01952890814758197,0.01416616544329336,0.019533864428689776,0.014168271593891385,1.5112029892872407,1.6433100456241787,1.5613181196245307,0.014126751840853784,0.0428083101285201,0.406,437881.0,0.0620799999999999,544134.6,0,2.5,0
260,2023-01-20 21:18:59.999,0.4039028656739919,0.40655,0.0618661037070333,0.06203,-0.9000483563282905,-0.9065808614292938,-2.7801371399971107,-2.7827828469025873,0.04045104944702138,0.04482074582800466,0.019537038260462134,0.014170599201215228,0.019541878346365064,0.01417253018413452,1.4753308568757293,1.784237011330775,1.6433100456241787,0.014129685279307167,0.0448207458280045,0.4065499999999999,367653.0,0.06203,339264.4,0,2.5,0
261,2023-01-20 21:19:59.999,0.4040780541940902,0.40735,0.0618509482502282,0.06207,-0.8980825122254863,-0.9061472162316517,-2.779492498556576,-2.7830278488104265,0.04108497845599568,0.04625960936240614,0.01954536626664306,0.014175728809228369,0.019550351134078686,0.014177874622057983,1.518889671122733,1.8845057954531528,1.784237011330775,0.014132415666009208,0.0462596093624061,0.40735,272796.0,0.06207,355520.7,0,2.5,0
262,2023-01-20 21:20:59.999,0.4043436624344981,0.40785,0.0618859853552656,0.062105,-0.8968558192355477,-0.9054901130279607,-2.77892877798598,-2.782461532756636,0.041279130417094745,0.04702547286166514,0.01955382788253393,0.01418121858132384,0.019558855723898098,0.014183427822047918,1.5313840184269714,1.9371850748644681,1.8845057954531528,0.014134916268299135,0.047025472861665,0.40785,331947.0,0.062105,191432.4,0,2.5,0
263,2023-01-20 21:21:59.999,0.4045063510385331,0.40905,0.0618791120667175,0.062115,-0.8939178810224298,-0.9050878416463226,-2.778767773316497,-2.782572602657575,0.04177219906345786,0.04983179320645359,0.019562879151948803,0.01418806077318953,0.019568019008443016,0.014190440730194674,1.5647280079024177,2.133407414754132,1.9371850748644681,0.014137440249658295,0.0498317932064535,0.40905,2813238.0,0.062115,163910.3,0,2.5,0
264,2023-01-20 21:22:59.999,0.4048479172353385,0.41065,0.0618505393640036,0.06218,-0.8900140087959357,-0.9042437953974238,-2.7777218743515295,-2.7830344596642247,0.04299380352158866,0.05288066543388947,0.019572416992007402,0.01419660328631344,0.01957783735454607,0.014199430449612391,1.6490778450682002,2.3462125249350065,2.133407414754132,0.014140662956692134,0.0528806654338893,0.41065,2026746.0,0.06218,178035.2,0,2.5,0
265,2023-01-20 21:23:59.999,0.4052580033394463,0.4125,0.0618862484646624,0.062185,-0.8855190732074014,-0.903231369420225,-2.7776414658764326,-2.7824572812474133,0.0435343985071146,0.057309868816508125,0.019582953925598057,0.01420771168701326,0.019588496958363975,0.014210738491547205,1.6850568014458973,2.6553829161239833,2.3462125249350065,0.014143958717240335,0.0573098688165081,0.4125,2628075.0,0.062185,133769.7,0,2.5,0
266,2023-01-20 21:24:59.999,0.4056498737112397,0.41295,0.0618866782396398,0.062215,-0.884428758725411,-0.9022648714655546,-2.7771591507545423,-2.782450336675788,0.04449521942324486,0.058005901018302386,0.01959381323755781,0.014219142466389065,0.019599576117952554,0.014222541688133748,1.7504356008366222,2.7014349052020776,2.6553829161239833,0.014146918452701612,0.0580059010183022,0.41295,1343209.0,0.062215,263273.7,0,2.5,0
267,2023-01-20 21:25:59.999,0.4057779229711998,0.4121,0.0619447356391252,0.062185,-0.8864892406373653,-0.9019492567884468,-2.7776414658764326,-2.781512652094456,0.04404429704179358,0.056339701386544205,0.019604403555739537,0.014229465651037772,0.019610059629214673,0.014232674926621844,1.71677056762361,2.5816357923549655,2.7014349052020776,0.014149444490560208,0.0563397013865443,0.4121,1529321.0,0.062185,156308.2,0,2.5,0
268,2023-01-20 21:26:59.999,0.4056901639758352,0.4116,0.0619366276919553,0.062119998,-0.8877032750222424,-0.9021655536388552,-2.7786873128974015,-2.781643550672958,0.04393500697525721,0.05598062453761932,0.01961505802915071,0.014239463496988637,0.01962068634411162,0.014242620702542796,1.7071521554179034,2.553857911582076,2.5816357923549655,0.014151909736643766,0.0559805982182832,0.4115999999999999,890366.0,0.0621199999999999,702241.2,0,2.5,0
269,2023-01-20 21:27:59.999,0.40557103538281,0.41245,0.0618693347970912,0.062115,-0.8856402926753963,-0.902459241033188,-2.778767773316497,-2.7827306211199385,0.04452997638457035,0.058109381553486994,0.019626146352851485,0.014250779795707297,0.019631909794191854,0.014254165140707802,1.7467221927486494,2.700430134512896,2.553857911582076,0.014154651887461895,0.0581093815534869,0.41245,507798.0,0.062115,67610.4,0,2.5,0
270,2023-01-20 21:28:59.999,0.4055976775761126,0.4122,0.0618558717737029,0.062119998,-0.8862466105257784,-0.902393552618715,-2.7786873128974015,-2.7829482489391126,0.044773570879287794,0.057437289034083405,0.019637212199732277,0.014261571777424115,0.019643029454691676,0.014265046429802787,1.7616866196869116,2.650484632709851,2.700430134512896,0.014157589055123997,0.0574372627147474,0.4122,340544.0,0.0621199999999999,142665.7,0,2.5,0
271,2023-01-20 21:29:59.999,0.4054537088942971,0.4116,0.0618623872868045,0.06215,-0.8877032750222424,-0.9027485700337129,-2.778204461025417,-2.7828429207012744,0.044332449886154035,0.055585903475719345,0.019647760063411047,0.014271301622677849,0.019653472789590808,0.014274589286909532,1.7288747578324377,2.518210627347452,2.650484632709851,0.01416028574125155,0.0555859034757193,0.4115999999999999,620697.0,0.06215,419769.6,0,2.5,0
272,2023-01-20 21:30:59.999,0.4053212417326931,0.41135,0.0619070003294467,0.06222,-0.8883108453671977,-0.9030753368206745,-2.777078787512646,-2.782122014741674,0.04341635792015919,0.054058119147772477,0.019658069127161226,0.014280066706547126,0.019663567458286662,0.01428298683750987,1.6630128370274158,2.4089558352580744,2.518210627347452,0.014162913139502782,0.0540581191477724,0.41135,332300.0,0.06222,741147.5,0,2.5,0
273,2023-01-20 21:31:59.999,0.4053501452925999,0.4116,0.0619886335753158,0.06229,-0.8877032750222424,-0.9030040291110857,-2.775954379716083,-2.78080424017433,0.04241041314975025,0.05374651020562293,0.01966846583292629,0.014288528853440573,0.01967372895426784,0.014291062729037384,1.5909722479409971,2.3849932153435724,2.4089558352580744,0.014165797470253245,0.0537465102056229,0.4115999999999999,272924.0,0.06229,440128.8,0,2.5,0
274,2023-01-20 21:32:59.999,0.4054997199671228,0.4107,0.0620598500001703,0.062285,-0.8898922580196241,-0.9026350960135348,-2.776034652644081,-2.779656036977871,0.041840714730516426,0.05162314860730699,0.019678339496388243,0.01429586742382491,0.01968346848857388,0.014298187731245913,1.5496541700541662,2.234548500196696,2.3849932153435724,0.014169336241452168,0.0516231486073068,0.4106999999999999,515901.0,0.062285,124923.1,0,2.5,0
275,2023-01-20 21:33:59.999,0.4053922726055625,0.41095,0.0620332537290228,0.06227,-0.8892837263876281,-0.9029001063063317,-2.7762755100977765,-2.7800846872534377,0.04192611685563141,0.0524285760481531,0.019688383330618755,0.01430362907924797,0.019693529762816166,0.014305973389534174,1.5540772017009306,2.2889430742464203,2.234548500196696,0.014173866293615386,0.0524285760481531,0.41095,337404.0,0.06227,273643.9,0,2.5,0
276,2023-01-20 21:34:59.999,0.405404852393294,0.41145,0.0620004628315717,0.062275,-0.8880677729304152,-0.9028690756394863,-2.776195217833893,-2.7806134289395588,0.04238938252440139,0.05357889229962831,0.01969856315216426,0.014312093613534894,0.01970381444107244,0.014314599096787893,1.5847854298916026,2.3672517845623613,2.2889430742464203,0.014179262922055466,0.0535788922996283,0.41145,124550.0,0.062275,225915.7,0,2.5,0
277,2023-01-20 21:35:59.999,0.4054108876962176,0.41175,0.062005007690847,0.0623,-0.8873389099243874,-0.9028541886494458,-2.7757938531887296,-2.7805401279914927,0.042344347559619355,0.05397964830609747,0.019708778796280232,0.01432080631224944,0.019714017298655455,0.014323288029102424,1.5799675476038055,2.393082397916612,2.3672517845623613,0.014185181049084606,0.0539796483060974,0.41175,268654.0,0.0623,298255.7,0,2.5,0
278,2023-01-20 21:36:59.999,0.4054017274142781,0.41165,0.0620394172444179,0.062315,-0.887581805237702,-0.9028767839612827,-2.775553111703797,-2.7799853339413536,0.041868219996355704,0.05353995198591188,0.01971886214260889,0.014329285519483809,0.01972398812220939,0.014331588036633893,1.5451345529568685,2.360277474917769,2.393082397916612,0.014192688160049104,0.0535399519859116,0.4116499999999999,166793.0,0.0623149999999999,284667.8,0,2.5,0
279,2023-01-20 21:37:59.999,0.4053913990091923,0.41165,0.0620674152842095,0.062305,-0.887581805237702,-0.9029022612495077,-2.775713599587306,-2.779534141372885,0.041473902448663,0.05367114739277734,0.01972896059828321,0.014337834716898368,0.01973399298473319,0.014339990674627247,1.51603372395463,2.3673160881461657,2.360277474917769,0.014202257460096094,0.0536711473927771,0.4116499999999999,308030.0,0.062305,89243.7,0,2.5,0
280,2023-01-20 21:38:59.999,0.4054606527374457,0.41095,0.0620572491282283,0.06227,-0.8892837263876281,-0.9027314440744815,-2.7762755100977765,-2.7796979469477403,0.04177862717216019,0.0524285760481531,0.019738889404110838,0.014345622026698167,0.019743990014563985,0.014347879086946803,1.5357417653207395,2.2787221483463425,2.3673160881461657,0.01421368929069384,0.0524285760481531,0.41095,339656.0,0.06227,261729.0,0,2.5,0
281,2023-01-20 21:39:59.999,0.4054043781552644,0.4108,0.0620084618905622,0.062245,-0.8896488009277339,-0.9028702454289057,-2.7766770681483877,-2.7804844211440387,0.04228275162569428,0.05239176661241651,0.019748825964188685,0.014353367234650926,0.01975404094351326,0.014355798798798895,1.5693108407221428,2.274235732603807,2.2787221483463425,0.014225074997755771,0.0523917666124165,0.4108,364500.0,0.0622449999999999,369126.5,0,2.5,0
282,2023-01-20 21:40:59.999,0.40538421055906,0.4112,0.0619683279298462,0.06221,-0.8886755648411817,-0.902919993529679,-2.7772395204552085,-2.7811318643013605,0.042762274436779935,0.05382479541118079,0.01975916750139776,0.014361818377368649,0.019764491062364064,0.014364418625994064,1.6010243068799694,2.371957854825935,2.274235732603807,0.014235161370602082,0.0538247954111807,0.4112,209726.0,0.06221,292774.5,0,2.5,0
283,2023-01-20 21:41:59.999,0.4054113269903923,0.41045,0.0619340694864019,0.06222,-0.890501160187862,-0.9028531050723884,-2.777078787512646,-2.78168485512368,0.0432812210453829,0.05186780432710825,0.019769069280337875,0.014369204533655928,0.019774510648485306,0.014371992337177933,1.635591631654971,2.2338560893602613,2.371957854825935,0.014245506812084047,0.0518678043271081,0.41045,351831.0,0.06222,87723.6,0,2.5,0
284,2023-01-20 21:42:59.999,0.4052123666650649,0.4098,0.0619638292924919,0.062215,-0.8920860431773376,-0.9033439871694202,-2.7771591507545423,-2.7812044626883665,0.04239762842324457,0.05034861656637579,0.019778766046169988,0.014375701462025974,0.019784000682221147,0.014378154942863177,1.5727767457568018,2.1264945297422435,2.2338560893602613,0.01425688546298155,0.0503486165663757,0.4098,777961.0,0.062215,391298.1,0,2.5,0
285,2023-01-20 21:43:59.999,0.405057964746599,0.4091,0.0619766363201546,0.06222,-0.8937956540467841,-0.9037250992855845,-2.777078787512646,-2.780997798502542,0.041847572762240715,0.04857331046818614,0.01978834745788078,0.014381095041286103,0.01979345257829373,0.014383345249119309,1.5333095188893806,2.0015835322461726,2.1264945297422435,0.014267432144079474,0.048573310468186,0.4091,911313.0,0.06222,145656.2,0,2.5,0
286,2023-01-20 21:44:59.999,0.4049174305465133,0.40955,0.061984496713382,0.062225,-0.892696283020526,-0.9040721078547647,-2.776998430728481,-2.78087097821548,0.041396891325077734,0.04960699154475823,0.019798384078081408,0.0143867710374959,0.019803382575477146,0.014388857328616897,1.5007104634121926,2.071945635958712,2.0015835322461726,0.014276688674559616,0.0496069915447581,0.4095499999999999,370797.0,0.062225,682298.5,0,2.5,0
287,2023-01-20 21:45:59.999,0.4050888650982092,0.4099,0.0619724105699111,0.062265,-0.8918420514718453,-0.9036488159490662,-2.776355808809025,-2.7810659837827223,0.04197959610467039,0.04993589344025717,0.019808315295665343,0.014392762380613868,0.019813446348849562,0.0143950478975982,1.5398455019742747,2.0932450177300055,2.071945635958712,0.014285005810391748,0.0499358934402573,0.4099,458428.0,0.062265,146024.5,0,2.5,0
288,2023-01-20 21:46:59.999,0.4051290105954062,0.4096,0.0619909802266921,0.062245,-0.892574205256839,-0.9035497179201675,-2.7766770681483877,-2.780766384734962,0.04183377832990831,0.04946636228331147,0.019818067150973222,0.014398580815691573,0.019823162201003063,0.014400808840599145,1.5284291578714893,2.059112318904898,2.0932450177300055,0.014292843979589517,0.0494663622833113,0.4095999999999999,226514.0,0.062245,606851.5,0,2.5,0
289,2023-01-20 21:47:59.999,0.405119485898981,0.40905,0.0619564835625777,0.06224,-0.8939178810224298,-0.903573228476415,-2.776757399112001,-2.781323018391682,0.04226530386406002,0.04818835535965871,0.019827393423160703,0.014403904671365984,0.01983258618188343,0.014406281357522853,1.5571483803113697,1.9689773421562373,2.059112318904898,0.014300134145817978,0.0481883553596587,0.40905,464029.0,0.06224,67466.0,0,2.5,0
290,2023-01-20 21:48:59.999,0.4049650690045773,0.4094,0.0619569480039959,0.06224,-0.8930626057549479,-0.903954464966703,-2.776757399112001,-2.7813155221677084,0.04187793937125461,0.049043630627140566,0.019837018789649667,0.01440953063556721,0.019842119673838882,0.014411763350343124,1.5290162044529472,2.0268954330406768,1.9689773421562373,0.014308129816347603,0.0490436306271404,0.4094,128323.0,0.06224,127716.7,0,2.5,0
291,2023-01-20 21:49:59.999,0.4049825958437539,0.40955,0.0619866709214375,0.06222,-0.892696283020526,-0.9039111860242725,-2.777078787512646,-2.7808359021877678,0.0415291392542988,0.04967268149444426,0.019846734468984637,0.014415493133790345,0.019851752382612345,0.014417597765740534,1.5035366656709495,2.0690202373685516,2.0268954330406768,0.014316771329866525,0.0496726814944441,0.4095499999999999,196345.0,0.06222,656852.5,0,2.5,0
292,2023-01-20 21:50:59.999,0.4049822713651022,0.4095,0.0620111463175154,0.06224,-0.892818375689013,-0.9039119872408804,-2.776757399112001,-2.7804411307806456,0.041205620868993376,0.04928786069307545,0.01985628764212318,0.01442132472119533,0.019861228473696167,0.014423312193577615,1.4798537332362118,2.040836997983691,2.0690202373685516,0.014325363030985291,0.0492878606930755,0.4095,128585.0,0.06224,325161.6,0,2.5,0
293,2023-01-20 21:51:59.999,0.4049518152996459,0.4096,0.0620725672506402,0.062275,-0.892574205256839,-0.9039871935224089,-2.776195217833893,-2.779451138840929,0.040321117383932625,0.04907245997320453,0.01986571755941714,0.014427105778316646,0.019870451509850954,0.01442879148967299,1.4173512652614513,2.0244353138162983,2.040836997983691,0.014333688696132232,0.0490724599732044,0.4095999999999999,298241.0,0.062275,369842.3,0,2.5,0
294,2023-01-20 21:52:59.999,0.4049685883499546,0.4104,0.0621025190554792,0.062325,-0.8906229851255774,-0.9039457745132433,-2.7753926495725154,-2.7789687263649507,0.039968174528020706,0.05036759774306554,0.019875462543237715,0.014433486040664465,0.019880112557582725,0.014435051670250821,1.3916169078796885,2.112596715299423,2.0244353138162983,0.014341962777707136,0.0503675977430655,0.4104,266099.0,0.062325,129891.9,0,2.5,0
295,2023-01-20 21:53:59.999,0.4051530719354322,0.41075,0.0621107132243096,0.06234,-0.8897705220647596,-0.9034903278866179,-2.775152004642946,-2.7788367892324586,0.04031576537513459,0.05102333872895337,0.019885449921306794,0.014440106669133899,0.019890178066517123,0.014441779640305023,1.4143400479268124,2.156347561767298,2.112596715299423,0.014349859014909826,0.0510233387289531,0.4107499999999999,147746.0,0.06234,156668.0,0,2.5,0
296,2023-01-20 21:54:59.999,0.4052246369500824,0.41115,0.0620846409497477,0.062335,-0.8887971675652325,-0.9033137065061145,-2.7752322131851987,-2.7792566483345693,0.040835612577570624,0.05206226199357877,0.019895692083651634,0.014447232254567361,0.01990053816569142,0.014449071551104807,1.4488871715967426,2.2264866614681833,2.156347561767298,0.014357953755597687,0.0520622619935786,0.41115,281463.0,0.062335,87737.6,0,2.5,0
297,2023-01-20 21:55:59.999,0.4053394125371941,0.4111,0.0620500749527518,0.06234,-0.8889187850783042,-0.9030305072007632,-2.775152004642946,-2.779813559391045,0.04157407474167951,0.051875075715408725,0.019905862332822932,0.014454274739347912,0.019910876961938613,0.014456359839940001,1.498523696116768,2.211748009435446,2.2264866614681833,0.01436631205379003,0.0518750757154087,0.4111,505151.0,0.06234,109406.3,0,2.5,0
298,2023-01-20 21:56:59.999,0.4054000900450814,0.41099998,0.0620551282531587,0.062355,-0.8891621131477041,-0.9028808228500999,-2.7749114176094265,-2.779732123636876,0.04165718710779165,0.051435072899859824,0.019915886910402913,0.014461119135333707,0.01992091845407275,0.01446322704339147,1.502864373801739,2.1795813791786154,2.211748009435446,0.014373532988599244,0.0514351215616615,0.411,222745.0,0.062355,139586.5,0,2.5,0
299,2023-01-20 21:57:59.999,0.4054641171710511,0.4109,0.0620936453355211,0.062355,-0.889405403092773,-0.9027228996725,-2.7749114176094265,-2.7791116248194516,0.04130786579420842,0.051191782954790876,0.019925751295517827,0.014467914223627705,0.019930699713592043,0.01446989573292301,1.477354534903622,2.161060065466255,2.1795813791786154,0.01437945251942721,0.0511917829547909,0.4109,218296.0,0.062355,298039.3,0,2.5,0
300,2023-01-20 21:58:59.999,0.4054855477380079,0.41055,0.0621114487750724,0.06235,-0.8902575548273393,-0.9026700466585853,-2.7749916068560916,-2.7788249467278527,0.04112636560933702,0.050405184211593124,0.019935447868978183,0.014474299927803972,0.019940352038786177,0.01447621403616495,1.46350513453471,2.105092232066092,2.161060065466255,0.014384723268993706,0.0504051842115931,0.4105499999999999,288074.0,0.06235,230818.7,0,2.5,0
301,2023-01-20 21:59:59.999,0.4053715159558057,0.41035,0.0621077261326619,0.06231,-0.8907448249064164,-0.9029513090118648,-2.7756333524260066,-2.778884883406943,0.040894100207275574,0.05044252738872135,0.019945343685944996,0.014480538662197883,0.019950191812888138,0.014482368987193428,1.4461659147690453,2.1060807483902972,2.105092232066092,0.014390404970862223,0.050442527388721,0.41035,223901.0,0.06231,133136.7,0,2.5,0
302,2023-01-20 22:00:59.999,0.4051957883019473,0.41055,0.0620603682190159,0.062315,-0.8902575548273393,-0.9033849007831796,-2.775553111703797,-2.779647686704998,0.04108408379167372,0.05086420239627465,0.01995548308234773,0.01448684805183508,0.019960372830255466,0.014488736542859482,1.4579401660684281,2.1335710296217023,2.1060807483902972,0.014396488133348435,0.0508642023962746,0.4105499999999999,435687.0,0.0623149999999999,342358.5,0,2.5,0
303,2023-01-20 22:01:59.999,0.4051068511994777,0.41085,0.0620670566198799,0.062315,-0.8895270946049402,-0.9036044165504772,-2.775553111703797,-2.7795399200147735,0.04077647106364968,0.05159466261867374,0.01996568561740734,0.014493604997539206,0.019970501813992913,0.014495384667356965,1.435351301611953,2.182271215935339,2.1335710296217023,0.014402176969830073,0.0515946626186738,0.41085,275944.0,0.0623149999999999,230964.7,0,2.5,0
304,2023-01-20 22:02:59.999,0.4051466422661473,0.41075,0.062074804124954,0.0623,-0.8897705220647596,-0.9035061977411231,-2.7757938531887296,-2.7794151030507344,0.04077265467867763,0.05154803616572523,0.019975966134564205,0.014500250663570555,0.019980779068733173,0.014502023301405126,1.4337223970623396,2.177346499980207,2.182271215935339,0.014407651855727921,0.0515480361657252,0.41075,448517.0,0.0623,324211.5,0,2.5,0
305,2023-01-20 22:03:59.999,0.4052103199535689,0.41005,0.0620642401937868,0.062255,-0.8914761754997168,-0.9033490381422762,-2.776516425577761,-2.779585298193619,0.041068945160984915,0.050433070180163075,0.019985886438419333,0.014506423289558716,0.019990765646640245,0.014508289376960495,1.4528369931618068,2.09887600368443,2.177346499980207,0.014413221954192475,0.0504330701801629,0.41005,462674.0,0.062255,126083.9,0,2.5,0
306,2023-01-20 22:04:59.999,0.4051819804873183,0.41065,0.0620114343156389,0.062305,-0.8900140087959357,-0.9034189782595422,-2.775713599587306,-2.780436486495354,0.041694833246593954,0.05123894383454364,0.019995876960777353,0.014513080447061526,0.02000089870488423,0.014515154146782816,1.4945714197956372,2.1527522697699983,2.09887600368443,0.014419026372699805,0.0512389438345435,0.41065,245489.0,0.062305,544317.5,0,2.5,0
307,2023-01-20 22:05:59.999,0.4053657202678865,0.41099998,0.062045164318082,0.062325,-0.8891621131477041,-0.9029656063394337,-2.7753926495725154,-2.7798927023896196,0.04170367330897584,0.0518284697209388,0.020005945839130453,0.014520071249276591,0.020010967298855018,0.01452214190868178,1.4937676650268967,2.191623121917792,2.1527522697699983,0.014424682017601458,0.0518285183827404,0.411,521902.0,0.062325,325087.4,0,2.5,0
308,2023-01-20 22:06:59.999,0.4053970599136715,0.4112,0.0620498833984444,0.06236,-0.8886755648411817,-0.9028882973001767,-2.774831234792561,-2.7798166464880905,0.04171880827796992,0.051856073471236774,0.02001596201443396,0.014527112686538774,0.020020984658790254,0.014529182482375199,1.4933960424477066,2.1917714926453864,2.191623121917792,0.014430356534817447,0.0518560734712367,0.4112,367389.0,0.06236,302041.3,0,2.5,0
309,2023-01-20 22:07:59.999,0.4053451832652169,0.4113,0.0620848729482361,0.062415,-0.8884324037457586,-0.9030162705221515,-2.773949647879123,-2.779252911531853,0.04112999380536164,0.0513785561499035,0.020025808586853856,0.01453394951867156,0.020030692684335574,0.014535812802206425,1.4515391335958425,2.1572076827961464,2.1917714926453864,0.014436733662764371,0.0513785561499036,0.4113,351916.0,0.062415,285676.4,0,2.5,0
310,2023-01-20 22:08:59.999,0.4052964415797368,0.41155,0.0621554684882473,0.062425,-0.8878247595634841,-0.9031365251057923,-2.7737894428163,-2.7781164763483575,0.04008072780344363,0.05185523612516518,0.020035823576211077,0.014540970910371896,0.020040462526506663,0.014542484922861691,1.3780495825326537,2.1882591434288416,2.1572076827961464,0.014443602618004968,0.0518552361251649,0.4115499999999999,545079.0,0.062425,161796.3,0,2.5,0
311,2023-01-20 22:09:59.999,0.4053541189080897,0.41145,0.0621742919211525,0.062415,-0.8880677729304152,-0.9029942262380398,-2.773949647879123,-2.7778136778391826,0.039975495376366355,0.051743186965246935,0.020045855461802792,0.014547891405773948,0.02005046773671938,0.014549366460146455,1.3694773373277456,2.1788265130205544,2.1882591434288416,0.014450893623313605,0.0517431869652469,0.41145,376882.0,0.062415,199011.9,0,2.5,0
312,2023-01-20 22:10:59.999,0.405408271899086,0.41145,0.0621636168795982,0.06241,-0.8880677729304152,-0.9028606408825994,-2.7740297600361856,-2.7779853880067975,0.04024945011552994,0.05180867693751745,0.020055928111835222,0.014554814141773443,0.020060601456432233,0.014556371040020798,1.3869424325328863,2.181597684201915,2.1788265130205544,0.01445807664080287,0.0518086769375174,0.41145,662150.0,0.06241,322102.9,0,2.5,0
313,2023-01-20 22:11:59.999,0.4054765022715915,0.41135,0.0621422130190622,0.062445,-0.8883108453671977,-0.9026923546480076,-2.7734691096670887,-2.778329762212979,0.040699254886637504,0.0511072848340115,0.02006582113516843,0.014561390516318062,0.020070596287621905,0.014563087864571347,1.4165030652050377,2.131765071753058,2.181597684201915,0.014464894215774356,0.0511072848340115,0.41135,388035.0,0.062445,413221.9,0,2.5,0
314,2023-01-20 22:12:59.999,0.4054668927115188,0.41115,0.0621643462081793,0.062485,-0.8887971675652325,-0.902716054354134,-2.7728287510443903,-2.7779736556730086,0.0403844457124477,0.05009748317941043,0.020075644606276397,0.014567331432745443,0.020080344629675187,0.014568921173701201,1.3936585173804126,2.0609017315037463,2.131765071753058,0.014471475308733495,0.0500974831794103,0.41115,384519.0,0.062485,1278975.6,0,2.5,0
315,2023-01-20 22:13:59.999,0.4053872456824492,0.41075,0.0622060090478223,0.06248,-0.8897705220647596,-0.9029125065285868,-2.7729087734507063,-2.7773036754174134,0.03964029903107802,0.04918954528284103,0.020085242623196345,0.01457285001774623,0.02008976820903478,0.014574199373293793,1.3414480151731853,1.9971592807311294,2.0609017315037463,0.01447775277392207,0.0491895452828412,0.4107499999999999,137737.0,0.0624799999999999,264331.1,0,2.5,0
316,2023-01-20 22:14:59.999,0.4052574043019352,0.4106,0.0622172520856757,0.06248,-0.8901357743973038,-0.9032328475846262,-2.7729087734507063,-2.777122952974012,0.03917222124891706,0.04882429295029678,0.02009478374306487,0.014578168939604931,0.020099198794558938,0.014579370159645293,1.3082199193454156,1.9707213797736711,1.9971592807311294,0.014483960876109942,0.0488242929502971,0.4105999999999999,334106.0,0.0624799999999999,87197.0,0,2.5,0
317,2023-01-20 22:15:59.999,0.4052143984006231,0.41030002,0.0622430065845303,0.06248,-0.890866630789177,-0.903338973180135,-2.7729087734507063,-2.7767090939719923,0.03872777478476841,0.048093436558423575,0.02010421392362557,0.014583100294781699,0.02010852393539626,0.014584164232536672,1.276675889855475,1.9192916505424737,1.9707213797736711,0.014490398573983852,0.048093387813604,0.4103,271901.0,0.06248,83773.2,0,2.5,0
318,2023-01-20 22:16:59.999,0.4051762447031503,0.41015,0.0622573544910417,0.062475,-0.8912323325333781,-0.9034331344289739,-2.772988802261121,-2.7764786061814193,0.038445194704547436,0.047793156652393365,0.020113604224488546,0.014587865270636054,0.020117846666164098,0.014588842197197553,1.2562578846664016,1.8974368020536254,1.9192916505424737,0.014497044325869006,0.0477931566523932,0.41015,191483.0,0.062475,69814.5,0,2.5,0
319,2023-01-20 22:17:59.999,0.4052019933321657,0.41015,0.0622382301712082,0.062475,-0.8912323325333781,-0.903369587241215,-2.772988802261121,-2.7767858350688663,0.03875989492646814,0.047793156652393365,0.020122964907095267,0.01459264869258171,0.020127278012862303,0.01459371367420297,1.27675637124102,1.896173362918307,1.8974368020536254,0.014503589820293969,0.0477931566523932,0.41015,459144.0,0.062475,42130.2,0,2.5,0
320,2023-01-20 22:18:59.999,0.4051784910938166,0.4105,0.0622113725684301,0.0625,-0.8903793500896542,-0.9034275902134172,-2.772588722239781,-2.7772174572292236,0.039054733824331445,0.04831908224901604,0.020132314588063957,0.014597771008758956,0.02013669376400385,0.014598919403105804,1.2958520790451744,1.9308953157327553,1.896173362918307,0.014510005569416074,0.048319082249016,0.4105,658549.0,0.0625,681739.5,0,2.5,0
321,2023-01-20 22:19:59.999,0.405298588130818,0.4107,0.0622271000215082,0.062515,-0.8898922580196241,-0.9031312288703048,-2.772348751035174,-2.776964682458938,0.03914445720756876,0.04861000299984075,0.020141657133722755,0.014603077624286654,0.020146054912031905,0.014604248521895527,1.300881881532854,1.9494757611074909,1.9308953157327553,0.014516901087257558,0.0486100029998406,0.4106999999999999,274339.0,0.062515,276704.1,0,2.5,0
322,2023-01-20 22:20:59.999,0.4053115972287657,0.41185,0.0622530042971647,0.062645,-0.8870960735948793,-0.9030991318199993,-2.770271409284621,-2.776548483000041,0.03883632011587379,0.04970800504343875,0.02015122425855146,0.014608905002863085,0.02015554851123772,0.014609979274129246,1.2786309449264734,2.0232030243946886,1.9494757611074909,0.014523902052105134,0.0497080050434388,0.41185,2334302.0,0.062645,3043423.1,0,2.5,0
323,2023-01-20 22:21:59.999,0.4054670973826684,0.41105,0.0624332013452529,0.06266,-0.8890404173839945,-0.9027155495753183,-2.7700319934580917,-2.7736580722667274,0.036857053503219106,0.04756794394480002,0.020160298983844693,0.014613756076728176,0.020164163078850335,0.014614271976671473,1.1422320900428953,1.8754688949955107,2.0232030243946886,0.014530840062333005,0.0475679439448,0.41105,1368528.0,0.06266,554300.2,0,2.5,0
324,2023-01-20 22:22:59.999,0.4052989675212416,0.4113,0.0624773050578805,0.06262,-0.8884324037457586,-0.9031302927943915,-2.7706705630838777,-2.7729519072573883,0.0358650355161777,0.04869797457294911,0.020169698380860412,0.014619048737088936,0.02017333071993362,0.014619306535775528,1.0733549336176953,1.9514454534727463,1.8754688949955107,0.01453748083237024,0.0486979745729487,0.4113,892239.0,0.06262,356069.8,0,2.5,0
325,2023-01-20 22:23:59.999,0.4053328131406143,0.4113,0.0624790961573211,0.0626,-0.8884324037457586,-0.9030467884951529,-2.7709900008760844,-2.77292323966736,0.03592510467467325,0.048959108125217976,0.02017909513489911,0.014624503412473384,0.020182739200980983,0.014624772455755903,1.076417805563635,1.9679309566006944,1.9514454534727463,0.014544205307182883,0.048959108125218,0.4113,562485.0,0.0625999999999999,235042.9,0,2.5,0
326,2023-01-20 22:24:59.999,0.4053290941160667,0.4117,0.0624493741287627,0.062625,-0.887460350206278,-0.9030559637740561,-2.770590719577108,-2.7733990644181334,0.03630490593661162,0.04960475775601936,0.020188594486084992,0.014630284771078365,0.02019232425036422,0.014630645664960376,1.1012898579613737,2.010635044376253,1.9679309566006944,0.01455111760511504,0.0496047577560192,0.4116999999999999,451194.0,0.062625,369640.3,0,2.5,0
327,2023-01-20 22:25:59.999,0.4054055812222658,0.4112,0.0624375933166356,0.0626,-0.8886755648411817,-0.9028672778605195,-2.7709900008760844,-2.773587728013751,0.03664782029809477,0.04871594702979487,0.020198007424483952,0.014635553613567534,0.020201814370300573,0.0146359990059689,1.1236681500925993,1.9485384945653204,2.010635044376253,0.014558050246158435,0.0487159470297948,0.4112,355559.0,0.0626,429453.2,0,2.5,0
328,2023-01-20 22:26:59.999,0.4053127853198292,0.4105,0.0623612195920518,0.062575,-0.8903793500896542,-0.9030962005213878,-2.771389441664299,-2.774811677702664,0.03741945028898308,0.04733869606903718,0.020207132127720562,0.014640183184334934,0.020211115538542424,0.0146408301829175,1.1753660506573491,1.8532257144396609,1.9485384945653204,0.014564546191853812,0.0473386960690376,0.4105,624945.0,0.0625749999999999,187145.2,0,2.5,0
329,2023-01-20 22:27:59.999,0.4052062564824525,0.41005,0.0623101114806193,0.06252,-0.8914761754997168,-0.9033590662469191,-2.772268773428861,-2.7756315632987465,0.03782682347500943,0.046960705539833225,0.020216215183285577,0.014644605879150152,0.020220290769559987,0.014645361218895897,1.2021917685944783,1.8262349002252336,1.8532257144396609,0.014570240723599349,0.0469607055398331,0.41005,657076.0,0.06252,541853.1,0,2.5,0
330,2023-01-20 22:28:59.999,0.405186028982497,0.4097,0.0622524718561895,0.06247,-0.8923300944293117,-0.9034089865147263,-2.7730688374766586,-2.7765570358925182,0.03853345722753043,0.04676082183068131,0.020225251969473473,0.01464893747756698,0.020229488999155963,0.014649889461911658,1.2494270537646768,1.8114330750502383,1.8262349002252336,0.014575492069881669,0.0467608218306812,0.4096999999999999,464340.0,0.06247,194862.8,0,2.5,0
331,2023-01-20 22:29:59.999,0.4052052780545178,0.41025,0.062214196994471,0.0625,-0.8909885490119368,-0.9033614808915608,-2.772588722239781,-2.777172057781967,0.03908373007058363,0.04770988332673343,0.02023456859816141,0.014653615133788201,0.02023893082021011,0.014654724410054982,1.2859197295749638,1.8749854201656786,1.8114330750502383,0.014580568677868139,0.0477098833267333,0.41025,291503.0,0.0625,239824.9,0,2.5,0
332,2023-01-20 22:30:59.999,0.4053643075377563,0.41030002,0.0622611077999191,0.062535,-0.890866630789177,-0.9029690914209817,-2.772028878981267,-2.7764183210026676,0.03885995587031388,0.04737414167838172,0.02024376262616304,0.014658179450414421,0.02024807093286152,0.014659218444154222,1.2696369188000178,1.8508696215648828,1.8749854201656786,0.014585333723701892,0.0473740929335622,0.4103,214605.0,0.062535,19761.4,0,2.5,0
333,2023-01-20 22:31:59.999,0.4053213565482161,0.4094,0.0622927702602785,0.06251,-0.8930626057549479,-0.9030750535502833,-2.772428735038416,-2.7759099071092663,0.03833837627418235,0.0455050404737839,0.020252553594884534,0.014661938317974138,0.02025673915903156,0.014662822595621468,1.2331621007642983,1.7223157219221297,1.8508696215648828,0.014590060066448907,0.0455050404737837,0.4094,742984.0,0.06251,295959.5,0,2.5,0
334,2023-01-20 22:32:59.999,0.4049762859819712,0.40975,0.0622607726909915,0.062495,-0.892208061358198,-0.9039267667208347,-2.772668725439952,-2.7764237033326853,0.03790668050995227,0.04655577188281712,0.0202617195720343,0.014666001337386098,0.02026580310846983,0.0146667601806073,1.2027794266935368,1.7928576239629046,1.7223157219221297,0.01459501510642868,0.0465557718828171,0.40975,219093.0,0.0624949999999999,224977.7,0,2.5,0
335,2023-01-20 22:33:59.999,0.4049160228083624,0.4104,0.0622478932193565,0.062515,-0.8906229851255774,-0.9040755844662706,-2.772348751035174,-2.7766305880757955,0.03792698661021199,0.04787927589388752,0.02027132662842682,0.014670495324772373,0.020275412640919713,0.014671255873870583,1.2031399439177952,1.8818689249600413,1.7928576239629046,0.014600251682803236,0.0478792758938875,0.4104,285408.0,0.062515,271913.5,0,2.5,0
336,2023-01-20 22:34:59.999,0.4050432733516412,0.41085,0.0622785410196605,0.062545,-0.8895270946049402,-0.9037613698015855,-2.7718689813154325,-2.7761383584362,0.03783881408886158,0.04858296494605863,0.02028112527580141,0.01467526457353377,0.02028518861503146,0.014675996577366733,1.1960772395450991,1.9285403359131534,1.8818689249600413,0.014605681209953956,0.0485829649460587,0.41085,299003.0,0.062545,310484.7,0,2.5,0
337,2023-01-20 22:35:59.999,0.4052290648356846,0.41085,0.0623186127585597,0.062545,-0.8895270946049402,-0.9033027795756989,-2.7718689813154325,-2.7754951376391648,0.03777158509197398,0.04858296494605863,0.02029098042842707,0.014679971227986397,0.020295025928233495,0.0146806806244344,1.1904461115142475,1.9272506790541082,1.9285403359131534,0.014611052449764803,0.0485829649460587,0.41085,253005.0,0.062545,98515.1,0,2.5,0
338,2023-01-20 22:36:59.999,0.4053442847089504,0.4112,0.0623162838848454,0.062555,-0.8886755648411817,-0.9030184872926956,-2.771709109212774,-2.7755325087732095,0.038086427476510254,0.04930380269060586,0.020300839873728067,0.014685149549656981,0.020304955955098763,0.014685942224232137,1.210781797307609,1.9749858671037672,1.9272506790541082,0.014615530616447487,0.0493038026906058,0.4112,312565.0,0.062555,206588.5,0,2.5,0
339,2023-01-20 22:37:59.999,0.4054650706390895,0.41135,0.0623094030407909,0.062584996,-0.8883108453671977,-0.9027205481279934,-2.7712297101152306,-2.77564293294388,0.03847463603527568,0.04927662367183139,0.020311002086083305,0.014690006816899834,0.020315205657929908,0.014690905127460463,1.236100173528579,1.9717908879678083,1.9749858671037672,0.014620673015770622,0.0492765714242575,0.41135,479631.0,0.062585,154554.5,0,2.5,0
340,2023-01-20 22:38:59.999,0.405458960456477,0.4114,0.0623313380089775,0.06261,-0.8881893017632803,-0.9027356178074659,-2.770830269224918,-2.775290961859172,0.038171837533829134,0.04907163290457106,0.020320970356291955,0.01469490814866078,0.020325101545178213,0.014695716352620932,1.2144175595406081,1.956505087165128,1.9717908879678083,0.014626240758057022,0.049071632904571,0.4114,239077.0,0.06261,483737.4,0,2.5,0
341,2023-01-20 22:39:59.999,0.4053817245533893,0.41145,0.0623612200364934,0.062635,-0.8880677729304152,-0.902926126016413,-2.770431051685982,-2.7748116705757733,0.03758951896787788,0.048866809951224166,0.02033067224701348,0.014699915010994756,0.020334666425842658,0.014700558207712329,1.173754921291549,1.9412450808638804,1.956505087165128,0.014631984000212508,0.0488668099512241,0.41145,241041.0,0.062635,410369.2,0,2.5,0
342,2023-01-20 22:40:59.999,0.405324137080663,0.4112,0.0623977371318874,0.062645,-0.8886755648411817,-0.9030681935048781,-2.770271409284621,-2.7742262681763674,0.03696889755813926,0.04812851379713634,0.02034008481585182,0.014704692252987914,0.020343933187233973,0.014705166170566969,1.1305526355887685,1.8897661034448416,1.9412450808638804,0.014637206800206049,0.0481285137971363,0.4112,234232.0,0.062645,290754.6,0,2.5,0
343,2023-01-20 22:41:59.999,0.4052845207332675,0.41075,0.0624177623347398,0.062595,-0.8897705220647596,-0.9031659381984368,-2.7710698762705115,-2.7739053913123595,0.03660884290194166,0.0476862862301044,0.02034930330581357,0.014709349225373255,0.020353066217083216,0.01470972640092195,1.1051039456342027,1.8584767079385964,1.8897661034448416,0.014641962941912098,0.0476862862301039,0.41075,162632.0,0.062595,188004.5,0,2.5,0
344,2023-01-20 22:42:59.999,0.4052733187318114,0.4107,0.0623558454048469,0.062565,-0.8898922580196241,-0.9031935784257258,-2.771549262665119,-2.774897859769382,0.037392524378031866,0.04795643838362007,0.0203585424007899,0.014714151017808961,0.020362484539641377,0.014714729673693208,1.1573464287853388,1.8756023333882899,1.8584767079385964,0.014646493279649838,0.0479564383836199,0.4106999999999999,101792.0,0.062565,225502.4,0,2.5,0
345,2023-01-20 22:43:59.999,0.4053401513501244,0.4108,0.062300329322136,0.06256,-0.8896488009277339,-0.9030286845004923,-2.771629182745081,-2.775788567133102,0.03828555249275245,0.0482652284288656,0.020367838676679854,0.014719092113269147,0.020371985335743976,0.014719912188959652,1.2169615502492028,1.8953200059830095,1.8756023333882899,0.014651098198947488,0.0482652284288656,0.4108,72566.0,0.06256,442255.3,0,2.5,0
346,2023-01-20 22:44:59.999,0.4053675772841706,0.4105,0.062275555705779,0.062545,-0.8903793500896542,-0.9029610252613166,-2.7718689813154325,-2.776186294456942,0.03867834529922198,0.04773070946134461,0.02037717251347037,0.014723655322594275,0.020381407915642493,0.01472458320666238,1.2426115650798686,1.8577952518284442,1.8953200059830095,0.014655847918579792,0.0477307094613446,0.4105,652201.0,0.062545,154520.4,0,2.5,0
347,2023-01-20 22:45:59.999,0.4052616574682635,0.41025,0.0622588211481519,0.062565,-0.8909885490119368,-0.9032223526646942,-2.771549262665119,-2.776455048485357,0.03863671855693929,0.046860147391307394,0.02038627231521991,0.014727871512255054,0.020390495977853952,0.014728783591861607,1.238813949929123,1.7975357168249728,1.8577952518284442,0.014660119482021033,0.0468601473913072,0.41025,664761.0,0.062565,279406.5,0,2.5,0
348,2023-01-20 22:46:59.999,0.4051515543737377,0.4102,0.062298845776247,0.062595,-0.8911104333438568,-0.9034940735438565,-2.7710698762705115,-2.775812380226373,0.037839630143023606,0.04634637495100724,0.020395207304675433,0.014731909003795254,0.02039924443099766,0.014732593978500096,1.1837959925779156,1.7615617663431287,1.7975357168249728,0.014663806991867926,0.0463463749510069,0.4102,350388.0,0.062595,72017.7,0,2.5,0
349,2023-01-20 22:47:59.999,0.4051280621193471,0.41025,0.0623658257842609,0.06259,-0.8909885490119368,-0.9035520590933359,-2.7711497580455267,-2.7747378173430715,0.036903212455273504,0.04653356092280847,0.020404318437485205,0.014735899866122722,0.020408136742048458,0.014736331777952428,1.1193474713906713,1.7731691123521685,1.7615617663431287,0.014667884103923121,0.0465335609228083,0.41025,147914.0,0.06259,253882.8,0,2.5,0
350,2023-01-20 22:48:59.999,0.4051639095224025,0.41030002,0.0623727426280807,0.062575,-0.890866630789177,-0.9034635788804414,-2.771389441664299,-2.774626915896712,0.036901033111452874,0.046851415369514315,0.020413533729130812,0.014739987556125211,0.020417349396657385,0.014740415452410754,1.1182645270761096,1.7936162795060993,1.7731691123521685,0.01467244104974462,0.0468513666246948,0.4103,71077.0,0.062575,113929.8,0,2.5,0
351,2023-01-20 22:49:59.999,0.4052309917396784,0.4104,0.0623422401601631,0.062575,-0.8906229851255774,-0.9032980244888117,-2.771389441664299,-2.7751160707335063,0.037466461103695115,0.047095061033114005,0.020422836019275158,0.01474414203671208,0.020426780389810776,0.01474471516047925,1.1556466522701205,1.8090048880040979,1.7936162795060993,0.01467716758913365,0.0470950610331144,0.4104,219716.0,0.0625749999999999,103520.9,0,2.5,0
352,2023-01-20 22:50:59.999,0.4052239780088202,0.41,0.0623172212120713,0.062555,-0.8915981192837836,-0.9033153326209601,-2.771709109212774,-2.7755174674370107,0.03777728617811216,0.04638124824800394,0.020431885162021164,0.014748074230028144,0.02043589937193,0.01474872769336621,1.1757886623659133,1.759508575916169,1.8090048880040979,0.014681996024383834,0.0463812482480039,0.41,289523.0,0.062555,72233.4,0,2.5,0
353,2023-01-20 22:51:59.999,0.4051962325881014,0.40935,0.062278550352933,0.06251,-0.8931847431596799,-0.9033838043109966,-2.772428735038416,-2.7761382085728337,0.038216257069358606,0.045382903069051905,0.020440796821166857,0.014751516521418847,0.02044491055878505,0.014752287481934264,1.204650230165081,1.690816412785066,1.759508575916169,0.014687182950039217,0.045382903069052,0.40935,155947.0,0.06251,98130.8,0,2.5,0
354,2023-01-20 22:52:59.999,0.4050279130314628,0.4096,0.0622369475128991,0.062529996,-0.892574205256839,-0.9037992931852051,-2.7721089013722273,-2.776806444130577,0.038347036448947436,0.04573198380112442,0.020449801712782323,0.014755078650132635,0.020453943632415778,0.014755882657800777,1.212607421154327,1.7134562741293713,1.690816412785066,0.01469210793375058,0.0457319315075943,0.4095999999999999,196793.0,0.06253,394468.5,0,2.5,0
355,2023-01-20 22:53:59.999,0.4050217928648918,0.40995,0.0622892076168254,0.062525,-0.8917200779399503,-0.9038144037803367,-2.772188802218454,-2.7759671006699205,0.037645780554787955,0.046651428348201573,0.020459240328325478,0.01475879443596955,0.02046321777341376,0.014759401946211512,1.1641774405218817,1.7746834359344101,1.7134562741293713,0.014696926816393781,0.0466514283482015,0.40995,187135.0,0.062525,151851.6,0,2.5,0
356,2023-01-20 22:54:59.999,0.4050666557824881,0.4098,0.0623208571883798,0.062525,-0.8920860431773376,-0.9037036432387758,-2.772188802218454,-2.7754591228868346,0.037341280140359756,0.04628546311081427,0.020468858606680348,0.014762082494279398,0.020472763355936,0.014762605269365221,1.1426517526299127,1.7488457007429932,1.7746834359344101,0.014701710198425989,0.0462854631108142,0.4098,216513.0,0.062525,87396.9,0,2.5,0
357,2023-01-20 22:55:59.999,0.4050160121529105,0.40965,0.0623652697878836,0.06251,-0.8924521423943134,-0.9038286764771062,-2.772428735038416,-2.7747467324636315,0.03663388299158532,0.046115503834418425,0.020478452837106184,0.014765278675810262,0.020482191654545314,0.01476561506343156,1.0938718954580628,1.7363066123034334,1.7488457007429932,0.014706306228155714,0.0461155038344183,0.4096499999999999,186141.0,0.06251,119862.2,0,2.5,0
358,2023-01-20 22:56:59.999,0.4049738249361967,0.41,0.062342720601477,0.06251,-0.8915981192837836,-0.9039328437513612,-2.772428735038416,-2.7751083642497254,0.03682534195573983,0.04696952694494816,0.020488127792493576,0.014768939979536076,0.020491908679825963,0.014769321703003059,1.1059027357087616,1.793046704038838,1.7363066123034334,0.014710977219114765,0.0469695269449483,0.41,226926.0,0.06251,262649.6,0,2.5,0
359,2023-01-20 22:57:59.999,0.4050579397867027,0.4101,0.0622963906811329,0.06251,-0.8913542465841234,-0.9037251609061407,-2.772428735038416,-2.775851789359246,0.03764075890265706,0.047213399644608356,0.020498065282497646,0.014772475675811901,0.02050203258025746,0.01477306767151517,1.1601332034405958,1.8084534338312541,1.793046704038838,0.01471602530250982,0.0472133996446082,0.4101,99124.0,0.06251,263462.6,0,2.5,0
360,2023-01-20 22:58:59.999,0.4050767845084036,0.41005,0.062256670051057,0.062529996,-0.8914761754997168,-0.9036786384669977,-2.7721089013722273,-2.7764895999628383,0.03820867784732984,0.046830013558246564,0.020508121236669532,0.014775610754988969,0.020512217639495418,0.01477635408273149,1.1976202051435367,1.781441915197277,1.8084534338312541,0.014721079943385333,0.0468299612647165,0.41005,162476.0,0.06253,97398.3,0,2.5,0
361,2023-01-20 22:59:59.999,0.4051015497175051,0.40995,0.062255127394442,0.062515,-0.8917200779399503,-0.9036175032624063,-2.772348751035174,-2.7765143792471587,0.03829006958604153,0.04678218307951454,0.02051831571962708,0.01477854199443416,0.02052242859948507,0.014779304265459493,1.2021973881464074,1.777162278239549,1.781441915197277,0.014725633302962187,0.0467821830795145,0.40995,178285.0,0.062515,263058.5,0,2.5,0
362,2023-01-20 23:00:59.999,0.4051581138344833,0.4104,0.0622451074597302,0.06252,-0.8906229851255774,-0.9034778835340291,-2.772268773428861,-2.7766753417504852,0.03856127271281817,0.04781389591397267,0.020528895419799114,0.014781718838463936,0.020533068615192083,0.014782553237574027,1.2195595583449228,1.8458611472959743,1.777162278239549,0.01472973618852123,0.0478138959139731,0.4104,299481.0,0.0625199999999999,573693.8,0,2.5,0
363,2023-01-20 23:01:59.999,0.4053453280326154,0.4105,0.0622729623893433,0.062515,-0.8903793500896542,-0.9030159133762456,-2.772348751035174,-2.776227937930116,0.03865749983154387,0.04812291092981069,0.020539220072700693,0.014785411632720308,0.02054341314832181,0.014786269265766316,1.2250613293753838,1.8656018203826623,1.8458611472959743,0.01473352842836318,0.0481229109298106,0.4105,301974.0,0.062515,462846.1,0,2.5,0
364,2023-01-20 23:02:59.999,0.4054068142411426,0.4109,0.0622773232498175,0.062525,-0.889405403092773,-0.9028642364199009,-2.772188802218454,-2.7761579122299964,0.038751932278101586,0.04896610319537886,0.020549726323674803,0.0147894813785844,0.020553938822159973,0.014790361676702168,1.2303954327639708,1.9213910308478972,1.8656018203826623,0.01473735269656701,0.0489661031953789,0.4109,458004.0,0.062525,212907.0,0,2.5,0
365,2023-01-20 23:03:59.999,0.4054305960303301,0.4113,0.0622805903396408,0.06254,-0.8884324037457586,-0.9028055765976157,-2.771948926952442,-2.7761054532616356,0.03876770801750551,0.049743009650934034,0.020560070271994406,0.014794268210544192,0.020564284027547636,0.014795148662709425,1.2303643853095487,1.9725841767651826,1.9213910308478972,0.014741490379427877,0.0497430096509341,0.4113,192666.0,0.06254,86782.1,0,2.5,0
366,2023-01-20 23:04:59.999,0.4053796678579348,0.4113,0.0622899169455369,0.062535,-0.8884324037457586,-0.9029311995077601,-2.772028878981267,-2.7759557130684422,0.038519675707096135,0.04980836872180017,0.020570459939956955,0.014799043918221103,0.020574613889451778,0.01479984994361972,1.2125164705051994,1.9756620051545675,1.9725841767651826,0.01474571829370099,0.0498083687218002,0.4113,153666.0,0.062535,104862.6,0,2.5,0
367,2023-01-20 23:05:59.999,0.4052594310455142,0.4112,0.0622894249487426,0.06256,-0.8886755648411817,-0.9032278464705453,-2.771629182745081,-2.775963611597794,0.03822948562285744,0.0492384645154178,0.02058100207933988,0.014803240300721382,0.02058508643100466,0.014803961468583714,1.1918701105306786,1.9358911869235416,1.9756620051545675,0.014749617640508222,0.0492384645154178,0.4112,125925.0,0.06256,77245.1,0,2.5,0
368,2023-01-20 23:06:59.999,0.4052142835851002,0.41099998,0.0623260051548366,0.06256,-0.8891621131477041,-0.9033392565252966,-2.771629182745081,-2.7753765220678015,0.037638142453719214,0.04875191620889541,0.02059161331084149,0.01480699981925695,0.02059555835345729,0.014807556767968797,1.1509382923405609,1.9018236808128135,1.9358911869235416,0.014753186275900892,0.0487519648706971,0.411,333998.0,0.06256,49078.4,0,2.5,0
369,2023-01-20 23:07:59.999,0.4052553076706466,0.41095,0.0623343353227808,0.06257,-0.8892837263876281,-0.9032380211772365,-2.771469348971865,-2.7752428762278387,0.0376301251905139,0.048499642283258204,0.020601975973045722,0.014810862129504101,0.020605916762033796,0.014811413147537601,1.149397985114633,1.8835950308820109,1.9018236808128135,0.01475676247990346,0.0484996422832582,0.41095,138790.0,0.06257,298901.5,0,2.5,0
370,2023-01-20 23:08:59.999,0.4053593904381867,0.4108,0.0623435068185764,0.06258,-0.8896488009277339,-0.90298122156984,-2.771309540741401,-2.775095753119921,0.037766654808796374,0.04800392793809194,0.020612252730381503,0.014814469113221639,0.020616222737805345,0.014815052862344545,1.1576355636625721,1.8489812222338682,1.8835950308820109,0.01476020277699994,0.0480039279380919,0.4108,120420.0,0.06258,84082.9,0,2.5,0
371,2023-01-20 23:09:59.999,0.4053883389259068,0.41055,0.0623372970812603,0.062584996,-0.8902575548273393,-0.9029098097442277,-2.7712297101152306,-2.775195363278454,0.03791949580520282,0.04732991421168986,0.020622478663283574,0.014817660894199523,0.020626481675813525,0.01481828213742299,1.1670053228178499,1.8024056387240648,1.8489812222338682,0.014763357717881806,0.047329861964116,0.4105499999999999,268827.0,0.062585,115860.6,0,2.5,0
372,2023-01-20 23:10:59.999,0.4053036350218483,0.4106,0.062330051795136,0.06261,-0.8901357743973038,-0.9031187766690002,-2.770830269224918,-2.775311597179275,0.037805547604437995,0.04712516027054747,0.020632630012556177,0.014820791873150187,0.020636604304986608,0.014821378871389299,1.1583904202458348,1.787524613039469,1.8024056387240648,0.014766541723324434,0.0471251602705473,0.4105999999999999,128458.0,0.06261,199671.4,0,2.5,0
373,2023-01-20 23:11:59.999,0.4052161805372184,0.41105,0.06235988448964,0.06262,-0.8890404173839945,-0.9033345751807464,-2.7706705630838777,-2.774833087109222,0.03719857736086296,0.04808996093471318,0.020642988598482116,0.014824340301812325,0.02064682002379162,0.014824763855178563,1.11649382740687,1.8514801857911736,1.787524613039469,0.014770258195131086,0.0480899609347127,0.41105,311489.0,0.06262,50319.0,0,2.5,0
374,2023-01-20 23:12:59.999,0.4052390288262846,0.41135,0.062378490590628,0.062625,-0.8883108453671977,-0.9032781913391517,-2.770590719577108,-2.7745347651034398,0.03701108935325759,0.04875426259509963,0.020653472945286508,0.014828201210976506,0.020657258554267754,0.01482857292603192,1.1028593837428742,1.89509093179904,1.8514801857911736,0.01477388927431925,0.0487542625950996,0.41135,102591.0,0.062625,64062.8,0,2.5,0
375,2023-01-20 23:13:59.999,0.405309325878203,0.4115,0.062392564276704,0.06263,-0.8879462588650127,-0.9031047357971431,-2.7705108824448157,-2.7743091729394456,0.037000128133739985,0.04905358395187265,0.020664026579441996,0.014832185625169773,0.020667807209285623,0.014832550832210422,1.1011134301314534,1.9140508411824637,1.89509093179904,0.01477709162841349,0.0490535839518726,0.4115,178241.0,0.0626299999999999,11780.2,0,2.5,0
376,2023-01-20 23:14:59.999,0.4054113120144545,0.4117,0.0623967704715193,0.062635,-0.887460350206278,-0.902853142012496,-2.770431051685982,-2.7742417602102187,0.037196613456331185,0.04947423267536133,0.020674826038170488,0.014836173656318192,0.02067864964090554,0.014836585416483009,1.113326506857479,1.941161333395839,1.9140508411824637,0.014780116508488126,0.0494742326753612,0.4116999999999999,211048.0,0.062635,186067.9,0,2.5,0
377,2023-01-20 23:15:59.999,0.4055125243939209,0.4118,0.0623836630013699,0.062625,-0.8872174843884479,-0.9026035196054394,-2.770590719577108,-2.774451848760688,0.037617978752968684,0.04984762357384942,0.020685740816364453,0.014840286619947211,0.020689659408805235,0.014840804352435585,1.140660502096389,1.9650484862123707,1.941161333395839,0.0147834822446221,0.0498476235738494,0.4118,182262.0,0.062625,77127.9,0,2.5,0
378,2023-01-20 23:16:59.999,0.4055358469210167,0.412,0.0623490010049994,0.06263,-0.8867319296326107,-0.9025460075557834,-2.7705108824448157,-2.7750076293581576,0.038129829535360704,0.05026791318427459,0.02069688219603883,0.014844423605731573,0.020700916666610298,0.014845074330658493,1.174053593841271,1.9920632672337717,1.9650484862123707,0.01478729236850028,0.0502679131842747,0.412,241380.0,0.0626299999999999,309539.0,0,2.5,0
379,2023-01-20 23:17:59.999,0.4055270111177291,0.4126,0.062355654294981,0.06265,-0.8852766783449856,-0.9025677957641827,-2.7701915976400597,-2.7749009246008747,0.03802081247366673,0.05146215598359494,0.02070832896678059,0.014849076195122619,0.020712335558659065,0.014849693031835925,1.1655780949747856,2.0710936231114405,1.9920632672337717,0.014791558423203982,0.0514621559835948,0.4126,394965.0,0.06265,250944.5,0,2.5,0
380,2023-01-20 23:18:59.999,0.4055768210867706,0.41305,0.0624030406528861,0.06269,-0.8841866279736228,-0.9024449755600943,-2.76955333369626,-2.7741412763823092,0.03752263653193855,0.0520304392535198,0.020719905677859366,0.014853995302154834,0.02072379429874668,0.014854475360606327,1.1308943483619724,2.107886325446615,2.0710936231114405,0.014796323982937,0.05203043925352,0.41305,249708.0,0.06269,537238.5,0,2.5,0
381,2023-01-20 23:19:59.999,0.4056361208083825,0.4129,0.0624763223976167,0.06272,-0.8845498460900926,-0.9022987754228554,-2.769074902939985,-2.7729676356565367,0.036709410517090535,0.051276114242534976,0.020731219326103945,0.014858650635857146,0.020734917125500147,0.014858919027051437,1.075077760536146,2.0556977659007325,2.107886325446615,0.014800877824860718,0.051276114242535,0.4129,476252.0,0.06272,374362.0,0,2.5,0
382,2023-01-20 23:20:59.999,0.405632346872063,0.41275,0.0625262105169984,0.06272,-0.8849131961818997,-0.9023080792143126,-2.769074902939985,-2.7721694418781038,0.036047600410331615,0.050912764150727874,0.02074237574839968,0.014863213592471766,0.020745917804558426,0.014863316984791463,1.029493121988199,2.029869800001362,2.0556977659007325,0.014804860293429985,0.0509127641507278,0.4127499999999999,449443.0,0.06272,269878.3,0,2.5,0
383,2023-01-20 23:21:59.999,0.405649918639053,0.41235,0.0625108541726134,0.06273,-0.8858827757027726,-0.902264760710409,-2.7689154768734854,-2.7724150705562933,0.0362917150969021,0.04981285723564899,0.020753574273424877,0.014866886958549767,0.020757170232884144,0.014867045376723308,1.044897924932665,1.9546313255252452,2.029869800001362,0.014808520862860998,0.0498128572356484,0.41235,239565.0,0.06273,206315.2,0,2.5,0
384,2023-01-20 23:22:59.999,0.4055408488842337,0.41255,0.0624933529533151,0.06274,-0.8853978684317849,-0.9025336734245158,-2.768756076219605,-2.772695080642594,0.03625170463008931,0.050167457886702405,0.02076497323192282,0.014870556430688296,0.020768557293806215,0.014870701552536503,1.041184727000464,1.9772282760113682,1.9546313255252452,0.014812323076239337,0.0501674578867024,0.41255,289392.0,0.0627399999999999,112642.1,0,2.5,0
385,2023-01-20 23:23:59.999,0.4056137417653666,0.412,0.0624883738746468,0.062665,-0.8867319296326107,-0.9023539471869544,-2.7699522009186515,-2.7727747575489277,0.0364965650317739,0.04981120300447317,0.020776406648498065,0.014873896251558678,0.020780044731900815,0.014874097225431648,1.0566369213320095,1.9520639289743913,1.9772282760113682,0.014815860181114157,0.0498112030044732,0.412,486413.0,0.062665,458812.9,0,2.5,0
386,2023-01-20 23:24:59.999,0.4055132332549756,0.4121,0.062412017927725,0.062605,-0.8864892406373653,-0.9026017715449172,-2.770910131861226,-2.7739974271551975,0.037248246885428826,0.05083698002488457,0.020787958269935906,0.014877859132683965,0.02079176764013158,0.01487824433410717,1.106076689947355,2.019714092394947,1.9520639289743913,0.014819056320914566,0.0508369800248846,0.4121,579723.0,0.062605,241337.8,0,2.5,0
387,2023-01-20 23:25:59.999,0.4054862865509381,0.41255,0.0623731426254744,0.06268,-0.8853978684317849,-0.9026682246152072,-2.769712861494317,-2.774620502901319,0.03769114489032954,0.05094960935293269,0.02079970031529768,0.014881641398995027,0.020803609467016045,0.014882137409965617,1.1347520156617419,2.0259800803741355,2.019714092394947,0.014822225117336614,0.0509496093529326,0.41255,213922.0,0.06268,307324.0,0,2.5,0
388,2023-01-20 23:26:59.999,0.4055356821857012,0.4122,0.0624886676505104,0.062705,-0.8862466105257784,-0.9025464137722751,-2.769314089706124,-2.7727700562716366,0.03630025525297642,0.0497748798644112,0.02081119950715521,0.014884833256995769,0.020814784106957526,0.01488497549678949,1.0403424009235975,1.9458518518266414,2.0259800803741355,0.014825716122891902,0.0497748798644113,0.4122,197576.0,0.062705,521137.1,0,2.5,0
389,2023-01-20 23:27:59.999,0.405467881123412,0.4124,0.0625654555946174,0.06271,-0.8857615268393322,-0.9027136166441602,-2.7692343544272076,-2.771541980750972,0.03512912695025905,0.0501947816683983,0.020822838783317955,0.01488814597565554,0.020826149657691233,0.014888013580140073,0.960704207823086,1.972840871731651,1.9458518518266414,0.014829567402576545,0.0501947816683983,0.4124,456449.0,0.06271,381139.8,0,2.5,0
390,2023-01-20 23:28:59.999,0.4054990210900266,0.4129,0.0625709960029614,0.06274,-0.8845498460900926,-0.9026368195108987,-2.768756076219605,-2.7714534308795815,0.0351335364605363,0.05101548022839475,0.020834547157453826,0.014891996352510626,0.020837856342666296,0.014891861478298714,0.9599659611864169,2.026654610740134,1.972840871731651,0.01483355947827857,0.0510154802283948,0.4129,279216.0,0.0627399999999999,206494.2,0,2.5,0
391,2023-01-20 23:29:59.999,0.4055813338360203,0.41245,0.0625690057937071,0.062735,-0.8856402926753963,-0.902433848878516,-2.768835773370474,-2.771485238602546,0.03536250922507089,0.04999018435668834,0.020845928698551286,0.014895485471975384,0.02084928824044587,0.014895398518984563,0.974342577415942,1.9565831347336442,2.026654610740134,0.014837640150471152,0.0499901843566883,0.41245,155756.0,0.062735,162668.1,0,2.5,0
392,2023-01-20 23:30:59.999,0.4055122148912069,0.4119,0.0625233029803879,0.06273,-0.8869746775401021,-0.9026042828440903,-2.7689154768734854,-2.772215944044001,0.03578941130502522,0.048720955398319554,0.020857016436649122,0.014898403089420784,0.02086047220958788,0.014898410564245925,1.0020491132970035,1.870263463434974,1.9565831347336442,0.014841871846991312,0.048720955398319,0.4119,355551.0,0.06273,45960.7,0,2.5,0
393,2023-01-20 23:31:59.999,0.4054517220865522,0.41185,0.0624945009458349,0.062825,-0.8870960735948793,-0.9027534702543033,-2.767402195552481,-2.7726767109773185,0.036016890992446426,0.0473624842804895,0.020867688103014016,0.014900873627729815,0.020871194051380004,0.014900931164376135,1.0164262067913885,1.7780699869952548,1.870263463434974,0.014846229005952852,0.04736248428049,0.41185,250904.0,0.0628249999999999,3641562.0,0,2.5,0
394,2023-01-20 23:32:59.999,0.4055092796074029,0.41195,0.0626197521297191,0.06275,-0.8868532962205381,-0.9026115213299355,-2.7685967009702437,-2.770674521416223,0.03452209284067109,0.04858174424566519,0.020878641219010983,0.014903850234150634,0.02088179869450778,0.014903570539619456,0.9152366615706037,1.858788339349748,1.7780699869952548,0.014850888614028526,0.0485817442456655,0.41195,226403.0,0.06275,452658.9,0,2.5,0
395,2023-01-20 23:33:59.999,0.4056001985256382,0.412,0.0625408099774263,0.06276,-0.8867319296326107,-0.9023873372436507,-2.768437351117305,-2.771935975686353,0.03577748877045084,0.04857284574234011,0.02088963737478751,0.014906754702207954,0.020893082839123462,0.01490674993204555,0.9985010816697112,1.8570915615490893,1.858788339349748,0.014855586277217604,0.0485728457423402,0.412,87552.0,0.06276,205571.3,0,2.5,0
396,2023-01-20 23:34:59.999,0.4056414322743135,0.41175,0.0625578463108649,0.062775,-0.8873389099243874,-0.9022856813444826,-2.7681983739384886,-2.7716636093148925,0.03565649099546642,0.04777050672614824,0.020900699428974785,0.014908966912043554,0.020904114330980446,0.014908931253961293,0.9894992748434784,1.8022581615274673,1.8570915615490893,0.014860018516486443,0.047770506726148,0.4117499999999999,204503.0,0.062775,921069.2,0,2.5,0
397,2023-01-20 23:35:59.999,0.4055589198491495,0.41125,0.0625617720630631,0.06274,-0.8885539769025554,-0.9024891142577761,-2.768756076219605,-2.7716008573300237,0.03540175967878867,0.04701134941593188,0.020911688401773793,0.014910712912926137,0.020915041808688167,0.014910616560441467,0.9715706799499098,1.7503965884509936,1.8022581615274673,0.014864249082774424,0.0470113494159318,0.41125,238681.0,0.0627399999999999,242385.2,0,2.5,0
398,2023-01-20 23:36:59.999,0.4053523916832662,0.41095,0.0625063475353112,0.062725,-0.8892837263876281,-0.9029984872740644,-2.768995186729651,-2.772487166831727,0.03561692569399799,0.0464770676506987,0.020922508520865087,0.014912300945582237,0.02092590921912316,0.014912250501727696,0.9851642763895877,1.713656344724195,1.7503965884509936,0.014867959420676606,0.0464770676506987,0.41095,297910.0,0.062725,224924.2,0,2.5,0
399,2023-01-20 23:37:59.999,0.4051679080977886,0.41185,0.0624948231659576,0.06276,-0.8870960735948793,-0.9034537098976392,-2.768437351117305,-2.772671555014999,0.035312436460363195,0.04820870178007153,0.020933727986200207,0.014914592872606844,0.020937055620653844,0.01491447071028847,0.9638545757975013,1.8287441049742896,1.713656344724195,0.014871550470760289,0.0482087017800716,0.41185,385753.0,0.06276,241057.2,0,2.5,0
400,2023-01-20 23:38:59.999,0.405325005685054,0.41265,0.0625512987979718,0.062835,-0.8851555029434438,-0.9030660505200894,-2.7672430359150293,-2.7717682781285653,0.034961686332866115,0.0491729453377584,0.020945293115961622,0.014917114922511339,0.02094853690055244,0.01491691240966188,0.9394135359564876,1.8922997086520115,1.8287441049742896,0.014875134002600529,0.0491729453377582,0.4126499999999999,400871.0,0.062835,530149.7,0,2.5,0
401,2023-01-20 23:39:59.999,0.4055369850922876,0.41285,0.0626626985165542,0.062855,-0.8846709481186995,-0.9025432009736222,-2.7669247926153426,-2.769988928369539,0.03402995556780264,0.04939734308228105,0.020956701150042667,0.014920024550109308,0.02095972666599216,0.014919623294788024,0.8760428225005115,1.9062061082218544,1.8922997086520115,0.014879217603071782,0.0493973430822811,0.41285,201180.0,0.062855,531926.9,0,2.5,0
402,2023-01-20 23:40:59.999,0.4056593784397479,0.4131,0.0626877774642551,0.062875,-0.8840655845794182,-0.9022414408723906,-2.7666066505622338,-2.7695887871201452,0.03400460876931011,0.0497426323082496,0.020967967308478472,0.01492338090527575,0.020970984351167857,0.014922971552634362,0.8733933702260135,1.9281599245113845,1.9062061082218544,0.014882846931671585,0.0497426323082494,0.4131,291729.0,0.062875,192682.1,0,2.5,0
403,2023-01-20 23:41:59.999,0.4057376127386873,0.41295,0.0626957925231414,0.06286,-0.884428758725411,-0.9020486023481357,-2.7668452476127157,-2.769460938488973,0.034092933776300405,0.04957450613990144,0.020979313823062493,0.01492649210169645,0.020982348680723503,0.014926097716573692,0.8783665593331286,1.9157342610718966,1.9281599245113845,0.014885735017627136,0.0495745061399015,0.41295,211666.0,0.06286,167593.6,0,2.5,0
404,2023-01-20 23:42:59.999,0.4056928047328629,0.41295,0.0626587892086933,0.062865,-0.884428758725411,-0.9021590443648636,-2.7667657089369926,-2.7700513168383183,0.03446511341332881,0.049509484976341445,0.020990803768257505,0.014929344702891431,0.02099392209958013,0.014929024047428144,0.9023490933467543,1.9102433345624743,1.9157342610718966,0.014888975554679733,0.0495094849763415,0.41295,231919.0,0.062865,179053.3,0,2.5,0
405,2023-01-20 23:43:59.999,0.4056204559774692,0.41305,0.0626565536677042,0.062875,-0.8841866279736228,-0.9023373941074084,-2.7666066505622338,-2.7700869954860887,0.0343159302010434,0.049621588914045,0.021002434750946104,0.014932072788294013,0.02100551586537566,0.01493171818393763,0.8914188020227999,1.9166230012979082,1.9102433345624743,0.014892745738470176,0.0496215889140452,0.41305,250700.0,0.062875,483125.2,0,2.5,0
406,2023-01-20 23:44:59.999,0.405579396948068,0.4132,0.0626735451125463,0.062885,-0.8838235417366536,-0.9024386244744708,-2.7664476174830184,-2.7698158484095035,0.03399304290727001,0.049854669015494624,0.021014033727824386,0.014935018558800571,0.021017037432795326,0.014934595218566098,0.8688555186513142,1.9310746199692987,1.9166230012979082,0.014896151530299903,0.0498546690154946,0.4132,179720.0,0.062885,569656.4,0,2.5,0
407,2023-01-20 23:45:59.999,0.4056072122564964,0.4129,0.0626996698312109,0.06288,-0.8845498460900926,-0.9023700451657799,-2.766527130861186,-2.7693990972070326,0.03372093703540768,0.04919336514540562,0.021025405307232334,0.014937767760743103,0.02102834340760914,0.014937287494061518,0.8497254694230545,1.8856873590041694,1.9310746199692987,0.014899040714278477,0.0491933651454061,0.4129,791582.0,0.0628799999999999,309594.3,0,2.5,0
408,2023-01-20 23:46:59.999,0.4056210949508144,0.4127,0.0626972160694214,0.062845,-0.8850343422236009,-0.9023358188100277,-2.767083901605336,-2.7694382331356833,0.033787156174478916,0.049164017168334295,0.021036756298871535,0.014940514337748827,0.02103970709726904,0.014940044334919104,0.8532403781035298,1.8826166377951385,1.8856873590041694,0.014901591008186965,0.049164017168334,0.4126999999999999,131302.0,0.062845,243744.4,0,2.5,0
409,2023-01-20 23:47:59.999,0.4056493844972724,0.41305,0.0626368689070779,0.062865,-0.8841866279736228,-0.9022660774668231,-2.7667657089369926,-2.7704012140680976,0.03464411380136456,0.049751615728129694,0.021048361306753603,0.01494334317085622,0.021051507743341108,0.014943045028757148,0.9096275914223078,1.9208054110244637,1.8826166377951385,0.014904365387725979,0.0497516157281299,0.41305,312347.0,0.062865,138143.5,0,2.5,0
410,2023-01-20 23:48:59.999,0.4057054843601795,0.41285,0.0626391644476761,0.06286,-0.8846709481186995,-0.9021277905959364,-2.7668452476127157,-2.770364566346471,0.03475244194487326,0.04933231674661298,0.02105965702957653,0.014946275445103754,0.02106282592217438,0.01494599717840412,0.9159386195040489,1.8916190739879801,1.9208054110244637,0.014907295262524486,0.049332316746613,0.41285,130841.0,0.06286,90748.7,0,2.5,0
411,2023-01-20 23:49:59.999,0.4056414372662928,0.41295,0.062627855188032,0.06287,-0.884428758725411,-0.9022856690380985,-2.7666861765871675,-2.7705451287915217,0.034742169433608305,0.04944446898406751,0.021070744661532487,0.014949561389070306,0.02107390861079703,0.014949277899880913,0.9143091000348691,1.8979636648924822,1.8916190739879801,0.014909352580581337,0.0494444689840671,0.41295,186884.0,0.06287,105834.8,0,2.5,0
412,2023-01-20 23:50:59.999,0.4056143258269398,0.41305,0.0626593305384994,0.062875,-0.8841866279736228,-0.9023525072427597,-2.7666066505622338,-2.7700426775480516,0.03426458810070676,0.049621588914045,0.02108190311779509,0.014952877306950304,0.02108495395903159,0.014952491568281483,0.8814339791792928,1.9086417423477602,1.8979636648924822,0.014911025045763025,0.0496215889140452,0.41305,185825.0,0.062875,60461.3,0,2.5,0
413,2023-01-20 23:51:59.999,0.405620895271644,0.41335002,0.0626924729892154,0.062875,-0.8834605388983079,-0.9023363110901926,-2.7666066505622338,-2.7695138865684954,0.033848508955022116,0.05034767798935991,0.021093197402248562,0.014956551078183548,0.021096149337345247,0.014956078838864878,0.8526539445980037,1.955964341925295,1.9086417423477602,0.01491280555386789,0.0503476296042153,0.41335,269085.0,0.062875,216895.6,0,2.5,0
414,2023-01-20 23:52:59.999,0.4056816027314068,0.4134,0.0627065880083554,0.062885,-0.8833396317344692,-0.9021866567750007,-2.7664476174830184,-2.769288764959333,0.03381413117718324,0.05033857901767902,0.021104400107160037,0.014960327096482798,0.02110734149366085,0.014959845126600275,0.8493931304762171,1.9541136181034433,1.955964341925295,0.014915081135131823,0.0503385790176791,0.4134,505662.0,0.062885,451759.3,0,2.5,0
415,2023-01-20 23:53:59.999,0.4057242192583368,0.41305,0.0627019835939126,0.06284,-0.8841866279736228,-0.9020816130944792,-2.7671634655947166,-2.7693621955771297,0.03397920281475375,0.05007677327524518,0.021115437438470757,0.0149641086064578,0.02111841447280917,0.014963656338093425,0.8594683044948372,1.9353866373487882,1.9541136181034433,0.014917590130943416,0.0500767732752454,0.41305,225084.0,0.06284,288448.3,0,2.5,0
416,2023-01-20 23:54:59.999,0.4056611256324884,0.41325,0.0626121770679658,0.06282,-0.8837025422810034,-0.9022371338377927,-2.7674817848716367,-2.770795497940518,0.03499537604991698,0.050821078157846644,0.021126690543555395,0.014968163858364702,0.021129900144459434,0.014967918407502442,0.9263463046743821,1.9838363539624835,1.9353866373487882,0.01492046035924961,0.0508210781578466,0.41325,424452.0,0.06282,76755.2,0,2.5,0
417,2023-01-20 23:55:59.999,0.4057278833711125,0.4133,0.0625658751474392,0.06283,-0.8835815574644503,-0.9020725820924919,-2.7673226125672814,-2.771535274951244,0.03576467965429864,0.05081194302531089,0.021138177041292585,0.01497189958954418,0.021141562022225936,0.014971820194211604,0.976709407565974,1.9819639990600368,1.9838363539624835,0.014923753093619194,0.0508119430253108,0.4133,448155.0,0.06283,293468.1,0,2.5,0
418,2023-01-20 23:56:59.999,0.4057211841349476,0.4135,0.0625882221129412,0.06284,-0.8830977645183911,-0.9020890938772318,-2.7671634655947166,-2.771178163738289,0.03545623710285206,0.051165636730476916,0.021149772886688643,0.014975751985546702,0.021153083801804622,0.014975600188080208,0.9550971661511102,2.0042976054061916,1.9819639990600368,0.014926829299287306,0.0511656367304769,0.4135,194643.0,0.06284,159941.7,0,2.5,0
419,2023-01-20 23:57:59.999,0.4057144499549279,0.4133,0.0626365360203581,0.062835,-0.8835815574644503,-0.9021056920637963,-2.7672430359150293,-2.7704065286313924,0.03480884374603821,0.05074689081675188,0.021161242721857047,0.014979440488567928,0.0211644011576414,0.014979145630175321,0.9108959165808652,1.9750836566608834,2.0042976054061916,0.014929697581555516,0.0507468908167518,0.4133,317228.0,0.062835,432006.1,0,2.5,0
420,2023-01-20 23:58:59.999,0.4056692375987835,0.4131,0.0626846637067661,0.062805,-0.8840655845794182,-0.9022171371344447,-2.7677205908429205,-2.7696384592404386,0.03406951840154071,0.050653254625356525,0.02117279507762134,0.014982936107807699,0.0211757797393487,0.014982486608824315,0.8605873643563223,1.967602300084076,1.9750836566608834,0.014932437442594747,0.0506532546253564,0.4131,81469.0,0.062805,198967.1,0,2.5,0
421,2023-01-20 23:59:59.999,0.4056293766444042,0.41305,0.0627009067120405,0.06276,-0.8841866279736228,-0.9023154017036468,-2.768437351117305,-2.76937937033075,0.033759454198760475,0.05111814740132803,0.021184649042507237,0.014986365303009829,0.021187559203385796,0.01498585181339068,0.8389176105519075,1.997382137269069,1.967602300084076,0.014935268287439952,0.0511181474013282,0.41305,200010.0,0.06276,532999.1,0,2.5,0
422,2023-01-21 00:00:59.999,0.4056213944695699,0.4128,0.0626494870470824,0.062775,-0.8847920648147841,-0.9023350803902348,-2.7681983739384886,-2.7701997852700284,0.03441044715045294,0.05031735183575148,0.02119625935291546,0.014989501547125571,0.02119931748478251,0.014989114703399154,0.8813815843756586,1.9427659012731056,1.997382137269069,0.014937976704275914,0.0503173518357513,0.4128,745519.0,0.062775,433846.6,0,2.5,0
423,2023-01-21 00:01:59.999,0.4055884623824014,0.41225,0.0626284009622536,0.062785,-0.8861253175424287,-0.902416272912511,-2.7680390875412098,-2.7705364142691757,0.034604441623856785,0.04885388589049666,0.021207576139936523,0.014991923109856363,0.021210676548518777,0.014991573281603032,0.8934195780354968,1.8440802789592894,1.9427659012731056,0.014940794508378616,0.0488538858904967,0.41225,431613.0,0.062785,226261.4,0,2.5,0
424,2023-01-21 00:02:59.999,0.4055036137109444,0.41155,0.06260231668777,0.062745,-0.8878247595634841,-0.9026254937254554,-2.7686763854198655,-2.7709529937690025,0.03473576562823211,0.04767542123331858,0.02121835032590342,0.014994215634686704,0.02122147863307823,0.014993890362838462,0.9013195820511198,1.7644851556096732,1.8440802789592894,0.014943783066168892,0.0476754212333183,0.4115499999999999,649625.0,0.062745,263236.9,0,2.5,0
425,2023-01-21 00:03:59.999,0.4054163089856923,0.41095,0.0625303278235041,0.06274,-0.8892837263876281,-0.9028408164056507,-2.768756076219605,-2.7721035947570845,0.03546103460810923,0.04628159993085923,0.0212284776632597,0.01499636542329444,0.02123177147417033,0.014996192795591922,0.94885837544857,1.6706129492339215,1.7644851556096732,0.014946817358773318,0.0462815999308592,0.41095,571465.0,0.0627399999999999,102828.2,0,2.5,0
426,2023-01-21 00:04:59.999,0.4053745660551326,0.4114,0.0625309673748924,0.06276,-0.8881893017632803,-0.9029437848328533,-2.768437351117305,-2.772093366950195,0.03534970516787006,0.047115473611670566,0.021238860148296387,0.014998757685502616,0.021242125791670504,0.014998557923232902,0.9405957191622261,1.7252504511347495,1.6706129492339215,0.014950081316981056,0.0471154736116705,0.4114,598062.0,0.06276,140194.1,0,2.5,0
427,2023-01-21 00:05:59.999,0.4055348635011028,0.41205,0.0625694546796711,0.062805,-0.8866105777727444,-0.9025484325475905,-2.7677205908429205,-2.7714780643738988,0.03524206077776082,0.048108261432030286,0.021249564334850767,0.015001428724705126,0.021252802589061117,0.015001202730346835,0.9325424394405384,1.7904092730145917,1.7252504511347495,0.014953388385927332,0.0481082614320302,0.41205,490636.0,0.062805,534306.3,0,2.5,0
428,2023-01-21 00:06:59.999,0.4056703508101581,0.413,0.0626285111837577,0.06287,-0.8843076860211043,-0.9022143930026644,-2.7666861765871675,-2.7705346543422826,0.03480488283116856,0.04956554168837424,0.021260771845248796,0.015004493113247376,0.021263906330549864,0.015004171256616228,0.9024808014403112,1.886419596416445,1.7904092730145917,0.014957020410798726,0.0495655416883742,0.413,808787.0,0.06287,731318.3,0,2.5,0
429,2023-01-21 00:07:59.999,0.4057625077392496,0.4138,0.0626931836512515,0.06288,-0.8823725136706944,-0.9019872468413603,-2.766527130861186,-2.7695025509491726,0.03418830657788474,0.051370697564803836,0.02127247139467255,0.015008261144490019,0.021275460479417568,0.015007810350651551,0.8604084004770606,2.005443927205467,1.886419596416445,0.014960797929473562,0.0513706975648042,0.4138,1297374.0,0.0628799999999999,830976.8,0,2.5,0
430,2023-01-21 00:08:59.999,0.4057744585375945,0.4132,0.0626934485384144,0.06288,-0.8838235417366536,-0.9019577945826405,-2.766527130861186,-2.769498325823124,0.03421430488656885,0.04991966949884463,0.02128384958695728,0.015011342328155678,0.021286842055205275,0.015010893826072454,0.8612054006344269,1.9076122098806072,2.005443927205467,0.01496472185544568,0.049919669498845,0.4132,908155.0,0.0628799999999999,1513394.5,0,2.5,0
431,2023-01-21 00:09:59.999,0.4056015563439965,0.41205,0.062696352075051,0.062725,-0.8866105777727444,-0.9023839895724945,-2.768995186729651,-2.769452013657016,0.03375025069300097,0.04915021626558236,0.021295270178049983,0.015013770733876683,0.021298152608162216,0.015013228734028017,0.8294084041106782,1.8552931559479058,1.9076122098806072,0.014968893854179733,0.0491502162655823,0.41205,607378.0,0.062725,654385.0,0,2.5,0
432,2023-01-21 00:10:59.999,0.4053892724260282,0.4117,0.0625256234097128,0.062625,-0.887460350206278,-0.9029075070163076,-2.770590719577108,-2.772178831700982,0.0354558485873947,0.04960475775601936,0.021306749264309633,0.015016453312266465,0.021310023760797273,0.015016258021160639,0.942033947915878,1.8844668513432514,1.8552931559479058,0.014972765192678754,0.0496047577560192,0.4117,820731.0,0.062625,297334.6,0,2.5,0
433,2023-01-21 00:11:59.999,0.4053982430127557,0.40935,0.0624157179036166,0.06239,-0.8931847431596799,-0.9028853789332845,-2.7743502728594422,-2.7739381458445487,0.036916178295504976,0.04695371907537582,0.021317583264698556,0.015018069410793262,0.021321193214948683,0.015018205922791138,1.0384053302192278,1.7070193983957058,1.8844668513432514,0.014976486548603986,0.0469537190753759,0.40935,3559072.0,0.06239,5775129.6,0,2.5,0
434,2023-01-21 00:12:59.999,0.4050217329611407,0.4087,0.0621486369772047,0.062055,-0.8947738884119054,-0.9038145516828856,-2.7797341904006525,-2.7782263924452377,0.039492555280974284,0.04976581108110012,0.02132885906478207,0.015021137576735387,0.021333062651038997,0.015021940319243381,1.2088646502391336,1.8931290570403245,1.7070193983957058,0.014979980874837569,0.0497658110811001,0.4087,3496232.0,0.062055,6112493.9,0,2.5,0
435,2023-01-21 00:13:59.999,0.4049298306229915,0.4092,0.0617699958888114,0.06208,-0.8935512449046656,-0.9040414846074594,-2.779331403107174,-2.7843375358307276,0.044261351163726204,0.05065918460425878,0.02134055081182119,0.015024305377517339,0.02134585532474688,0.015026611975291648,1.5249941820990265,1.9514135965520616,1.8931290570403245,0.014983327909965906,0.0506591846042587,0.4092,1141634.0,0.0620799999999999,1941909.8,0,2.5,0
436,2023-01-21 00:14:59.999,0.4050111299971956,0.41,0.0617881424372382,0.06213,-0.8915981192837836,-0.9038407307786498,-2.7785263149065345,-2.784043802875487,0.04422198459384896,0.05195416786737472,0.02135277862413064,0.01502771951770792,0.021358071196676275,0.015030006617214469,1.521217786490242,2.03632954469139,1.9514135965520616,0.014986667535892798,0.0519541678673747,0.41,953606.0,0.06213,813632.0,0,2.5,0
437,2023-01-21 00:15:59.999,0.4050946158583151,0.40925,0.0618394163253683,0.062085,-0.8934290627308927,-0.9036346197571142,-2.7792508651133314,-2.7832143132118032,0.04375000558429776,0.05071552869331608,0.021364718972470463,0.015030552337530577,0.0213698995525704,0.015032669819012785,1.4887645575386614,1.9527432566505247,2.03632954469139,0.014989729347950124,0.050715528693316,0.40925,506924.0,0.062085,661701.6,0,2.5,0
438,2023-01-21 00:16:59.999,0.4048286781472762,0.40865,0.0618013201291524,0.062045,-0.8948962350199983,-0.9042913182928011,-2.779895350755554,-2.783830553433496,0.04359707022900905,0.04977520961083082,0.02137647380917151,0.01503290941994297,0.021381616275364484,0.015034969498936141,1.4775855684453838,1.8891044313740728,1.9527432566505247,0.01499215255191189,0.0497752096108305,0.4086499999999999,493603.0,0.062045,810632.6,0,2.5,0
439,2023-01-21 00:17:59.999,0.4046793430877577,0.40805,0.0617640105944773,0.06202,-0.8963655630668851,-0.9046602709338994,-2.780298365309834,-2.784434436991941,0.0437217794608028,0.048635337328861605,0.021387846579916783,0.015034942815626333,0.021393015275330086,0.015037040995007304,1.484917424437857,1.8122776443569555,1.8891044313740728,0.014994465971026827,0.0486353373288617,0.40805,1084419.0,0.06202,315147.8,0,2.5,0
440,2023-01-21 00:18:59.999,0.4046129098277853,0.4088,0.0617348263401926,0.062125,-0.8945292400926423,-0.9048244471258309,-2.778606794565344,-2.7849070609542768,0.04394396323373173,0.049088837455592005,0.021399207001452206,0.015037327908572437,0.021404424487273147,0.01503949798330695,1.4986895687260495,1.8413930069553495,1.8122776443569555,0.014996784077502167,0.049088837455592,0.4088,1026325.0,0.062125,1087380.6,0,2.5,0
441,2023-01-21 00:19:59.999,0.4049259568470869,0.4092,0.0618319768182874,0.06224,-0.8935512449046656,-0.904051051189472,-2.776757399112001,-2.783334624092125,0.043431925719354614,0.048554991477422815,0.021410682312717165,0.015039131342790486,0.021415778643058898,0.015041121294216616,1.4637304390837558,1.804912035542411,1.8413930069553495,0.014999219125011386,0.0485549914774228,0.4092,458038.0,0.06224,590429.8,0,2.5,0
442,2023-01-21 00:20:59.999,0.4050338784466767,0.4101,0.0619465254052412,0.062335,-0.8913542465841234,-0.9037845648884831,-2.7752322131851987,-2.7814837595623914,0.04218536991571786,0.04950518297468787,0.021422257931584435,0.015041505969193273,0.0214270630952003,0.015043081101764312,1.3799238786316819,1.8670288135124555,1.804912035542411,0.015001944861914184,0.0495051829746877,0.4101,416491.0,0.062335,528567.9,0,2.5,0
443,2023-01-21 00:21:59.999,0.4051817408723139,0.4098,0.0620484749631771,0.06234,-0.8920860431773376,-0.9034195696359774,-2.775152004642946,-2.7798393451810623,0.041206091637432274,0.048707817616375326,0.02143369346401107,0.015043466635016656,0.021438269348800106,0.015044732306603624,1.313936458673673,1.813021214729743,1.8670288135124555,0.015005081030125059,0.0487078176163753,0.4098,612612.0,0.06234,167666.8,0,2.5,0
444,2023-01-21 00:22:59.999,0.4050565919523029,0.40925,0.0620684668329134,0.062385,-0.8934290627308927,-0.9037284884218115,-2.7744304171191523,-2.779517199475248,0.04063382563796303,0.04677491571965975,0.021444680823758635,0.015044637402306379,0.021449121727441626,0.015045727976339043,1.2750930988976623,1.6836720100690448,1.813021214729743,0.015008581219506777,0.0467749157196597,0.40925,371788.0,0.062385,790258.2,0,2.5,0
445,2023-01-21 00:23:59.999,0.404910801198058,0.409,0.0621341775158646,0.06236,-0.8940401229393353,-0.9040884800882719,-2.774831234792561,-2.778459078862331,0.039408843037052166,0.04649151537308316,0.021455559580214105,0.015045753305438175,0.021459714471085856,0.01504649061331323,1.1929112925564722,1.6639881888678845,1.6836720100690448,0.015011477553061345,0.0464915153730833,0.409,179642.0,0.06236,209416.5,0,2.5,0
446,2023-01-21 00:24:59.999,0.4048749737629196,0.40945,0.062117803844775,0.062395,-0.8929404832659399,-0.9041769662935613,-2.7742701350223196,-2.7787226347590677,0.03953580813156288,0.047132468003946326,0.02146660128372659,0.015047089858628966,0.021470783002506457,0.01504785889548049,1.2005046867154048,1.7057030270541838,1.6639881888678845,0.015013986055811172,0.0471324680039462,0.40945,356905.0,0.062395,202259.1,0,2.5,0
447,2023-01-21 00:25:59.999,0.405047691253285,0.40945,0.0621408485835082,0.06242,-0.8929404832659399,-0.9037504626273621,-2.7738695421395034,-2.7783517191158174,0.03965909620500174,0.046804991903574344,0.021477671502497596,0.015048135393673492,0.021481879191621065,0.015048935407278,1.2078739473218665,1.6830869565225213,1.7057030270541838,0.015016744996568264,0.0468049919035742,0.40945,431099.0,0.06242,216183.0,0,2.5,0
448,2023-01-21 00:26:59.999,0.4050461986514867,0.40965,0.0621454138870947,0.06242,-0.8924521423943134,-0.9037541476367589,-2.7738695421395034,-2.7782782547843974,0.03959535567839112,0.04729333277520087,0.021488916773027257,0.015049271416514978,0.021493107108344397,0.015050050190427312,1.2028032027136217,1.7146621446308692,1.6830869565225213,0.0150191395219042,0.0472933327752007,0.4096499999999999,220918.0,0.06242,308116.9,0,2.5,0
449,2023-01-21 00:27:59.999,0.4051428932897241,0.4102,0.0621314228671468,0.062429998,-0.8911104333438568,-0.9035154511653838,-2.773709381944365,-2.7785034137178304,0.04001811475458883,0.04850411429701518,0.021500413121248917,0.01505093460283701,0.021504698634239736,0.015051828672732968,1.229977866668582,1.7941544421219016,1.7146621446308692,0.015023108233255448,0.0485040881083693,0.4102,239419.0,0.06243,557060.1,0,2.5,0
450,2023-01-21 00:28:59.999,0.4052287503409914,0.4099,0.0621539916089815,0.0624,-0.8918420514718453,-0.9033035556671557,-2.7741900036067553,-2.7781402376818023,0.03993312162316609,0.04816539408235854,0.02151184421687456,0.015052429288040483,0.021516107414608018,0.015053295550168431,1.2234539704066334,1.7707141721410287,1.7941544421219016,0.015027460635772354,0.0481653940823585,0.4099,566654.0,0.0624,246216.1,0,2.5,0
451,2023-01-21 00:29:59.999,0.4051098413950535,0.40985,0.0621472143198079,0.062365,-0.8919640398830975,-0.9035970353261624,-2.7747510584044646,-2.7782492839155806,0.03972878492433107,0.04850205594955659,0.021523232119285723,0.015054234796679144,0.021527445392325543,0.015055039821361908,1.208986475491036,1.7921086122704954,1.7707141721410287,0.015030672417664048,0.0485020559495565,0.40985,146843.0,0.062365,167538.5,0,2.5,0
452,2023-01-21 00:30:59.999,0.4050661016727904,0.41005,0.0621591977972811,0.06238,-0.8914761754997168,-0.903705011186665,-2.77451056780248,-2.778056478455167,0.03946319473013682,0.04879332441750217,0.021534748007603254,0.01505606295213748,0.02153889715056149,0.01505679052283945,1.1904461015371233,1.8104717346462122,1.7921086122704954,0.015033244738993624,0.048793324417502,0.41005,317854.0,0.06238,378847.1,0,2.5,0
453,2023-01-21 00:31:59.999,0.4050939119892396,0.40975,0.062213615220484,0.062374998,-0.892208061358198,-0.9036363573010345,-2.774590756974583,-2.7771814089708475,0.038816498057702487,0.04812699148943689,0.02154617093060021,0.015057514255096502,0.02155016776631581,0.015058063450210657,1.1466501219414855,1.7652860962651848,1.8104717346462122,0.015035487372953932,0.0481269652776981,0.4097499999999999,125910.0,0.062375,185237.3,0,2.5,0
454,2023-01-21 00:32:59.999,0.4050184033109753,0.41030002,0.0622038348397669,0.062405,-0.890866630789177,-0.9038227726339628,-2.77410987861172,-2.7773386277650363,0.03875860572114942,0.04907531429798895,0.021557756457162677,0.015059436573552064,0.02156173721376161,0.015059966856032784,1.1418928522076406,1.827263437541456,1.7652860962651848,0.015037655242082216,0.0490752655531694,0.4103,231669.0,0.062405,209058.9,0,2.5,0
455,2023-01-21 00:33:59.999,0.4051450248648675,0.41105,0.0621920020279786,0.062455,-0.8890404173839945,-0.9035101898870267,-2.7733089815642646,-2.7775288722639186,0.03922670927058525,0.050246811523352086,0.02156944920215042,0.01506209710397273,0.021573535584948022,0.015062748869064094,1.1719755696049179,1.9039422016232932,1.827263437541456,0.015039903811034367,0.050246811523352,0.41105,401555.0,0.062455,915967.3,0,2.5,0
456,2023-01-21 00:34:59.999,0.4052985332190461,0.41135,0.0622067165987676,0.06247,-0.8883108453671977,-0.9031313643550493,-2.7730688374766586,-2.777292301163829,0.039412142995964516,0.05078007089279524,0.021580965321568803,0.0150654073896442,0.0215850919537545,0.015066105638678289,1.183255412496493,1.9381557243050451,1.9039422016232932,0.01504161124610354,0.0507800708927952,0.41135,455365.0,0.06247,148772.1,0,2.5,0
457,2023-01-21 00:35:59.999,0.4053905653486561,0.41135,0.0621960837791604,0.06247,-0.8883108453671977,-0.9029043176853261,-2.7730688374766586,-2.7774632429690103,0.03977893092958096,0.05078007089279524,0.02159237502743187,0.015068851729676477,0.02159658390405815,0.015069647285292665,1.206554253148845,1.9369555417339035,1.9381557243050451,0.01504349390297414,0.0507800708927952,0.41135,184156.0,0.06247,62903.5,0,2.5,0
458,2023-01-21 00:36:59.999,0.4054588406489748,0.41085,0.0621987779838276,0.062415,-0.8895270946049402,-0.9027359132936472,-2.773949647879123,-2.7774199259922567,0.03991192462068138,0.05028386529072193,0.021603580386388238,0.015072184456346662,0.02160781744823371,0.01507301317818185,1.214362845442398,1.9028618570453382,1.9369555417339035,0.015044981224037478,0.050283865290722,0.41085,141497.0,0.062415,472930.3,0,2.5,0
459,2023-01-21 00:37:59.999,0.405450174572982,0.41035,0.0621578022508187,0.062405,-0.8907448249064164,-0.9027572870256702,-2.77410987861172,-2.778078929873105,0.04042927244435157,0.04919712018074962,0.02161446251879437,0.015075131876434129,0.021618816790936368,0.015076104029899614,1.247700043466764,1.829679361218275,1.9028618570453382,0.015045918635582588,0.0491971201807497,0.41035,380629.0,0.062405,470371.8,0,2.5,0
460,2023-01-21 00:38:59.999,0.4053979434940002,0.4108,0.0621629035509128,0.062475,-0.8896488009277339,-0.9028861177595405,-2.772988802261121,-2.7779968630916456,0.04023335387463767,0.04937668825803754,0.021625358066990848,0.01507818330182749,0.02162966447657373,0.015079095174493604,1.2337404322198462,1.8404956111445603,1.829679361218275,0.015046832683855045,0.0493766882580375,0.4108,78538.0,0.062475,210392.7,0,2.5,0
461,2023-01-21 00:39:59.999,0.4054312350036753,0.41025,0.0622366501815031,0.062455,-0.8909885490119368,-0.9028040005625362,-2.7733089815642646,-2.7768112215516765,0.03934623451102559,0.04829867989540981,0.021635914729871215,0.015080889511119999,0.02164001339216725,0.015081550512820074,1.174031881125695,1.7679835891562379,1.8404956111445603,0.015048128023429867,0.0482986798954097,0.41025,162845.0,0.062455,263841.4,0,2.5,0
462,2023-01-21 00:40:59.999,0.4051885499320225,0.4101,0.0622106312399271,0.062435,-0.8913542465841234,-0.9034027648251741,-2.7736292634150286,-2.7772293735861435,0.03908930057908977,0.048194805875281355,0.021646460987633034,0.01508352827752272,0.021650497747547744,0.015084116438868882,1.1561037003536758,1.760088515046597,1.7679835891562379,0.015049214103065329,0.0481948058752812,0.4101,115846.0,0.062435,183204.7,0,2.5,0
463,2023-01-21 00:41:59.999,0.4050185281104568,0.4096,0.0621893660451542,0.062435,-0.892574205256839,-0.903822464501144,-2.7736292634150286,-2.7775712577572707,0.038949083889318836,0.04697484720256584,0.02165671037354586,0.015085692076950883,0.021660712311411118,0.015086239574661214,1.1459695766031184,1.678288055985382,1.760088515046597,0.015050494811003725,0.0469748472025657,0.4095999999999999,140630.0,0.062435,233227.1,0,2.5,0
464,2023-01-21 00:42:59.999,0.4048651245878426,0.4094,0.0621963113332332,0.062415,-0.8930626057549479,-0.9042012930500046,-2.773949647879123,-2.77745958431974,0.03847896469749801,0.04674835414071421,0.021667115885819058,0.015087492612696015,0.021671006616856243,0.015087913973906079,1.1140014524015998,1.662386116682468,1.678288055985382,0.015052195392091834,0.0467483541407141,0.4094,149433.0,0.062415,345223.1,0,2.5,0
465,2023-01-21 00:43:59.999,0.4049122588560015,0.40975,0.0621830563084897,0.06245,-0.892208061358198,-0.9040848801464688,-2.7733890424105505,-2.777672722962346,0.03876961387559896,0.04714461557595784,0.021677806560549406,0.015089179145955853,0.021681762081797968,0.015089672838832066,1.132420296736108,1.6877531089710704,1.662386116682468,0.0150537316179668,0.0471446155759576,0.4097499999999999,63921.0,0.06245,372358.7,0,2.5,0
466,2023-01-21 00:44:59.999,0.4051285413493559,0.40995,0.0622170067539409,0.062455,-0.8917200779399503,-0.9035508761841026,-2.7733089815642646,-2.777126896128206,0.038857416093525665,0.04756715096739628,0.021688670028060426,0.01509092047907036,0.021692643355083217,0.015091433918683471,1.1373851438458837,1.7148378043093386,1.6877531089710704,0.015055477496731293,0.0475671509673962,0.40995,290099.0,0.062455,338657.1,0,2.5,0
467,2023-01-21 00:45:59.999,0.4052369521629131,0.4102,0.0622051859420744,0.06249,-0.8911104333438568,-0.9032833158916866,-2.7727487350411466,-2.77731690743802,0.03928030656137338,0.04771880603220324,0.02169962829185502,0.015092630324097646,0.021703696951486943,0.015093253027729065,1.1645342178783455,1.7239657489526332,1.7148378043093386,0.01505710875468225,0.0477188060322033,0.4102,335130.0,0.06249,183008.8,0,2.5,0
468,2023-01-21 00:46:59.999,0.4052516435578709,0.41030002,0.0622302293344514,0.062485,-0.890866630789177,-0.9032470627104896,-2.7728287510443903,-2.776914395136205,0.03898751455828364,0.048028019955465906,0.021710700996831814,0.015094395209011797,0.02171469933368936,0.015094936255151304,1.1442787788321898,1.7435159603428085,1.7239657489526332,0.015058539301666188,0.0480279712106463,0.4103,130433.0,0.062485,428435.2,0,2.5,0
469,2023-01-21 00:47:59.999,0.4051733793070559,0.40965,0.0622219884992584,0.06245,-0.8924521423943134,-0.9034402064285393,-2.7733890424105505,-2.777046828858135,0.03890263257097282,0.04690053453984244,0.02172149587435603,0.015095730707967284,0.02172547206891669,0.01509624613260544,1.1378431665178173,1.6679575936126976,1.7435159603428085,0.015060662359290612,0.0469005345398425,0.40965,192732.0,0.06245,248192.0,0,2.5,0
470,2023-01-21 00:48:59.999,0.4049424403625984,0.409,0.0621910184788317,0.062415,-0.8940401229393353,-0.9040103445374515,-2.773949647879123,-2.777544687109754,0.0387394829178519,0.04577083695632678,0.02173213420171975,0.015096481386097198,0.02173607017689127,0.01509695108167581,1.1262812371167328,1.5923381177249019,1.6679575936126976,0.015063588061467643,0.045770836956327,0.409,189876.0,0.062415,222502.0,0,2.5,0
471,2023-01-21 00:49:59.999,0.4047886274976851,0.40885,0.0621600146808473,0.062415,-0.8944069383741509,-0.9043902555298006,-2.773949647879123,-2.778043336744406,0.03876720731997063,0.04540402152151124,0.02174258419663479,0.015097239115207073,0.02174652416958627,0.015097713116547142,1.1273682986948295,1.5672691638726761,1.5923381177249019,0.015066991050331883,0.0454040215215112,0.40885,116952.0,0.062415,127392.5,0,2.5,0
472,2023-01-21 00:50:59.999,0.4048511769977943,0.4094,0.0621597480159182,0.06244,-0.8930626057549479,-0.9042357436100892,-2.7735491833349055,-2.7780476267289314,0.038925226210132946,0.04642098295439745,0.021753182347476134,0.015098489378233403,0.021757156437701236,0.01509900167701429,1.1370334370230073,1.6337926258029112,1.5672691638726761,0.01507048875851496,0.0464209829543977,0.4094,453158.0,0.0624399999999999,482974.8,0,2.5,0
473,2023-01-21 00:51:59.999,0.4050832541135227,0.4087,0.0621694972857269,0.062459998,-0.8947738884119054,-0.9036626672889322,-2.773228959147698,-2.7778907968566835,0.03937009747027009,0.04444792388410446,0.021763487576545493,0.015098783047793185,0.021767562237479013,0.015099411065145901,1.1657762780843262,1.5024016330160122,1.6337926258029112,0.01507378589111129,0.0444478977080362,0.4086999999999999,689592.0,0.06246,172900.4,0,2.5,0
474,2023-01-21 00:52:59.999,0.4049257172320825,0.40865,0.0621752745814163,0.062465,-0.8948962350199983,-0.9040516429398187,-2.7731488790983443,-2.77779787303517,0.03890515858587129,0.04426011355110537,0.021773912552839295,0.015098764726440669,0.021777877201307947,0.015099266229510688,1.1343121661825535,1.489274215849504,1.5024016330160122,0.015076851816048112,0.0442601135511051,0.4086499999999999,381379.0,0.062465,211554.8,0,2.5,0
475,2023-01-21 00:53:59.999,0.4048518159711394,0.4085,0.0621816865396371,0.062485,-0.8952633646820796,-0.9042341653194058,-2.7728287510443903,-2.777694751212818,0.03863833632554281,0.04363128606256339,0.021784146024313146,0.015098593899538009,0.02178804655435277,0.015099023304629363,1.1159854138395653,1.4469652064036724,1.489274215849504,0.015079709009075222,0.0436312860625633,0.4085,638557.0,0.062485,286736.5,0,2.5,0
476,2023-01-21 00:54:59.999,0.4047420722991202,0.40905,0.0622188391864455,0.06249,-0.8939178810224298,-0.9045052732768185,-2.7727487350411466,-2.7770974442851157,0.037878942749988265,0.04491135835363025,0.021794777901984634,0.015098704481394769,0.021798500226642814,0.015098939526355944,1.065004763763458,1.5310307238697727,1.4469652064036724,0.015082191994332276,0.0449113583536302,0.40905,304542.0,0.06249,196651.1,0,2.5,0
477,2023-01-21 00:55:59.999,0.4048724278534978,0.4088,0.0622508132003304,0.062485,-0.8945292400926423,-0.9041832544506253,-2.7728287510443903,-2.7765836802635233,0.037780970494163735,0.044365410652000614,0.021805372456711082,0.015098480710041731,0.02180906965597918,0.015098689141503488,1.0578336098251582,1.4941926031196802,1.5310307238697727,0.015084647222816966,0.0443654106520006,0.4088,267847.0,0.062485,456551.4,0,2.5,0
478,2023-01-21 00:56:59.999,0.4048356519423003,0.4088,0.0622593535891271,0.062485,-0.8945292400926423,-0.9042740919070875,-2.7728287510443903,-2.7764464964651188,0.037577988221199066,0.044365410652000614,0.021815922477401353,0.015098317704369299,0.021819570259336972,0.015098474249200033,1.0437092981562046,1.4935099801267044,1.4941926031196802,0.01508665817447243,0.0443654106520006,0.4088,427874.0,0.062485,458426.8,0,2.5,0
479,2023-01-21 00:57:59.999,0.4049041418977271,0.40835,0.0622459718985421,0.06249,-0.8956306291778524,-0.9041049265625877,-2.7727487350411466,-2.7766614541881576,0.037922876899549984,0.04319861019820759,0.02182596462807661,0.015098109269294372,0.021829689902844368,0.015098347604520175,1.065890613876687,1.4155842422996223,1.4935099801267044,0.015088353690137576,0.0431986101982075,0.40835,405335.0,0.06249,140290.0,0,2.5,0
480,2023-01-21 00:58:59.999,0.404783565630717,0.4082,0.0622247564812227,0.062485,-0.8959980286063927,-0.9044027605713797,-2.7728287510443903,-2.7770023442560636,0.03790371321886943,0.042896622138250295,0.021835789799023345,0.015098007344882008,0.02183950836496175,0.01509823856081546,1.0639787409108237,1.3949411904589017,1.4155842422996223,0.015090113108794918,0.0428966221382502,0.4082,178942.0,0.062485,77709.0,0,2.5,0
481,2023-01-21 00:59:59.999,0.4048042823446398,0.40825,0.0622062997125951,0.0625,-0.8958755471315626,-0.9043515821502136,-2.772588722239781,-2.7772990028126574,0.03819740365515745,0.04282288520710764,0.02184562699314058,0.015097833924179408,0.021849411250641628,0.015098135695345455,1.0827821881052293,1.3894217090553411,1.3949411904589017,0.015091888695944869,0.0428228852071077,0.40825,147153.0,0.0625,256415.2,0,2.5,0
482,2023-01-21 01:00:59.999,0.4047782841166614,0.40865,0.0622325186528679,0.062525,-0.8948962350199983,-0.9044158084047412,-2.772188802218454,-2.7768776079295305,0.03778869611061564,0.04347527126815365,0.021855737692174467,0.01509769026334215,0.021859425023444647,0.01509788846333155,1.0550661521880116,1.431976229401947,1.3894217090553411,0.015093673834584626,0.0434752712681536,0.40865,425797.0,0.062525,485938.0,0,2.5,0
483,2023-01-21 01:01:59.999,0.4048098633774508,0.40895,0.0622900618334817,0.062545,-0.894162379801154,-0.9043377952547139,-2.7718689813154325,-2.7759533870454933,0.03711117848620893,0.043947679749844815,0.02186584136082565,0.015097866244247901,0.021869369557336964,0.015097900127518084,1.0095317097171406,1.4625800779916214,1.431976229401947,0.015095263724514838,0.043947679749845,0.40895,172131.0,0.062545,201729.3,0,2.5,0
484,2023-01-21 01:02:59.999,0.4048469987111549,0.4094,0.0623447365883412,0.06255,-0.8930626057549479,-0.9042460642129133,-2.771789042069217,-2.7750760276072146,0.03648568698163679,0.04498210517469403,0.02187606594841585,0.015098561085363458,0.021879447022480465,0.015098449384159461,0.9674000016505312,1.5303471036506369,1.4625800779916214,0.015096422369873031,0.0449821051746939,0.4094,195839.0,0.06255,221020.9,0,2.5,0
485,2023-01-21 01:03:59.999,0.4049400192526581,0.40925,0.06239578336684,0.062555,-0.8934290627308927,-0.904016323454297,-2.771709109212774,-2.7742575801393565,0.036046364467712255,0.044550304800894835,0.021885982772544273,0.01509938137446406,0.021889259880087702,0.015099170463687887,0.9376081038141191,1.5010099729436772,1.5303471036506369,0.015097141590393642,0.0445503048008948,0.40925,342916.0,0.062555,394684.4,0,2.5,0
486,2023-01-21 01:04:59.999,0.4048945672815093,0.40885,0.0623947224848637,0.06254,-0.8944069383741509,-0.9041285734667126,-2.771948926952442,-2.7742745827465516,0.03594801372245615,0.043768475022541775,0.021895659863049217,0.0151000063209595,0.021898911969936374,0.015099771923827212,0.9304181429621798,1.4485301989001216,1.5010099729436772,0.015097756953243245,0.043768475022542,0.40885,79778.0,0.06254,292773.6,0,2.5,0
487,2023-01-21 01:05:59.999,0.4047908439364759,0.4092,0.0623312873426409,0.062565,-0.8935512449046656,-0.9043847799986909,-2.771549262665119,-2.7752917747144514,0.03652333983438261,0.044297451498578555,0.02190544733457939,0.01510082038257035,0.02190883032289223,0.015100710027340139,0.9678028043072486,1.4828336207378796,1.4485301989001216,0.015097891379378184,0.0442974514985785,0.4092,181862.0,0.062565,114177.4,0,2.5,0
488,2023-01-21 01:06:59.999,0.4048784531724628,0.40955,0.062317745208657,0.06255,-0.892696283020526,-0.9041683725428528,-2.771789042069217,-2.775509058936559,0.03691737248722371,0.045348427909115974,0.021915704079048384,0.015101691986722964,0.021919175883817688,0.015101668516040853,0.993148312550701,1.551662148232732,1.4828336207378796,0.015097959019474926,0.0453484279091158,0.4095499999999999,246818.0,0.06255,303255.9,0,2.5,0
489,2023-01-21 01:07:59.999,0.4050033524935109,0.40905,0.0622806130061598,0.06252,-0.8939178810224298,-0.9038599341481032,-2.772268773428861,-2.77610508931976,0.03771305295233096,0.04451900001712028,0.02192605147104851,0.015101861743138198,0.02192970502380974,0.01510202345756048,1.045114780338899,1.4960373052241245,1.551662148232732,0.015098161411712956,0.0445190000171202,0.40905,120435.0,0.06252,365807.9,0,2.5,0
490,2023-01-21 01:08:59.999,0.4049643900953982,0.40855,0.0622526771881849,0.06248,-0.8951409731514205,-0.9039561414316628,-2.7729087734507063,-2.7765537375229816,0.037983605964154066,0.04381909419618013,0.021936057293129065,0.015102044252312713,0.02193977114378193,0.015102269459883494,1.0623459515796445,1.449011573363647,1.4960373052241245,0.01509826582174164,0.0438190941961798,0.4085499999999999,145968.0,0.06248,158558.3,0,2.5,0
491,2023-01-21 01:09:59.999,0.404945270814838,0.4085,0.0622265191364042,0.062429998,-0.8952633646820796,-0.9040033547975147,-2.773709381944365,-2.776974017424171,0.03827996241446752,0.04435118295879237,0.021945889349184493,0.015102807867051093,0.021949669509579144,0.015103103955524307,1.0812540887606876,1.4835184163660178,1.449011573363647,0.015098373049429997,0.0443511567701464,0.4085,120981.0,0.06243,152920.8,0,2.5,0
492,2023-01-21 01:10:59.999,0.4049875478871784,0.40865,0.0621841314125956,0.06242,-0.8948962350199983,-0.9038989583058488,-2.7738695421395034,-2.7776554337701462,0.03894140217195741,0.04484924014951597,0.02195609009366682,0.015103391852837095,0.021960020968945292,0.015103853997088502,1.124307822777255,1.5157621730875497,1.4835184163660178,0.015098455600419603,0.0448492401495159,0.40865,185839.0,0.06242,279884.0,0,2.5,0
493,2023-01-21 01:11:59.999,0.4049622884721303,0.4095,0.0621729363744295,0.06247,-0.892818375689013,-0.9039613310946868,-2.7730688374766586,-2.777835480443738,0.039026213681897515,0.04627254057097996,0.021966812109193518,0.015104209315042886,0.021970760130848855,0.01510469056390308,1.1291494836582405,1.6092023061133953,1.5157621730875497,0.015098527972275896,0.04627254057098,0.4095,180569.0,0.06247,146893.3,0,2.5,0
494,2023-01-21 01:12:59.999,0.4050145644789255,0.41025,0.0622202018442333,0.06251,-0.8909885490119368,-0.9038322508458443,-2.772428735038416,-2.7770755434768715,0.038534061739372794,0.047579097216794985,0.02197803223171294,0.015105227880773685,0.021981863759023203,0.015105579270795177,1.0957671787106686,1.6948479815831,1.6092023061133953,0.015098751737716602,0.0475790972167948,0.41025,336193.0,0.06251,217517.1,0,2.5,0
495,2023-01-21 01:13:59.999,0.4050503469862505,0.41015,0.0622639940033353,0.06252,-0.8912323325333781,-0.9037439060555891,-2.772268773428861,-2.7763719656353576,0.03804724671593551,0.04720454850617195,0.02198945224671114,0.015105646393779973,0.021993168468527672,0.015105873233322886,1.0627706190459256,1.6692497363001684,1.6948479815831,0.01509895506402053,0.0472045485061722,0.41015,99588.0,0.0625199999999999,250874.8,0,2.5,0
496,2023-01-21 01:14:59.999,0.4049986999688419,0.4098,0.0622842289825987,0.062515,-0.8920860431773376,-0.9038714218342265,-2.772348751035174,-2.776047031582405,0.03765410430960814,0.04641621784212724,0.02200081117032019,0.015105560527461353,0.022004433779239257,0.015105689151332051,1.036011688946271,1.616319144689847,1.6692497363001684,0.015099007083918058,0.0464162178421272,0.4098,76636.0,0.062515,105205.8,0,2.5,0
497,2023-01-21 01:15:59.999,0.4050087737829856,0.41005,0.0622849294224792,0.062535,-0.8914761754997168,-0.9038465484485588,-2.772028878981267,-2.7760357857830518,0.03766978449520708,0.046764596967841965,0.022012281241179096,0.015105547389344814,0.02201590482443622,0.015105677025930091,1.036291166817597,1.6386242145797851,1.616319144689847,0.015099060094393994,0.0467645969678418,0.41005,438089.0,0.062535,255155.7,0,2.5,0
498,2023-01-21 01:16:59.999,0.405194235796398,0.41030002,0.0623052292902086,0.062565,-0.890866630789177,-0.9033887322853036,-2.771549262665119,-2.775709919468749,0.03786121192708958,0.04698206561406715,0.022023875326465697,0.015105486534466382,0.02202754052817841,0.015105659562284556,1.0481946407983598,1.652259940827065,1.6386242145797851,0.015099194405143587,0.0469820168692476,0.4103,60610.0,0.062565,196856.8,0,2.5,0
499,2023-01-21 01:17:59.999,0.4053086519610032,0.41015,0.0623210820758034,0.06257,-0.8912323325333781,-0.9031063985216774,-2.771469348971865,-2.7754555143514583,0.037935574957088436,0.04655103613750822,0.022035503159759533,0.01510502868583472,0.022039182880147716,0.01510521707385075,1.0523775990256774,1.6230047282690034,1.652259940827065,0.015099302438419492,0.0465510361375081,0.41015,124849.0,0.06257,204927.9,0,2.5,0
500,2023-01-21 01:18:59.999,0.4052388840588861,0.40975,0.0623143621195895,0.06255,-0.892208061358198,-0.9032785485787412,-2.771789042069217,-2.77556334814246,0.03785157671419903,0.045836649571443955,0.022047189027840725,0.01510390982690673,0.022050846604255065,0.015104075252378233,1.0461236352391743,1.5750531363226032,1.6230047282690034,0.015099501279816229,0.0458366495714437,0.4097499999999999,200535.0,0.06255,191150.4,0,2.5,0
501,2023-01-21 01:19:59.999,0.4050426693221509,0.4098,0.0622897098357753,0.06256,-0.8920860431773376,-0.9037628610741987,-2.771629182745081,-2.775959038006347,0.037690732206169364,0.04582798617926187,0.022058977365048495,0.015102592388845058,0.022062594989404227,0.01510271656343802,1.0347898109005833,1.5738363455912,1.5750531363226032,0.015100006449705444,0.0458279861792618,0.4098,181092.0,0.06256,117979.6,0,2.5,0
502,2023-01-21 01:20:59.999,0.4049754173775802,0.4099,0.0623089745991382,0.062575,-0.8918420514718453,-0.9039289115509213,-2.771389441664299,-2.7756498090027857,0.03727189364320771,0.04587599468684611,0.022070896614268868,0.015101065551703464,0.02207441454924432,0.015101088345372589,1.0063830332215982,1.5763853213584604,1.5738363455912,0.015100804606848251,0.0458759946868463,0.4099,107522.0,0.062575,234589.5,0,2.5,0
503,2023-01-21 01:21:59.999,0.4050141251847508,0.41015,0.0623345424325424,0.06259,-0.8912323325333781,-0.9038333354844017,-2.7711497580455267,-2.775239553670271,0.0370320947637115,0.046289777401367194,0.02208283878248845,0.01509981429121074,0.02208629845755932,0.015099779225143467,0.989802306596981,1.6031282340319282,1.5763853213584604,0.015100804606848251,0.046289777401367,0.41015,94525.0,0.06259,378886.1,0,2.0,0
504,2023-01-21 01:22:59.999,0.4051621273858072,0.40985,0.0623499921096527,0.062615,-0.8919640398830975,-0.903467977447226,-2.7707504129661413,-2.7749917334053746,0.037194865043034375,0.04523161400385067,0.022094552401498848,0.015098139751883243,0.022098047035296935,0.015098139850350644,0.9999124499689164,1.5324445251254122,1.6031282340319282,0.015100804606848251,0.0452316140038506,0.40985,421246.0,0.062615,494580.4,0,2.0,0
505,2023-01-21 01:23:59.999,0.4051825945007671,0.4098,0.0623609733714339,0.06263,-0.8920860431773376,-0.903417462859023,-2.7705108824448157,-2.774815626007485,0.03710141560596081,0.04491379963954767,0.022106190737483038,0.01509634713811591,0.022109661051037413,0.015096323415088285,0.9930732233743498,1.5108031561144346,1.5324445251254122,0.015100804606848251,0.0449137996395476,0.4098,125517.0,0.0626299999999999,353886.1,0,2.0,0
506,2023-01-21 01:24:59.999,0.4051811268588651,0.4102,0.0623566107331935,0.062645,-0.8911104333438568,-0.9034210850396891,-2.770271409284621,-2.77488558628251,0.03715498445146781,0.045693645294461294,0.022118007868979883,0.015094825759710502,0.02212148784504618,0.015094811996305291,0.9959379825400495,1.5618356780511495,1.5108031561144346,0.015100804606848251,0.0456936452944614,0.4102,150811.0,0.062645,230779.9,0,2.0,0
507,2023-01-21 01:25:59.999,0.4052134249646677,0.4105,0.0623758114969734,0.062645,-0.8903793500896542,-0.9033413754568765,-2.770271409284621,-2.774577715023566,0.036983015875180825,0.04642472854866386,0.022129962539529254,0.01509362084983176,0.0221333999506229,0.015093565227951689,0.9838375294564602,1.6096048953956206,1.5618356780511495,0.015100804606848251,0.0464247285486638,0.4105,85651.0,0.062645,66196.2,0,2.0,0
508,2023-01-21 01:26:59.999,0.4052175233796389,0.4106,0.0623984602382869,0.06265,-0.8901357743973038,-0.9033312612948259,-2.7701915976400597,-2.7742146795796834,0.03669635633864843,0.04660305993127667,0.022142287174185878,0.015091861682194938,0.0221456553919976,0.015091739063182038,0.964150048296877,1.6207922701775819,1.6096048953956206,0.015100804606848251,0.0466030599312765,0.4105999999999999,58045.0,0.06265,133084.6,0,2.0,0
509,2023-01-21 01:27:59.999,0.4052256652978096,0.4106,0.0624303702525887,0.06265,-0.8901357743973038,-0.9033111687867149,-2.7701915976400597,-2.7737034192422856,0.03629850447293792,0.04660305993127667,0.022154747670792986,0.01508983035515697,0.022158020930872168,0.015089617914408972,0.9371001719376275,1.6201846995667808,1.6207922701775819,0.015100804606848251,0.0466030599312765,0.4105999999999999,128728.0,0.06265,228196.7,0,2.0,0
510,2023-01-21 01:28:59.999,0.405249906349089,0.4101,0.062443087058617,0.062615,-0.8913542465841234,-0.9032513494605449,-2.7707504129661413,-2.7734997441563856,0.03619182377942576,0.04584140730282471,0.022166895996970797,0.015087769404361524,0.02217014175669828,0.015087531745740249,0.929355593679947,1.569119375526124,1.6201846995667808,0.015100804606848251,0.0458414073028246,0.4101,119872.0,0.062615,392569.5,0,2.0,0
511,2023-01-21 01:29:59.999,0.4052034809419848,0.41005,0.0623889958555108,0.0626,-0.8914761754997168,-0.9033659159683367,-2.7709900008760844,-2.774366367627353,0.036785703394710545,0.045915336371259774,0.022179182551655772,0.015085491803120264,0.02218256290824986,0.01508538233646395,0.9680325072810648,1.5734424922556682,1.569119375526124,0.015100804606848251,0.0459153363712596,0.41005,131998.0,0.0626,163605.2,0,2.0,0
512,2023-01-21 01:30:59.999,0.4051638396346929,0.4099,0.0623468339080088,0.062595,-0.8918420514718453,-0.903463751372892,-2.7710698762705115,-2.775042387487687,0.037240499744568334,0.04561475682301874,0.02219137109625674,0.01508315032046373,0.02219485388465024,0.01508314205367862,0.997514032976214,1.5529504930400941,1.5734424922556682,0.015100804606848251,0.0456147568230185,0.4099,318009.0,0.062595,158415.3,0,2.0,0
513,2023-01-21 01:31:59.999,0.4051859640867666,0.4097,0.0623249096064194,0.062615,-0.8923300944293117,-0.9034091466775429,-2.7707504129661413,-2.77539409993186,0.037582621828795126,0.044865559457636484,0.022203312029444047,0.01508067677246486,0.02220687123097132,0.015080746148608347,1.0195616613600171,1.502734112673937,1.5529504930400941,0.015100804606848251,0.0448655594576363,0.4096999999999999,197126.0,0.062615,281825.6,0,2.0,0
514,2023-01-21 01:32:59.999,0.4051158317701637,0.40995,0.0623565280670655,0.06266,-0.8917200779399503,-0.9035822483962769,-2.7700319934580917,-2.7748869119828936,0.03699490482654533,0.04488828338884421,0.022215498726783446,0.015077731454120254,0.022218919093851198,0.015077662708211648,0.9799917943944177,1.5037265208663089,1.502734112673937,0.015100804606848251,0.0448882833888442,0.40995,227002.0,0.06266,385980.7,0,2.0,0
515,2023-01-21 01:33:59.999,0.4051107998550711,0.4101,0.0624400524117236,0.06266,-0.8913542465841234,-0.9035946694026873,-2.7700319934580917,-2.773548343941863,0.03588823312082723,0.045254114744671115,0.02222773959107535,0.015074964599324857,0.022230901010545326,0.01507465227390577,0.9059799099925343,1.5274579918169104,1.5037265208663089,0.015100804606848251,0.045254114744671,0.4101,122127.0,0.06266,120194.6,0,2.0,0
516,2023-01-21 01:34:59.999,0.4051108797267393,0.41015,0.0624753246263402,0.062665,-0.8912323325333781,-0.9035944722426501,-2.7699522009186515,-2.7729836061747375,0.035426769253811274,0.045310800103705806,0.02223984461677006,0.015072499345003995,0.022242896439180853,0.015072089951174261,0.874720948278528,1.530665549146828,1.5274579918169104,0.015100804606848251,0.0453108001037056,0.41015,187874.0,0.062665,164874.5,0,2.0,0
517,2023-01-21 01:35:59.999,0.4051058777635222,0.4104,0.0625304309339433,0.062665,-0.8906229851255774,-0.9036068194649729,-2.7699522009186515,-2.7721019457915697,0.03469368355480218,0.045920147511506526,0.022252181689563336,0.015070064930373682,0.022255061000339832,0.015069509374904488,0.8254165577000535,1.570528456996921,1.530665549146828,0.015100804606848251,0.0459201475115065,0.4104,63477.0,0.062665,101151.8,0,2.0,0
518,2023-01-21 01:36:59.999,0.4051539654997195,0.4102,0.0625272873988705,0.062645,-0.8911104333438568,-0.9034881223910562,-2.770271409284621,-2.7721522191391945,0.03485347801346794,0.045693645294461294,0.022264392669353678,0.015067682227064007,0.022267306135066275,0.015067155498944362,0.8353382879259116,1.5549340815686217,1.570528456996921,0.015100804606848251,0.0456936452944614,0.4102,64561.0,0.062645,96414.5,0,2.0,0
519,2023-01-21 01:37:59.999,0.4051135154917878,0.41055,0.0624615522716341,0.062645,-0.8902575548273393,-0.9035879659832384,-2.770271409284621,-2.77320407518443,0.03561350420585341,0.04654652381097879,0.022276846288539168,0.015065513375471788,0.022279932763410105,0.015065135906387422,0.8850614773936452,1.6109426156000208,1.5549340815686217,0.015100804606848251,0.0465465238109787,0.4105499999999999,400875.0,0.062645,71290.3,0,2.0,0
520,2023-01-21 01:38:59.999,0.4051867677954272,0.4109,0.0624174267813707,0.06264,-0.889405403092773,-0.9034071631244716,-2.770351227299589,-2.773910767254375,0.03637201269334356,0.04746392506295416,0.022289510730657092,0.015063685369595911,0.02229276981465679,0.015063465337490707,0.9346616175791664,1.6711988942034295,1.6109426156000208,0.015100804606848251,0.0474639250629542,0.4109,129601.0,0.06264,14306.1,0,2.0,0
521,2023-01-21 01:39:59.999,0.4052947043709549,0.41105,0.0623899162939578,0.06266,-0.8890404173839945,-0.9031408113820257,-2.7700319934580917,-2.7743516145183356,0.03699874763043487,0.04756794394480002,0.022302093005605324,0.015062093614675412,0.022305494221672165,0.015062009683599852,0.9755174586536971,1.677446149622751,1.6711988942034295,0.015100804606848251,0.0475679439448,0.41105,197929.0,0.06266,379612.5,0,2.0,0
522,2023-01-21 01:40:59.999,0.4053949832502999,0.41095,0.0624213387558809,0.06266,-0.8892837263876281,-0.9028934198550639,-2.7700319934580917,-2.7738480948225446,0.03683452259227182,0.047324634941166455,0.022314484905730222,0.015060653653939554,0.02231784524770813,0.015060530410465086,0.9638888504535347,1.6606284567797691,1.677446149622751,0.015100804606848251,0.0473246349411664,0.41095,356839.0,0.06266,225316.5,0,2.0,0
523,2023-01-21 01:41:59.999,0.4054593598148177,0.4108,0.0624405959637375,0.062645,-0.8896488009277339,-0.9027346328541589,-2.770271409284621,-2.7735396387978555,0.03674115340060713,0.04715527771058414,0.022326807647246465,0.015059195136225997,0.022330143529161153,0.015059048725108787,0.9569668134095151,1.648724904534305,1.6606284567797691,0.015100804606848251,0.0471552777105841,0.4108,135517.0,0.062645,94537.1,0,2.0,0
524,2023-01-21 01:42:59.999,0.4054719545784869,0.41085,0.0624299853662077,0.06264,-0.8895270946049402,-0.9027035703869766,-2.770351227299589,-2.77370958431172,0.03691114268487361,0.04734223355078704,0.022339189464277057,0.015057768131991887,0.022342561820958517,0.015057657136520167,0.9675197629902935,1.660474770719059,1.648724904534305,0.015100804606848251,0.0473422335507871,0.41085,232964.0,0.06264,62311.2,0,2.0,0
525,2023-01-21 01:43:59.999,0.4054316443459744,0.41035,0.0624092121682291,0.062645,-0.8907448249064164,-0.9028029909163691,-2.770271409284621,-2.774042383602017,0.03708377844621391,0.04605925373190167,0.02235121551058981,0.015055961286528637,0.02235462503684198,0.01505588686069378,0.9782986246944477,1.5746612102758721,1.660474770719059,0.015100804606848251,0.0460592537319017,0.41035,198076.0,0.062645,25102.0,0,2.0,0
526,2023-01-21 01:44:59.999,0.4052001862356741,0.41005,0.0624040588684738,0.062625,-0.8914761754997168,-0.9033740469935136,-2.770590719577108,-2.774124959753021,0.03658022660360394,0.045588932462580556,0.022363223046740113,0.015053804168376051,0.02236651325816267,0.015053615531110141,0.9442059494655545,1.5428465227833468,1.5746612102758721,0.015100804606848251,0.0455889324625804,0.41005,85889.0,0.062625,120185.5,0,2.0,0
527,2023-01-21 01:45:59.999,0.4049959144444157,0.4101,0.0623863567615955,0.062605,-0.8913542465841234,-0.9038782997180462,-2.770910131861226,-2.774408669153421,0.036307900236396295,0.045971974078126476,0.022375378075396458,0.015051662535689495,0.022378602449884072,0.01505141281669699,0.9254478603536825,1.5677069524233187,1.5428465227833468,0.015100804606848251,0.0459719740781263,0.4101,47494.0,0.062605,222004.0,0,2.0,0
528,2023-01-21 01:46:59.999,0.4049789716668123,0.4102,0.0623759901624759,0.062595,-0.8911104333438568,-0.9039201350339218,-2.7710698762705115,-2.7745748506881394,0.036401914765283094,0.04634637495100724,0.022387754360389502,0.015049386392642687,0.022390997628245295,0.015049154701387641,0.9310102404453249,1.5919998307924754,1.5677069524233187,0.015100804606848251,0.0463463749510069,0.4102,72273.0,0.062595,80717.7,0,2.0,0
529,2023-01-21 01:47:59.999,0.4050936773662145,0.41035,0.0623740670638954,0.062605,-0.8907448249064164,-0.9036369364830122,-2.770910131861226,-2.774605681913766,0.036710317182689134,0.04658139575583353,0.02240030498694075,0.015046949367000254,0.022403616723158232,0.015046782630163746,0.9508145901470506,1.607042741961024,1.5919998307924754,0.015100804606848251,0.0465813957558336,0.41035,74110.0,0.062605,108304.6,0,2.0,0
530,2023-01-21 01:48:59.999,0.4052498614212756,0.41030002,0.06238309189398,0.062605,-0.890866630789177,-0.9032514603250144,-2.770910131861226,-2.774461003561426,0.03697752188688708,0.04645958987307286,0.02241285740076338,0.015044396236000786,0.022416228070628253,0.015044286604829898,0.9678952680670141,1.598384680587339,1.607042741961024,0.015100804606848251,0.0464595411282533,0.4103,50582.0,0.062605,73252.7,0,2.0,0
531,2023-01-21 01:49:59.999,0.405300634842314,0.41030002,0.062366916443821,0.06259,-0.890866630789177,-0.9031261789974749,-2.7711497580455267,-2.7747203293997993,0.03731479653212899,0.046655479145568224,0.022425530893199343,0.015041752105589485,0.022428976684830664,0.015041716600114304,0.9896357073490673,1.6108461356283807,1.598384680587339,0.015100804606848251,0.0466554304007487,0.4103,105870.0,0.06259,42775.7,0,2.0,0
532,2023-01-21 01:50:59.999,0.405263115126207,0.4102,0.0623347664310829,0.062575,-0.8911104333438568,-0.9032187558395438,-2.771389441664299,-2.7752359601869587,0.03764373681293953,0.04660761281483461,0.022438238080930577,0.015038987855711804,0.02244175705772576,0.015039026192554109,1.0108353799357261,1.6071144525011707,1.6108461356283807,0.015100804606848251,0.0466076128148347,0.4102,432320.0,0.062575,38722.1,0,2.0,0
533,2023-01-21 01:51:59.999,0.4051404222599912,0.41025,0.0623166016605526,0.062575,-0.8909885490119368,-0.903521550340044,-2.771389441664299,-2.7755274093854228,0.037579195788883135,0.04672949714675456,0.022451154057858146,0.015035883963302158,0.022454655108941464,0.015035904948924875,1.0058949382373645,1.6146934326011146,1.6071144525011707,0.015100804606848251,0.0467294971467544,0.41025,312948.0,0.062575,71367.6,0,2.0,0
534,2023-01-21 01:52:59.999,0.4050756962569253,0.41035,0.0623236465035385,0.06258,-0.8907448249064164,-0.9036813250019504,-2.771309540741401,-2.7754143665586124,0.03732701103761471,0.04690790395940947,0.0224641413620398,0.015032772122478005,0.022467581044908484,0.015032732630938024,0.9884716476713533,1.6260316060282536,1.6146934326011146,0.015100804606848251,0.0469079039594095,0.41035,62680.0,0.06258,52382.6,0,2.0,0
535,2023-01-21 01:53:59.999,0.4051113689407066,0.41015,0.0623377259673546,0.062555,-0.8912323325333781,-0.9035932646382723,-2.771709109212774,-2.775188483214046,0.03723041660588655,0.04674703499840949,0.022477091880477546,0.01502958712958608,0.02248050621158734,0.015029523394397124,0.9813957506994434,1.6148110329761496,1.6260316060282536,0.015100804606848251,0.0467470349984093,0.41015,159456.0,0.062555,562894.4,0,2.0,0
536,2023-01-21 01:54:59.999,0.4051540453713876,0.4101,0.0623055701768764,0.06254,-0.8913542465841234,-0.903487925252025,-2.771948926952442,-2.7757044482468447,0.037757546353663574,0.046821166812569204,0.02249004612820305,0.015026446342381318,0.0224935794538743,0.015026502160923725,1.0158030615723115,1.6192198827304551,1.6148110329761496,0.015100804606848251,0.046821166812569,0.4101,50942.0,0.06254,270919.7,0,2.0,0
537,2023-01-21 01:55:59.999,0.4052269132926242,0.4102,0.0622696006334701,0.06256,-0.8911104333438568,-0.9033080890388121,-2.771629182745081,-2.776281923584376,0.03840945628487735,0.046803596012742754,0.022503103328947175,0.015023060076794157,0.022506784502970764,0.015023270052422414,1.0585359729549944,1.6175461297217402,1.6192198827304551,0.015100804606848251,0.0468035960127428,0.4102,172485.0,0.06256,433075.6,0,2.0,0
538,2023-01-21 01:56:59.999,0.4052568801441131,0.41025,0.0622731632769232,0.062555,-0.8909885490119368,-0.9032341409802693,-2.771709109212774,-2.776224712015559,0.038436635111474216,0.04699081851985076,0.022516219516916826,0.015019698546780072,0.022519903945427484,0.015019912794715175,1.0597086270465637,1.629500014711068,1.6175461297217402,0.015100804606848251,0.0469908185198506,0.41025,39068.0,0.062555,110787.4,0,2.0,0
539,2023-01-21 01:57:59.999,0.4052164251442021,0.41015,0.0622675459801913,0.062545,-0.8912323325333781,-0.9033339715352812,-2.7718689813154325,-2.7763149202176676,0.038410547829284325,0.04687772701762072,0.022529174770275856,0.015016568612511287,0.022532850163254105,0.0150167740642344,1.0573307954233853,1.6214458093347963,1.629500014711068,0.015100804606848251,0.0468777270176206,0.41015,101187.0,0.062545,105099.3,0,2.0,0
540,2023-01-21 01:58:59.999,0.4051361091899118,0.41015,0.0622744943793611,0.06256,-0.8912323325333781,-0.9035321962613118,-2.771629182745081,-2.776203337026049,0.03812110623439324,0.04668169682322143,0.022542008555095305,0.015013513068842823,0.02254561399311412,0.015013645992866238,1.0374223721992544,1.607864072681472,1.6214458093347963,0.015100804606848251,0.0466816968232213,0.41015,61533.0,0.06256,352824.9,0,2.0,0
541,2023-01-21 01:59:59.999,0.4051230701400886,0.41015,0.0623221994018564,0.062565,-0.8912323325333781,-0.9035643811477209,-2.771549262665119,-2.7754375859715283,0.037462936264506363,0.04661636386986612,0.022554842437229817,0.015010389867840078,0.02255829258622942,0.015010365877822273,0.9929567206818367,1.6029911044608087,1.607864072681472,0.015100804606848251,0.046616363869866,0.41015,56315.0,0.062565,105841.4,0,2.0,0
542,2023-01-21 02:00:59.999,0.4051482347075307,0.41,0.0623410477234884,0.062565,-0.8915981192837836,-0.9035022672179799,-2.771549262665119,-2.775135198183463,0.03727785465512656,0.04625057711946057,0.0225675473647429,0.015007212737925067,0.022570951740417598,0.015007144319129187,0.9799934352575319,1.5781098174791477,1.6029911044608087,0.015100804606848251,0.0462505771194607,0.41,215305.0,0.062565,97992.4,0,2.0,0
543,2023-01-21 02:01:59.999,0.405173748713521,0.4099,0.0623284486944704,0.06257,-0.8918420514718453,-0.9034392947045328,-2.771469348971865,-2.77533731705653,0.03750605501760129,0.04594131719904104,0.022580089383878992,0.015004100762860169,0.02258354366891341,0.0150040823296552,0.9945634141978752,1.5569895313545468,1.5781098174791477,0.015100804606848251,0.045941317199041,0.4099,150825.0,0.06257,226888.9,0,2.0,0
544,2023-01-21 02:02:59.999,0.4051258157286808,0.4098,0.0623089057106981,0.062595,-0.8920860431773376,-0.9035576039990197,-2.7710698762705115,-2.7756509145975836,0.0376441049951729,0.04537076511752636,0.02259239420487546,0.015000989081613306,0.022595877590848683,0.015001000435433905,1.0031482546176558,1.5184579355884154,1.5569895313545468,0.015100804606848251,0.0453707651175259,0.4098,242311.0,0.062595,48851.3,0,2.0,0
545,2023-01-21 02:03:59.999,0.4051580888745871,0.41005,0.0623223296232302,0.06261,-0.8914761754997168,-0.9034779451393533,-2.770830269224918,-2.7754354964875403,0.03754766416447386,0.045784759168134515,0.022604795345895483,0.014998012460503956,0.022608253542798648,0.014997999323490843,0.9960935655115102,1.5455357090335522,1.5184579355884154,0.015100804606848251,0.0457847591681344,0.41005,99775.0,0.06261,196033.0,0,2.0,0
546,2023-01-21 02:04:59.999,0.4051815961049154,0.41015,0.0623480481223194,0.06262,-0.8912323325333781,-0.9034199269260765,-2.7706705630838777,-2.775022912521419,0.0372684038236446,0.04589804578532963,0.02261714758032063,0.014995217134939084,0.022620538289934912,0.014995138062186294,0.9768409915909789,1.5525549243807986,1.5455357090335522,0.015100804606848251,0.045898045785329,0.41015,546950.0,0.06262,33432.3,0,2.0,0
547,2023-01-21 02:05:59.999,0.4051451896001831,0.41015,0.0623903331801303,0.06261,-0.8912323325333781,-0.9035097832788445,-2.770830269224918,-2.774344932592722,0.036624313402564224,0.04602860213447324,0.02262948637160303,0.01499254551612836,0.0226327251651765,0.014992321947645685,0.9332502521122079,1.560716673342656,1.5525549243807986,0.015100106505200748,0.0460286021344731,0.41015,105041.0,0.06261,80465.6,0,2.0,0
548,2023-01-21 02:06:59.999,0.4051135853794974,0.41005,0.0624167010083219,0.062584996,-0.8914761754997168,-0.9035877934693606,-2.7712297101152306,-2.7739223950529857,0.036200887824733075,0.046111293539312315,0.02264181536772074,0.014989950769497593,0.02264495331552379,0.014989635097422417,0.9043538699311188,1.5656808039255612,1.560716673342656,0.015098549694048849,0.0461112412917383,0.41005,78970.0,0.062585,192968.1,0,2.0,0
549,2023-01-21 02:07:59.999,0.4050760307195356,0.4101,0.0624351293326905,0.06259,-0.8913542465841234,-0.9036804993230088,-2.7711497580455267,-2.7736271919397897,0.03586685974976245,0.04616786335062184,0.022654202110456042,0.014987276911417222,0.02265725988820177,0.014986890213018219,0.8814103308828061,1.5689081731887682,1.5656808039255612,0.015096777523903874,0.0461678633506217,0.4101,75461.0,0.06259,185021.4,0,2.0,0
550,2023-01-21 02:08:59.999,0.4050806233404534,0.41055,0.0624354804415138,0.062605,-0.8902575548273393,-0.9036691617109682,-2.770910131861226,-2.773621568377545,0.03587360022013342,0.04706866583491065,0.02266697654939299,0.014984562169506242,0.022670032930709984,0.014984174798619125,0.8811674627981658,1.6284552734664066,1.5689081731887682,0.015095189851001039,0.0470686658349106,0.4105499999999999,511046.0,0.062605,154336.2,0,2.0,0
551,2023-01-21 02:09:59.999,0.4051817907921065,0.41099998,0.0624099463856673,0.062625,-0.8891621131477041,-0.9034194464325246,-2.770590719577108,-2.774030619102933,0.03645770570407125,0.04790299481459326,0.02267989702402625,0.014982252346245067,0.02268308559349629,0.014981984466888658,0.9194122541655237,1.6835317686321414,1.6284552734664066,0.015093876920040088,0.0479030434763949,0.411,141078.0,0.062625,82902.5,0,2.0,0
552,2023-01-21 02:10:59.999,0.4052719060016812,0.4108,0.0623918758367453,0.06261,-0.8896488009277339,-0.9031970643018671,-2.770830269224918,-2.7743202070068036,0.03691681974271421,0.04761213374011741,0.022692658270912117,0.014980004868826018,0.022695950138875966,0.014979833995933948,0.9493342588241158,1.663515845783449,1.6835317686321414,0.01509219560437445,0.0476121337401174,0.4108,195605.0,0.06261,138474.3,0,2.0,0
553,2023-01-21 02:11:59.999,0.4052666843913768,0.41055,0.062351671209823,0.06261,-0.8902575548273393,-0.9032099485997065,-2.770830269224918,-2.7749648035292895,0.03743087929373501,0.04700337984051206,0.02270527860254344,0.01497751471258157,0.02270868651753793,0.01497745651510963,0.9829568032025306,1.6223052825685074,1.663515845783449,0.015090148201602238,0.047003379840512,0.4105499999999999,92038.0,0.06261,155514.3,0,2.0,0
554,2023-01-21 02:12:59.999,0.4052895975761734,0.4104,0.0623588249409883,0.062605,-0.8906229851255774,-0.9031534116625131,-2.770910131861226,-2.7748500781229453,0.037393630668840494,0.04670323553667255,0.022717770026790974,0.014975021005519566,0.02272116643054984,0.014974952077697674,0.9798004135280327,1.6016982881720765,1.6223052825685074,0.01508805328790743,0.0467032355366725,0.4104,134404.0,0.062605,159983.7,0,2.0,0
555,2023-01-21 02:13:59.999,0.405348602771009,0.41045,0.062373702177384,0.062595,-0.890501160187862,-0.9030078345236253,-2.7710698762705115,-2.774611531902325,0.037344201382406905,0.046955648107002035,0.022730319371169948,0.01497261152492239,0.022733701431343803,0.014972529117239107,0.9758204399977308,1.6179761757331548,1.6016982881720765,0.015085919688783025,0.0469556481070014,0.41045,38246.0,0.062595,23310.9,0,2.0,0
556,2023-01-21 02:14:59.999,0.4054005443151939,0.4106,0.0623706008642583,0.06259,-0.8901357743973038,-0.9028797023030917,-2.7711497580455267,-2.7746612546239358,0.03751298086271815,0.047386335537441426,0.022743058821958626,0.014970171455671,0.022746476994150423,0.014970125032013034,0.9863981654789207,1.6461586153809504,1.6179761757331548,0.015083702124374952,0.0473863355374413,0.4105999999999999,43837.0,0.06259,73668.8,0,2.0,0
557,2023-01-21 02:15:59.999,0.4053778707454017,0.41065,0.0623521814287208,0.06259,-0.8900140087959357,-0.9029356326766115,-2.7711497580455267,-2.7749566206401965,0.03769850588028667,0.047508101138809544,0.022755976849388296,0.014967457889016938,0.02275943496765511,0.014967451725100493,0.9981038313675441,1.6537293422141017,1.6461586153809504,0.015081345124875915,0.0475081011388094,0.41065,49798.0,0.06259,227282.0,0,2.0,0
558,2023-01-21 02:16:59.999,0.4052554474460659,0.4107,0.0623415326092178,0.062595,-0.8898922580196241,-0.9032376762702296,-2.7710698762705115,-2.775127420260868,0.03753608731777047,0.04756455027523987,0.02276907362042139,0.014964406395446004,0.022772491119541348,0.014964360624252954,0.9865838286669965,1.656963597457784,1.6537293422141017,0.015078433568310822,0.0475645502752395,0.4107,68657.0,0.062595,63920.2,0,2.0,0
559,2023-01-21 02:17:59.999,0.40513618906158,0.4108,0.0623536125305071,0.0626,-0.8896488009277339,-0.9035319991135915,-2.7709900008760844,-2.774933668991505,0.03708337696216191,0.04774271094324267,0.022782123949282567,0.014961596603858976,0.022785433658380663,0.014961446787562404,0.9556524517179222,1.6683103852380392,1.656963597457784,0.01507540488248224,0.0477427109432426,0.4108,79162.0,0.0626,359520.8,0,2.0,0
560,2023-01-21 02:18:59.999,0.4051317362160814,0.41095,0.0623707679742806,0.06258,-0.8892837263876281,-0.9035429901583057,-2.771309540741401,-2.7746585753199673,0.036847502733905135,0.04836900247819775,0.022795094808928384,0.014959484004803111,0.022798346928327825,0.014959280091580889,0.9391598873453945,1.7095447718021715,1.6683103852380392,0.015072730531857138,0.0483690024781977,0.41095,89502.0,0.06258,534568.4,0,2.0,0
561,2023-01-21 02:19:59.999,0.4052479395092611,0.4109,0.0623570467303526,0.06256,-0.889405403092773,-0.9032562028721559,-2.771629182745081,-2.774878594311174,0.03731415083221312,0.04850862626382646,0.022808038608272477,0.01495753571094087,0.02281139572750968,0.014957432438348676,0.969601912927281,1.7182367571922277,1.7095447718021715,0.01507015451897193,0.0485086262638265,0.4109,35377.0,0.06256,68494.2,0,2.0,0
562,2023-01-21 02:20:59.999,0.4053524166431625,0.41099998,0.0623320108934819,0.06258,-0.8891621131477041,-0.9029984256982699,-2.771309540741401,-2.7752801666333045,0.0379002047771293,0.04849061571812174,0.022820813432935114,0.014955898036662594,0.02282430322496108,0.014955926327275942,1.0080219186874082,1.7163664944933552,1.7182367571922277,0.015067743967934394,0.0484906643799234,0.411,88670.0,0.06258,229556.5,0,2.0,0
563,2023-01-21 02:21:59.999,0.4054279303134061,0.41105,0.0623370419718114,0.062584996,-0.8890404173839945,-0.9028121516457589,-2.7712297101152306,-2.775199455691549,0.03802049936371088,0.04854705165503459,0.02283342027665861,0.014954624392657137,0.02283693499063386,0.01495467819414773,1.0153053229202125,1.7194434780322279,1.7163664944933552,0.015065640804526657,0.0485469994074607,0.41105,104489.0,0.062585,185905.4,0,2.0,0
564,2023-01-21 02:22:59.999,0.4054030602727402,0.41099998,0.0623296971307803,0.06258,-0.8891621131477041,-0.9028734962193198,-2.771309540741401,-2.7753172872975167,0.03805547960389,0.04849061571812174,0.022845879291074622,0.014953574242735,0.022849399217090085,0.014953633587152291,1.016881970403803,1.7149569735480656,1.7194434780322279,0.015063882979714886,0.0484906643799234,0.411,51007.0,0.06258,204735.9,0,2.0,0
565,2023-01-21 02:23:59.999,0.4053021723719256,0.41095,0.0623230713961747,0.06259,-0.8892837263876281,-0.9031223854512451,-2.7711497580455267,-2.77542359435656,0.03789349411546783,0.04823838354711718,0.022858353800960365,0.014952273915219706,0.022861833352063002,0.014952292741083131,1.0053080837632093,1.6974026753431026,1.7149569735480656,0.015062373597072565,0.0482383835471171,0.41095,58497.0,0.06259,43637.6,0,2.0,0
566,2023-01-21 02:24:59.999,0.4052213572197095,0.41099998,0.0623421152720879,0.06261,-0.8891621131477041,-0.9033218001493591,-2.770830269224918,-2.775118074001274,0.0374443230716347,0.04809882152014722,0.02287085582269533,0.014950793809660136,0.022874228529765207,0.014950707207027866,0.9745421631306204,1.687399747373372,1.6974026753431026,0.015060900228748777,0.0480988701819489,0.411,91900.0,0.06261,307732.5,0,2.0,0
567,2023-01-21 02:25:59.999,0.4052423135486367,0.41115,0.0623742919513189,0.06262,-0.8887971675652325,-0.9032700857303476,-2.7706705630838777,-2.7746020764567443,0.0370742205514728,0.048333210753475186,0.022883337611394446,0.014949537671772315,0.02288662177777725,0.01494936619115689,0.9490434973817183,1.7023852978500558,1.687399747373372,0.015059419146447862,0.0483332107534746,0.41115,64962.0,0.06262,19753.5,0,2.0,0
568,2023-01-21 02:26:59.999,0.4053495512470682,0.41105,0.0623843398858483,0.062625,-0.8890404173839945,-0.9030054946242325,-2.770590719577108,-2.7744409984711464,0.037207133854905816,0.04802469057830283,0.02289570398341279,0.014948233775348123,0.02289901604772001,0.014948089172642212,0.9571870786917921,1.6810672734013237,1.7023852978500558,0.015058005033667322,0.0480246905783028,0.41105,345374.0,0.062625,43809.1,0,2.0,0
569,2023-01-21 02:27:59.999,0.4054034596310809,0.41099998,0.0623711079720652,0.06262,-0.8891621131477041,-0.9028725111301995,-2.7706705630838777,-2.7746531240986827,0.037513525505385004,0.04796826517100361,0.02290810185907213,0.014946812966908331,0.022911481961744265,0.014946734479764584,0.9769387128278421,1.6766225259802017,1.6810672734013237,0.015056329429650376,0.0479683138328048,0.411,54707.0,0.06262,130175.2,0,2.0,0
570,2023-01-21 02:28:59.999,0.4054025610748143,0.41105,0.0623424614920542,0.062605,-0.8890404173839945,-0.9028747275820848,-2.770910131861226,-2.775112520468106,0.03788685574450956,0.04828580327825538,0.022920676519582024,0.014945307099213797,0.022924140111163817,0.01494531153163295,1.0011645191654892,1.697196758172182,1.6766225259802017,0.01505418336350605,0.0482858032782553,0.41105,146621.0,0.062605,93955.7,0,2.0,0
571,2023-01-21 02:29:59.999,0.4053656204283013,0.4111,0.0623246251638284,0.062605,-0.8889187850783042,-0.9029658526345506,-2.770910131861226,-2.775398663809159,0.03802964674371345,0.04840743558394567,0.022933274963362282,0.014943846853380667,0.0229367686851351,0.014943881923603885,1.0099703768897643,1.704658838552036,1.697196758172182,0.015051963495300278,0.0484074355839456,0.4111,86268.0,0.062605,17730.3,0,2.0,0
572,2023-01-21 02:30:59.999,0.405322454783653,0.4114,0.0623460543575326,0.0626,-0.8881893017632803,-0.9030723440114661,-2.7709900008760844,-2.775054891015146,0.037642128471847114,0.04920221010769632,0.022945964737925255,0.014942872556572093,0.022949365840386243,0.014942815545424286,0.9832660107994183,1.7571082983119726,1.704658838552036,0.015049719230214979,0.0492022101076963,0.4114,1048956.0,0.0626,107598.1,0,2.0,0
573,2023-01-21 02:31:59.999,0.4053673276852077,0.41175,0.0623700079792326,0.0626,-0.8873389099243874,-0.9029616409964017,-2.7709900008760844,-2.77467076051029,0.03743881302787189,0.050052601946589226,0.022958730995449532,0.014942466858467146,0.022962082090573904,0.014942361129227673,0.9688382453145973,1.8132127183395395,1.7571082983119726,0.01504737564796972,0.0500526019465892,0.41175,272011.0,0.0626,239707.8,0,2.0,0
574,2023-01-21 02:32:59.999,0.4054511829527923,0.41165,0.0623828141180122,0.062605,-0.887581805237702,-0.9027547999665452,-2.770910131861226,-2.774465456315815,0.03747782227668417,0.04974441542454788,0.02297135196011336,0.014942059813998708,0.022974709162223193,0.014941960098314814,0.9706298918638304,1.7917920151378157,1.8132127183395395,0.015044910611163361,0.0497444154245476,0.4116499999999999,132711.0,0.062605,20514.6,0,2.0,0
575,2023-01-21 02:33:59.999,0.4054803061597865,0.41155,0.0623755261654992,0.0626,-0.8878247595634841,-0.9026829734130134,-2.7709900008760844,-2.774582289427008,0.037645157395866824,0.04956675230749252,0.022983901874489458,0.014941624157480975,0.022987294898215768,0.014941559495721506,0.9810128923857188,1.7791138468500132,1.7917920151378157,0.015042359101293203,0.0495667523074923,0.4115499999999999,47613.0,0.0626,93257.3,0,2.0,0
576,2023-01-21 02:34:59.999,0.4054499499339154,0.4114,0.0623448272544171,0.06259,-0.8881893017632803,-0.9027578410743372,-2.7711497580455267,-2.775074573338339,0.03797272128656004,0.049332808171465015,0.02299663657443954,0.014940631698976773,0.02300010245842753,0.014940639511523376,1.0021404248850572,1.7627214248798557,1.7791138468500132,0.015039698794444157,0.049332808171465,0.4114,134469.0,0.06259,77213.4,0,2.0,0
577,2023-01-21 02:35:59.999,0.4054711009500337,0.41115,0.0623171767679164,0.062565,-0.8887971675652325,-0.9027056756604538,-2.771549262665119,-2.7755181806294456,0.03838752615815644,0.04905152883801167,0.02300941076197368,0.014939311748484113,0.02301296968708273,0.014939414367034517,1.0291271192664273,1.743193964653725,1.7627214248798557,0.015036685259832185,0.0490515288380115,0.41115,116141.0,0.062565,373553.7,0,2.0,0
578,2023-01-21 02:36:59.999,0.4054074232626121,0.4112,0.0622961200162298,0.062535,-0.8886755648411817,-0.9028627341732917,-2.772028878981267,-2.7758561341613786,0.03850673741817723,0.04956520762637706,0.023022441174147076,0.014937919259165287,0.02302602467246784,0.014938047588163235,1.036327716479907,1.7768717310440973,1.743193964653725,0.015033525710434738,0.049565207626377,0.4112,86144.0,0.062535,948869.4,0,2.0,0
579,2023-01-21 02:37:59.999,0.4053687503992964,0.4111,0.0622931111469462,0.062525,-0.8889187850783042,-0.9029581313114942,-2.772188802218454,-2.77590443479308,0.03845082501171493,0.04945272120984767,0.023035565470858183,0.01493622808716088,0.023039132992159005,0.014936340299694904,1.0318251800858294,1.768663117945927,1.7768717310440973,0.01503032570353235,0.0494527212098476,0.4111,49200.0,0.062525,25599.0,0,2.0,0
580,2023-01-21 02:38:59.999,0.4053236778185712,0.41095,0.06233338510675,0.0625,-0.8892837263876281,-0.9030693265791512,-2.772588722239781,-2.775258120206433,0.037811281414549924,0.04941470595104214,0.023048724165089567,0.014934421752362908,0.023052140632863104,0.014934381816143136,0.9882659331592225,1.7654504622370781,1.768663117945927,0.015027257469292074,0.0494147059510421,0.41095,124367.0,0.0625,350196.7,0,2.0,0
581,2023-01-21 02:39:59.999,0.4052812809387287,0.41065,0.0623505085507321,0.06245,-0.8900140087959357,-0.9031739321072154,-2.7733890424105505,-2.774983450502312,0.037482139287224436,0.049338668138220076,0.023061802632059814,0.014932699901569566,0.023065139900436384,0.014932582987283375,0.9654725775885931,1.7596861705764488,1.7654504622370781,0.015024078079547741,0.0493386681382199,0.4106499999999999,252783.0,0.06245,206359.6,0,2.0,0
582,2023-01-21 02:40:59.999,0.4052163153206584,0.41,0.0622907916065044,0.06239,-0.8915981192837836,-0.9033342425597307,-2.7743502728594422,-2.775941671392525,0.038105153885858,0.048540342951272075,0.023074564226868335,0.014930911199350177,0.023078042724822282,0.014930933939514567,1.0064414739165526,1.7055743205754288,1.7596861705764488,0.015020752109141985,0.048540342951272,0.41,425634.0,0.06239,145803.8,0,2.0,0
583,2023-01-21 02:41:59.999,0.4050783669658286,0.40945,0.062181667873092,0.06236,-0.8929404832659399,-0.9036747319129947,-2.774831234792561,-2.777695051406475,0.03919801513383803,0.047591155046478595,0.02308715451454623,0.014928647169280568,0.023090883017350967,0.014928931131369996,1.0789206524398336,1.6414079758248614,1.7055743205754288,0.015017558746854592,0.0475911550464784,0.40945,186861.0,0.06236,250814.7,0,2.0,0
584,2023-01-21 02:42:59.999,0.4049441176676293,0.40965,0.0621097150085916,0.062335,-0.8924521423943134,-0.9040062024634432,-2.7752322131851987,-2.778852860916194,0.03981302905548256,0.048407287164497936,0.023099919531301798,0.014926715712919217,0.02310378741131202,0.014927153365402032,1.119385674893581,1.6954411218063439,1.6414079758248614,0.015014428010708278,0.0484072871644978,0.4096499999999999,51647.0,0.062335,234964.9,0,2.0,0
585,2023-01-21 02:43:59.999,0.4050301893740046,0.40985,0.0620524678260491,0.062374998,-0.8919640398830975,-0.9037936729894809,-2.774590756974583,-2.7797749965502843,0.04077938465671638,0.048371012964537385,0.023112425840193466,0.014925250402579191,0.02311651446755207,0.014925942612624853,1.1833671512460775,1.6923392534827457,1.6954411218063439,0.015011185906583263,0.0483709867527988,0.40985,99580.0,0.062375,167870.1,0,2.0,0
586,2023-01-21 02:44:59.999,0.4051575397568686,0.4098,0.0620975017548378,0.062395,-0.8920860431773376,-0.903479300457452,-2.7742701350223196,-2.7790495202426233,0.04050069584807736,0.047986908092548575,0.02312480365022545,0.014923701337761516,0.023128824916644763,0.014924314913659188,1.1639978807692763,1.665947601042807,1.6923392534827457,0.015007949708802457,0.0479869080925485,0.4098,144397.0,0.062395,57999.7,0,2.0,0
587,2023-01-21 02:45:59.999,0.4052427228909359,0.40965,0.0621409721382587,0.06238,-0.8924521423943134,-0.9032690756134897,-2.77451056780248,-2.7783497308161644,0.04013885782650062,0.04781735752290561,0.02313715795375802,0.0149220464788452,0.023141092621629514,0.014922560779234368,1.139064900209655,1.6539420115154049,1.665947601042807,0.015004847827023696,0.0478173575229055,0.4096499999999999,213313.0,0.06238,184378.6,0,2.0,0
588,2023-01-21 02:46:59.999,0.4052570947992212,0.4093,0.062141185470202,0.062344998,-0.8933068954837797,-0.9032336113037561,-2.7750718346131453,-2.778346297790099,0.04017151571096644,0.04742142802793947,0.02314930236514297,0.014920456315427703,0.023153241780404676,0.014920976450065543,1.140560337154544,1.6267683205974874,1.6539420115154049,0.015001770908989229,0.0474214018035883,0.4093,292914.0,0.062345,198806.1,0,2.0,0
589,2023-01-21 02:47:59.999,0.4051210134446341,0.40945,0.0621047603742085,0.06235,-0.8929404832659399,-0.9035694578782917,-2.7749916068560916,-2.7789326363911613,0.04031498838250347,0.047722255772992495,0.023161544023440474,0.014918917748467434,0.023165513809221328,0.014919473069295959,1.1494691865877953,1.6462797210658966,1.6267683205974874,0.014998749601476609,0.0477222557729923,0.40945,164923.0,0.06235,204059.4,0,2.0,0
590,2023-01-21 02:48:59.999,0.4050048850311432,0.4094,0.062104952817399,0.062315,-0.8930626057549479,-0.9038561501430491,-2.775553111703797,-2.778929537709334,0.040025763011730886,0.04805915146866602,0.02317380455542373,0.014917609966257184,0.023177704568952153,0.014918086134993114,1.1293713074399345,1.6681859205014462,1.6462797210658966,0.014995853377512431,0.0480591514686659,0.4094,382711.0,0.0623149999999999,200102.5,0,2.0,0
591,2023-01-21 02:49:59.999,0.4048435692214043,0.40905,0.0620693370494654,0.06225,-0.8939178810224298,-0.9042545353249318,-2.7765967436373202,-2.779503179305327,0.0400963175462663,0.04805702295060055,0.02318592952568783,0.014916542906177499,0.023189843061448202,0.014917034655105724,1.1333669778015458,1.6673497057158375,1.6681859205014462,0.014993025976280838,0.0480570229506005,0.40905,368496.0,0.06225,370465.1,0,2.0,0
592,2023-01-21 02:50:59.999,0.4047157595764485,0.4092,0.0620102463233796,0.062245,-0.8935512449046656,-0.9045702864786056,-2.7766770681483877,-2.7804556443112007,0.04055918613159437,0.04848932263548478,0.02319787300617126,0.014916142159824048,0.023201890898586305,0.01491675386875626,1.1636107551096366,1.6955757968997434,1.6673497057158375,0.014990306809978234,0.0484893226354847,0.4092,375553.0,0.062245,236029.4,0,2.0,0
593,2023-01-21 02:51:59.999,0.4048600477449366,0.40935,0.0620072681205629,0.06229,-0.8931847431596799,-0.9042138327192146,-2.775954379716083,-2.780503673056667,0.040954902361552525,0.04826504206818549,0.023209762716292756,0.014915647509278328,0.023213869436877175,0.014916363860045636,1.1893671333799893,1.6797983015022993,1.6955757968997434,0.014987576434119267,0.0482650420681856,0.40935,221150.0,0.06229,82565.6,0,2.0,0
594,2023-01-21 02:52:59.999,0.4050349816740928,0.40925,0.0620526198250587,0.062305,-0.8934290627308927,-0.9037818411017278,-2.775713599587306,-2.779772547029278,0.040789214113519545,0.047823889899586636,0.02322153260957941,0.014915004596551951,0.023225598261397033,0.014915672523203732,1.1775275854842937,1.6495038356002112,1.6797983015022993,0.014984853652218898,0.0478238898995866,0.40925,181566.0,0.062305,301432.6,0,2.0,0
595,2023-01-21 02:53:59.999,0.4050791806584477,0.4092,0.062047302526372,0.06227,-0.8935512449046656,-0.9036727231861206,-2.7762755100977765,-2.7798582408571093,0.040968384897682064,0.04816105753111555,0.023232978269613506,0.014915166650833572,0.023237082737706097,0.014915880457583524,1.1887533029242687,1.6713242195057119,1.6495038356002112,0.014982532049821275,0.0481610575311155,0.4092,162388.0,0.06227,388652.4,0,2.0,0
596,2023-01-21 02:54:59.999,0.4050232605067938,0.40905,0.0619926326603695,0.06226,-0.8939178810224298,-0.9038107801747214,-2.776436113968675,-2.780739729056215,0.041550925628985325,0.047925711637422985,0.02324425117676406,0.01491542182048164,0.023248487852175356,0.014916295245409536,1.2270096210681074,1.6547611430450262,1.6713242195057119,0.014980371613672626,0.0479257116374229,0.40905,631569.0,0.0622599999999999,359496.6,0,2.0,0
597,2023-01-21 02:55:59.999,0.4048704360537736,0.40925,0.0619813038452973,0.062265,-0.8934290627308927,-0.9041881740363679,-2.776355808809025,-2.780922490294957,0.041322935164977204,0.048348882181209696,0.023255532865811425,0.014915974375619739,0.02325971416696837,0.014916780141957358,1.2109329779019324,1.682313785441568,1.6547611430450262,0.01497805088531571,0.0483488821812096,0.40925,81538.0,0.062265,130054.6,0,2.0,0
598,2023-01-21 02:56:59.999,0.4048390564721546,0.40955,0.0619941224284402,0.062295,-0.892696283020526,-0.9042656822832745,-2.7758741132313105,-2.7807156979720933,0.0410763786239462,0.048687886075472364,0.02326676184840455,0.014916856752370795,0.023270883490796482,0.014917590543540554,1.193590552118998,1.7041877286263767,1.682313785441568,0.014975578187050663,0.0486878860754722,0.4095499999999999,145381.0,0.062295,151830.9,0,2.0,0
599,2023-01-21 02:57:59.999,0.4049315678317734,0.4093,0.0620384368063618,0.0623,-0.8933068954837797,-0.904037194468961,-2.7757938531887296,-2.780001137536018,0.04072072858877773,0.0480116627467051,0.02327789509986134,0.014917372855340503,0.023281931858363754,0.014918006231505403,1.168976367202804,1.6580511787629502,1.7041877286263767,0.01497313485735375,0.0480116627467051,0.4093,572606.0,0.0623,236878.0,0,2.0,0
600,2023-01-21 02:58:59.999,0.404966047432512,0.409,0.0620440278810424,0.06228,-0.8940401229393353,-0.9039520488897925,-2.7761149320163394,-2.779911018844413,0.040732204068043565,0.047540910354706645,0.02328880425785204,0.014917880211470003,0.023292841147417,0.014918513601891647,1.1689745631505324,1.6257072555260055,1.6580511787629502,0.014970726053319552,0.0475409103547068,0.409,188180.0,0.06228,34130.0,0,2.0,0
601,2023-01-21 02:59:59.999,0.4049892451601263,0.409,0.0620110032073368,0.06228,-0.8940401229393353,-0.9038947673883744,-2.7761149320163394,-2.780443438597098,0.041224727312012543,0.047540910354706645,0.023299683041660902,0.014918426036468284,0.023303831397196734,0.014919191371797522,1.2011975359933085,1.6249185573456444,1.6257072555260055,0.014968120051828628,0.0475409103547068,0.409,240407.0,0.06228,232950.8,0,2.0,0
602,2023-01-21 03:00:59.999,0.4049999779155321,0.4093,0.0619979712922506,0.062335,-0.8933068954837797,-0.9038682664051497,-2.7752322131851987,-2.7806536155651242,0.04142304346427694,0.04755253407503157,0.023310818436688308,0.014918571460609363,0.023315010111075625,0.014919389060404473,1.213724856955396,1.6249354505791995,1.6249185573456444,0.014965133399464838,0.0475525340750315,0.4093,215810.0,0.062335,141332.6,0,2.0,0
603,2023-01-21 03:01:59.999,0.4050148040939299,0.40905,0.0620568629085226,0.06239,-0.8939178810224298,-0.9038316592253087,-2.7743502728594422,-2.7797041705704917,0.04068349969961205,0.046220581212625955,0.023321809789364815,0.014917954742486559,0.02332582776897839,0.01491856605911146,1.1634946590615876,1.534980620235098,1.6249354505791995,0.014962175246735042,0.0462205812126259,0.40905,523002.0,0.06239,883652.0,0,2.0,0
604,2023-01-21 03:02:59.999,0.4048877232779458,0.409,0.0621259589027491,0.062395,-0.8940401229393353,-0.9041454767841683,-2.7742701350223196,-2.778591359630152,0.03945998303518694,0.04603282833055089,0.023332417531995612,0.014917807543125558,0.023336149900776725,0.014918098397275094,1.0808236214178182,1.521698864456534,1.534980620235098,0.014959821765576267,0.0460328283305511,0.409,101218.0,0.062395,200097.1,0,2.0,0
605,2023-01-21 03:03:59.999,0.404859783170036,0.40905,0.0621524538412236,0.062374998,-0.8939178810224298,-0.9042144862166109,-2.774590756974583,-2.7781649792429084,0.039042416769911825,0.046417171825205106,0.023342818741786776,0.01491823488200752,0.0233464520669495,0.014918420003242646,1.0521197753884575,1.5467213960578998,1.521698864456534,0.01495789435165673,0.0464171456134665,0.40905,58050.0,0.062375,312304.3,0,2.0,0
606,2023-01-21 03:04:59.999,0.4049006874480803,0.4088,0.0621425250170292,0.06233,-0.8945292400926423,-0.9041134581235802,-2.775312428161378,-2.7783247415166015,0.03927404709932725,0.046395763490864494,0.02335266924550128,0.01491940418142995,0.023356353896705588,0.014919643395767705,1.0668950175536416,1.544504992635346,1.5467213960578998,0.014956302855044125,0.0463957634908644,0.4088,150592.0,0.0623299999999999,300176.1,0,2.0,0
607,2023-01-21 03:05:59.999,0.4049048607427404,0.40895,0.0620789054315639,0.06233,-0.894162379801154,-0.904103151218004,-2.775312428161378,-2.7793490348418017,0.04012169185627945,0.04676262378235285,0.023362530457274145,0.014920795321100525,0.023366408994973522,0.014921246468843824,1.1229144224841838,1.5682872676355946,1.544504992635346,0.014954990227429783,0.046762623782353,0.40895,96452.0,0.0623299999999999,40691.7,0,2.0,0
608,2023-01-21 03:06:59.999,0.4049540716742708,0.40915,0.0620557504713266,0.062335,-0.8936734420087463,-0.9039816215796408,-2.7752322131851987,-2.7797220968257808,0.04054819167497015,0.04718598755006498,0.023372740315349676,0.01492200304959894,0.02337671519416468,0.014922563398517335,1.1507055471790844,1.5958479002827528,1.5682872676355946,0.014953894738901151,0.047185987550065,0.40915,52402.0,0.062335,39873.5,0,2.0,0
609,2023-01-21 03:07:59.999,0.4050555835724927,0.40935,0.0620458985355202,0.06233,-0.8931847431596799,-0.9037309779037392,-2.775312428161378,-2.7798808688631538,0.0409286280902772,0.04774026042382695,0.0233830050087034,0.014923509899338295,0.023387065555586433,0.014924169473616494,1.1753794786169773,1.6321398638401778,1.5958479002827528,0.014952627952600422,0.047740260423827,0.40935,67617.0,0.0623299999999999,92861.2,0,2.0,0
610,2023-01-21 03:08:59.999,0.4050688223014863,0.4093,0.062051002057822,0.062285,-0.8933068954837797,-0.9036982947037302,-2.776034652644081,-2.77979861826253,0.04089407318621374,0.04820851114315139,0.023393333383887143,0.014925247665639449,0.023397383543526655,0.014925894569076668,1.1722372526291702,1.6626308866145758,1.6321398638401778,0.014951103590541682,0.0482085111431513,0.4093,201944.0,0.062285,457768.9,0,2.0,0
611,2023-01-21 03:09:59.999,0.4049940823880278,0.40905,0.0620288950907563,0.06221,-0.8939178810224298,-0.903882823369931,-2.7772395204552085,-2.7801549526536387,0.041000840251500525,0.04858247922993275,0.023404191805326484,0.014926505878207388,0.023408264160903008,0.014927178523934473,1.178560038147149,1.6868172384111957,1.6626308866145758,0.014949701445124634,0.0485824792299327,0.40905,279959.0,0.06221,236770.1,0,2.0,0
612,2023-01-21 03:10:59.999,0.4048946571371359,0.4087,0.0620096952158594,0.06219,-0.8947738884119054,-0.9041283515432197,-2.7775610638663393,-2.78046453171291,0.041008386327495705,0.04798932669109024,0.023415016155919514,0.014927375430405305,0.0234190877528118,0.014928046941707754,1.1782719228689473,1.6462579540349571,1.6868172384111957,0.014948408427270882,0.04798932669109,0.4086999999999999,260602.0,0.0621899999999999,219502.9,0,2.0,0
613,2023-01-21 03:11:59.999,0.4047797317906464,0.4078,0.062029171977841,0.06217,-0.8969784208417823,-0.9044122319495482,-2.777882710700891,-2.780150488823253,0.040467782586165235,0.04604773365827819,0.023425465460697095,0.014927415327065353,0.023429409528534506,0.014927938916353353,1.1413747840946364,1.5154846101564527,1.6462579540349571,0.014947073152983992,0.0460477336582783,0.4078,929456.0,0.06217,99125.7,0,2.0,0
614,2023-01-21 03:12:59.999,0.4045050680998636,0.4077,0.0620006432748404,0.062155,-0.8972236691569293,-0.9050910132669924,-2.7781240137384584,-2.780610518590218,0.040165065748653306,0.0459997454072516,0.023435829995699736,0.014927541487522449,0.023439701607769387,0.014927983104096718,1.120403474752992,1.5115627332479677,1.5154846101564527,0.01494566726866586,0.0459997454072516,0.4076999999999999,424142.0,0.062155,190523.2,0,2.0,0
615,2023-01-21 03:13:59.999,0.4044716567826864,0.40655,0.0619357063646251,0.062119998,-0.9000483563282905,-0.9051736146970918,-2.7786873128974015,-2.7816584261063992,0.04093910626520325,0.04363554323157126,0.023445765705881534,0.014926698543155838,0.0234498141531297,0.014927343041264269,1.1716279356431472,1.3525949805522874,1.5115627332479677,0.01494423932561115,0.0436355169122351,0.4065499999999999,1595792.0,0.0621199999999999,380302.3,0,2.0,0
616,2023-01-21 03:14:59.999,0.4040672565429541,0.4066,0.0618564691031442,0.062095,-0.8999253777878907,-0.9061739382852064,-2.779089808582141,-2.7829385921912557,0.0409852910282863,0.04408755337215464,0.02345581978640561,0.01492597104085471,0.02345987659530213,0.014926625546068746,1.1741042460598115,1.382270776841035,1.3525949805522874,0.014943082139969185,0.0440875533721545,0.4065999999999999,658932.0,0.062095,458083.7,0,2.0,0
617,2023-01-21 03:15:59.999,0.4041256377403824,0.40705,0.0617936179571162,0.062145,-0.8988192509621502,-0.9060294648607485,-2.7782849147846624,-2.78395518915346,0.04196081069223889,0.04453569676054858,0.02346578547562896,0.014925669920259009,0.023470065740664046,0.014926594097812055,1.2387785740274955,1.411655985794036,1.382270776841035,0.014942474733276825,0.0445356967605485,0.40705,214135.0,0.062145,164847.3,0,2.0,0
618,2023-01-21 03:16:59.999,0.4043987439336365,0.40745,0.0618414638675824,0.062165,-0.8978370532159083,-0.9053538978405541,-2.777963138577236,-2.7831812031270253,0.042003660715821955,0.045254849350172544,0.02347560820503638,0.014926043101346839,0.02347989611350914,0.014926976646178036,1.2409589055701857,1.459143658989631,1.411655985794036,0.014942060356043028,0.0452548493501725,0.40745,224286.0,0.062165,191350.3,0,2.0,0
619,2023-01-21 03:17:59.999,0.404659709633334,0.40745,0.0618894608881752,0.062195,-0.8978370532159083,-0.9047087881884706,-2.777480668320209,-2.782405374075476,0.04201454673774374,0.044860440250325206,0.02348565129273692,0.014925832321496014,0.02348993939628818,0.014926766170380698,1.2410328620417521,1.4320668018496066,1.459143658989631,0.014941659646369832,0.0448604402503252,0.40745,245330.0,0.062195,179456.9,0,2.0,0
620,2023-01-21 03:18:59.999,0.4047222491494846,0.407,0.0619483342823437,0.06216,-0.8989420935395421,-0.9045542517162982,-2.778043572922745,-2.7814545593662383,0.04139181255306201,0.044215562380961804,0.02349606181703499,0.014924603286075852,0.023500203393229394,0.014925358742122547,1.198738969626149,1.388278144937856,1.4320668018496066,0.014940869507572908,0.0442155623809619,0.407,243104.0,0.06216,240753.8,0,2.0,0
621,2023-01-21 03:19:59.999,0.4045071347792767,0.40685,0.0619149025001797,0.062165,-0.8993107118394708,-0.9050859041242484,-2.777963138577236,-2.781994377052975,0.041301449540274704,0.04378119072661013,0.023506417300652758,0.014923154524227846,0.02351053556777602,0.014923882523301136,1.1921102933315886,1.3586117729358853,1.388278144937856,0.014939720653156732,0.0437811907266101,0.40685,81323.0,0.062165,152730.7,0,2.0,0
622,2023-01-21 03:20:59.999,0.4042557486877763,0.4072,0.061910904304009,0.06218,-0.898450813745824,-0.9057075600007359,-2.7777218743515295,-2.782058954805792,0.0407325845933576,0.044443860484001174,0.023516865499863628,0.014922009138163906,0.023520849697756127,0.014922580221521198,1.1534020685497055,1.4024247532871121,1.3586117729358853,0.014938389282881055,0.0444438604840011,0.4072,64206.0,0.06218,51134.3,0,2.0,0
623,2023-01-21 03:21:59.999,0.4041850622614758,0.40765,0.0619326308291093,0.062195,-0.8973463158732172,-0.9058824310006243,-2.777480668320209,-2.781708084244808,0.040270884426064746,0.04535117759301632,0.023527654936384142,0.014920941678508246,0.023531529786995038,0.014921388649679566,1.1218362467510141,1.4626102780139032,1.4024247532871121,0.014936767121811986,0.0453511775930162,0.4076499999999999,136114.0,0.062195,110797.5,0,2.0,0
624,2023-01-21 03:22:59.999,0.4043017497766435,0.40775,0.0619585475491291,0.062195,-0.8971010374810138,-0.9055937744282709,-2.777480668320209,-2.7812897054588914,0.04021752530326328,0.045596455985219775,0.02353845290067921,0.014920029670437257,0.023542312903549512,0.01492046025414782,1.1176071056573562,1.4784154972725412,1.4626102780139032,0.014934871437031077,0.0455964559852197,0.40775,86382.0,0.062195,40239.2,0,2.0,0
625,2023-01-21 03:23:59.999,0.4044550634436311,0.4078,0.0619621279702441,0.0622,-0.8969784208417823,-0.905214640265027,-2.7774002792370034,-2.7812319197649225,0.04054942089954827,0.04565335627099143,0.023549172155320076,0.01491927955937674,0.02355310648735993,0.014919794212935465,1.1391788767067934,1.4815852218399457,1.4784154972725412,0.014933032694498315,0.0456533562709915,0.4078,127866.0,0.0622,137878.0,0,2.0,0
626,2023-01-21 03:24:59.999,0.4046343154348459,0.40794998,0.0619598204297241,0.062195,-0.8966107101329449,-0.9047715446100177,-2.777480668320209,-2.781269161602225,0.041022960958773336,0.04608678333328864,0.023559932328856847,0.014918767700252248,0.023563973761078532,0.014919406160542487,1.1702199812663303,1.5099672745793145,1.4815852218399457,0.01493134620145677,0.0460868323589056,0.40795,140037.0,0.062195,136570.9,0,2.0,0
627,2023-01-21 03:25:59.999,0.4047591947879769,0.40815,0.0619349992581214,0.062195,-0.896120525084772,-0.9044629694792695,-2.777480668320209,-2.7816698429543156,0.041659084511630584,0.046576968381461525,0.023570982916078925,0.014918132330920042,0.023575169007630778,0.014918943284688948,1.2121445305418523,1.542149174913758,1.5099672745793145,0.01492943183340614,0.0465769683814616,0.40815,305671.0,0.062195,123924.8,0,2.0,0
628,2023-01-21 03:26:59.999,0.4047641767832769,0.4083,0.0619243273276579,0.062195,-0.895753080656607,-0.9044506610136339,-2.777480668320209,-2.781842166359974,0.041812263669953054,0.04694441280962658,0.02358217938635349,0.014917519479410075,0.02358639833666212,0.01491837059579157,1.221706165312209,1.5660937098502765,1.542149174913758,0.014928267989123315,0.0469444128096265,0.4083,168359.0,0.062195,227857.8,0,2.0,0
629,2023-01-21 03:27:59.999,0.4046797324621398,0.40845,0.061922157564018,0.0622,-0.8953857711942588,-0.9046593087543334,-2.7774002792370034,-2.781877205927581,0.04163226002516962,0.04724600591851491,0.02359342911757302,0.014917035910780025,0.02359760380651252,0.014917833374079308,1.2089326758397416,1.5856083569423463,1.5660937098502765,0.014927999063499477,0.0472460059185149,0.40845,106899.0,0.0622,226585.3,0,2.0,0
630,2023-01-21 03:28:59.999,0.4046324584185617,0.40855,0.0619350952574959,0.06222,-0.8951409731514205,-0.9047761339897976,-2.777078787512646,-2.7816682929534884,0.041344652908629764,0.047227991363549715,0.023604496272981775,0.014916831121111642,0.02360860184035869,0.014917545769858506,1.1889389408884852,1.5836805350121477,1.5856083569423463,0.014927949963289194,0.0472279913635493,0.4085499999999999,77599.0,0.06222,179301.9,0,2.0,0
631,2023-01-21 03:29:59.999,0.4046806360103856,0.4087,0.0619667377179856,0.062225,-0.8947738884119054,-0.9046570760078807,-2.776998430728481,-2.781157526318036,0.041046170107489566,0.04752938615337876,0.023615470136995314,0.01491698991953308,0.023619504087462908,0.014917620119106956,1.1681934437857173,1.6031328133479077,1.5836805350121477,0.01492749201003654,0.0475293861533785,0.4086999999999999,310244.0,0.062225,60850.9,0,2.0,0
632,2023-01-21 03:30:59.999,0.4048306599630418,0.409,0.0619724501252089,0.06226,-0.8940401229393353,-0.9042864228616677,-2.776436113968675,-2.781065345510226,0.04134146741797606,0.04780346972051741,0.023626446600248784,0.01491733822413088,0.023630546350495888,0.014918045820155676,1.1872145508194554,1.6207330528417538,1.6031328133479077,0.014927219653266922,0.0478034697205176,0.409,208472.0,0.0622599999999999,164807.6,0,2.0,0
633,2023-01-21 03:31:59.999,0.405008723863193,0.4088,0.0619985161775891,0.062245,-0.8945292400926423,-0.9038466717046434,-2.7766770681483877,-2.7806448268429658,0.04143745357268691,0.04751132744750808,0.02363751565311802,0.014917316105894836,0.02364163505555254,0.014918047095386024,1.1929053718189702,1.600409324634202,1.6207330528417538,0.014927159655035143,0.047511327447508,0.4088,169682.0,0.0622449999999999,165037.3,0,2.0,0
634,2023-01-21 03:32:59.999,0.4049702257191513,0.4088,0.0619688888150805,0.062225,-0.8945292400926423,-0.9039417313209224,-2.776998430728481,-2.781122813182592,0.04173313754983243,0.047774034472641835,0.023648507708999462,0.014917602141148187,0.02365269299709038,0.01491841227258208,1.2119550138704331,1.6172523261694567,1.600409324634202,0.014927020825984036,0.0477740344726418,0.4088,199109.0,0.062225,66255.7,0,2.0,0
635,2023-01-21 03:33:59.999,0.4049098277621026,0.4092,0.0619507458221861,0.06222,-0.8935512449046656,-0.9040908841662136,-2.777078787512646,-2.7814156318804057,0.04182335771736634,0.048817719610304566,0.02365972759228213,0.01491830058760446,0.023663931163243734,0.01491913272484229,1.2171904955228936,1.686384576466175,1.6172523261694567,0.014926818789330033,0.0488177196103045,0.4092,531432.0,0.06222,134878.2,0,2.0,0
636,2023-01-21 03:34:59.999,0.404943628453662,0.4095,0.0619643626223502,0.062215,-0.892818375689013,-0.90400741056659,-2.7771591507545423,-2.7811958556095404,0.04172716892351158,0.04961628405470042,0.023671603358196937,0.014918538577217089,0.023675781920003303,0.01491934029620817,1.209931983929352,1.7390899626136984,1.686384576466175,0.014926660702146734,0.0496162840547005,0.4095,179475.0,0.062215,40481.7,0,2.0,0
637,2023-01-21 03:35:59.999,0.4050022842099495,0.40945,0.0619771669833635,0.062225,-0.8929404832659399,-0.9038625718669362,-2.776998430728481,-2.780989236228618,0.04170310070537342,0.04936279129934429,0.023683404581895176,0.014918692548545125,0.023687574842511577,0.014919484189832747,1.2075166697209927,1.7212893578903719,1.7390899626136984,0.014926601959876228,0.0493627912993441,0.40945,73191.0,0.062225,63584.9,0,2.0,0
638,2023-01-21 03:36:59.999,0.4050178891371117,0.40965,0.0619902531203187,0.06221,-0.8924521423943134,-0.9038240421421773,-2.7772395204552085,-2.7807781140322723,0.04156904255718952,0.05004821785804914,0.023695179163871788,0.014919423241363722,0.023699315674724213,0.014920174088229689,1.1976888993917623,1.766357738355074,1.7212893578903719,0.014926105483921653,0.050048217858049,0.4096499999999999,73706.0,0.06221,180972.7,0,2.0,0
639,2023-01-21 03:37:59.999,0.4051257857768052,0.40955,0.0619573306681692,0.06219,-0.892696283020526,-0.9035576779313034,-2.7775610638663393,-2.7813093458952496,0.042269677436224895,0.050066932082469706,0.02370699889642094,0.014920084920221535,0.023711294818323233,0.014921030174508274,1.2437735465214457,1.7667414982553176,1.766357738355074,0.014925906579963715,0.0500669320824695,0.4095499999999999,157593.0,0.06219,210475.7,0,2.0,0
640,2023-01-21 03:38:59.999,0.4050613093727022,0.40925,0.061911298079221,0.062175,-0.8934290627308927,-0.9037168421654047,-2.777802289292669,-2.782052594472921,0.04271810299281498,0.049531348990699,0.023718738985603487,0.014920446785038417,0.023723135968710916,0.014921519104799138,1.2729915024533125,1.730015888731917,1.7667414982553176,0.014925492698861077,0.049531348990699,0.40925,31949.0,0.062175,44507.6,0,2.0,0
641,2023-01-21 03:39:59.999,0.4050499176760343,0.40955,0.0618796311744462,0.06219,-0.892696283020526,-0.9037449659496166,-2.7775610638663393,-2.7825642136304225,0.04310821691017286,0.050066932082469706,0.023730765956281184,0.01492074013065053,0.023735250439260558,0.014921924853701885,1.2982887034246247,1.765071028352552,1.730015888731917,0.014924575870775027,0.0500669320824695,0.4095499999999999,82903.0,0.0621899999999999,94317.9,0,2.0,0
642,2023-01-21 03:40:59.999,0.4050854655603342,0.40985,0.0619022865823829,0.0622,-0.8919640398830975,-0.9036572080635689,-2.7774002792370034,-2.782198160032284,0.04289673382118686,0.05066773722967621,0.02374309768895811,0.014920983331784531,0.023747530374941036,0.01492210112109607,1.2832779573631024,1.8044815775220058,1.765071028352552,0.014924205833627167,0.0506677372296762,0.40985,181645.0,0.0622,50514.4,0,2.0,0
643,2023-01-21 03:41:59.999,0.405091061569083,0.4099,0.0619420121013158,0.062205,-0.8918420514718453,-0.9036433937686307,-2.7773198966156825,-2.7815566202808766,0.04238610311214075,0.05072401456992082,0.02375544114810679,0.014921242155638862,0.02375975280327088,0.014922206671746466,1.248230286485496,1.8073946619532864,1.8044815775220058,0.014923954260879975,0.0507240145699212,0.4099,111037.0,0.0622049999999999,45369.7,0,2.0,0
644,2023-01-21 03:42:59.999,0.4050689471009677,0.40985,0.0620016032685852,0.062195,-0.8919640398830975,-0.9036979866092649,-2.777480668320209,-2.780595035100659,0.04154543498534724,0.05073345358313608,0.023767664796139076,0.014921708132758041,0.023771779068342085,0.014922431776591864,1.1910696716929123,1.8071516040310598,1.8073946619532864,0.014922905796966182,0.050733453583136,0.40985,73322.0,0.062195,76136.9,0,2.0,0
645,2023-01-21 03:43:59.999,0.4050407424181572,0.40985,0.0620317412944331,0.062195,-0.8919640398830975,-0.903767618371943,-2.777480668320209,-2.780109068580169,0.04107853600233624,0.05073345358313608,0.023779800991124575,0.014922314486205072,0.02378380440121743,0.014922907699562485,1.1589384555146625,1.8062648804867902,1.8071516040310598,0.01492266209103152,0.050733453583136,0.40985,79861.0,0.062195,87180.3,0,2.5,0
646,2023-01-21 03:44:59.999,0.4050336388316723,0.41,0.0620251208931261,0.062205,-0.8915981192837836,-0.9037851564811573,-2.7773198966156825,-2.7802158003029698,0.04114824879015011,0.05096794675798244,0.023792110756546758,0.014922803573232233,0.02379612745130112,0.014923412075102706,1.1627449038814783,1.8210945328116708,1.8062648804867902,0.01492266209103152,0.0509679467579831,0.41,167636.0,0.0622049999999999,56376.5,0,2.5,0
647,2023-01-21 03:45:59.999,0.4050706044380816,0.41,0.061988543798123,0.062215,-0.8915981192837836,-0.9036938951237652,-2.7771591507545423,-2.7808056884601307,0.04172173107968846,0.0508365404599298,0.02380434636650104,0.01492330322380326,0.02380849294940157,0.014924065052410927,1.2002921501198547,1.8114082176063637,1.8210945328116708,0.01492303379344754,0.05083654045993,0.41,75091.0,0.062215,96031.7,0,2.5,0
648,2023-01-21 03:46:59.999,0.4050668005498866,0.41005,0.0619558697887992,0.062215,-0.8914761754997168,-0.9037032858472934,-2.7771591507545423,-2.7813329249710006,0.0421433449095604,0.05095848424399663,0.023816628762163245,0.014923811868696674,0.023820870075782173,0.014924688552628058,1.22766212300972,1.8186945614588301,1.8114082176063637,0.014923529687152314,0.0509584842439965,0.41005,117083.0,0.062215,77415.2,0,2.5,0
649,2023-01-21 03:47:59.999,0.4051150929572334,0.4101,0.0619218371216615,0.062215,-0.8913542465841234,-0.9035840721058088,-2.7771591507545423,-2.7818823808633106,0.042711727072798134,0.05108041315959,0.02382904402673773,0.014924178408026538,0.02383341400661416,0.01492521533544919,1.2648603482018579,1.8259878961374456,1.8186945614588301,0.014923928155578584,0.0510804131595898,0.4101,108285.0,0.062215,41906.0,0,2.5,0
650,2023-01-21 03:48:59.999,0.4052046740250275,0.4101,0.061918046479694,0.062215,-0.8913542465841234,-0.9033629715679492,-2.7771591507545423,-2.7819435992988977,0.04298287237035492,0.05108041315959,0.023841414905262637,0.01492461282462847,0.023845844772762085,0.014925725887456703,1.2821505461034381,1.8251058553008355,1.8259878961374456,0.01492409115771232,0.0510804131595898,0.4101,118159.0,0.062215,57103.0,0,2.5,0
651,2023-01-21 03:49:59.999,0.4052977295103855,0.41030002,0.0619416827701283,0.06223,-0.890866630789177,-0.9031333473611339,-2.7769180804010105,-2.7815619370610682,0.04290049587355027,0.05137095910463052,0.023853822571218205,0.014925213661058664,0.023858230503016945,0.014926298485911068,1.2757526850013967,1.8436678467931888,1.8251058553008355,0.014924299243369386,0.051370910359811,0.4103,52884.0,0.06223,52203.2,0,2.5,0
652,2023-01-21 03:50:59.999,0.4053812153715049,0.41045,0.0619838416065395,0.062225,-0.890501160187862,-0.902927382072553,-2.776998430728481,-2.780881547153507,0.04255025698772319,0.051802114377422215,0.023866463246112943,0.014925754091629995,0.02387078719745328,0.014926732637921008,1.2514104890453497,1.871640853776019,1.8436678467931888,0.014924820248333342,0.0518021143774221,0.41045,100992.0,0.062225,34273.1,0,2.5,0
653,2023-01-21 03:51:59.999,0.4053582123310817,0.4105,0.061983654052206,0.062225,-0.8903793500896542,-0.9029841279014675,-2.776998430728481,-2.7808845730165768,0.042495984737049075,0.05192392447562999,0.0238790274221837,0.014926522244093092,0.023883335905709468,0.014927481241291193,1.2468713596406875,1.8788634482184599,1.871640853776019,0.014925251187117529,0.0519239244756299,0.4105,239294.0,0.062225,248111.5,0,2.5,0
654,2023-01-21 03:52:59.999,0.4052338721117106,0.41005,0.0619732243423865,0.06222,-0.8914761754997168,-0.9032909165383979,-2.777078787512646,-2.7810528526631635,0.042326761106388555,0.050892789015253403,0.023891473475904597,0.014926625689726691,0.023895739915994967,0.014927532489633548,1.2346997873354517,1.808936333007437,1.8788634482184599,0.014925450528456086,0.0508927890152532,0.41005,829832.0,0.06222,96268.7,0,2.5,0
655,2023-01-21 03:53:59.999,0.4049977015729902,0.4095,0.0619738207829446,0.06221,-0.892818375689013,-0.9038738870201207,-2.7772395204552085,-2.7810432285441293,0.04173592311351915,0.04968198456334949,0.02390374396457459,0.014926033898199294,0.023907870828529448,0.014926771347656896,1.19436761438623,1.7270656608842916,1.808936333007437,0.014925768057861694,0.0496819845633496,0.4095,168019.0,0.06221,66871.7,0,2.5,0
656,2023-01-21 03:54:59.999,0.4048294968318746,0.4092,0.0619717652407826,0.062205,-0.8935512449046656,-0.9042892959959264,-2.7773198966156825,-2.7810763970050343,0.04134762864398256,0.04901482113710043,0.023915844161668205,0.014925197743291138,0.023919878363122107,0.014925825990444876,1.1676238415225557,1.6816512187729096,1.7270656608842916,0.014925843135102824,0.0490148211371008,0.4092,104655.0,0.0622049999999999,43985.1,0,2.0,0
657,2023-01-21 03:55:59.999,0.4048516412518653,0.40955,0.0619695643662343,0.062215,-0.892696283020526,-0.9042345968830173,-2.7771591507545423,-2.781111911785383,0.041431360329044264,0.04973837672318748,0.02392808074907756,0.014924693836301897,0.023932131496492502,0.01492534158099972,1.1724508104275921,1.729368538959946,1.6816512187729096,0.014925843135102824,0.0497383767231873,0.4095499999999999,97842.0,0.062215,127564.0,0,2.0,0
658,2023-01-21 03:56:59.999,0.4050746878771151,0.4101,0.0619733136751377,0.062225,-0.8913542465841234,-0.9036838143664684,-2.776998430728481,-2.781051411190854,0.04193268490558355,0.050949027981160744,0.02394067250739417,0.014924538979754714,0.023944836361223885,0.01492532123092239,1.2051900435544602,1.8096609557188785,1.729368538959946,0.014925843135102824,0.0509490279811606,0.4101,554115.0,0.062225,68000.9,0,2.0,0
659,2023-01-21 03:57:59.999,0.4052613629414872,0.41045,0.0619648652857416,0.062225,-0.890501160187862,-0.9032230794220321,-2.776998430728481,-2.7811877435055616,0.042504868596840883,0.051802114377422215,0.023953640304557395,0.014924403880585453,0.023957933576552834,0.014925344568108357,1.2426470247070949,1.865968938906281,1.8096609557188785,0.014925843135102824,0.0518021143774221,0.41045,142591.0,0.062225,164251.7,0,2.0,0
660,2023-01-21 03:58:59.999,0.4052958225743088,0.41045,0.0619518782592518,0.06223,-0.890501160187862,-0.9031380523975157,-2.7769180804010105,-2.7813973524117643,0.04276124641202528,0.05173642970594561,0.02396666789506835,0.014924086733369486,0.023971017485097734,0.01492509795805409,1.2589685494685614,1.8607344159147445,1.865968938906281,0.014925843135102824,0.0517364297059455,0.41045,147994.0,0.0622299999999999,178500.9,0,2.0,0
661,2023-01-21 03:59:59.999,0.4051972509518701,0.4104,0.0619554249028091,0.062215,-0.8906229851255774,-0.903381291053451,-2.7771591507545423,-2.7813401056883227,0.04247120978599128,0.05181167461813607,0.0239797293139079,0.014923759243400836,0.023984008758590167,0.014924682965184932,1.2386997479629236,1.864941992851783,1.8607344159147445,0.014925843135102824,0.051811674618136,0.4104,82962.0,0.062215,206939.1,0,2.0,0
662,2023-01-21 04:00:59.999,0.4051117583150888,0.4105,0.0619471298457472,0.06223,-0.8903793500896542,-0.9035923034848095,-2.7769180804010105,-2.7814740021538333,0.04236965484691435,0.05185823980415338,0.02399286184968503,0.014923324236305319,0.023997114752484672,0.014924215309223244,1.231055684587675,1.8672366500405941,1.864941992851783,0.014925843135102824,0.0518582398041533,0.4105,163256.0,0.06223,411783.0,0,2.0,0
663,2023-01-21 04:01:59.999,0.4051464226190599,0.4106,0.0619741847805729,0.06224,-0.8901357743973038,-0.9035067398834588,-2.776757399112001,-2.781037355151869,0.04209826887782542,0.05197046198478461,0.02400592956021278,0.01492310077711883,0.024010116632491793,0.014923911499849493,1.212024893441377,1.8739089712138821,1.8672366500405941,0.014925843135102824,0.0519704619847845,0.4105999999999999,75537.0,0.06224,194742.8,0,2.0,0
664,2023-01-21 04:02:59.999,0.405250834857231,0.4105,0.0619848122668815,0.06229,-0.8903793500896542,-0.9032490582642638,-2.775954379716083,-2.780865887382884,0.04221577926898501,0.05107043513821119,0.024018909042060662,0.014922250421266497,0.024023120305709567,0.014923090793875627,1.219094570592684,1.812831532273306,1.8739089712138821,0.014925843135102824,0.0510704351382111,0.4105,152426.0,0.06229,656704.1,0,2.0,0
665,2023-01-21 04:03:59.999,0.4053094057498712,0.4104,0.0620267146605191,0.06228,-0.8906229851255774,-0.9031045387336778,-2.7761149320163394,-2.7801901051185984,0.04180786127483738,0.05095804816846461,0.024032131655563192,0.014920807498695964,0.02403624545552137,0.014921530832157366,1.1910048653330145,1.8045884256099856,1.812831532273306,0.014925843135102824,0.0509580481684646,0.4104,126090.0,0.06228,48623.0,0,2.0,0
666,2023-01-21 04:04:59.999,0.4052986380506105,0.4101,0.0620031223697981,0.06228,-0.8913542465841234,-0.9031311057023717,-2.7761149320163394,-2.780570534401913,0.042092287095859104,0.050226786709918536,0.02404506310755486,0.014919296164785769,0.024049239738887493,0.014920095332671468,1.2093118009414872,1.7548899970335583,1.8045884256099856,0.014925843135102824,0.0502267867099184,0.4101,622930.0,0.06228,38629.8,0,2.0,0
667,2023-01-21 04:05:59.999,0.4051867278595932,0.4102,0.0620052708002437,0.06231,-0.8911104333438568,-0.9034072616860218,-2.7756333524260066,-2.7805358846432813,0.041787805676779755,0.05007691895128097,0.02405781088109844,0.014918006140175542,0.02406191409674197,0.014918717665680457,1.1881645579241071,1.7441411288946123,1.7548899970335583,0.014925843135102824,0.0500769189512806,0.4102,403177.0,0.06231,234357.7,0,2.0,0
668,2023-01-21 04:06:59.999,0.405148549202224,0.41045,0.0620520087179295,0.06232,-0.890501160187862,-0.9035014909722894,-2.775472877419644,-2.7797823952861296,0.041077614981968935,0.05055500722720174,0.024070580230799773,0.014917072262812367,0.024074516133311036,0.014917589293042054,1.1398020494228636,1.7754440368587965,1.7441411288946123,0.014925843135102824,0.0505550072272016,0.41045,77853.0,0.06232,43665.6,0,2.0,0
669,2023-01-21 04:07:59.999,0.4051890740898446,0.41055,0.062079185874181,0.06232,-0.8902575548273393,-0.9034014712114155,-2.775472877419644,-2.7793445173332905,0.04081967889643223,0.050798612587724445,0.024083539630595112,0.014915968240648536,0.024087412840330318,0.014916414670981204,1.121735110291169,1.7910384713964624,1.7754440368587965,0.014925843135102824,0.0507986125877244,0.4105499999999999,68416.0,0.06232,109662.6,0,2.0,0
670,2023-01-21 04:08:59.999,0.4052341915983831,0.41055,0.0620868329354651,0.06234,-0.8902575548273393,-0.9032901281379987,-2.775152004642946,-2.779221342548964,0.04083032922225971,0.05053630596637371,0.024096423645098876,0.014914773467405676,0.02410029633789618,0.014915219630130863,1.1216752618624861,1.7727310695704364,1.7910384713964624,0.014925750913203747,0.0505363059663737,0.4105499999999999,47011.0,0.06234,486529.1,0,2.0,0
671,2023-01-21 04:09:59.999,0.4052888587632431,0.4106,0.062094184887561,0.062335,-0.8901357743973038,-0.9031552345901384,-2.7752322131851987,-2.779102935529383,0.04086842756807707,0.05072365516150745,0.024109366835946753,0.014913613566084238,0.024113245350349005,0.01491406656730946,1.1234482655759492,1.7845633593514536,1.7727310695704364,0.014925450528456086,0.0507236551615073,0.4105999999999999,160286.0,0.062335,162786.0,0,2.0,0
672,2023-01-21 04:10:59.999,0.4052655412281266,0.41075,0.0620658837386333,0.06235,-0.8897705220647596,-0.9032127693715749,-2.7749916068560916,-2.7795588171945753,0.04118356628223274,0.05089221697417279,0.0241223953067737,0.014912420919347523,0.02412634373791822,0.014912953494763015,1.1437856726572981,1.795135867756231,1.7845633593514536,0.014925348111611905,0.0508922169741727,0.41075,117475.0,0.06235,126216.7,0,2.0,0
673,2023-01-21 04:11:59.999,0.4053432713371609,0.41075,0.0620674250619236,0.06236,-0.8897705220647596,-0.9030209873231498,-2.774831234792561,-2.779533983839124,0.04135504759454611,0.05076111624765889,0.02413533421567876,0.014911279215971046,0.024139319337960378,0.014911854261339738,1.154499497840385,1.7856135376676476,1.795135867756231,0.01492534232777688,0.0507611162476588,0.41075,181584.0,0.06236,228401.0,0,2.0,0
674,2023-01-21 04:12:59.999,0.40531944462016,0.4107,0.0620898844711374,0.06236,-0.8898922580196241,-0.9030797706285585,-2.774831234792561,-2.779172194274849,0.04100050907044417,0.050639380292794356,0.02414833517062657,0.014909897631644204,0.02415223523401463,0.014910375888270091,1.1299697581523735,1.7767422538129432,1.7856135376676476,0.014925326318441724,0.0506393802927942,0.4106999999999999,64790.0,0.06236,144611.4,0,2.0,0
675,2023-01-21 04:13:59.999,0.4052579434356951,0.41065,0.0621176651790118,0.06236,-0.8900140087959357,-0.903231517236567,-2.774831234792561,-2.7787248670646125,0.040483082050520425,0.050517629516482754,0.024161487362361338,0.014908092708303337,0.024165264634911244,0.014908434857686528,1.0945359168401236,1.767908388404499,1.7767422538129432,0.01492524180931749,0.0505176295164826,0.4106499999999999,160289.0,0.06236,103308.8,0,2.0,0
676,2023-01-21 04:14:59.999,0.4052187763664328,0.4107,0.0621581995815631,0.062374998,-0.8898922580196241,-0.9033281691658226,-2.774590756974583,-2.7780725376027853,0.03985316476014522,0.05044279482801073,0.024174442249057272,0.014906608626586373,0.02417807074304271,0.014906791500299258,1.0515404348942445,1.762195093262399,1.767908388404499,0.014925127302402865,0.050442768616272,0.4106999999999999,222730.0,0.062375,233099.6,0,2.0,0
677,2023-01-21 04:15:59.999,0.405214608063752,0.4109,0.0622123796729791,0.062385,-0.889405403092773,-0.9033384557674382,-2.7744304171191523,-2.777201268928664,0.039130634681382226,0.05079857535777943,0.024187419714984053,0.014905377845783364,0.024190877991995485,0.014905386212274246,1.0023059098652667,1.7853392190472717,1.762195093262399,0.014924790903984566,0.0507985753577795,0.4109,83666.0,0.0623849999999999,133432.7,0,2.0,0
678,2023-01-21 04:16:59.999,0.4052509546647332,0.4109,0.0622185894102952,0.06238,-0.889405403092773,-0.9032487626264164,-2.77451056780248,-2.777101458771,0.039138735156604265,0.050864096824445926,0.02420060643073675,0.014903773610469113,0.024204063530650168,0.014903781169406652,1.0020726590250033,1.7890429021935412,1.7853392190472717,0.014924684362045713,0.050864096824446,0.4109,129279.0,0.06238,95072.6,0,2.0,0
679,2023-01-21 04:17:59.999,0.4052546487293845,0.4108,0.0621694523971305,0.06237,-0.8896488009277339,-0.9032396471690134,-2.774670888444106,-2.7778915188926425,0.03979370783911862,0.05075175767969342,0.024213706771800902,0.014902233412602507,0.02421731241888892,0.014902393396838328,1.0452277701603532,1.7808103103156232,1.7890429021935412,0.014924332223213665,0.0507517576796934,0.4108,134998.0,0.06237,108374.7,0,2.0,0
680,2023-01-21 04:18:59.999,0.4052322796703271,0.4106,0.0621188940598935,0.06239,-0.8901357743973038,-0.9032948462309088,-2.7743502728594422,-2.778705084145812,0.040403580943840445,0.05000268783775186,0.02422644023650061,0.01490076223050939,0.024230184078367616,0.014901069797945731,1.0853849478446507,1.7298610099605671,1.7808103103156232,0.014924102616614006,0.0500026878377517,0.4105999999999999,31162.0,0.06239,195884.7,0,2.0,0
681,2023-01-21 04:19:59.999,0.4052263941267813,0.41085,0.062112063437734,0.06239,-0.8895270946049402,-0.9033093702127877,-2.7743502728594422,-2.7788150506518097,0.04047895222495912,0.050611367630115534,0.0242391207583091,0.01489990155715777,0.024242879108567525,0.014900225120150178,1.0896528733941675,1.7699611484437936,1.7298610099605671,0.014924102616614006,0.0506113676301156,0.41085,69746.0,0.06239,110648.8,0,2.0,0
682,2023-01-21 04:20:59.999,0.4053501253246829,0.41085,0.0621127065446548,0.06241,-0.8895270946049402,-0.9030040783719968,-2.7740297600361856,-2.7788046967276947,0.04077577995458337,0.050349355262992446,0.024251740629106677,0.014898923269937567,0.02425556475299594,0.014899319382717003,1.1087899237028667,1.7516443410742613,1.7699611484437936,0.014924102616614006,0.0503493552629925,0.41085,292491.0,0.06241,144079.6,0,2.0,0
683,2023-01-21 04:21:59.999,0.4054347593410318,0.4107,0.062156340038124,0.062405,-0.8898922580196241,-0.9027953077886843,-2.77410987861172,-2.778102454351782,0.04041048243872436,0.05004968706754187,0.02426427530693852,0.014897843635208853,0.024268011989912783,0.014898144174147393,1.0835222333814873,1.730815035517176,1.7516443410742613,0.014924102616614006,0.0500496870675417,0.4106999999999999,274299.0,0.062405,194205.6,0,2.0,0
684,2023-01-21 04:22:59.999,0.405447508856058,0.41075,0.0621669693021988,0.062425,-0.8897705220647596,-0.9027638617563136,-2.7737894428163,-2.7779314604463416,0.040302144616356284,0.049909473623889644,0.024276642901410957,0.014896951195118045,0.024280351649782844,0.01489722180213657,1.0754886501237153,1.7206762905203683,1.730815035517176,0.014924102616614006,0.04990947362389,0.41075,118736.0,0.0624249999999999,221701.4,0,2.0,0
685,2023-01-21 04:23:59.999,0.40540676432135,0.41085,0.0621880713869233,0.06245,-0.8895270946049402,-0.902864359554969,-2.7733890424105505,-2.777592075974106,0.03992420728179802,0.049825582329215634,0.024288887600646427,0.01489620669992065,0.024292506050005637,0.014896381554360164,1.0493623014924043,1.7143085647908765,1.7206762905203683,0.014924102616614006,0.0498255823292157,0.41085,60042.0,0.06245,73887.5,0,2.0,0
686,2023-01-21 04:24:59.999,0.4052968409380775,0.4108,0.0622092703599055,0.06244,-0.8896488009277339,-0.9031355397575314,-2.7735491833349055,-2.777251249186496,0.03937440848141094,0.049834787781611434,0.0243010906539267,0.014895535922343075,0.024304579040371387,0.014895576903038853,1.011698273865791,1.7141845221818828,1.7143085647908765,0.014924102616614006,0.0498347877816114,0.4108,66274.0,0.06244,440064.6,0,2.0,0
687,2023-01-21 04:25:59.999,0.4051589724549158,0.41085,0.0621990722041327,0.062435,-0.8895270946049402,-0.9034757643131783,-2.7736292634150286,-2.7774151956805246,0.03916820667263998,0.050021957854464616,0.024313396036042215,0.014894821391898449,0.024316833853824354,0.0148948117479916,0.9970836201282081,1.7260067201883826,1.7141845221818828,0.014924102616614006,0.0500219578544647,0.41085,42319.0,0.062435,131268.3,0,2.0,0
688,2023-01-21 04:26:59.999,0.4051436969983847,0.4109,0.0622004908615557,0.062445,-0.889405403092773,-0.9035134674014409,-2.7734691096670887,-2.7773923876032596,0.03911185846979848,0.050012727108436184,0.024325654868648166,0.014894174580450684,0.02432907680884746,0.01489414929040511,0.9925227263885534,1.7246388580340348,1.7260067201883826,0.014924102616614006,0.0500127271084362,0.4109,64484.0,0.062445,17017.0,0,2.0,0
689,2023-01-21 04:27:59.999,0.4052383499171055,0.41125,0.0622197334028412,0.062429998,-0.8885539769025554,-0.9032798666707448,-2.773709381944365,-2.7770830722720476,0.03909260054325003,0.05106057073831649,0.02433809662982785,0.014894053007857374,0.024341511233834656,0.014894020472147043,0.9904034533188029,1.7941707401196418,1.7246388580340348,0.014924102616614006,0.0510605445496705,0.41125,755209.0,0.06243,159668.8,0,2.0,0
690,2023-01-21 04:28:59.999,0.4054183157613542,0.41115,0.0621989068718767,0.062405,-0.8887971675652325,-0.9028358665043993,-2.77410987861172,-2.777417853798562,0.03981027743597354,0.05114477752193347,0.024350588334421816,0.014893900659077038,0.024354166137963023,0.014894033655046457,1.0377384431902108,1.7990041561867156,1.7941707401196418,0.014924102616614006,0.0511447775219333,0.41115,84483.0,0.062405,176527.0,0,2.0,0
691,2023-01-21 04:29:59.999,0.4054552663918258,0.4112,0.0621548053814569,0.06241,-0.8886755648411817,-0.9027447286715474,-2.7740297600361856,-2.7781271449241682,0.04048124556987609,0.05120088502675091,0.024363079078836204,0.014893786638857093,0.02436680927242357,0.014894081171466275,1.0819355764170382,1.8019464491250534,1.7990041561867156,0.014924102616614006,0.0512008850267509,0.4112,41259.0,0.06241,33681.2,0,2.0,0
692,2023-01-21 04:30:59.999,0.4054312799314886,0.41135,0.0621442778944967,0.06241,-0.8883108453671977,-0.9028038897476632,-2.7740297600361856,-2.7782965345400514,0.04056055687615279,0.051565604500734885,0.024375760123165932,0.014893620718682216,0.02437950573685558,0.014893932011188356,1.0864190280405446,1.8256033835655985,1.8019464491250534,0.014924102616614006,0.0515656045007348,0.41135,150849.0,0.06241,87736.9,0,2.0,0
693,2023-01-21 04:31:59.999,0.4053715059718471,0.41105,0.0621414805793902,0.06239,-0.8890404173839945,-0.9029513336410218,-2.7743502728594422,-2.778341548790136,0.04044991116796215,0.051098044851061175,0.02438851002938982,0.014892915400650306,0.0243922270858903,0.014893195962830555,1.0781892699288687,1.7934389676654627,1.8256033835655985,0.014924102616614006,0.0510980448510611,0.41105,157979.0,0.06239,270103.1,0,2.0,0
694,2023-01-21 04:32:59.999,0.4052434367439699,0.41095,0.0621278424460318,0.0624,-0.8892837263876281,-0.9032673140706786,-2.7741900036067553,-2.7785610419535516,0.04031336169750843,0.0507237191665757,0.024401201931610682,0.014891990173077777,0.024404884449492164,0.014892233898309922,1.0682398192672542,1.7675620873395228,1.7934389676654627,0.014924102616614006,0.0507237191665757,0.41095,63852.0,0.0624,175177.1,0,2.0,0
695,2023-01-21 04:33:59.999,0.4052331682426351,0.4108,0.0621484938670261,0.062374998,-0.8896488009277339,-0.903292653485221,-2.774590756974583,-2.7782286951561312,0.040016335895466604,0.05068625191990095,0.02441389978167798,0.014891010702748033,0.024417510620861914,0.014891178840675742,1.0475211829432864,1.7643095329569933,1.7675620873395228,0.014924102616614006,0.0506862257081623,0.4108,93594.0,0.062375,348616.8,0,2.0,0
696,2023-01-21 04:34:59.999,0.4052824440698959,0.41065,0.062122405148127,0.062344998,-0.8900140087959357,-0.9031710621757559,-2.7750718346131453,-2.778648563677066,0.04048116072655106,0.05071431471578347,0.02442670834566893,0.014889830082572194,0.02443042379403294,0.014890109683116163,1.0779461853607422,1.7654738989186236,1.7643095329569933,0.014924102616614006,0.0507142884914322,0.41065,42591.0,0.062345,102960.1,0,2.0,0
697,2023-01-21 04:35:59.999,0.4053296282578474,0.4105,0.0620771689984337,0.06233,-0.8903793500896542,-0.9030546459771436,-2.775312428161378,-2.779377006620682,0.04119306342717466,0.05054565349385265,0.024439538194226354,0.014888451425309882,0.0244434154275596,0.014888909578659158,1.1249747949052609,1.7534473232888916,1.7654738989186236,0.014924102616614006,0.0505456534938526,0.4105,104483.0,0.0623299999999999,60761.7,0,2.0,0
698,2023-01-21 04:36:59.999,0.4053096204049793,0.4105,0.0620492056250829,0.062325,-0.8903793500896542,-0.9031040091258072,-2.7753926495725154,-2.7798275695877983,0.04151202585236058,0.05061123277898871,0.02445238379770951,0.014887087092238785,0.02445633187501908,0.014887626036272405,1.145628855519798,1.7571502617806827,1.7534473232888916,0.014924102616614006,0.0506112327789887,0.4105,36276.0,0.062325,103474.5,0,2.0,0
699,2023-01-21 04:37:59.999,0.4052605143050133,0.4104,0.0620447096543779,0.06226,-0.8906229851255774,-0.9032251734715517,-2.776436113968675,-2.779900030363926,0.041450096638876666,0.051220607534275375,0.024465474743411247,0.014885755025980954,0.024469405458962153,0.014886274478333973,1.140694483675471,1.7973648460670537,1.7571502617806827,0.014924102616614006,0.0512206075342753,0.4104,28873.0,0.0622599999999999,1491911.2,0,2.0,0
700,2023-01-21 04:38:59.999,0.4051824846772234,0.4105,0.0619957050847946,0.06223,-0.8903793500896542,-0.9034177339061018,-2.7769180804010105,-2.780690169162412,0.04190345774607174,0.05185823980415338,0.02447886221517833,0.01488437817973947,0.02448289475290823,0.014885015661561097,1.1703422683088054,1.8394707026621846,1.7973648460670537,0.014924102616614006,0.0518582398041533,0.4105,356492.0,0.06223,168095.3,0,2.0,0
701,2023-01-21 04:39:59.999,0.4051907763547718,0.41075,0.0619834980532225,0.062255,-0.8897705220647596,-0.9033972700582741,-2.776516425577761,-2.7808870897959146,0.042084899993437896,0.052138723615120286,0.02449229938817098,0.014883140294143083,0.024496370806964145,0.01488382384272015,1.1817211337848845,1.8575665941836832,1.8394707026621846,0.014924102616614006,0.0521387236151202,0.41075,30916.0,0.062255,103978.3,0,2.0,0
702,2023-01-21 04:40:59.999,0.4052660304420939,0.41065,0.0620130089720453,0.06229,-0.8900140087959357,-0.9032115622280547,-2.775954379716083,-2.780411093816867,0.0418814913073694,0.05143577643192965,0.02450564888955637,0.014881437668630452,0.024509670144455195,0.014882062768053322,1.1672992805947264,1.8096455558955193,1.8575665941836832,0.014924102616614006,0.0514357764319295,0.4106499999999999,141292.0,0.06229,311010.6,0,2.0,0
703,2023-01-21 04:41:59.999,0.4052997961897985,0.4107,0.0620342461670006,0.062335,-0.8898922580196241,-0.9031282482105752,-2.7752322131851987,-2.7800686888980484,0.04168489663856667,0.05096717153918717,0.024518920365077364,0.014879465290911428,0.02452289305109298,0.014880034570048594,1.153357776602104,1.7775001088422677,1.8096455558955193,0.014924102616614006,0.0509671715391872,0.4107,30843.0,0.062335,825519.4,0,2.0,0
704,2023-01-21 04:42:59.999,0.4052929821381106,0.41065,0.0620595206689829,0.06236,-0.8900140087959357,-0.9031450607257376,-2.774831234792561,-2.7796613436626476,0.041335088119440755,0.050517629516482754,0.02453228205587231,0.01487688851812326,0.024536170694165197,0.014877362563633952,1.129159644622672,1.7466923563320842,1.7775001088422677,0.014924102616614006,0.0505176295164826,0.41065,31061.0,0.06236,147829.3,0,2.0,0
705,2023-01-21 04:43:59.999,0.4053332524347891,0.4105,0.0620718085889168,0.062344998,-0.8903793500896542,-0.9030457047093785,-2.7750718346131453,-2.7794633610897144,0.04127259762352509,0.05034897342206501,0.02454578442149035,0.01487384300779372,0.024549655472914107,0.014874298037685012,1.1242844609031166,1.734803102806322,1.7466923563320842,0.014924102616614006,0.0503489471977138,0.4105,86661.0,0.062345,267142.4,0,2.0,0
706,2023-01-21 04:44:59.999,0.4052805371338192,0.41030002,0.0620655824072634,0.062315,-0.890866630789177,-0.903175767389591,-2.775553111703797,-2.7795636722305987,0.0412245371521629,0.05025512643443686,0.024559130503453337,0.01487103880126298,0.024562987343686782,0.014871478614861126,1.1203694158445123,1.727922055371222,1.734803102806322,0.014924102616614006,0.0502550776896173,0.4103,125386.0,0.0623149999999999,401027.2,0,2.0,0
707,2023-01-21 04:45:59.999,0.4051860988702066,0.41045,0.0620613513237213,0.06231,-0.890501160187862,-0.903408814031722,-2.7756333524260066,-2.779631845727141,0.04104722088307189,0.05068619210727576,0.024572456112784743,0.014868652428378143,0.02457626883316667,0.014869043709092141,1.1077344563748603,1.7562947362096268,1.727922055371222,0.01492398745219293,0.0506861921072752,0.41045,146534.0,0.06231,132579.1,0,2.0,0
708,2023-01-21 04:46:59.999,0.4051864832526095,0.4104,0.0621110763330547,0.06232,-0.8906229851255774,-0.9034078653757301,-2.775472877419644,-2.778830943096344,0.04039344879498208,0.050433182289486345,0.02458584292296901,0.014865895809095675,0.024589501244161333,0.01486612019811944,1.063084876228832,1.7387004253522806,1.7562947362096268,0.014923295970369094,0.0504331822894863,0.4104,43609.0,0.06232,110466.9,0,2.0,0
709,2023-01-21 04:47:59.999,0.4051612487974577,0.4104,0.0621598391264356,0.06233,-0.8906229851255774,-0.9034701459354502,-2.775312428161378,-2.7780461609821496,0.03968962566817669,0.050302018457929476,0.024599199371155237,0.014863073982360706,0.02460269171697727,0.014863126590060593,1.015057892414675,1.7293070812456424,1.7387004253522806,0.01492192082258693,0.0503020184579294,0.4104,106953.0,0.0623299999999999,177276.5,0,2.0,0
710,2023-01-21 04:48:59.999,0.4051558175240244,0.41030002,0.0621650910922147,0.06232,-0.890866630789177,-0.9034835512397664,-2.775472877419644,-2.777961673248708,0.039607153451631905,0.050189536625886655,0.02461247038632301,0.014860322088532593,0.024615940574489018,0.014860352918774456,1.0088059791771906,1.7211649981194517,1.7293070812456424,0.014920454207542943,0.0501894878810671,0.4103,134891.0,0.06232,13601.3,0,2.0,0
711,2023-01-21 04:49:59.999,0.4051372673290998,0.41025,0.0621108314457615,0.06231,-0.8909885490119368,-0.9035293376231741,-2.7756333524260066,-2.7788348858355527,0.04027519965238158,0.05019880328320092,0.024625654795940668,0.014857750177440432,0.02462927653740247,0.014857937860898358,1.0530346311485452,1.7211992516935548,1.7211649981194517,0.01491906208242821,0.0501988032832003,0.41025,51982.0,0.06231,195087.0,0,2.0,0
712,2023-01-21 04:50:59.999,0.4051229004127938,0.4104,0.062057786902502,0.06232,-0.8906229851255774,-0.9035648001002389,-2.775472877419644,-2.779689281208425,0.04093818709014607,0.050433182289486345,0.024638849368426516,0.014855352802702209,0.024642621490093195,0.014855702739650582,1.0969232412384795,1.7363662286342876,1.7211992516935548,0.014917871386201655,0.0504331822894863,0.4104,39016.0,0.06232,157528.4,0,2.0,0
713,2023-01-21 04:51:59.999,0.4051927431945997,0.41035,0.0620389141365849,0.06232,-0.8907448249064164,-0.9033924159619593,-2.775472877419644,-2.779993443461,0.041359217354271394,0.05031134250864733,0.024651910818573302,0.014853113406842814,0.02465577735561003,0.014853568792806637,1.1245405216523177,1.7275456658300845,1.7363662286342876,0.014916708326496417,0.0503113425086474,0.41035,56376.0,0.06232,97322.7,0,2.0,0
714,2023-01-21 04:52:59.999,0.4052580882030936,0.41,0.0620382683630149,0.062285,-0.8915981192837836,-0.9032311600137783,-2.776034652644081,-2.78000385268463,0.04152898261978799,0.04991728734314749,0.02466472995571778,0.014851015702719147,0.02466863281446901,0.014851512681315997,1.1352614489250115,1.7003926123925712,1.7275456658300845,0.014915518390343448,0.0499172873431477,0.41,130919.0,0.062285,501774.5,0,2.0,0
715,2023-01-21 04:53:59.999,0.4052769678686493,0.41005,0.0620184951585205,0.062285,-0.8914761754997168,-0.9031845743283903,-2.776034652644081,-2.780322629413936,0.04183616145268443,0.05003923112721431,0.02467751585320822,0.014849078942160284,0.02468148684270127,0.014849654465085155,1.1552238235790349,1.707965549432011,1.7003926123925712,0.014914354833014811,0.0500392311272142,0.41005,59040.0,0.062285,25847.3,0,2.0,0
716,2023-01-21 04:54:59.999,0.4053319545201819,0.41025,0.062041250121364,0.06228,-0.8909885490119368,-0.9030489068071029,-2.7761149320163394,-2.779955790629166,0.04167194612568659,0.050592484282105166,0.0246905195110937,0.014847170241868143,0.02469444948716743,0.014847699139378447,1.1434429320764017,1.7445724908554934,1.707965549432011,0.014913231762899626,0.050592484282105,0.41025,32843.0,0.06228,102657.7,0,2.0,0
717,2023-01-21 04:55:59.999,0.4053185610398313,0.41035,0.0620402510167629,0.06227,-0.8907448249064164,-0.9030819505913101,-2.7762755100977765,-2.779971894634871,0.04165206702116975,0.05096747752936481,0.02470362464772361,0.014845372410222723,0.024707546990323338,0.014845893066837833,1.1413607759775939,1.7691609314937469,1.7445724908554934,0.014912129069695558,0.0509674775293649,0.41035,100723.0,0.06227,152041.0,0,2.0,0
718,2023-01-21 04:56:59.999,0.4052018934925805,0.41025,0.0620221858011395,0.062265,-0.8909885490119368,-0.9033698336358505,-2.776355808809025,-2.7802631224426495,0.04160225647093052,0.050789395900165624,0.02471658362592284,0.014843703184988732,0.024720491441901783,0.0148442077351827,1.1372627849323858,1.756489735028515,1.7691609314937469,0.014910745481537504,0.0507893959001655,0.41025,157855.0,0.062265,69767.0,0,2.0,0
719,2023-01-21 04:57:59.999,0.4050446960657299,0.41,0.0620200698149269,0.06227,-0.8915981192837836,-0.9037578573087639,-2.7762755100977765,-2.7802972396263836,0.04124212286487583,0.05011418315199756,0.024729400969449776,0.014841721979633698,0.02473322247416985,0.014842129967849635,1.1122999479499796,1.7103663724048748,1.756489735028515,0.014908920115332418,0.0501141831519977,0.41,64533.0,0.06227,110233.9,0,2.0,0
720,2023-01-21 04:58:59.999,0.4049564927842112,0.41,0.0620347274971977,0.062275,-0.8915981192837836,-0.9039756428702704,-2.776195217833893,-2.780060929823674,0.040831159101782144,0.05004854594625985,0.02474223245623675,0.01483964406421104,0.024745955882907785,0.014839944882700263,1.0839125984642815,1.7053180912239438,1.7103663724048748,0.014907202339646075,0.05004854594626,0.41,33824.0,0.062275,23915.4,0,2.0,0
721,2023-01-21 04:59:59.999,0.405049583213424,0.40995,0.0620423381142749,0.062275,-0.8917200779399503,-0.903745791681789,-2.776195217833893,-2.779938254177708,0.04096072557759167,0.04992658729009314,0.024755095533918893,0.014837384717108935,0.024758845969013475,0.014837715489697832,1.0919389591900137,1.6964911428864609,1.7053180912239438,0.014905737534280499,0.0499265872900931,0.40995,148866.0,0.062275,22227.6,0,2.0,0
722,2023-01-21 05:00:59.999,0.4051656117873297,0.41005,0.0620391972458513,0.062285,-0.8914761754997168,-0.9034593774663687,-2.776034652644081,-2.779988880057137,0.041288525364959194,0.05003923112721431,0.024767940099887035,0.014835249298079327,0.024771763424410308,0.014835660988073927,1.113314867050842,1.7034625114523065,1.6964911428864609,0.01490418243012355,0.0500392311272142,0.41005,29315.0,0.062285,62364.3,0,2.0,0
723,2023-01-21 05:01:59.999,0.4052504205229525,0.4106,0.0620291133115566,0.06228,-0.8901357743973038,-0.9032500806791601,-2.7761149320163394,-2.7801514346090865,0.0416307070162123,0.05144525889673812,0.024781035093247313,0.014833824194912287,0.024784934577608095,0.014834321896627934,1.1355943706758516,1.7975286381401312,1.7034625114523065,0.01490274033998041,0.051445258896738,0.4106,927753.0,0.06228,117337.2,0,2.0,0
724,2023-01-21 05:02:59.999,0.4053258443375694,0.41095,0.0620061885720415,0.06228,-0.8892837263876281,-0.9030639814356853,-2.7761149320163394,-2.78052108324021,0.042118986097175126,0.052297306906413876,0.024794252874380262,0.014832896803529977,0.024798262301184888,0.014833521368396342,1.1676744426237875,1.854193041071273,1.7975286381401312,0.01490140069766888,0.0522973069064138,0.41095,73028.0,0.06228,27036.0,0,2.0,0
725,2023-01-21 05:03:59.999,0.4053020525644234,0.4105,0.0620056263534826,0.06228,-0.8903793500896542,-0.903122681051733,-2.7761149320163394,-2.780530150417547,0.04206769870436711,0.05120168320438778,0.02480729148447842,0.014831347438049269,0.02481128602445062,0.014831955074203703,1.1634617684306159,1.7796354532289853,1.854193041071273,0.014900436289599066,0.0512016832043877,0.4105,165387.0,0.06228,40989.4,0,2.0,0
726,2023-01-21 05:04:59.999,0.4051346115961343,0.41065,0.0620136725232773,0.062305,-0.8900140087959357,-0.9035358927882603,-2.775713599587306,-2.7804003936800252,0.041548413614509117,0.05123894383454364,0.02482041319881642,0.014829650598696351,0.024824284524994546,0.01483011753664684,1.1277138598657375,1.7814668295724798,1.7796354532289853,0.014899545817075296,0.0512389438345435,0.41065,45175.0,0.062305,359104.7,0,2.0,0
727,2023-01-21 05:05:59.999,0.4051791600190372,0.41055,0.062052379382181,0.062315,-0.8902575548273393,-0.9034259392751687,-2.775553111703797,-2.779776421859127,0.04114828353047528,0.05086420239627465,0.024833613007563243,0.014827447984371635,0.02483738867766806,0.014827808945273056,1.1000205703356436,1.7555677427530387,1.7814668295724798,0.014898437976289796,0.0508642023962746,0.4105499999999999,50673.0,0.0623149999999999,38839.5,0,2.0,0
728,2023-01-21 05:06:59.999,0.4052403966286014,0.41025,0.0620637637524467,0.062295,-0.8909885490119368,-0.9032748160472593,-2.7758741132313105,-2.7795929748068726,0.04114944272289145,0.05039562008406151,0.024846749515876655,0.014824949884685763,0.024850522414096285,0.014825308436049294,1.0993983955951045,1.7233697764183977,1.7555677427530387,0.014897452395139276,0.0503956200840614,0.41025,55201.0,0.062295,103207.2,0,2.0,0
729,2023-01-21 05:07:59.999,0.4052592064064476,0.41015,0.0620302181932462,0.062295,-0.8912323325333781,-0.9032284007799868,-2.7758741132313105,-2.780133622459428,0.04163782586460407,0.05015183656262023,0.024859829592819363,0.014822342966712277,0.024863712489433986,0.01482282490049154,1.1316407963919104,1.7063433916352602,1.7233697764183977,0.014896591616304265,0.0501518365626201,0.41015,87664.0,0.062295,62867.4,0,2.0,0
730,2023-01-21 05:08:59.999,0.405248209076141,0.41005,0.062017254277717,0.062295,-0.8914761754997168,-0.9032555376823697,-2.7758741132313105,-2.7803426378519736,0.04178155456818833,0.04990799359628151,0.024872823292325832,0.014819691168140553,0.02487673644466924,0.014820208180008463,1.1406599636247106,1.689317950010754,1.7063433916352602,0.01489577806586918,0.0499079935962814,0.41005,72228.0,0.062295,19052.3,0,2.0,0
731,2023-01-21 05:09:59.999,0.4051758403528304,0.40965,0.0620190707103258,0.06227,-0.8924521423943134,-0.9034341323910384,-2.7762755100977765,-2.7803133491317684,0.04157901695816246,0.049260160041467826,0.024885458178254334,0.014817209684528668,0.02488932153367667,0.014817670907794244,1.1263372987793139,1.6450264511451331,1.689317950010754,0.014895003036753413,0.0492601600414677,0.4096499999999999,216684.0,0.06227,97439.0,0,2.0,0
732,2023-01-21 05:10:59.999,0.4050254569776675,0.4094,0.0620107160980964,0.062235,-0.8930626057549479,-0.9038053571160182,-2.7768377365291963,-2.7804480685803306,0.04131792249647959,0.04910930474474384,0.024897939736288028,0.014814899257252474,0.024901739778583832,0.014815290348369837,1.1080567664812637,1.6342578230225495,1.6450264511451331,0.014894314904801732,0.0491093047447437,0.4094,230370.0,0.062235,111070.5,0,2.0,0
733,2023-01-21 05:11:59.999,0.4049512661819275,0.40915,0.0619931526569813,0.062235,-0.8936734420087463,-0.9039885495308769,-2.7768377365291963,-2.7807313410525345,0.04136629925950508,0.04849846849094541,0.02491037067513779,0.014812166517227505,0.02491417903630057,0.01481256754253595,1.110686596092163,1.5924812746584467,1.6342578230225495,0.014894098201200984,0.0484984684909455,0.40915,178110.0,0.062235,27668.1,0,2.0,0
734,2023-01-21 05:12:59.999,0.4049176402096421,0.40905,0.0619963464139491,0.06224,-0.8939178810224298,-0.904071590062596,-2.776757399112001,-2.7806798244806883,0.04124114503386811,0.04818835535965871,0.024922939084107195,0.014808877237886495,0.02492671557240846,0.01480924385306908,1.101638248605018,1.5710452522376317,1.5924812746584467,0.014894045534151412,0.0481883553596587,0.40905,52116.0,0.06224,29899.4,0,2.0,0
735,2023-01-21 05:13:59.999,0.40495932822843,0.4092,0.0619839873833674,0.06224,-0.8935512449046656,-0.9039686410457716,-2.776757399112001,-2.7808791953041747,0.04150707542805543,0.048554991477422815,0.02493569784666577,0.014805488108675591,0.024939532925948662,0.01480592065370221,1.118980905653041,1.5953066496279051,1.5710452522376317,0.014894023767871897,0.0485549914774228,0.4092,59246.0,0.06224,86629.3,0,2.0,0
736,2023-01-21 05:14:59.999,0.4049899041013884,0.409,0.0619593630993707,0.06223,-0.8940401229393353,-0.9038931403310293,-2.7769180804010105,-2.781276542708852,0.04190739913431485,0.048197466954472246,0.024948375412678064,0.014801952888207867,0.024952300204097094,0.014802487938970845,1.145422242539356,1.570677309770106,1.5953066496279051,0.014893954126428029,0.0481974669544724,0.409,137689.0,0.0622299999999999,26285.6,0,2.0,0
737,2023-01-21 05:15:59.999,0.4049998680919884,0.40935,0.0619355454767846,0.06224,-0.8931847431596799,-0.9038685375744451,-2.776757399112001,-2.7816610237686996,0.042246306921134735,0.048921493222408574,0.024961087391073056,0.014798954403486709,0.024965087673306345,0.01479957757450243,1.167683277501209,1.6190607240259032,1.570677309770106,0.014893379974920004,0.0489214932224086,0.40935,98981.0,0.06224,107973.8,0,2.0,0
738,2023-01-21 05:16:59.999,0.4050474716061976,0.4093,0.0619519644809122,0.06224,-0.8933068954837797,-0.9037510049021404,-2.776757399112001,-2.7813959606605727,0.04214715618061482,0.04879934089830873,0.024973635860263,0.014796179112542107,0.02497761029218162,0.014796772949629942,1.1603574608382836,1.6102606528904255,1.6190607240259032,0.01489247441444008,0.0487993408983087,0.4093,60592.0,0.06224,46603.1,0,2.0,0
739,2023-01-21 05:17:59.999,0.4049720527835599,0.40935,0.0619817736200141,0.062245,-0.8931847431596799,-0.9039372197292767,-2.7766770681483877,-2.7809149110265743,0.04156769358252521,0.048855824380470536,0.024986077976247627,0.01479365703409714,0.024989915424895225,0.014794095318305372,1.120567212860768,1.6135122200823473,1.6102606528904255,0.014891442605084288,0.0488558243804706,0.40935,85148.0,0.0622449999999999,91263.1,0,2.0,0
740,2023-01-21 05:18:59.999,0.4049470829033089,0.40935,0.0620420127830613,0.06226,-0.8931847431596799,-0.9039988799102965,-2.776436113968675,-2.7799434978883166,0.04071192397017831,0.04865884950017285,0.02499842943912541,0.014791141581943062,0.025002065980326765,0.014791361246952288,1.0620968366308077,1.5996344791893509,1.6135122200823473,0.014890376972506059,0.0486588495001729,0.40935,31029.0,0.0622599999999999,161262.5,0,2.0,0
741,2023-01-21 05:19:59.999,0.4049273945371133,0.40935,0.0620977981973506,0.06225,-0.8931847431596799,-0.9040475006947462,-2.7765967436373202,-2.779044746430524,0.03992859312165442,0.048790160813350414,0.02501099099174676,0.014788298401956279,0.02501444334123297,0.014788328054264787,1.0085081779153782,1.607972004301591,1.5996344791893509,0.014889209604773409,0.0487901608133505,0.40935,30426.0,0.06225,101184.4,0,2.0,0
742,2023-01-21 05:20:59.999,0.4049193724264449,0.4092,0.0620812987493027,0.06224,-0.8935512449046656,-0.9040673121232681,-2.776757399112001,-2.779310482750898,0.04012601544254801,0.048554991477422815,0.025023408530181705,0.014785540536799605,0.025026903694938096,0.014785614288284104,1.0212028701150566,1.5915267276616338,1.607972004301591,0.014887946921869092,0.0485549914774228,0.4092,120671.0,0.06224,57372.6,0,2.0,0
743,2023-01-21 05:21:59.999,0.4048830058575466,0.40905,0.0620255266682599,0.06223,-0.8939178810224298,-0.9041571280336628,-2.7769180804010105,-2.7802092582148505,0.0407709292207491,0.04831970887137782,0.025035652223159455,0.014782926703413923,0.025039293805431517,0.014783153752933128,1.0641596291451858,1.5750640664978213,1.5915267276616338,0.014886612367818582,0.0483197088713778,0.40905,90178.0,0.0622299999999999,80225.1,0,2.0,0
744,2023-01-21 05:22:59.999,0.4048390514801753,0.40905,0.0619695572551695,0.06224,-0.8939178810224298,-0.9042656946140497,-2.776757399112001,-2.781112026536314,0.04140035640443984,0.04818835535965871,0.02504780584236659,0.014780373584475058,0.025051590278969704,0.014780756291650377,1.1060845468851637,1.5656268351429483,1.5750640664978213,0.014885330365754316,0.0481883553596587,0.40905,117585.0,0.06224,90828.5,0,2.0,0
745,2023-01-21 05:23:59.999,0.4048766959957638,0.40905,0.0619474089550397,0.06225,-0.8939178810224298,-0.9041727125626743,-2.7765967436373202,-2.781469496559072,0.0417855625418494,0.04805702295060055,0.025059914439616034,0.014777791616285193,0.025063785221403175,0.014778271599046825,1.1315110301210562,1.5561938554906671,1.5656268351429483,0.014884121797430386,0.0480570229506005,0.40905,82430.0,0.06225,107403.2,0,2.0,0
746,2023-01-21 05:24:59.999,0.4049642353440411,0.4093,0.0619561324537544,0.06226,-0.8933068954837797,-0.9039565235674517,-2.776436113968675,-2.781328685430836,0.041886641456135076,0.04853669717607301,0.025072164483357758,0.014775313316204767,0.025076055822624774,0.014775817279726294,1.1377093608605926,1.5880903633346721,1.5561938554906671,0.014882503036720028,0.048536697176073,0.4093,57764.0,0.0622599999999999,57175.1,0,2.0,0
747,2023-01-21 05:25:59.999,0.4051282318466419,0.4095,0.0619896646797084,0.062275,-0.892818375689013,-0.9035516401461557,-2.776195217833893,-2.780787606547201,0.041849204480820856,0.04882828954103047,0.02508446798755483,0.014772960235965945,0.02508834781548662,0.014773451745079826,1.1345254280819173,1.607248728367211,1.5880903633346721,0.014880541619549777,0.0488282895410305,0.4095,95721.0,0.062275,166851.3,0,2.0,0
748,2023-01-21 05:26:59.999,0.4052224255032708,0.4095,0.0620302097488568,0.06226,-0.892818375689013,-0.9033191638565425,-2.776436113968675,-2.7801337585929167,0.04154717407425923,0.049025216970839725,0.02509684689728584,0.014770610550774922,0.02510065396212661,0.014771020891168603,1.1134315111534216,1.6199987123957116,1.607248728367211,0.014878030565237612,0.0490252169708398,0.4095,51417.0,0.0622599999999999,424338.6,0,2.0,0
749,2023-01-21 05:27:59.999,0.4051645135518928,0.4097,0.0620187844899686,0.062275,-0.8923300944293117,-0.9034620880540725,-2.776195217833893,-2.780317964180243,0.04155483399839466,0.04931657080073182,0.025109351758575576,0.014768242384437687,0.025113157702162665,0.014768652090262803,1.1132821191632134,1.6391401503312983,1.6199987123957116,0.014875064169172248,0.0493165708007317,0.4097,37523.0,0.062275,181943.3,0,2.0,0
750,2023-01-21 05:28:59.999,0.4050614491481215,0.40975,0.0620272386571049,0.062285,-0.892208061358198,-0.9037164970932096,-2.776034652644081,-2.780181657236499,0.04118899695265632,0.04930734526873315,0.02512183870233984,0.014765891592014526,0.025125557091196658,0.014766205539538238,1.0878515688033685,1.6379306603790158,1.6391401503312983,0.014872183470567098,0.0493073452687331,0.40975,57341.0,0.062285,55486.6,0,2.0,0
751,2023-01-21 05:29:59.999,0.404930150109664,0.4099,0.0620405990144954,0.062295,-0.8918420514718453,-0.90404069561509,-2.7758741132313105,-2.7799662854255143,0.040688736588899155,0.04954211762415306,0.025134603638070064,0.014763160971205095,0.025138203298553936,0.014763348487911809,1.053320207341712,1.6532715475831221,1.6379306603790158,0.014869652435534387,0.049542117624153,0.4099,119992.0,0.062295,126867.1,0,2.0,0
752,2023-01-21 05:30:59.999,0.4049375182710495,0.40975,0.0620600251101405,0.062305,-0.892208061358198,-0.9040224996512964,-2.775713599587306,-2.7796532153512774,0.04045100447345784,0.0490448912722814,0.02514747788631508,0.01475975562790434,0.02515101954949192,0.0147598833643444,1.036592535746336,1.6190927538655588,1.6532715475831221,0.014866851075862615,0.0490448912722814,0.40975,116696.0,0.062305,276045.6,0,2.0,0
753,2023-01-21 05:31:59.999,0.4049963786984867,0.4097,0.0620745312378432,0.062305,-0.8923300944293117,-0.9038771534007912,-2.775713599587306,-2.7794194991614347,0.04040529274533533,0.04892285820116771,0.025160338577863876,0.014756261035611508,0.025163866685748038,0.01475637558338444,1.0328705699758018,1.6103347295061659,1.6190927538655588,0.014863874992075305,0.0489228582011675,0.4097,132968.0,0.062305,29565.0,0,2.0,0
754,2023-01-21 05:32:59.999,0.4051152876444245,0.4097,0.0620715121464039,0.06231,-0.8923300944293117,-0.9035835915333797,-2.7756333524260066,-2.7794681369006264,0.040738614922639305,0.048857257865826065,0.02517318408414987,0.014752729992048503,0.025176786359280272,0.014752922813187679,1.0548302028292502,1.6054027827013408,1.6103347295061659,0.01486104633659599,0.0488572578658255,0.4097,98390.0,0.06231,72487.4,0,2.0,0
755,2023-01-21 05:33:59.999,0.4051809571315703,0.40975,0.062055241141312,0.06231,-0.892208061358198,-0.9034215039321771,-2.7756333524260066,-2.7797303044793975,0.041115018903445044,0.04897929093693976,0.025186057838831946,0.014749232368713637,0.025189744245002886,0.014749515846391288,1.079715078399576,1.613184503661254,1.6054027827013408,0.014858541625367382,0.0489792909369393,0.40975,100927.0,0.06231,39165.8,0,2.0,0
756,2023-01-21 05:34:59.999,0.4051506658014296,0.40965,0.0620375697009006,0.06232,-0.8924521423943134,-0.9034962667312524,-2.775472877419644,-2.780015114540688,0.041273082228394986,0.04860402502075034,0.02519899429123518,0.014745257514563568,0.025202714283814945,0.014745578427376631,1.0898431705292624,1.5872920975709324,1.613184503661254,0.014856261519962527,0.0486040250207502,0.4096499999999999,115977.0,0.06232,55925.9,0,2.0,0
757,2023-01-21 05:35:59.999,0.405018687853793,0.4095,0.0620473994146296,0.062325,-0.892818375689013,-0.9038220700912748,-2.7753926495725154,-2.7798566793358503,0.040817761482348947,0.04817220717962989,0.025211770948275352,0.014741244453670537,0.025215382610051344,0.014741450006054339,1.058401912016096,1.5575643090049591,1.5872920975709324,0.014854102279517624,0.04817220717963,0.4095,110987.0,0.062325,59666.3,0,2.0,0
758,2023-01-21 05:36:59.999,0.4049004877689099,0.4096,0.0620609344375488,0.06233,-0.892574205256839,-0.9041139512796202,-2.775312428161378,-2.779638563073183,0.04034757492166674,0.04835079832666789,0.025224753778368268,0.014736919178082512,0.025228253621261878,0.014737009240026182,1.0259423098779303,1.5692591015016109,1.5575643090049591,0.014852026709188657,0.0483507983266677,0.4095999999999999,98409.0,0.0623299999999999,261464.2,0,2.0,0
759,2023-01-21 05:37:59.999,0.404941002672572,0.4097,0.0620783316575247,0.06232,-0.8923300944293117,-0.904013894900257,-2.775472877419644,-2.779358277541666,0.04021850388317194,0.048726072985752045,0.025237898088067028,0.01473255078029013,0.02524136501835981,0.014732608262390404,1.0165979165444838,1.5943046963129124,1.5692591015016109,0.014850119019142866,0.0487260729857519,0.4097,175623.0,0.06232,95145.0,0,2.0,0
760,2023-01-21 05:38:59.999,0.4050600364179913,0.4096,0.0620687023869341,0.062315,-0.892574205256839,-0.9037199847926604,-2.775553111703797,-2.779513404414958,0.04063922688662347,0.04854755196677496,0.025250791044989142,0.01472857225161827,0.025254352358537315,0.014728727951935998,1.0445487606459531,1.5817392564459964,1.5943046963129124,0.014848187970805124,0.0485475519667748,0.4095999999999999,129046.0,0.062315,55807.2,0,2.0,0
761,2023-01-21 05:39:59.999,0.4051273832101679,0.40955,0.0620507745037492,0.0623,-0.892696283020526,-0.903553734883812,-2.7757938531887296,-2.779802285479537,0.04104163087747781,0.048622275209958876,0.025263626248086975,0.014724773138694565,0.025267277718725577,0.01472502514830869,1.0712615428411725,1.5863503459003225,1.5817392564459964,0.014846344584972986,0.0486222752099587,0.4095499999999999,78092.0,0.0622999999999999,37650.5,0,2.0,0
762,2023-01-21 05:40:59.999,0.4051258756324318,0.40995,0.0620222049121261,0.062305,-0.8917200779399503,-0.9035574561344694,-2.775713599587306,-2.7802628143112385,0.041414382081483514,0.04953287469052903,0.02527664232513633,0.014721367752090578,0.025280377048523588,0.014721710830934948,1.0959327498171818,1.6476887728008884,1.5863503459003225,0.014844629068096483,0.049532874690529,0.40995,761976.0,0.062305,104651.3,0,2.0,0
763,2023-01-21 05:41:59.999,0.4051599658587883,0.4104,0.0620290070900265,0.06232,-0.8906229851255774,-0.9034733124295421,-2.775472877419644,-2.7801531470569256,0.0414088751552556,0.050433182289486345,0.025289911933029596,0.014718201346626079,0.0252936423110028,0.01471854047159794,1.0948934016487588,1.708311346224412,1.6476887728008884,0.014842649409682902,0.0504331822894863,0.4104,538124.0,0.06232,116605.6,0,2.0,0
764,2023-01-21 05:42:59.999,0.405196611978525,0.4105,0.0620596082239679,0.062325,-0.8903793500896542,-0.9033828679986238,-2.7753926495725154,-2.7796599328408704,0.041096127529973714,0.05061123277898871,0.02530323695014815,0.014715061845618993,0.025306891865811153,0.014715319964411406,1.0729794324791027,1.7198701639419427,1.708311346224412,0.014840491153987605,0.0506112327789887,0.4105,152457.0,0.062325,41560.7,0,2.0,0
765,2023-01-21 05:43:59.999,0.405204798824509,0.41055,0.0620822454098011,0.062325,-0.8902575548273393,-0.9033626635767777,-2.7753926495725154,-2.7792952341446373,0.0408181985800693,0.05073302804130364,0.025316469447693633,0.014712220827441875,0.02532005698047132,0.01471240800564082,1.0534061856941368,1.7275813686946524,1.7198701639419427,0.01483827283794844,0.0507330280413036,0.4105499999999999,130787.0,0.062325,85689.0,0,2.0,0
766,2023-01-21 05:44:59.999,0.4052394581365008,0.41045,0.0620900738032371,0.062325,-0.890501160187862,-0.9032771319397397,-2.7753926495725154,-2.779169144956709,0.04080065500700458,0.05048942268078094,0.02532951070452584,0.014709558938905399,0.02533309115912026,0.014709739316863438,1.0515185561549758,1.7104463893685826,1.7275813686946524,0.014836174613479903,0.0504894226807808,0.41045,81214.0,0.062325,140418.0,0,2.0,0
767,2023-01-21 05:45:59.999,0.4052745916865223,0.41030002,0.0620763463371274,0.06232,-0.890866630789177,-0.903190437452331,-2.775472877419644,-2.7793902589446953,0.04106810544298267,0.050189536625886655,0.02534236184096388,0.014707020825613606,0.025346001216942127,0.01470726429950163,1.069002630664175,1.6894770925767082,1.7104463893685826,0.014834656669489433,0.0501894878810671,0.4103,193010.0,0.06232,170453.4,0,2.0,0
768,2023-01-21 05:46:59.999,0.4052351001386082,0.40995,0.0620474514142908,0.062315,-0.8917200779399503,-0.90328788612776,-2.775553111703797,-2.7798558412726937,0.04135126034718595,0.04940167928366357,0.025355059948170815,0.014704106595929318,0.0253587619154004,0.01470441829136221,1.0875981704886615,1.6353675878648632,1.6894770925767082,0.01483372150045424,0.0494016792836635,0.40995,120448.0,0.0623149999999999,18119.8,0,2.0,0
769,2023-01-21 05:47:59.999,0.4052171589651531,0.40985,0.0620274542112559,0.062305,-0.8919640398830975,-0.9033321606010717,-2.775713599587306,-2.7801781820894327,0.041570492586510466,0.0492889127473819,0.02536782001691858,0.014700952471459711,0.025371569767571114,0.01470131727946868,1.101868799305636,1.6271797883098729,1.6353675878648632,0.014832346647751862,0.0492889127473819,0.40985,79742.0,0.062305,31924.5,0,2.0,0
770,2023-01-21 05:48:59.999,0.4051687167984285,0.4098,0.0620261146644286,0.062295,-0.8920860431773376,-0.9034517139354302,-2.7758741132313105,-2.7801997783536834,0.04146859373555112,0.049298125918660674,0.025380552852820686,0.014697852301734432,0.025384276074501486,0.01469818876999986,1.0943061021150422,1.627283536045438,1.6271797883098729,0.014830576921036056,0.0492981259186606,0.4098,51646.0,0.062295,166727.5,0,2.0,0
771,2023-01-21 05:49:59.999,0.4050998574365365,0.4098,0.0620432923302796,0.06229,-0.8920860431773376,-0.9036216806952118,-2.775954379716083,-2.779922874217896,0.04107226377648554,0.04936374205052774,0.025393302536925663,0.01469476167550605,0.025396931086159535,0.014694996624509201,1.0667122348420102,1.6312234279755065,1.627283536045438,0.014828386093116501,0.0493637420505277,0.4098,48653.0,0.06229,94152.0,0,2.0,0
772,2023-01-21 05:50:59.999,0.4050662314642511,0.4098,0.0620795827604838,0.062295,-0.8920860431773376,-0.903704690766271,-2.7758741132313105,-2.779338124127121,0.04051123303248538,0.049298125918660674,0.025405948463734902,0.014691821057513182,0.025409444248175712,0.014691917674729065,1.0278977270806253,1.6262230094823855,1.6312234279755065,0.014825933563355235,0.0492981259186606,0.4098,56578.0,0.062295,48095.8,0,2.0,0
773,2023-01-21 05:51:59.999,0.4050485099378834,0.40965,0.0621236033625418,0.062295,-0.8924521423943134,-0.9037484414239614,-2.7758741132313105,-2.778629275903894,0.039888014136951755,0.04893202670168495,0.025418568867236844,0.01468860775248974,0.025421917500717456,0.014688557028772779,0.9848548504728741,1.600795543775246,1.6262230094823855,0.01482344578438098,0.0489320267016848,0.4096499999999999,213588.0,0.062295,25506.9,0,2.0,0
774,2023-01-21 05:52:59.999,0.4050056188520942,0.40945,0.0621177207342054,0.062315,-0.8929404832659399,-0.9038543382629624,-2.775553111703797,-2.778723972710831,0.03985952990906727,0.04818127395767402,0.025431000259798844,0.014685141357223404,0.025434339424262917,0.014685082109228852,0.9823023376722443,1.5492035891560998,1.600795543775246,0.014820862360129233,0.0481812739576739,0.40945,141533.0,0.0623149999999999,684054.2,0,2.0,0
775,2023-01-21 05:53:59.999,0.4049590886134256,0.4095,0.0620944999966189,0.062325,-0.892818375689013,-0.9039692327473539,-2.7753926495725154,-2.7790978608471253,0.04005028096682395,0.04817220717962989,0.025443370897105178,0.014681783575961636,0.02544675134377718,0.014681765903145731,0.994671194145508,1.548097761074373,1.5492035891560998,0.0148183052258478,0.04817220717963,0.4095,52708.0,0.062325,391187.9,0,2.0,0
776,2023-01-21 05:54:59.999,0.404967225539617,0.40915,0.062061458878576,0.062335,-0.8936734420087463,-0.9039491397437077,-2.7752322131851987,-2.7796301126878307,0.04050547844857444,0.04718598755006498,0.025455439411476263,0.014678222700190913,0.02545892241055914,0.01467830942522789,1.0250878082835955,1.4804618094741182,1.548097761074373,0.014815885488225938,0.047185987550065,0.40915,559789.0,0.062335,703834.3,0,2.0,0
777,2023-01-21 05:55:59.999,0.40491698126838,0.40885,0.062043355885421,0.06232,-0.8944069383741509,-0.9040732174103152,-2.775472877419644,-2.779921849850773,0.040619889663202846,0.04664922904091284,0.025467353813394048,0.014674531184859908,0.025470860533100093,0.014674643190772729,1.0323269147442244,1.4434447656748777,1.4804618094741182,0.014813248243994423,0.0466492290409128,0.40885,261015.0,0.06232,1178435.0,0,2.0,0
778,2023-01-21 05:56:59.999,0.4049276890638895,0.40905,0.0620252475589674,0.062374998,-0.8939178810224298,-0.9040467733380075,-2.774590756974583,-2.7802137581350523,0.0408849625047738,0.046417171825205106,0.025479110296624887,0.014670965567178184,0.025482675640806363,0.014671139465790874,1.0498357608747027,1.4271767889240197,1.4434447656748777,0.014810074775435798,0.0464171456134665,0.40905,124443.0,0.062375,604170.3,0,2.0,0
779,2023-01-21 05:57:59.999,0.4050830644183109,0.40895,0.0621099243405609,0.062435,-0.894162379801154,-0.9036631355760171,-2.7736292634150286,-2.7788494905639634,0.04015334075215804,0.045386672658250804,0.025490598991553474,0.014667117140886471,0.025493992359237015,0.014667115735909463,0.9994704246473339,1.3565088132578196,1.4271767889240197,0.014806751453543928,0.045386672658251,0.40895,116337.0,0.062435,545405.5,0,2.0,0
780,2023-01-21 05:58:59.999,0.4051106251357971,0.4086,0.0621936393506434,0.06249,-0.8950185965986153,-0.9035951006904035,-2.7727487350411466,-2.777502545709716,0.03912027707310384,0.04381064277744473,0.025501752117646343,0.014662724097230575,0.02550490382441687,0.014662490704562827,0.9285852944786518,1.248669110759336,1.3565088132578196,0.014803346117653687,0.0438106427774445,0.4085999999999999,143003.0,0.06249,814544.0,0,2.0,0
781,2023-01-21 05:59:59.999,0.4049631271246457,0.4084,0.0622502265374863,0.062495,-0.8955081926916266,-0.9039592601570441,-2.772668725439952,-2.7765931044875356,0.03801266888899346,0.04325564054938846,0.0255127463357535,0.014658225223016899,0.025515639166707734,0.01465776221177323,0.8525878331037472,1.210439459326522,1.248669110759336,0.014800305165619533,0.0432556405493884,0.4084,79970.0,0.0624949999999999,124175.3,0,2.0,0
782,2023-01-21 06:00:59.999,0.404741103855144,0.4083,0.0622498780953122,0.06249,-0.895753080656607,-0.9045076660232145,-2.7727487350411466,-2.776598701947475,0.03746883882641727,0.04307615871945303,0.025523684381828293,0.014653696373108307,0.025526448823958492,0.014653127199918079,0.81500623310808,1.1978188909274874,1.210439459326522,0.014797474105848064,0.043076158719453,0.4083,124855.0,0.06249,242017.1,0,2.0,0
783,2023-01-21 06:01:59.999,0.4045402765295739,0.4083,0.0622467256714085,0.0625,-0.895753080656607,-0.9050039762919544,-2.772588722239781,-2.776649344676819,0.03701392790406888,0.04294535168206326,0.02553474140472783,0.01464881582868506,0.025537398008870237,0.01464816139221182,0.7834792086125237,1.1885336317248436,1.1978188909274874,0.014794764726136514,0.0429453516820632,0.4083,173484.0,0.0625,427413.9,0,2.0,0
784,2023-01-21 06:02:59.999,0.4045043642307882,0.40815,0.062266238877597,0.0625,-0.896120525084772,-0.9050927533433061,-2.772588722239781,-2.776335912153243,0.03666892647891207,0.042577907253898206,0.025545833403802405,0.014643574275229124,0.025548407597987807,0.014642857229884385,0.7594500654031211,1.1631090558885635,1.1885336317248436,0.014792044764790558,0.0425779072538983,0.40815,126639.0,0.0625,211628.3,0,2.0,0
785,2023-01-21 06:03:59.999,0.4045731137691365,0.408,0.0622725930584164,0.062495,-0.8964881045779755,-0.9049228078427004,-2.772668725439952,-2.776233868786911,0.036755453713470554,0.042275728663039636,0.025556856011530543,0.014638240650957592,0.025559447679593943,0.014637537899394162,0.7648831457058093,1.1421367533273468,1.1631090558885635,0.014789086352436663,0.0422757286630397,0.408,159073.0,0.0624949999999999,68189.5,0,2.0,0
786,2023-01-21 06:04:59.999,0.4046858725966278,0.40794998,0.0622641126692288,0.0625,-0.8966107101329449,-0.9046441360451157,-2.772588722239781,-2.7763700597862013,0.03714545873554986,0.04208772220572532,0.025567774816035647,0.014632974206822798,0.025570454215230166,0.014632340685643123,0.7910562478685856,1.128953496137993,1.1421367533273468,0.014786292729779275,0.0420877712313423,0.40795,58992.0,0.0625,111127.9,0,2.0,0
787,2023-01-21 06:05:59.999,0.4047506884553204,0.4082,0.0622526256329653,0.062529996,-0.8959980286063927,-0.9044839854861964,-2.7721089013722273,-2.7765545656840063,0.03745643891351791,0.04230816045157071,0.025578728270436044,0.014627789903117059,0.025581477104188205,0.014627213015397206,0.8118403551537555,1.1436746283572041,1.128953496137993,0.014783768886770871,0.0423081081580407,0.4082,58648.0,0.06253,312922.6,0,2.0,0
788,2023-01-21 06:06:59.999,0.4047705665167278,0.4083,0.06227308772186,0.062584996,-0.895753080656607,-0.9044348748265582,-2.7712297101152306,-2.776225925300786,0.037236893099867774,0.04183438838242215,0.025589586138564838,0.014622442442773295,0.025592281650474415,0.014621823697199266,0.796385710191802,1.1109499871470392,1.1436746283572041,0.014781355656971064,0.0418343361348483,0.4083,91164.0,0.062585,225637.5,0,2.0,0
789,2023-01-21 06:07:59.999,0.4046725739638831,0.40805,0.0623354970929887,0.062615,-0.8963655630668851,-0.9046769982035386,-2.7707504129661413,-2.775224238676389,0.03617591236514717,0.04083009082006306,0.025600241424573813,0.014616771928561782,0.025602688929998615,0.014615965758556287,0.723402312909697,1.0419434243021528,1.1109499871470392,0.014778892772197714,0.0408300908200631,0.40805,464864.0,0.062615,150594.8,0,2.0,0
790,2023-01-21 06:08:59.999,0.4045023923989811,0.40835,0.0623788008108289,0.062635,-0.8956306291778524,-0.9050976280413008,-2.770431051685982,-2.774529791923958,0.03518758718341575,0.04130395370378692,0.025611005834606335,0.01461120867122964,0.025613222122814805,0.014610244058173962,0.6553186259229115,1.074034888029555,1.0419434243021528,0.014776430859556426,0.0413039537037869,0.40835,91064.0,0.062635,412470.5,0,2.0,0
791,2023-01-21 06:09:59.999,0.4046141278707244,0.4084,0.0624108343798812,0.062615,-0.8955081926916266,-0.9048214367396663,-2.7707504129661413,-2.77401639079562,0.03504408406049375,0.04168746119532152,0.02562170904164783,0.014606044988531613,0.02562388964220762,0.014605058023035935,0.6449953436287662,1.0999385642237998,1.074034888029555,0.014774043128741443,0.0416874611953215,0.4084,24081.0,0.062615,74682.7,0,2.0,0
792,2023-01-21 06:10:59.999,0.4047399107721012,0.4084,0.062385093214273,0.062605,-0.8955081926916266,-0.9045106137959757,-2.770910131861226,-2.774428922942614,0.0356921431972641,0.041818027970623284,0.025632368101783244,0.014601057921749611,0.025634696214510738,0.014600170169621403,0.6888582027406716,1.108526516063608,1.0999385642237998,0.01477162860464641,0.0418180279706232,0.4084,149506.0,0.062605,44024.3,0,2.0,0
793,2023-01-21 06:11:59.999,0.4048478323716911,0.4084,0.0623534485315756,0.06258,-0.8955081926916266,-0.9042440050160303,-2.771309540741401,-2.7749362991381883,0.03637352114829473,0.04214453617419922,0.025643251517383964,0.014595838209056647,0.025645734801260596,0.014595061839902949,0.7350284955767936,1.1305472437051467,1.108526516063608,0.014769244290489253,0.0421445361741992,0.4084,104055.0,0.06258,110547.5,0,2.0,0
794,2023-01-21 06:12:59.999,0.4048598830096211,0.40855,0.0623030813042046,0.062535,-0.8951409731514205,-0.9042142396137698,-2.772028878981267,-2.775744395275282,0.03706388783193759,0.043099799316138276,0.025654220725252277,0.014591146085641679,0.025656861240666923,0.014590489819147848,0.7818124499357548,1.1956277107014375,1.1305472437051467,0.01476681717721938,0.0430997993161379,0.4085499999999999,361884.0,0.062535,519265.3,0,2.0,0
795,2023-01-21 06:13:59.999,0.4048372793275386,0.409,0.0622526398550949,0.062525,-0.8940401229393353,-0.9042700720487585,-2.772188802218454,-2.7765543372257233,0.037670165591203175,0.04433138334881659,0.025665414679506327,0.014586920356016733,0.025668192913922368,0.014586375387382592,0.8228207733953339,1.279637388409475,1.1956277107014375,0.014764062750818416,0.0443313833488168,0.409,89030.0,0.062525,149643.9,0,2.0,0
796,2023-01-21 06:14:59.999,0.4048863804355254,0.4089,0.062259390033334,0.062545,-0.8942846516115405,-0.9041487933694092,-2.7718689813154325,-2.7764459111041386,0.03770280823881511,0.04382540793945833,0.025676521380328454,0.014582476034902123,0.025679304598763653,0.0145819360347892,0.8245478248818332,1.2445682417507014,1.279637388409475,0.014760749645236252,0.0438254079394584,0.4089,114591.0,0.062545,126960.7,0,2.0,0
797,2023-01-21 06:15:59.999,0.4048450767991404,0.40885,0.0623113692502017,0.062575,-0.8944069383741509,-0.9042508114793685,-2.771389441664299,-2.77561137786081,0.03691857707945079,0.043311107784540503,0.025687598073857506,0.014577692412408064,0.02569019723585834,0.014577006548272112,0.7702802222396892,1.208936861343187,1.2445682417507014,0.014757252528624431,0.0433111077845405,0.40885,109044.0,0.062575,142873.5,0,2.0,0
798,2023-01-21 06:16:59.999,0.4048603772155678,0.4089,0.0623595440474138,0.062575,-0.8942846516115405,-0.9042130189306007,-2.771389441664299,-2.774838546438698,0.03632459649590769,0.043433394547150894,0.025698793334861327,0.014572744630629892,0.02570125244228115,0.014571954668195814,0.7290267020122319,1.2169705612636545,1.208936861343187,0.014753786005736869,0.0434333945471512,0.4089,61502.0,0.0625749999999999,85588.2,0,2.0,0
799,2023-01-21 06:17:59.999,0.4049412971993483,0.4089,0.0623467432419329,0.06257,-0.8942846516115405,-0.904013167567961,-2.771469348971865,-2.7750438417097563,0.036692272344889476,0.043498717059345826,0.02571004885094443,0.014567709763161305,0.025712590443977047,0.014566981856913814,0.7537375970370436,1.2211025959197255,1.2169705612636545,0.014750367588090386,0.0434987170593457,0.4089,61554.0,0.06257,75074.6,0,2.0,0
800,2023-01-21 06:18:59.999,0.4049194373221752,0.40895,0.0623161603300949,0.062575,-0.894162379801154,-0.9040671518550034,-2.771389441664299,-2.775534491479258,0.03703938373392446,0.04355566635753738,0.025721183336167703,0.014562962187943408,0.025723802683633046,0.014562294665520155,0.7770465651326132,1.2246466612496423,1.2211025959197255,0.014746562782130296,0.0435556663575378,0.40895,86300.0,0.0625749999999999,71152.7,0,2.0,0
801,2023-01-21 06:19:59.999,0.4049875428951991,0.4091,0.0623063443940539,0.06258,-0.8937956540467841,-0.9038989706321026,-2.771309540741401,-2.775692022193041,0.03733634294078714,0.043857074819041775,0.025732477249663432,0.014558103028612168,0.025735162708050634,0.014557488444983203,0.7969218231963974,1.244983466167032,1.2246466612496423,0.014742482111384913,0.0438570748190416,0.4091,87740.0,0.06258,113414.5,0,2.0,0
802,2023-01-21 06:20:59.999,0.4049892651280433,0.40925,0.0623197007514706,0.062584996,-0.8934290627308927,-0.9038947180835676,-2.7712297101152306,-2.7754776792368436,0.03716537471419412,0.04415840630813639,0.025743810431719038,0.014553385097514306,0.025746453700472214,0.01455273803814024,0.7846579099956906,1.2653135853295419,1.244983466167032,0.014738119431533222,0.0441583540605625,0.40925,113853.0,0.062585,47485.0,0,2.0,0
803,2023-01-21 06:21:59.999,0.4049592533487411,0.4092,0.0623563778458221,0.06258,-0.8935512449046656,-0.9039688259524784,-2.771309540741401,-2.774889321055833,0.03661029663586557,0.044101483961160204,0.02575523537855091,0.014548418164993844,0.02575774754269285,0.014547671678774384,0.7459990390769548,1.2610476530536994,1.2653135853295419,0.014733708506799349,0.0441014839611602,0.4092,82751.0,0.06258,136480.2,0,2.0,0
804,2023-01-21 06:22:59.999,0.4049093135882389,0.4091,0.0623804950220119,0.06258,-0.8937956540467841,-0.9040921540148439,-2.771309540741401,-2.7745026322454462,0.03617085875449222,0.043857074819041775,0.02576661955030755,0.014543335970096877,0.02576902738164386,0.014542514156653499,0.7152705000523798,1.243899976314287,1.2610476530536994,0.014729698029549598,0.0438570748190416,0.4091,35966.0,0.06258,197501.0,0,2.0,0
805,2023-01-21 06:23:59.999,0.4048631876998902,0.4092,0.0624274111607586,0.062584996,-0.8935512449046656,-0.9042060770940425,-2.7712297101152306,-2.773750818640179,0.03544234415801828,0.04403622413436348,0.02577790979627817,0.01453858178238685,0.02578014641612583,0.014537642652976504,0.6646330476361082,1.2558525041421045,1.243899976314287,0.014725950849215515,0.0440361718867896,0.4092,149620.0,0.062585,170021.0,0,2.0,0
806,2023-01-21 06:24:59.999,0.404880619691461,0.4093,0.062427452049381,0.062595,-0.8933068954837797,-0.904163021521615,-2.7710698762705115,-2.773750163661729,0.035484864299593744,0.04414991281108427,0.025788956917224166,0.014534405585236517,0.02579120082080722,0.01453347200294297,0.666988829429306,1.2632753218687145,1.2558525041421045,0.014722539410278384,0.0441499128110838,0.4093,46465.0,0.062595,326911.2,0,2.0,0
807,2023-01-21 06:25:59.999,0.4049076562511251,0.4093,0.0623950367050385,0.062595,-0.8933068954837797,-0.9040962471301416,-2.7710698762705115,-2.7742695467535845,0.03597622324265537,0.04414991281108427,0.025799870675176955,0.014530486742576785,0.025802225767185168,0.014529629834724478,0.7002241344893236,1.2628649308862163,1.2632753218687145,0.014719333061432192,0.0441499128110838,0.4093,19897.0,0.062595,166231.2,0,2.0,0
808,2023-01-21 06:26:59.999,0.4049029288467673,0.40935,0.0623508889926976,0.062595,-0.8931847431596799,-0.9041079224637192,-2.7710698762705115,-2.7749773488551295,0.03654316096485588,0.04427206513518411,0.02581060396575161,0.014527001941189239,0.025813087778989077,0.014526238253216011,0.738668401194042,1.270837661079102,1.2628649308862163,0.01471612509120804,0.0442720651351837,0.40935,34819.0,0.062595,267852.6,0,2.0,0
809,2023-01-21 06:27:59.999,0.4049528186874769,0.4094,0.0623310766773469,0.06259,-0.8930626057549479,-0.9039847157298667,-2.7711497580455267,-2.7752951544882216,0.03692616699586415,0.04445950417979738,0.02582117208968413,0.014523958180870992,0.02582374209544812,0.014523259823178761,0.7644581888355974,1.2832818614598573,1.270837661079102,0.014713135995333465,0.0444595041797972,0.4094,47116.0,0.06259,319267.2,0,2.0,0
810,2023-01-21 06:28:59.999,0.4050489292641411,0.4096,0.0623318388946027,0.062584996,-0.892574205256839,-0.9037474061750211,-2.7712297101152306,-2.775282926035962,0.03715348005294017,0.04501326378219017,0.025831763827867366,0.01452126593393742,0.02583438398899328,0.014520606792846093,0.7795194942902455,1.320924776227259,1.2832818614598573,0.014710406489057783,0.0450132115346162,0.4095999999999999,71789.0,0.062585,76767.0,0,2.0,0
811,2023-01-21 06:29:59.999,0.4051956884623622,0.40945,0.0623474010154247,0.062595,-0.8929404832659399,-0.9033851471815881,-2.7710698762705115,-2.7750332915191964,0.03731166817648135,0.04451632502892411,0.025842061275855,0.014518739034830983,0.025844715663010897,0.014518107222646912,0.7898379821567278,1.2862180185392733,1.320924776227259,0.014707883053842082,0.0445163250289235,0.40945,200642.0,0.062595,406494.9,0,2.0,0
812,2023-01-21 06:30:59.999,0.4052106244643036,0.4092,0.0623687399874946,0.06258,-0.8935512449046656,-0.9033482866544553,-2.771309540741401,-2.774691090868879,0.037068787002456416,0.044101483961160204,0.025852113995689575,0.014516343507402572,0.025854709846882994,0.014515666413656987,0.7725499357730291,1.2571602453582342,1.2862180185392733,0.014705129793397066,0.0441014839611602,0.4092,97783.0,0.06258,152426.3,0,2.0,0
813,2023-01-21 06:31:59.999,0.4050945210107091,0.4091,0.0623393059570596,0.06255,-0.8937956540467841,-0.9036348538940624,-2.771789042069217,-2.7751631378929282,0.03716810809301929,0.04424905688285785,0.02586236481389374,0.014513695212339254,0.025864981278434156,0.014513034598990027,0.7788258711497683,1.2668511912343394,1.2571602453582342,0.014702092532442063,0.0442490568828577,0.4091,132462.0,0.06255,144785.2,0,2.0,0
814,2023-01-21 06:32:59.999,0.4049144103990619,0.40935,0.0622981226698475,0.062565,-0.8931847431596799,-0.9040795665574205,-2.771549262665119,-2.775823987353072,0.03726362570689312,0.044663953243564314,0.025872800224926277,0.014511002925875484,0.025875436379863087,0.014510358209052046,0.7848317155896056,1.294958943542789,1.2668511912343394,0.014698970897367065,0.0446639532435644,0.40935,89965.0,0.062565,323426.9,0,2.0,0
815,2023-01-21 06:33:59.999,0.4048263369090039,0.40965,0.0623194696418653,0.06261,-0.8924521423943134,-0.9042971015911906,-2.770830269224918,-2.775481387695502,0.03676602279208352,0.044808792273537956,0.025883343235085666,0.014508211109564201,0.025885861790872985,0.014507476660339542,0.749969223176809,1.3044646852413202,1.294958943542789,0.014695794660881866,0.0448087922735378,0.4096499999999999,130432.0,0.06261,390929.7,0,2.0,0
816,2023-01-21 06:34:59.999,0.4048735410648724,0.40955,0.0623804967997781,0.062615,-0.892696283020526,-0.9041805049182601,-2.7707504129661413,-2.7745026037466953,0.03608248455395757,0.044499370866422194,0.025893859638499585,0.014505235504393277,0.02589621757067164,0.014504384947403547,0.7022887919911,1.2826755706439554,1.3044646852413202,0.0146926874121741,0.044499370866422,0.4095499999999999,288983.0,0.062615,91125.3,0,2.0,0
817,2023-01-21 06:35:59.999,0.4049465188096527,0.40955,0.0623963509186975,0.06262,-0.892696283020526,-0.9040002729171186,-2.7706705630838777,-2.774248484183738,0.036054979256022524,0.044434095298181764,0.025904509880730824,0.014501953389886772,0.025906858982645956,0.014501097208908522,0.699817408791814,1.2777303111712466,1.2826755706439554,0.014689397190261851,0.0444340952981812,0.4095499999999999,120335.0,0.06262,100886.5,0,2.0,0
818,2023-01-21 06:36:59.999,0.4050798146398136,0.4096,0.0623999282287217,0.062615,-0.892574205256839,-0.9036711581072422,-2.7707504129661413,-2.7741911537881583,0.036337227695619645,0.044621448630109195,0.025915173694339988,0.014498774748248813,0.025917585648517556,0.01449796369854469,0.7186969331526203,1.290196948402732,1.2777303111712466,0.014685950839114833,0.044621448630109,0.4095999999999999,176562.0,0.062615,487194.9,0,2.0,0
819,2023-01-21 06:37:59.999,0.4051577643959352,0.40965,0.0623784745907322,0.06262,-0.8924521423943134,-0.903478746008917,-2.7706705630838777,-2.7745350216004745,0.03681074436432363,0.04467823592439435,0.025925924816714983,0.014495463680701056,0.02592844386775586,0.014494731908908463,0.750776252017432,1.293667558399376,1.290196948402732,0.014682594954666511,0.0446782359243937,0.4096499999999999,79131.0,0.06262,147592.3,0,2.0,0
820,2023-01-21 06:38:59.999,0.405126844076408,0.40995,0.0623690737630976,0.06264,-0.8917200779399503,-0.9035550656606021,-2.770351227299589,-2.7746857392342306,0.0368576331496252,0.04514925021577687,0.02593660689423354,0.01449262233089002,0.02593913432451713,0.01449189737592129,0.7534209318408144,1.3256843987849538,1.293667558399376,0.01467917354470735,0.0451492502157768,0.40995,243955.0,0.06264,153920.4,0,2.0,0
821,2023-01-21 06:39:59.999,0.405089324360301,0.41030002,0.0623935513813833,0.06264,-0.890866630789177,-0.9036476822179986,-2.770351227299589,-2.774293352194099,0.036444248592468975,0.04600269736655016,0.0259473529024007,0.014490285950880658,0.0259497821770339,0.014489488891411696,0.7242813389819033,1.3840544301287983,1.3256843987849538,0.01467555974938652,0.0460026486217306,0.4103,121036.0,0.06264,83392.7,0,2.0,0
822,2023-01-21 06:40:59.999,0.4050935425827744,0.4104,0.0624000104504082,0.06263,-0.8906229851255774,-0.9036372692047258,-2.7705108824448157,-2.7741898361322788,0.036370039442681024,0.04637685769130795,0.02595820076965367,0.014488034410734974,0.025960610359719173,0.01448722354691399,0.7185247780054602,1.4093462468949536,1.3840544301287983,0.014672015397036338,0.0463768576913079,0.4104,51389.0,0.0626299999999999,285650.7,0,2.0,0
823,2023-01-21 06:41:59.999,0.4051290105954062,0.41030002,0.0623961553644161,0.06264,-0.890866630789177,-0.9035497179201675,-2.770351227299589,-2.7742516182546404,0.03650809628879936,0.04600269736655016,0.025969036779588943,0.014485516103293763,0.0259714758121067,0.014484726969447604,0.7274296919035743,1.3830132419241796,1.4093462468949536,0.014668121668379816,0.0460026486217306,0.4103,310043.0,0.06264,437545.0,0,2.0,0
824,2023-01-21 06:42:59.999,0.4051932573684633,0.41025,0.062406377075591,0.062675,-0.8909885490119368,-0.9033911470015793,-2.76979263493778,-2.77408781210427,0.03653275918844534,0.04542414185393906,0.02597961983170015,0.014483024866168745,0.025982062122687593,0.014482238545497099,0.7285266730424235,1.3425732678026294,1.3830132419241796,0.014663646962399485,0.0454241418539389,0.41025,65663.0,0.062675,369285.6,0,2.0,0
825,2023-01-21 06:43:59.999,0.4052647325274867,0.41030002,0.0624302155869299,0.062685,-0.890866630789177,-0.903214764856916,-2.7696330944141487,-2.773705896655919,0.03639693363531182,0.04541563911623947,0.025990229946753807,0.014480469966394755,0.025992638348440587,0.014479659576027247,0.7185455729979143,1.341490242690104,1.3425732678026294,0.01465894433497063,0.0454155903714199,0.4103,60720.0,0.062685,81800.4,0,2.0,0
826,2023-01-21 06:44:59.999,0.4052836720967935,0.41030002,0.0624205427610675,0.062685,-0.890866630789177,-0.9031680321283035,-2.7696330944141487,-2.7738608468702344,0.03657033484484984,0.04541563911623947,0.026000779825753013,0.014478016223955103,0.026003225915782895,0.014477233561459782,0.7299121675565087,1.3409889165867166,1.341490242690104,0.014654285952881867,0.0454155903714199,0.4103,29236.0,0.0626849999999999,57843.0,0,2.0,0
827,2023-01-21 06:45:59.999,0.4052333130100336,0.41035,0.0624207347598165,0.06269,-0.8907448249064164,-0.9032922962405925,-2.76955333369626,-2.773857770984553,0.03644355626190654,0.04547224232072622,0.02601132830238331,0.014475598194654677,0.026013742611098775,0.014474792910355196,0.7205501118669771,1.3443944600181796,1.3409889165867166,0.014649402844138385,0.0454722423207263,0.41035,26669.0,0.06269,102027.7,0,2.0,0
828,2023-01-21 06:46:59.999,0.4051853850171726,0.41035,0.0624492119075974,0.0627,-0.8907448249064164,-0.9034105758238093,-2.769393831343262,-2.7734016620642787,0.035952417406936776,0.04534185256394163,0.026021965640419944,0.014472914695828757,0.02602426382411967,0.0144720282063757,0.6860236479115778,1.334899522975139,1.3443944600181796,0.014644183270466243,0.0453418525639417,0.41035,123086.0,0.0627,325787.7,0,2.0,0
829,2023-01-21 06:47:59.999,0.4051724408149553,0.41030002,0.0624865312199866,0.062685,-0.890866630789177,-0.9034425227040782,-2.7696330944141487,-2.7728042459435605,0.03543209564557437,0.04541563911623947,0.026032828522205963,0.014469855340992004,0.026035003774953793,0.014468887276631754,0.6494688700628364,1.3395303641442409,1.334899522975139,0.014638867732016718,0.0454155903714199,0.4103,100489.0,0.062685,196433.7,0,2.0,0
830,2023-01-21 06:48:59.999,0.405186897586888,0.4101,0.0624810410335375,0.062655,-0.8913542465841234,-0.9034068427994998,-2.770111792364889,-2.772892111721116,0.035539603941081244,0.0453193486415594,0.026043622025276568,0.014466846808372347,0.0260458196605267,0.01446589385361499,0.6562874286667097,1.332406907435244,1.3395303641442409,0.014633639989080884,0.0453193486415592,0.4101,360471.0,0.062655,87441.2,0,2.0,0
831,2023-01-21 06:49:59.999,0.4052024076664441,0.40975,0.062431439134513,0.062635,-0.892208061358198,-0.9033685647041264,-2.770431051685982,-2.773686298203762,0.0362271124732928,0.044726521523441365,0.026054202049231118,0.014463793010505651,0.02605655634463127,0.014462947062154449,0.7032146411760765,1.2909697657210504,1.332406907435244,0.014628494932958685,0.0447265215234411,0.4097499999999999,283325.0,0.062635,914731.5,0,2.0,0
832,2023-01-21 06:50:59.999,0.4051100810100579,0.41015,0.0623832496707297,0.062685,-0.8912323325333781,-0.9035964438447689,-2.7696330944141487,-2.7744584744057623,0.03663047083655602,0.04504993737203844,0.026064901995669167,0.014460743708903486,0.026067347163186153,0.014459963437427925,0.7305083252166775,1.312867149749717,1.2909697657210504,0.014623171026748752,0.0450499373720383,0.41015,219034.0,0.0626849999999999,466012.7,0,2.0,0
833,2023-01-21 06:51:59.999,0.4052445549473238,0.4106,0.0624242245148556,0.062705,-0.8901357743973038,-0.903264554737128,-2.769314089706124,-2.7738018655629757,0.03642559628081388,0.04588571599288571,0.026075854341387563,0.014457833749488678,0.026078249560535772,0.014457017872169329,0.7157317513038011,1.3701818678194964,1.312867149749717,0.014617430243217032,0.0458857159928856,0.4105999999999999,143331.0,0.062705,260744.9,0,2.0,0
834,2023-01-21 06:52:59.999,0.405306081091685,0.4105,0.062455095424817,0.062705,-0.8903793500896542,-0.9031127415332546,-2.769314089706124,-2.7733074536682736,0.03617323835184949,0.04564214030053537,0.02608667541936398,0.014454979858057259,0.026089009731544606,0.014454121432863478,0.6976715027021271,1.3528531394162477,1.3701818678194964,0.014611674483269544,0.0456421403005353,0.4105,565958.0,0.062705,550597.1,0,2.0,0
835,2023-01-21 06:53:59.999,0.4052335526250381,0.41015,0.0624883787635038,0.062725,-0.8912323325333781,-0.9032917049394188,-2.768995186729651,-2.7727746793126653,0.035558743322840924,0.04452846150494871,0.026097326771267772,0.01445161165917258,0.026099516407127897,0.014450655981787415,0.654588063520076,1.275368807878429,1.3528531394162477,0.014606354531820442,0.0445284615049486,0.41015,110200.0,0.062725,286652.5,0,2.0,0
836,2023-01-21 06:54:59.999,0.4051297693762535,0.4102,0.0625469112710047,0.06277,-0.8911104333438568,-0.9035478449855789,-2.7682780266526965,-2.771838423448254,0.034537234163598995,0.04406409769425712,0.02610797539907651,0.014447897775200487,0.02610992616481697,0.014446794840357078,0.5833340953413669,1.242819029769294,1.275368807878429,0.014601392132975035,0.0440640976942576,0.4102,91480.0,0.0627699999999999,1445794.7,0,2.0,0
837,2023-01-21 06:55:59.999,0.4051247374611609,0.41015,0.0626476159481631,0.06278,-0.8912323325333781,-0.9035602655646692,-2.7681187275683294,-2.7702296518651006,0.033209677277700744,0.04381197491570321,0.026118596181362665,0.01444404367134874,0.026120237255441894,0.014442774975023635,0.49086411956973997,1.2249602076070427,1.242819029769294,0.014596338922332561,0.0438119749157031,0.41015,80272.0,0.06278,32050.7,0,2.0,0
838,2023-01-21 06:56:59.999,0.405107360381362,0.41,0.0626610709716035,0.062735,-0.8915981192837836,-0.9036031596436567,-2.768835773370474,-2.7700149018134823,0.03299122963179957,0.044032357748301054,0.026129253394762842,0.014440272033111276,0.026130841447583267,0.014438978265936108,0.47512975349516723,1.2398038148094943,1.2249602076070427,0.014591632824336623,0.0440323577483008,0.41,77681.0,0.062735,337057.4,0,2.0,0
839,2023-01-21 06:57:59.999,0.4050765049575651,0.4099,0.0625682377987112,0.06271,-0.8918420514718453,-0.9036793285853795,-2.7692343544272076,-2.771497513045771,0.03412706361260587,0.04411425703588523,0.02614005091783535,0.014436276288844491,0.02614189933549209,0.014435116973011563,0.5531762778260226,1.2450721888676577,1.2398038148094943,0.014587403995323905,0.0441142570358854,0.4099,73233.0,0.06271,124482.1,0,2.0,0
840,2023-01-21 06:58:59.999,0.4050498677562417,0.40995,0.0624961182686301,0.062745,-0.8917200779399503,-0.9037450891931813,-2.7686763854198655,-2.772650831870463,0.03500411643808499,0.0437801028568523,0.026150950209433404,0.0144318151992522,0.026152999079192402,0.014430773491192405,0.6133501689493446,1.2215478374703945,1.2450721888676577,0.014583045872937548,0.0437801028568523,0.40995,170526.0,0.062745,454276.0,0,2.0,0
841,2023-01-21 06:59:59.999,0.405098379810676,0.4101,0.0625184905673003,0.062755,-0.8913542465841234,-0.9036253282614309,-2.7685170228697276,-2.772292916917685,0.03483128956304149,0.04401565874173852,0.026161963765013497,0.014427288984819615,0.02616397008896583,0.014426222164998573,0.6008031329993397,1.2374947916764312,1.2215478374703945,0.014578238919901385,0.0440156587417384,0.4101,173040.0,0.062755,135995.8,0,2.0,0
842,2023-01-21 07:00:59.999,0.4052109389589969,0.41,0.0625383322157932,0.062755,-0.8915981192837836,-0.9033475105282823,-2.7685170228697276,-2.771975594788147,0.03484970325283199,0.04377178604207832,0.026172980621156645,0.014422559849158514,0.02617498865694273,0.014421494803468509,0.6015128607752163,1.220227588235557,1.2374947916764312,0.014573217638214888,0.0437717860420785,0.41,271311.0,0.062755,247533.3,0,2.0,0
843,2023-01-21 07:01:59.999,0.4052831379550129,0.40975,0.0625518156834928,0.06275,-0.892208061358198,-0.9031693500746443,-2.7685967009702437,-2.771760014776799,0.034851631665256066,0.043226979108005326,0.02618379636311251,0.014417824528418378,0.026185802342122495,0.014416758992100544,0.6010941382790604,1.1820911477525406,1.220227588235557,0.014568225059734314,0.0432269791080053,0.40975,250707.0,0.06275,98893.0,0,2.0,0
844,2023-01-21 07:02:59.999,0.4052765834862464,0.40955,0.0625505845804033,0.06274,-0.892696283020526,-0.9031855227725795,-2.768756076219605,-2.7717796963030836,0.0348515481934496,0.04286904329796137,0.02619449874808149,0.014413045346249091,0.026196502230943178,0.01441197906290433,0.6005452772814562,1.156906410082123,1.1820911477525406,0.01456346646336857,0.0428690432979612,0.4095499999999999,123672.0,0.0627399999999999,334594.3,0,2.0,0
845,2023-01-21 07:03:59.999,0.4051761847993992,0.4096,0.0625234363128525,0.062745,-0.892574205256839,-0.9034332822751429,-2.7686763854198655,-2.772213811521948,0.03495866858287633,0.04292597553996369,0.026205272188246743,0.014408152612950465,0.026207297968481556,0.014407100569742426,0.6074345474324145,1.1605029319781006,1.156906410082123,0.014558690000117442,0.0429259755399635,0.4095999999999999,72530.0,0.062745,322693.3,0,2.0,0
846,2023-01-21 07:04:59.999,0.4050386308109308,0.4098,0.0625172345754842,0.062765,-0.8920860431773376,-0.9037728317060834,-2.7683576857119654,-2.772313007044962,0.03470020936707541,0.043153607435306274,0.02621614285218064,0.014403219178215175,0.02621810630196423,0.014402130624635127,0.5889477943355391,1.1759499299117449,1.1605029319781006,0.01455392563985098,0.0431536074353062,0.4098,119540.0,0.062765,391924.3,0,2.0,0
847,2023-01-21 07:05:59.999,0.4049432590471968,0.40965,0.0625471721581936,0.062765,-0.8924521423943134,-0.9040083228087089,-2.7683576857119654,-2.7718342523926496,0.034073346591862896,0.04278750821833055,0.02622688361222186,0.014398271190953072,0.026228699502751748,0.01439709974054368,0.544876900937196,1.150181461821215,1.1759499299117449,0.014548938268615847,0.0427875082183304,0.4096499999999999,74297.0,0.062765,219069.9,0,2.0,0
848,2023-01-21 07:06:59.999,0.4048750686105256,0.4095,0.0625626582795109,0.06278,-0.892818375689013,-0.9041767320296501,-2.7681187275683294,-2.771586691967666,0.03370256202663158,0.04222593176006828,0.02623718102088526,0.014393801669636455,0.026238908718410312,0.014392583988028881,0.5185763247537206,1.11080804822475,1.150181461821215,0.01454380353718372,0.0422259317600683,0.4095,274444.0,0.06278,315750.2,0,2.0,0
849,2023-01-21 07:07:59.999,0.4049351021530885,0.40935,0.0625986096008136,0.06278,-0.8931847431596799,-0.9040284663129667,-2.7681187275683294,-2.7710122119723715,0.0333812026534277,0.04185956428940141,0.026247141059091705,0.014389721059530285,0.026248792080057766,0.014388465085789493,0.49570336591455677,1.0849705262333507,1.11080804822475,0.014538860528895753,0.0418595642894015,0.40935,71717.0,0.06278,178637.7,0,2.0,0
850,2023-01-21 07:08:59.999,0.4050332544492694,0.40925,0.0626007175870783,0.062755,-0.8934290627308927,-0.9037861054951365,-2.7685170228697276,-2.7709785378894156,0.03359603562979341,0.04194084259496922,0.02625709080127217,0.014385708223995812,0.026258789237936953,0.014384476677027816,0.5100808709693365,1.090231467890893,1.0849705262333507,0.014534514665451352,0.0419408425949692,0.40925,53854.0,0.062755,220304.7,0,2.0,0
851,2023-01-21 07:09:59.999,0.4050774434496658,0.4093,0.0625520885706036,0.062745,-0.8933068954837797,-0.9036770117612682,-2.7686763854198655,-2.771755652209341,0.03434040367318869,0.04219328531302291,0.02626712878822738,0.014381694846688971,0.026268997169362523,0.014380554932408984,0.5612722556092675,1.107390797438741,1.090231467890893,0.0145305903767791,0.0421932853130229,0.4093,121060.0,0.062745,260985.5,0,2.0,0
852,2023-01-21 07:10:59.999,0.4050454997743905,0.40925,0.0625218532120566,0.062725,-0.8934290627308927,-0.9037558730638866,-2.768995186729651,-2.7722391319606787,0.03465677671039136,0.04233173130743406,0.026277214076677487,0.014377679816452838,0.026279153341346246,0.014376581064129068,0.5827270984440157,1.1166278172633166,1.107390797438741,0.014527086148593127,0.042331731307434,0.40925,114829.0,0.062725,186661.6,0,2.0,0
853,2023-01-21 07:11:59.999,0.404919896584267,0.40925,0.0624912520781151,0.062705,-0.8934290627308927,-0.9040660176495565,-2.769314089706124,-2.7727286987861994,0.03474684251729232,0.04259242765929683,0.026287524066495545,0.01437340571108214,0.026289481788886383,0.01437231843158658,0.5884479089900263,1.1343799737197933,1.1166278172633166,0.014524004430688074,0.0425924276592968,0.40925,119362.0,0.062705,227935.3,0,2.0,0
854,2023-01-21 07:12:59.999,0.4048364406750231,0.40935,0.0624730188635864,0.062685,-0.8931847431596799,-0.904272143630174,-2.7696330944141487,-2.7730205136308856,0.034779268921072526,0.043097526745736636,0.02629796622875063,0.014369227565757333,0.026299929038908536,0.014368143935889857,0.5901485898247192,1.1691345578672783,1.1343799737197933,0.01452127005042926,0.0430975267457367,0.40935,56092.0,0.062685,473046.1,0,2.0,0
855,2023-01-21 07:13:59.999,0.4048784332045458,0.4094,0.0624567247475339,0.0627,-0.8930626057549479,-0.9041684218611539,-2.769393831343262,-2.773281366101625,0.035096231997051586,0.04302407171541012,0.02630836223405498,0.014365078134167968,0.02631039599238939,0.014364037790705452,0.6116550327058631,1.1636351243782024,1.1691345578672783,0.014518732115196708,0.04302407171541,0.4094,56495.0,0.0627,285901.1,0,2.0,0
856,2023-01-21 07:14:59.999,0.4049886561065738,0.4096,0.0624754659587526,0.06273,-0.892574205256839,-0.9038962218812725,-2.7689154768734854,-2.7729813439655633,0.03512317030764889,0.04312142768158267,0.026318752308834382,0.014361002056844676,0.02632078989689243,0.01435996470694127,0.6129806437826127,1.1700210964554434,1.1636351243782024,0.014516276615904468,0.0431214276815821,0.4095999999999999,260531.0,0.06273,134971.0,0,2.0,0
857,2023-01-21 07:15:59.999,0.405127268394645,0.4096,0.0624963396005212,0.062665,-0.892574205256839,-0.9035540182898316,-2.7699522009186515,-2.7726472903465202,0.035192292221476684,0.04396892738024494,0.02632980201767944,0.01435621334365774,0.026331853045266525,0.014355185024307984,0.6172291866114272,1.2286753435827196,1.1700210964554434,0.014513692552656767,0.0439689273802448,0.4095999999999999,56116.0,0.062665,1039949.9,0,2.0,0
858,2023-01-21 07:16:59.999,0.4051371075857635,0.40935,0.0623899558492556,0.062605,-0.8931847431596799,-0.9035297319176039,-2.770910131861226,-2.77435098051708,0.03660930881241131,0.044141477502570026,0.026341069741306324,0.014351085484619292,0.026343446098416042,0.014350274788965474,0.7153774310920596,1.2403527092317306,1.2286753435827196,0.014511027306536542,0.0441414775025701,0.40935,93808.0,0.062605,165543.5,0,2.0,0
859,2023-01-21 07:17:59.999,0.4050248329802602,0.4093,0.0623173794332625,0.06261,-0.8933068954837797,-0.9038068977547046,-2.770830269224918,-2.7755149284760736,0.03728364549819052,0.04395403918407159,0.026351994680810162,0.014346524523178967,0.02635452456991393,0.014345828042519607,0.7618327011786119,1.2269204625010526,1.2403527092317306,0.014508197047517667,0.0439540391840715,0.4093,46773.0,0.06261,165566.5,0,2.0,0
860,2023-01-21 07:18:59.999,0.4049478017483221,0.4093,0.0623452392517326,0.062605,-0.8933068954837797,-0.9039971047539722,-2.770910131861226,-2.775067964996118,0.03672805542872026,0.04401932517847018,0.02636297984204808,0.014341878938739549,0.02636537860983023,0.014341085972114642,0.7225866185475507,1.2311040562983477,1.2269204625010526,0.014505157875637546,0.0440193251784701,0.4093,90073.0,0.062605,101194.3,0,2.0,0
861,2023-01-21 07:19:59.999,0.4049330254897169,0.40955,0.0623689186529971,0.06263,-0.892696283020526,-0.9040335947117781,-2.7705108824448157,-2.774688226208688,0.03638113714679303,0.04430355979635936,0.02637415089904292,0.014337053167272443,0.026376466794957698,0.014336202183157825,0.6978605786955783,1.2505644422275255,1.2311040562983477,0.014501919143532278,0.0443035597963592,0.4095499999999999,101850.0,0.0626299999999999,249227.4,0,2.0,0
862,2023-01-21 07:20:59.999,0.4050211439075882,0.4098,0.0624111828220553,0.06265,-0.8920860431773376,-0.9038160060591152,-2.7701915976400597,-2.774010807771376,0.03604495073832292,0.04465279115124288,0.02638547779967166,0.014332159488985707,0.026387713271307536,0.014331254177740272,0.6738585016526533,1.2745681043815962,1.2505644422275255,0.014498747076135647,0.0446527911512428,0.4098,53449.0,0.06265,249603.8,0,2.0,0
863,2023-01-21 07:21:59.999,0.4051380959976567,0.41,0.0624208032038149,0.062655,-0.8915981192837836,-0.9035272922233152,-2.770111792364889,-2.773856674490557,0.03620766391883079,0.0450754759418992,0.026397008040616118,0.014327153741898083,0.026399278500203766,0.014326273042786686,0.6846431998980761,1.3037109978557773,1.2745681043815962,0.014495539856317519,0.0450754759418994,0.41,64652.0,0.062655,172291.1,0,2.0,0
864,2023-01-21 07:22:59.999,0.4051567510241458,0.4101,0.0624005277803707,0.062675,-0.8913542465841234,-0.9034812471902981,-2.76979263493778,-2.7741815456237626,0.03651928414399219,0.04505844428175243,0.02640848980116777,0.014322228375239703,0.026410829721173052,0.014321396812934175,0.705828806704792,1.302168488866351,1.3037109978557773,0.014492606009168085,0.0450584442817523,0.4101,219648.0,0.062675,183873.5,0,2.0,0
865,2023-01-21 07:23:59.999,0.4052296738571542,0.4101,0.0624072921807394,0.06268,-0.8913542465841234,-0.9033012766701455,-2.769712861494317,-2.774073148563748,0.03661064238961875,0.044993231200594175,0.026419835747073624,0.014317531356099877,0.026422194184158226,0.014316713734139145,0.7116471275922421,1.2972484565649298,1.302168488866351,0.014490091012539095,0.044993231200594,0.4101,85474.0,0.06268,252586.8,0,2.0,0
866,2023-01-21 07:24:59.999,0.4052023926905064,0.41,0.0624210054247195,0.062655,-0.8915981192837836,-0.9033686016632799,-2.770111792364889,-2.773853434856226,0.03636370614719875,0.0450754759418992,0.026431244645393485,0.014312754821596045,0.02643354329420205,0.014311896009509814,0.6938397851967631,1.3026305228378572,1.2972484565649298,0.014487789883038418,0.0450754759418994,0.41,106065.0,0.062655,125802.4,0,2.0,0
867,2023-01-21 07:25:59.999,0.4051240785198988,0.41005,0.0624248733995164,0.06265,-0.8914761754997168,-0.9035618920804976,-2.7701915976400597,-2.7737914708597438,0.03611976149022278,0.04526265882886371,0.02644262062861336,0.014308186773264335,0.026444860189099733,0.014307288260515446,0.6762218755194418,1.3153335568289246,1.3026305228378572,0.0144853511138142,0.0452626588288636,0.41005,161281.0,0.06265,504868.6,0,2.0,0
868,2023-01-21 07:26:59.999,0.4051023833780413,0.41025,0.0624664344620448,0.062615,-0.8909885490119368,-0.903615445359446,-2.7707504129661413,-2.7731259151093206,0.035522130642555716,0.04620710487501134,0.026453992149394,0.014304368504032957,0.026456090769734934,0.0143033783024383,0.633839061033245,1.3809146988941294,1.3153335568289246,0.014482860651484724,0.0462071048750112,0.41025,156585.0,0.062615,446580.4,0,2.0,0
869,2023-01-21 07:27:59.999,0.4051297294404195,0.41025,0.0624743992990361,0.062605,-0.8909885490119368,-0.9035479435609961,-2.770910131861226,-2.7729984173687927,0.03548540576932613,0.046337671650313106,0.026465273852758105,0.014300826502728244,0.026467361363037338,0.014299829850649528,0.6306399796693505,1.3895978525271837,1.3809146988941294,0.01448030431839471,0.0463376716503129,0.41025,85279.0,0.062605,272485.2,0,2.0,0
870,2023-01-21 07:28:59.999,0.4051235893059315,0.41005,0.0624569158573998,0.06259,-0.8914761754997168,-0.9035630996469904,-2.7711497580455267,-2.773278306229781,0.035699052831529854,0.04604593443502847,0.026476472110162907,0.014297213701599767,0.026478606472745962,0.014296247519955126,0.6449557022507983,1.368760566450501,1.3895978525271837,0.014477840065101649,0.0460459344350283,0.41005,190099.0,0.06259,235719.8,0,2.0,0
871,2023-01-21 07:29:59.999,0.4050818763272473,0.41005,0.0623934149378279,0.062595,-0.8914761754997168,-0.9036660685369583,-2.7710698762705115,-2.7742955390179223,0.036427649955139585,0.04598063279514719,0.026487819138539793,0.014293236077766999,0.026490119492813477,0.014292381798734951,0.6953026166153565,1.363778891676483,1.368760566450501,0.014475403073131343,0.045980632795147,0.41005,93620.0,0.062595,205169.6,0,2.0,0
872,2023-01-21 07:30:59.999,0.4050779626155086,0.40995,0.0623562774020321,0.06261,-0.8917200779399503,-0.903675730116194,-2.770830269224918,-2.7748909318593205,0.03690470926949496,0.04554085672790098,0.026499138099554505,0.014288957872439754,0.02650154623914486,0.014288181049860644,0.7280956893006031,1.3326177317013264,1.363778891676483,0.014472719382370573,0.0455408567279009,0.40995,44638.0,0.06261,409104.3,0,2.0,0
873,2023-01-21 07:31:59.999,0.4050918552937851,0.40965,0.0623549600772822,0.062595,-0.8924521423943134,-0.903641434397023,-2.7710698762705115,-2.7749120578584936,0.03695627504043808,0.04500466590055063,0.02651033294232215,0.014284506391336865,0.026512750424872045,0.014283737174963628,0.7311479123174659,1.2947127784159735,1.3326177317013264,0.01446967250906774,0.0450046659005505,0.4096499999999999,114608.0,0.062595,168179.2,0,2.0,0
874,2023-01-21 07:32:59.999,0.4051032619663908,0.40955,0.0623431401542989,0.06258,-0.892696283020526,-0.9036132765561192,-2.771309540741401,-2.775101634491927,0.03713940771814361,0.0449564458452999,0.026521382509963835,0.014280308203011564,0.026523839817348276,0.0142795690985447,0.7434095404095367,1.290942959581804,1.2947127784159735,0.01446664220936918,0.0449564458452997,0.4095499999999999,106444.0,0.06258,209849.4,0,2.0,0
875,2023-01-21 07:33:59.999,0.4051799487517601,0.40935,0.0623462352452429,0.062565,-0.8931847431596799,-0.9034239926499888,-2.771549262665119,-2.7750519896695875,0.03728810804548177,0.044663953243564314,0.02653237962848545,0.014275982181885378,0.02653486880423574,0.014275267706878895,0.7532775890475465,1.270075388444082,1.290942959581804,0.014463683760019583,0.0446639532435644,0.40935,517177.0,0.062565,761525.1,0,2.0,0
876,2023-01-21 07:34:59.999,0.4051837825918306,0.4089,0.0623382757415501,0.062515,-0.8942846516115405,-0.9034145306271412,-2.772348751035174,-2.7751796639675517,0.03740194107193051,0.04421760940792441,0.026543273426674747,0.014271516805390167,0.02654578642543551,0.014270821177292182,0.7607238932941981,1.2384343039538932,1.270075388444082,0.014460709343609556,0.0442176094079245,0.4089,361988.0,0.062515,1193016.6,0,2.0,0
877,2023-01-21 07:35:59.999,0.4050181087841991,0.409,0.0622728037237104,0.062485,-0.8940401229393353,-0.9038234998277913,-2.7728287510443903,-2.7762304858390148,0.03785199624094282,0.04485452780530763,0.02655438965310571,0.014267072157201053,0.02655700423458866,0.01426645620382,0.7917167266338927,1.282683507208958,1.2384343039538932,0.014457754263483977,0.0448545278053078,0.409,126408.0,0.062485,264261.2,0,2.0,0
878,2023-01-21 07:36:59.999,0.4048834900795346,0.40895,0.0622367670696304,0.06251,-0.894162379801154,-0.9041559320790501,-2.772428735038416,-2.776809343429747,0.03799276767006676,0.044405266427577805,0.0265654323926991,0.014262421999855756,0.02656807699702157,0.014261830835865762,0.8010676051713006,1.2508278071606023,1.282683507208958,0.01445484554268994,0.044405266427578,0.40895,177933.0,0.06251,259654.6,0,2.0,0
879,2023-01-21 07:37:59.999,0.4047111220277174,0.40905,0.0622651259959595,0.06252,-0.8939178810224298,-0.9045817453239604,-2.772268773428861,-2.7763537852671956,0.03719454538604361,0.04451900001712028,0.02657642775466749,0.014257948416896753,0.026578885083441247,0.014257213348211785,0.7445817105580337,1.2584259486581868,1.2508278071606023,0.01445152234455643,0.0445190000171207,0.40905,88274.0,0.0625199999999999,240752.1,0,2.0,0
880,2023-01-21 07:38:59.999,0.4047061100805418,0.4092,0.0622854067527023,0.06254,-0.8935512449046656,-0.9045941294121089,-2.771948926952442,-2.7760281221572196,0.03691593868170617,0.044624168492026994,0.026587462070013536,0.014253465326384983,0.026589852367771394,0.014252681819306494,0.7245012864840075,1.2654260566814732,1.2584259486581868,0.014447760125714661,0.0446241684920269,0.4092,214607.0,0.06254,137801.7,0,2.0,0
881,2023-01-21 07:39:59.999,0.4048514665325913,0.4095,0.0623143078977206,0.06255,-0.892818375689013,-0.9042350284468147,-2.771789042069217,-2.77556421827722,0.036895808162652144,0.04522633524062891,0.026598708859286703,0.014248998712751112,0.026601091895459665,0.014248210739288478,0.7225269513178587,1.3072937093237829,1.2654260566814732,0.014443779941356996,0.045226335240629,0.4095,38815.0,0.06255,156332.4,0,2.0,0
882,2023-01-21 07:40:59.999,0.4050631763729449,0.4096,0.0623231269513682,0.06252,-0.892574205256839,-0.9037122329966273,-2.772268773428861,-2.7754227029504164,0.03730291786465856,0.04586267578271108,0.026610132201384414,0.01424465594301475,0.02661260681042475,0.014243936190056138,0.7505166346993918,1.351562554992258,1.3072937093237829,0.01443992744320799,0.0458626757827109,0.4095999999999999,107185.0,0.06252,536253.2,0,2.0,0
883,2023-01-21 07:41:59.999,0.4051529171840752,0.40965,0.0622716010648801,0.06251,-0.8924521423943134,-0.9034907098444438,-2.772428735038416,-2.776249798771336,0.038200574132749576,0.046115503834418425,0.026621524422272815,0.014240570596237687,0.02662420413754948,0.014240011942580526,0.8129466493342186,1.368904376436704,1.351562554992258,0.0144360822962427,0.0461155038344183,0.4096499999999999,49191.0,0.06251,46353.5,0,2.0,0
884,2023-01-21 07:42:59.999,0.4051219269768384,0.4098,0.0622473847782249,0.062529996,-0.8920860431773376,-0.9035672029195411,-2.7721089013722273,-2.7766387561146124,0.03844204535370188,0.04622014588062573,0.026632881108886258,0.014236632412162678,0.026635614079088713,0.014236118251162406,0.8293293906609094,1.3758355350248157,1.368904376436704,0.014431859361647195,0.0462200935870957,0.4098,117171.0,0.06253,123342.7,0,2.0,0
885,2023-01-21 07:43:59.999,0.4050485748336138,0.4102,0.0622681264208536,0.062535,-0.8911104333438568,-0.9037482812067933,-2.772028878981267,-2.776305598540575,0.03798861788643426,0.047130339123702014,0.026644478370990453,0.014232918600876419,0.026647103721491594,0.014232317647355825,0.796884558506869,1.439329580051846,1.3758355350248157,0.014427359996547031,0.0471303391237021,0.4102,222470.0,0.062535,110231.7,0,2.0,0
886,2023-01-21 07:44:59.999,0.4050651032769387,0.41045,0.0622812596686129,0.06252,-0.890501160187862,-0.9037074759623597,-2.772268773428861,-2.7760947063279304,0.037857023264673884,0.04793572085168807,0.026656321816627058,0.014229342945267606,0.026658913971556022,0.014228716375945801,0.7870076960736037,1.4954590044607865,1.439329580051846,0.014422676643851025,0.0479357208516884,0.41045,211653.0,0.0625199999999999,130672.5,0,2.0,0
887,2023-01-21 07:45:59.999,0.4051349510507238,0.41055,0.0622713201778214,0.06252,-0.8902575548273393,-0.9035350549076212,-2.772268773428861,-2.7762543094581886,0.03815991645944827,0.04817932621221077,0.026668191774176987,0.014225903971302686,0.02667085128000556,0.014225331753678513,0.807648312066379,1.5121101956984446,1.4954590044607865,0.014417942944942535,0.0481793262122112,0.4105499999999999,156276.0,0.0625199999999999,34601.5,0,2.0,0
888,2023-01-21 07:46:59.999,0.4052405014601659,0.41055,0.0622697899655698,0.06251,-0.8902575548273393,-0.9032745573574747,-2.772428735038416,-2.7762788830668534,0.03844050240827257,0.04831009140139253,0.026679883630679347,0.014222929838622519,0.026682605366105772,0.014222409047915672,0.8267162758822455,1.5207983176557702,1.5121101956984446,0.014413174045203384,0.0483100914013925,0.4105499999999999,66460.0,0.06251,48087.6,0,2.0,0
889,2023-01-21 07:47:59.999,0.4053193447805749,0.41055,0.0622404350457305,0.06252,-0.8902575548273393,-0.903080016951795,-2.772268773428861,-2.7767504093271347,0.039020505430897634,0.04817932621221077,0.026691441803303864,0.014220108068833885,0.026694295092733994,0.01421969923578754,0.8668404397148959,1.5110914983833181,1.5207983176557702,0.014408320193032901,0.0481793262122112,0.4105499999999999,159288.0,0.0625199999999999,136678.2,0,2.0,0
890,2023-01-21 07:48:59.999,0.4053281506319869,0.41075,0.0622333870916538,0.062525,-0.8897705220647596,-0.9030582914756486,-2.772188802218454,-2.7768636532841886,0.039134805416071394,0.04860098422339232,0.026703142662696938,0.014217334695790711,0.026706019696428336,0.01421694709708569,0.8742232516424581,1.5402212882544446,1.5110914983833181,0.014403373110911952,0.0486009842233923,0.41075,154249.0,0.062525,96921.7,0,2.0,0
891,2023-01-21 07:49:59.999,0.4053186608794165,0.41075,0.0622386017243428,0.062529996,-0.8897705220647596,-0.9030817042675973,-2.7721089013722273,-2.7767798652328906,0.03904289768705882,0.048535666993203774,0.026714768055697356,0.014214648988418389,0.02671762112897469,0.014214241074584433,0.8671076066187003,1.5350993862237008,1.5402212882544446,0.014398357461566542,0.0485356146996738,0.41075,91961.0,0.06253,55951.4,0,2.0,0
892,2023-01-21 07:50:59.999,0.4052636342920498,0.41085,0.0622617686845018,0.062525,-0.8895270946049402,-0.903217474781656,-2.772188802218454,-2.7764077063332775,0.03860289524479599,0.04884441168321174,0.026726346352670398,0.014212298649690636,0.02672909491756096,0.014211802237096944,0.8354887106605628,1.5562623524677195,1.5350993862237008,0.01439371292615758,0.0488444116832118,0.41085,361981.0,0.062525,39908.8,0,2.0,0
893,2023-01-21 07:51:59.999,0.4052714866754235,0.41095,0.0622850840881381,0.062535,-0.8892837263876281,-0.9031980989812229,-2.772028878981267,-2.7760333025905957,0.038316204005904186,0.04895704607993068,0.026737787917480105,0.014210294907253295,0.026740467486118944,0.014209741958230524,0.814633830354701,1.5636028884319142,1.5562623524677195,0.014389494811349341,0.0489570460799306,0.41095,136193.0,0.062535,594379.3,0,2.0,0
894,2023-01-21 07:52:59.999,0.4053141431381875,0.41065,0.0623096105949941,0.062535,-0.8900140087959357,-0.9030928504763533,-2.772028878981267,-2.7756396019240435,0.03809961064955525,0.04822676367162304,0.026748942076416864,0.014208246405087915,0.026751568937924183,0.014207651329553594,0.7987274918568559,1.5116447859121487,1.5636028884319142,0.014385473779218234,0.0482267636716229,0.4106499999999999,460380.0,0.062535,243191.6,0,2.0,0
895,2023-01-21 07:53:59.999,0.4053091012391364,0.41030002,0.0622975328959126,0.062495,-0.890866630789177,-0.9031052900383474,-2.772668725439952,-2.775833454359481,0.03824564130090713,0.04789720245183804,0.026759884177821155,0.014206326975376177,0.026762542302589284,0.014205757386486165,0.8083412018032657,1.4878805978951626,1.5116447859121487,0.01438153536856369,0.0478971537070185,0.4103,57552.0,0.0624949999999999,45480.6,0,2.0,0
896,2023-01-21 07:54:59.999,0.4052037455168855,0.4101,0.0622253746994167,0.062485,-0.8913542465841234,-0.9033652630252432,-2.7728287510443903,-2.776992409060526,0.03893308895548142,0.04754040416051952,0.02677075894966411,0.014204248964138468,0.026773573652280596,0.014203810087446088,0.8560741961727513,1.4622135435173398,1.4878805978951626,0.014377574531199047,0.0475404041605194,0.4101,169967.0,0.062485,214834.1,0,2.0,0
897,2023-01-21 07:55:59.999,0.4052160357698199,0.41015,0.0622008481925607,0.0625,-0.8912323325333781,-0.9033349324404792,-2.772588722239781,-2.7773866427936342,0.03928569717195429,0.04746609980529215,0.026781660784530214,0.014202055208572543,0.0267845545675405,0.014201685431971173,0.8802576753510484,1.4564398403603265,1.4622135435173398,0.014373384089722201,0.047466099805292,0.41015,114334.0,0.0625,270665.3,0,2.0,0
898,2023-01-21 07:56:59.999,0.4051987635215854,0.41,0.0622273306866719,0.062495,-0.8915981192837836,-0.9033775581384605,-2.772668725439952,-2.776960975637696,0.03889509769245392,0.04716571395723146,0.026792403819685832,0.014199917134244903,0.026795204720836668,0.014199467336643132,0.8521371037906667,1.434748523173618,1.4564398403603265,0.014369187559814037,0.0471657139572316,0.41,60906.0,0.062495,537350.0,0,2.0,0
899,2023-01-21 07:57:59.999,0.4051102058095394,0.41005,0.0622506345348279,0.062475,-0.8914761754997168,-0.9035961357816815,-2.772988802261121,-2.776586550358703,0.038370435404434966,0.04754931368605464,0.02680320590340655,0.014197953600284243,0.02680588288315685,0.014197400918267815,0.8145541981841191,1.4612040838218228,1.434748523173618,0.014365064327001553,0.0475493136860545,0.41005,57607.0,0.062475,351252.0,0,2.0,0
900,2023-01-21 07:58:59.999,0.4050888451302922,0.4102,0.0622688130830461,0.06248,-0.8911104333438568,-0.9036488652417503,-2.7729087734507063,-2.776294571094498,0.03807901915053424,0.04784963400374387,0.02681413625380313,0.014195976020423154,0.026816743262110632,0.014195367460530498,0.7933768477454212,1.4817929897653992,1.4612040838218228,0.014360982977882316,0.0478496340037444,0.4102,87562.0,0.0624799999999999,195269.0,0,2.0,0
901,2023-01-21 07:59:59.999,0.4051058777635222,0.4104,0.0623196620850558,0.062495,-0.8906229851255774,-0.9036068194649729,-2.772668725439952,-2.775478299689547,0.037453780539582704,0.04814084811543773,0.02682513326270385,0.014194091677665803,0.026827593028331456,0.014193369937602599,0.7486726237649322,1.5017315187750864,1.4817929897653992,0.014356379944966306,0.0481408481154377,0.4104,108908.0,0.0624949999999999,77293.7,0,2.0,0
902,2023-01-21 08:00:59.999,0.4051435073031729,0.4104,0.0623289691355238,0.062495,-0.8906229851255774,-0.9035139356186627,-2.772668725439952,-2.7753289671153474,0.037424588205423714,0.04814084811543773,0.026836101268458305,0.014192251982478638,0.02683855173986237,0.01419152362857337,0.7459407983683515,1.5011533668709993,1.5017315187750864,0.014351502347801103,0.0481408481154377,0.4104,69783.0,0.0624949999999999,54249.8,0,2.0,0
903,2023-01-21 08:01:59.999,0.405146772057608,0.41045,0.0622835045428746,0.06251,-0.890501160187862,-0.9035058773844267,-2.772428735038416,-2.7760586628404136,0.03802915706367016,0.04806648604086983,0.026847170364302002,0.01419015816132054,0.02684975818811579,0.014189535527905708,0.7878622139229656,1.4953544164438792,1.5011533668709993,0.014346939729131074,0.0480664860408697,0.41045,205619.0,0.06251,225549.0,0,2.0,0
904,2023-01-21 08:02:59.999,0.4051545845051476,0.41065,0.0622598504747783,0.0625,-0.8900140087959357,-0.9034865945645806,-2.772588722239781,-2.776438515597349,0.03835896137526673,0.0486844235427345,0.02685853068919151,0.014187991049032346,0.02686119220983166,0.014187427720684417,0.8104195765291556,1.538335679668445,1.4953544164438792,0.014342271489715883,0.0486844235427343,0.41065,127346.0,0.0625,529639.1,0,2.0,0
905,2023-01-21 08:03:59.999,0.4052330035073196,0.41105,0.0622241715961448,0.062505,-0.8890404173839945,-0.9032930600051258,-2.7725087254396104,-2.7770117438561557,0.03902109775684448,0.04959261928419334,0.02687013104202563,0.014186087119934791,0.026872943114859424,0.01418564963420974,0.8563692855270362,1.6017445860907809,1.538335679668445,0.014337423130397028,0.0495926192841933,0.41105,157749.0,0.062505,516968.4,0,2.0,0
906,2023-01-21 08:04:59.999,0.4053846448612555,0.41099998,0.0622361812956694,0.06252,-0.8891621131477041,-0.9029189221954939,-2.772268773428861,-2.776818755498292,0.03923747171803704,0.04927476789184593,0.026881479102227445,0.014184396900961299,0.026884338623777048,0.014184000735558425,0.8709202237483986,1.578726888846494,1.6017445860907809,0.01433249117909466,0.049274816553648,0.411,93153.0,0.0625199999999999,135092.9,0,2.0,0
907,2023-01-21 08:05:59.999,0.4054582416114638,0.41095,0.0622759979251198,0.062515,-0.8892837263876281,-0.9027373907258635,-2.772348751035174,-2.7761791934722027,0.03889617493176478,0.049218534631836786,0.026892740081066614,0.014182815136275836,0.0268955180109094,0.014182349238720323,0.8461684816004578,1.5741440846723567,1.578726888846494,0.014327518326525082,0.0492185346318367,0.41095,258571.0,0.062515,433452.1,0,2.0,0
908,2023-01-21 08:06:59.999,0.4054885529095215,0.4111,0.062280340119049,0.062525,-0.8889187850783042,-0.9026626353947452,-2.772188802218454,-2.7761094709032967,0.03891393355636985,0.04945272120984767,0.026904040011030795,0.014181338299066506,0.02690681943559579,0.014180873960060203,0.8467118567298151,1.5900249132552713,1.5741440846723567,0.014322615870397303,0.0494527212098476,0.4111,129738.0,0.062525,87687.8,0,2.0,0
909,2023-01-21 08:07:59.999,0.4054666231446389,0.41115,0.062283673430663,0.062525,-0.8887971675652325,-0.9027167191851582,-2.772188802218454,-2.7760559512466996,0.03881609859316382,0.04957433872291939,0.02691532154787576,0.01417998309667616,0.02691807571983718,0.014179497740351207,0.8391004456714939,1.5979579820765077,1.5900249132552713,0.014317884503837903,0.0495743387229192,0.41115,222084.0,0.062525,156549.8,0,2.0,0
910,2023-01-21 08:08:59.999,0.4053516828222115,0.4112,0.0622775810259157,0.06251,-0.8886755648411817,-0.9030002360282078,-2.772428735038416,-2.77615377307386,0.03861254899832056,0.04989208138755008,0.02692655525428753,0.014178958190375816,0.02692925971939839,0.014178431700466083,0.8240184475789457,1.6196906588560753,1.5979579820765077,0.014313100440667147,0.04989208138755,0.4112,116106.0,0.06251,352897.6,0,2.0,0
911,2023-01-21 08:09:59.999,0.4052394731124386,0.4113,0.0622654851047307,0.062515,-0.8884324037457586,-0.9032770949839666,-2.772348751035174,-2.7763480178696374,0.038494481002080416,0.050069857273706275,0.02693769740522802,0.014178227894432814,0.02694037196750454,0.014177677040877648,0.8149507850448706,1.631526876328548,1.6196906588560753,0.014308440197764038,0.0500698572737063,0.4113,599564.0,0.062515,176352.6,0,2.0,0
912,2023-01-21 08:10:59.999,0.4052351600423593,0.41125,0.0622802414530252,0.062529996,-0.8885539769025554,-0.9032877383030856,-2.7721089013722273,-2.776111055128781,0.03829012571842616,0.04975221215540793,0.026948632621752597,0.014177602325926792,0.026951257359798576,0.014177011364927553,0.7998066776386145,1.6084228496065294,1.631526876328548,0.014304355791957588,0.0497521598618779,0.41125,239021.0,0.06253,440783.6,0,2.0,0
913,2023-01-21 08:11:59.999,0.405305347270734,0.4113,0.0623034430796251,0.062529996,-0.8884324037457586,-0.9031145520701539,-2.7721089013722273,-2.7757385885902424,0.03815882853492225,0.049873785312204766,0.026959595980211613,0.014177013659993023,0.026962187795197663,0.014176396642649618,0.7898086532116032,1.6162916874839515,1.6084228496065294,0.014300716963596721,0.0498737330186749,0.4113,243505.0,0.06253,367585.5,0,2.0,0
914,2023-01-21 08:12:59.999,0.4054242961525059,0.41145,0.0623010657617819,0.062575,-0.8880677729304152,-0.9028211154514478,-2.771389441664299,-2.775776746404363,0.03848345834927125,0.0496502732282762,0.02697031407490565,0.014176661527319766,0.026972978537824963,0.014176102759584558,0.8119636268623951,1.5998095961918908,1.6162916874839515,0.014297143102628727,0.0496502732282766,0.41145,362212.0,0.0625749999999999,290545.5,0,2.0,0
915,2023-01-21 08:13:59.999,0.4055039781254303,0.4115,0.0623341935459268,0.062625,-0.8879462588650127,-0.9026245950544945,-2.770590719577108,-2.775245150688848,0.038245410636408184,0.0491188490972847,0.026980863341619733,0.014176182928343925,0.026983470272259582,0.014175578041093581,0.7944607501367045,1.5616323426105188,1.5998095961918908,0.014293348229039994,0.0491188490972847,0.4115,310735.0,0.062625,715190.6,0,2.0,0
916,2023-01-21 08:14:59.999,0.405480915181256,0.41175,0.0623804763554668,0.06266,-0.8873389099243874,-0.9026814714386809,-2.7700319934580917,-2.774502931482377,0.0375817859504356,0.049269451404407194,0.02699121086788035,0.014176133846447291,0.026993661822539584,0.014175408757791408,0.7469360713902751,1.571531475213183,1.5616323426105188,0.01428923123707922,0.0492694514044071,0.41175,652205.0,0.06266,469489.0,0,2.0,0
917,2023-01-21 08:15:59.999,0.4054412688819849,0.41135,0.0624227071914089,0.062635,-0.8883108453671977,-0.9027792522124268,-2.770431051685982,-2.773826172503099,0.03693076920837279,0.0486237375144416,0.027001452991299444,0.014175775789312133,0.027003750912201335,0.014174940024104712,0.7003217141864732,1.5252981455480088,1.571531475213183,0.014284848143687882,0.0486237375144416,0.41135,299290.0,0.062635,128672.7,0,2.0,0
918,2023-01-21 08:16:59.999,0.4053000258208444,0.41155,0.0623995900087032,0.0626,-0.8878247595634841,-0.903127681639896,-2.7709900008760844,-2.774196574001686,0.03688513507141533,0.04956675230749252,0.027012179782831738,0.014175314245674931,0.027014464660241735,0.014174469451060795,0.6963696556864702,1.5911162273910415,1.5252981455480088,0.014280611117649432,0.0495667523074923,0.4115499999999999,159861.0,0.0625999999999999,284926.8,0,2.0,0
919,2023-01-21 08:17:59.999,0.405347983765581,0.41185,0.0623661022269041,0.062625,-0.8870960735948793,-0.903009361618813,-2.770590719577108,-2.774733384754758,0.037442286383803425,0.049969034367418064,0.02702325117207798,0.014174562183129649,0.02702566242762339,0.01417380796199496,0.7349206355914178,1.6188001363915008,1.5911162273910415,0.014276343054795346,0.0499690343674181,0.41185,283871.0,0.062625,262645.6,0,2.0,0
920,2023-01-21 08:18:59.999,0.4054723140009936,0.41205,0.0623941727106681,0.062615,-0.8866105777727444,-0.9027026839573644,-2.7707504129661413,-2.774283394014489,0.0373811062545919,0.05058507611420371,0.02703456493401041,0.014173858529533245,0.02703695941244609,0.014173092146246563,0.7298440407646142,1.6615455227750768,1.6188001363915008,0.01427193280968886,0.0505850761142037,0.41205,443078.0,0.062615,425648.0,0,2.0,0
921,2023-01-21 08:19:59.999,0.4055682448664044,0.41155,0.0623626329161762,0.062584996,-0.8878247595634841,-0.9024661215196187,-2.7712297101152306,-2.7747890144494685,0.03803100256674752,0.049762709475545064,0.027045981003401713,0.014172298866443733,0.027048523243985687,0.014171643942401575,0.7749615617918709,1.6028965156761248,1.6615455227750768,0.014267547447188045,0.049762657227971,0.4115499999999999,343425.0,0.062585,277232.1,0,2.0,0
922,2023-01-21 08:20:59.999,0.4054949676028687,0.41125,0.0623057648422746,0.06255,-0.8885539769025554,-0.9026468158541873,-2.771789042069217,-2.7757013238858357,0.03859610165330485,0.04949073402708648,0.027057570828571055,0.014170176515406311,0.027060241166646667,0.014169623771012147,0.8141260962946629,1.5831251766077372,1.6028965156761248,0.014262987177854321,0.0494907340270864,0.41125,226690.0,0.06255,282795.1,0,2.0,0
923,2023-01-21 08:21:59.999,0.4053993712000681,0.41125,0.0622659873236805,0.062505,-0.8885539769025554,-0.9028825960259531,-2.7725087254396104,-2.7763399521342853,0.038882386394224144,0.05007905976563243,0.027069209434027384,0.014168432102475023,0.027071943332884176,0.014167932062459138,0.833603874529733,1.6240223452519882,1.5831251766077372,0.01425836772012528,0.0500790597656324,0.41125,367940.0,0.062505,228802.2,0,2.0,0
924,2023-01-21 08:22:59.999,0.4053480885971454,0.4114,0.0622353288567793,0.062535,-0.8881893017632803,-0.9030091029976899,-2.772028878981267,-2.7768324524300487,0.039158487864142444,0.05005147070427851,0.027080958953003872,0.01416643956869865,0.02708375403028023,0.014165991495867057,0.8523747764062282,1.6214738812728189,1.6240223452519882,0.014253814701532816,0.0500514707042785,0.4114,107898.0,0.062535,263866.0,0,2.0,0
925,2023-01-21 08:23:59.999,0.4053647168800555,0.4112,0.0622969324553805,0.062525,-0.8886755648411817,-0.9029680816081174,-2.772188802218454,-2.77584309267737,0.03839072884954331,0.049695941446970204,0.027092948262229702,0.014163656670234932,0.02709556288398099,0.01416306027304354,0.7975088538640435,1.5958444708873043,1.6214738812728189,0.014249328509292981,0.0496959414469702,0.4112,60964.0,0.062525,203617.5,0,2.0,0
926,2023-01-21 08:24:59.999,0.4053498258059274,0.41095,0.0622987986654428,0.062545,-0.8892837263876281,-0.9030048172859565,-2.7718689813154325,-2.7758131364333534,0.038329504583930585,0.048826333163370705,0.027104707006740246,0.014160608340462502,0.027107304738186018,0.014159999090898318,0.7925282885758027,1.5339472453710281,1.5958444708873043,0.014245004827364223,0.0488263331633707,0.41095,375602.0,0.062545,153012.9,0,2.0,0
927,2023-01-21 08:25:59.999,0.4053541488599653,0.4106,0.0623092403751842,0.06254,-0.8901357743973038,-0.9029941523474018,-2.771948926952442,-2.775645543558187,0.038203165937139905,0.04803963899938879,0.02711611923908988,0.014157609058921777,0.02711868509113757,0.01415697525886601,0.7829695710643075,1.4778992464913008,1.5339472453710281,0.014240993004449429,0.0480396389993886,0.4105999999999999,227681.0,0.06254,150791.6,0,2.0,0
928,2023-01-21 08:26:59.999,0.4052692452767364,0.4102,0.0622785979081787,0.06249,-0.8911104333438568,-0.9032036296068874,-2.7727487350411466,-2.776137444983648,0.03839580755566596,0.04771880603220324,0.027127383458294917,0.014154638136065446,0.027129991286135084,0.01415403803214773,0.795943620042782,1.454747368033536,1.4778992464913008,0.014237091674016936,0.0477188060322033,0.4102,302241.0,0.06249,306391.3,0,2.0,0
929,2023-01-21 08:27:59.999,0.4052428127465626,0.40985,0.0622069654860348,0.06245,-0.8919640398830975,-0.9032688538806574,-2.7733890424105505,-2.7772883002008637,0.039271382768839236,0.047388637051058335,0.02713900530682453,0.014150657268371874,0.027141813077586393,0.014150223206666658,0.8571998839946344,1.4310029110445455,1.454747368033536,0.01423326779830747,0.0473886370510583,0.40985,84771.0,0.06245,126029.3,0,2.0,0
930,2023-01-21 08:28:59.999,0.4051437668860944,0.4096,0.0621723870446755,0.062459998,-0.892574205256839,-0.9035132949004143,-2.773228959147698,-2.7778443159952313,0.039481472750244384,0.046647607039170924,0.027150410979429867,0.01414651907082426,0.02715326473128611,0.01414612558929791,0.8714900727507352,1.3782327625706892,1.4310029110445455,0.014229616693798307,0.0466475808631028,0.4095999999999999,71369.0,0.06246,235413.1,0,2.0,0
931,2023-01-21 08:29:59.999,0.4050295304327425,0.4092,0.0622106739063158,0.062455,-0.8935512449046656,-0.9037952998849949,-2.7733089815642646,-2.7772286877487997,0.03869620486193204,0.045735984002680974,0.02716154844805112,0.014142206461341395,0.027164217889479928,0.014141658372102545,0.8154621381040733,1.313404354928931,1.3782327625706892,0.014226177909245335,0.0457359840026809,0.4092,492284.0,0.062455,115986.3,0,2.0,0
932,2023-01-21 08:30:59.999,0.4048982613461606,0.4094,0.0622544327323017,0.06244,-0.8930626057549479,-0.904119449985939,-2.7735491833349055,-2.7765255376214975,0.037797244594500845,0.04642098295439745,0.027173068279354857,0.014137620366398953,0.027175527010277128,0.014136908061488058,0.7513465842760577,1.361467784266533,1.313404354928931,0.014223139724356381,0.0464209829543973,0.4094,176211.0,0.06244,129918.0,0,2.0,0
933,2023-01-21 08:31:59.999,0.4049285726442183,0.40955,0.0622822183290331,0.06248,-0.892696283020526,-0.9040445912709654,-2.7729087734507063,-2.7760793140085185,0.03750732506467669,0.046263784327074675,0.027184968945254545,0.014132046164602315,0.027187357826559667,0.014131283112758459,0.7302922994161527,1.3500391351401322,1.361467784266533,0.014220376688819572,0.046263784327075,0.4095499999999999,154409.0,0.0624799999999999,179192.2,0,2.0,0
934,2023-01-21 08:32:59.999,0.4049578456105902,0.4097,0.062319448308671,0.062475,-0.8923300944293117,-0.9039723022049313,-2.772988802261121,-2.7754817300154553,0.03709110201757149,0.046695394756459785,0.027196940688293512,0.014126662001937873,0.02719923047337319,0.014125829010227355,0.7002683904099649,1.3802591203421946,1.3500391351401322,0.014217635131761153,0.0466953947564596,0.4096999999999999,175596.0,0.062475,364148.2,0,2.0,0
935,2023-01-21 08:33:59.999,0.4049959793401461,0.40985,0.0622689899707824,0.062435,-0.8919640398830975,-0.9038781394800712,-2.7736292634150286,-2.7762917303869865,0.037847422694675004,0.04758501257630732,0.027209089543937793,0.014121621936980057,0.02721155155114694,0.014120914995880033,0.7531998561446777,1.4428882973429158,1.3802591203421946,0.014214917580209747,0.0475850125763073,0.40985,161478.0,0.062435,356163.0,0,2.0,0
936,2023-01-21 08:34:59.999,0.4050272141543666,0.40975,0.0621874482798723,0.062415,-0.892208061358198,-0.9038010186902301,-2.773949647879123,-2.777602095744117,0.038995739093881765,0.04760289853746413,0.027221274418107143,0.014116502904326499,0.027223999357860854,0.014116005581651556,0.8339285265884424,1.4438153880951865,1.4428882973429158,0.014212411946468816,0.0476028985374641,0.40975,109382.0,0.062415,405840.9,0,2.0,0
937,2023-01-21 08:35:59.999,0.4050402482122106,0.4098,0.0621367099438082,0.06242,-0.8920860431773376,-0.9037688385115397,-2.7738695421395034,-2.778418322286182,0.03969516698585274,0.04765943199217659,0.027233472378724345,0.014111390409497682,0.027236356362664898,0.014111030640931605,0.8829128743473066,1.4474802992981146,1.4438153880951865,0.01421025702794713,0.0476594319921765,0.4098,152822.0,0.06242,282442.6,0,2.0,0
938,2023-01-21 08:36:59.999,0.405132270357862,0.41,0.0621440738958259,0.06245,-0.8915981192837836,-0.9035416717194359,-2.7733890424105505,-2.77829981720762,0.03982545841479712,0.047754557650372176,0.027245614485899565,0.014106474732547085,0.027248525812890747,0.014106140240865882,0.89159276649403,1.4538673590187254,1.4474802992981146,0.014208173986722826,0.0477545576503724,0.41,96219.0,0.06245,79286.6,0,2.0,0
939,2023-01-21 08:37:59.999,0.405271361875942,0.41035,0.0621989850935892,0.062465,-0.8907448249064164,-0.9031984069217143,-2.7731488790983443,-2.777416596193449,0.03944670895341851,0.04841152366468726,0.027257818557017904,0.014101974434893876,0.02726063940645007,0.01410156143695948,0.8641645537939766,1.500052719945847,1.4538673590187254,0.014206230872253024,0.0484115236646873,0.41035,114066.0,0.062465,88645.1,0,2.0,0
940,2023-01-21 08:38:59.999,0.4053854385859576,0.4106,0.062229735559891,0.06248,-0.8901357743973038,-0.90291696424288,-2.7729087734507063,-2.7769223298091874,0.03932409945108306,0.04882429295029678,0.02726995535660803,0.014097967491419224,0.027272745021985133,0.014097528496733782,0.8548558303599154,1.528896814864119,1.500052719945847,0.014204296912206107,0.0488242929502971,0.4105999999999999,79119.0,0.0624799999999999,108268.5,0,2.0,0
941,2023-01-21 08:39:59.999,0.4053819591764144,0.4107,0.0622435363588562,0.06251,-0.8898922580196241,-0.9029255472459776,-2.772428735038416,-2.776700582621072,0.03913424287187528,0.04867538820910766,0.027281998363284512,0.014094025932083285,0.027284741303462385,0.014093548107040008,0.8407749048299508,1.5179048164743174,1.528896814864119,0.014202216595839902,0.0486753882091075,0.4106999999999999,102167.0,0.06251,924597.8,0,2.0,0
942,2023-01-21 08:40:59.999,0.4052704084079037,0.41115,0.0622686317508943,0.062525,-0.8887971675652325,-0.9032007595901966,-2.772188802218454,-2.7762974831849467,0.03852950537364819,0.04957433872291939,0.027294278790220165,0.014090331461433205,0.027296878935229058,0.014089737401585162,0.7972204249282464,1.5812303630813944,1.5179048164743174,0.014200021860475143,0.0495743387229192,0.41115,397662.0,0.062525,362979.6,0,2.0,0
943,2023-01-21 08:41:59.999,0.4052368972511412,0.41145,0.0622879347362304,0.062475,-0.8880677729304152,-0.9032834513970381,-2.772988802261121,-2.7759875358889503,0.03819343829188859,0.05095771625535628,0.027306909437797566,0.014087081548796756,0.02730942888441967,0.014086424753321865,0.772659464560179,1.67890039790242,1.5812303630813944,0.014197917522861644,0.0509577162553562,0.41145,364757.0,0.062475,343856.4,0,2.0,0
944,2023-01-21 08:42:59.999,0.4052731789563921,0.4116,0.0622425710318127,0.06248,-0.8877032750222424,-0.9031939233175234,-2.7729087734507063,-2.776716091613421,0.03887854506934729,0.05125679232535818,0.027319728693911062,0.014083672163907395,0.02732240372662928,0.014083139954992309,0.8205656820602351,1.6996322658511802,1.67890039790242,0.014195875824964828,0.0512567923253581,0.4115999999999999,79982.0,0.06248,244144.9,0,2.0,0
945,2023-01-21 08:43:59.999,0.4053795280825155,0.41175,0.0622548105076179,0.06251,-0.8873389099243874,-0.9029315443090773,-2.772428735038416,-2.776519469392242,0.038980189623937234,0.051228736304344435,0.0273326487164443,0.014079997868047625,0.027335344282495556,0.014079483288737423,0.8270790271654869,1.6971655686204759,1.6996322658511802,0.014193869318334574,0.0512287363043444,0.41175,101959.0,0.06251,175528.5,0,2.0,0
946,2023-01-21 08:44:59.999,0.4055095192224073,0.41165,0.0622848778672596,0.062505,-0.887581805237702,-0.9026109304311679,-2.7725087254396104,-2.7760366135152403,0.03890607916593092,0.051051231430485844,0.027345518517344104,0.014076262001607318,0.027348193953735816,0.01407573155938558,0.821121457412876,1.6840914804253337,1.6971655686204759,0.014191985205830676,0.0510512314304856,0.4116499999999999,263938.0,0.062505,201554.1,0,2.0,0
947,2023-01-21 08:45:59.999,0.4055436044567844,0.41195,0.0622617900176961,0.06248,-0.8868532962205381,-0.9025268786387464,-2.7729087734507063,-2.776407363696197,0.03929321128923191,0.05210677112706252,0.027358499373137266,0.014073233339502191,0.02736126139857492,0.014072775750182839,0.8478746554674521,1.7585348836972152,1.6840914804253337,0.014190032553072624,0.0521067711270628,0.41195,99888.0,0.06248,126361.6,0,2.0,0
948,2023-01-21 08:46:59.999,0.4055626838015105,0.41175,0.0622211693934845,0.062459998,-0.8873389099243874,-0.9024798333994088,-2.773228959147698,-2.7770599931941704,0.039873767162811324,0.05188290237162252,0.027371245502454993,0.01407050362463015,0.027374138934915148,0.014070160667093651,0.8883784999789994,1.7420596677335938,1.7585348836972152,0.01418795467248974,0.0518828761955545,0.41175,95524.0,0.06246,49044.9,0,2.0,0
949,2023-01-21 08:47:59.999,0.4054483824524282,0.41155,0.0621953726726827,0.06244,-0.8878247595634841,-0.9027617071113597,-2.7735491833349055,-2.777474676334259,0.03993088803471723,0.051658829145861285,0.027383714254115333,0.014068154075112421,0.02738661802032237,0.01406782080231118,0.8916995880651237,1.725536610001335,1.7420596677335938,0.014186094155828409,0.051658829145861,0.4115499999999999,160965.0,0.06244,441062.8,0,2.0,0
950,2023-01-21 08:48:59.999,0.4053465211156583,0.41115,0.0621815692070683,0.06242,-0.8887971675652325,-0.9030129700062238,-2.7738695421395034,-2.7776966381458688,0.039861074166072874,0.050948307604281706,0.02739597469216448,0.014065605497198094,0.027398859464086232,0.01406525586901896,0.8860282968215829,1.6744627820543463,1.725536610001335,0.014184412960221254,0.0509483076042815,0.41115,83475.0,0.06242,91889.9,0,2.0,0
951,2023-01-21 08:49:59.999,0.4052778214971025,0.4107,0.0621671159679098,0.06239,-0.8898922580196241,-0.9031824680464599,-2.7743502728594422,-2.7779291012266523,0.039881609714652044,0.05024620421543158,0.027408012791944384,0.014062902378843748,0.02741089953041296,0.014062555052456321,0.8868025858544684,1.624002699317959,1.6744627820543463,0.01418276211292985,0.0502462042154316,0.4107,307374.0,0.06239,778263.3,0,2.0,0
952,2023-01-21 08:50:59.999,0.4052664048405383,0.41025,0.0621357708388161,0.062344998,-0.8909885490119368,-0.9032106383947124,-2.7750718346131453,-2.778433435929785,0.04026572218256719,0.049739774499782397,0.027419813358947068,0.014060247641374576,0.027422786260780815,0.01405997842852182,0.9134392337141445,1.5874514951753194,1.624002699317959,0.014181242779725232,0.0497397482754311,0.41025,139772.0,0.062345,182008.4,0,2.0,0
953,2023-01-21 08:51:59.999,0.4052545289218823,0.4102,0.0620747939027983,0.06233,-0.8911104333438568,-0.903239942804166,-2.775312428161378,-2.779415267725544,0.041039044233764255,0.04981457023965008,0.027431573635843573,0.01405772701220835,0.02743472278432724,0.014057624125948638,0.9677539623729957,1.5922201778685934,1.5874514951753194,0.014179841795278456,0.0498145702396501,0.4102,113912.0,0.0623299999999999,203245.2,0,2.0,0
954,2023-01-21 08:52:59.999,0.4052534905901965,0.4102,0.062046789640825,0.062325,-0.8911104333438568,-0.9032425049791496,-2.7753926495725154,-2.7798665069322794,0.0414053604440322,0.049880149524786144,0.027443482502536067,0.014054947667870408,0.02744671367077062,0.014054925828819525,0.9931497998117839,1.5963536508599223,1.5922201778685934,0.014178698210437364,0.0498801495247862,0.4102,63998.0,0.062325,44954.8,0,2.0,0
955,2023-01-21 08:53:59.999,0.4052021031557094,0.4104,0.0620423318920932,0.062325,-0.8906229851255774,-0.903369316207186,-2.7753926495725154,-2.779938354466997,0.04133728303654027,0.05036759774306554,0.027455486067012518,0.014052377109653716,0.02745869870227508,0.014052337504961755,0.9876352834085284,1.630479419763994,1.5963536508599223,0.014177865705774756,0.0503675977430655,0.4104,144199.0,0.062325,49180.2,0,2.0,0
956,2023-01-21 08:54:59.999,0.4051855497524881,0.4108,0.0620574913488722,0.062344998,-0.8896488009277339,-0.9034101692561292,-2.7750718346131453,-2.7796940437748705,0.04109671123030356,0.05107952258398529,0.027467698234146666,0.01404997800945728,0.027470852368142538,0.014049881691525231,0.9698201850610618,1.6805595235768416,1.630479419763994,0.014177177783915078,0.0510794963596341,0.4108,134979.0,0.062345,744897.2,0,2.0,0
957,2023-01-21 08:55:59.999,0.4052557419728421,0.4109,0.0620958422100955,0.062365,-0.889405403092773,-0.9032369495022835,-2.7747510584044646,-2.7790762454227242,0.04076489406548289,0.05106069273988101,0.027480053641669732,0.014047250877060954,0.027483128124526437,0.014047078884696156,0.9455180005735225,1.6786657620473104,1.6805595235768416,0.014176550323219102,0.0510606927398811,0.4109,40390.0,0.062365,469607.3,0,2.0,0
958,2023-01-21 08:56:59.999,0.405299032416972,0.4106,0.0621273664491333,0.06235,-0.8901357743973038,-0.9031301326762309,-2.7749916068560916,-2.7785687035542637,0.04045680628641479,0.050526964641628536,0.02749228342278938,0.014044311773448984,0.027495283775222524,0.014044071164058987,0.9229177465550635,1.6401431120595473,1.6786657620473104,0.014176176230350824,0.0505269646416284,0.4105999999999999,159893.0,0.06235,188786.9,0,2.0,0
959,2023-01-21 08:57:59.999,0.4052939555740661,0.4099,0.0620956719889824,0.06234,-0.8918420514718453,-0.9031426589205512,-2.775152004642946,-2.779078986690744,0.040861425575098864,0.04895180932186771,0.027504265752535194,0.014040533129041834,0.027507356972119215,0.014040378484982739,0.951118847491387,1.5275448141616372,1.6401431120595473,0.014175709220716325,0.0489518093218677,0.4099,372948.0,0.06234,174191.7,0,2.0,0
960,2023-01-21 08:58:59.999,0.4051402325647794,0.409,0.0620626722040035,0.062275,-0.8940401229393353,-0.9035220185610504,-2.776195217833893,-2.779610562493731,0.040916617766350916,0.047606542290708154,0.02751571288209277,0.01403675843527804,0.027518814225505003,0.01403661427065007,0.9544896855119912,1.4313012153947084,1.5275448141616372,0.014175451078616952,0.0476065422907081,0.409,788045.0,0.062275,762560.1,0,2.0,0
961,2023-01-21 08:59:59.999,0.4049981009313309,0.40895,0.0619771518723509,0.062245,-0.894162379801154,-0.9038729009450339,-2.7766770681483877,-2.7809894800444486,0.0416929709414946,0.047878187738996436,0.02752716441224663,0.014033185847742937,0.027530442775248073,0.01403321630192768,1.0092146990067477,1.4502069271763416,1.4313012153947084,0.014175057207526386,0.0478781877389966,0.40895,477520.0,0.062245,146566.2,0,2.0,0
962,2023-01-21 09:00:59.999,0.4049527338238295,0.4089,0.0619497529397667,0.06225,-0.8942846516115405,-0.9039849252941723,-2.7765967436373202,-2.781431658973587,0.04194241839475765,0.04769025236148983,0.027538662293851962,0.014029352404740405,0.02754199572502551,0.014029439812102456,1.026443169691612,1.436387759482669,1.4502069271763416,0.014174587094321775,0.0476902523614899,0.4089,509672.0,0.06225,177804.5,0,2.0,0
963,2023-01-21 09:01:59.999,0.4048721183507838,0.4082,0.0619846967120789,0.06221,-0.8959980286063927,-0.9041840188959445,-2.7772395204552085,-2.780867751628432,0.041282342618104595,0.04650233164596984,0.027549987643450295,0.014024907931782873,0.027553165693664287,0.014024840572774174,0.9789185733128528,1.3513346465234364,1.436387759482669,0.014173973334261418,0.0465023316459698,0.4082,1095107.0,0.06221,749671.2,0,2.0,0
964,2023-01-21 09:02:59.999,0.4046387183605519,0.40815,0.0620048041366178,0.062225,-0.896120525084772,-0.9047606634227741,-2.776998430728481,-2.7805434108644556,0.0404405564646142,0.04618274948051215,0.02756119228798912,0.014020453400704479,0.027564172932325295,0.014020199748081252,0.9184165535195825,1.328170827313428,1.3513346465234364,0.014173271100183663,0.0461827494805122,0.40815,749555.0,0.062225,65107.0,0,2.0,0
965,2023-01-21 09:03:59.999,0.4045978540183417,0.4085,0.0620613859901621,0.06224,-0.8952633646820796,-0.9048616582211796,-2.776757399112001,-2.779631287143894,0.03959392006377549,0.04684287170000889,0.027572715756127533,0.014015837835614355,0.027575497798318614,0.014015408785858477,0.8575149286821689,1.374884339408932,1.328170827313428,0.014172005993362822,0.0468428717000088,0.4085,468032.0,0.06224,636939.0,0,2.0,0
966,2023-01-21 09:04:59.999,0.4046911391347456,0.4089,0.0620704525977522,0.062235,-0.8942846516115405,-0.9046311222380975,-2.7768377365291963,-2.779485206852015,0.03970503853751606,0.04788725888815126,0.027584414742487406,0.01401169619126781,0.02758721979312268,0.014011287790863237,0.8648611694562016,1.4489926036447134,1.374884339408932,0.014170128813859505,0.0478872588881511,0.4089,110577.0,0.062235,386426.8,0,2.0,0
967,2023-01-21 09:05:59.999,0.4048030842696177,0.40875,0.0620196538176375,0.062225,-0.8946515567706739,-0.9043545417947808,-2.776998430728481,-2.780303947111328,0.04065092160411632,0.047651717794610304,0.027595830063798732,0.01400795174068084,0.027598851376351454,0.014007738394926411,0.9317756985304859,1.4317502017491088,1.4489926036447134,0.014168354989597391,0.04765171779461,0.4087499999999999,186499.0,0.062225,165394.2,0,2.0,0
968,2023-01-21 09:06:59.999,0.4047568884935594,0.40875,0.0619638328480243,0.062225,-0.8946515567706739,-0.9044686674375069,-2.776998430728481,-2.7812044053075957,0.04127290124760674,0.047651717794610304,0.027607201461576046,0.014004288489076247,0.02761036408591903,0.014004210720133482,0.9756020838822029,1.43131272600315,1.4317502017491088,0.014166476637515076,0.04765171779461,0.4087499999999999,111262.0,0.062225,163703.0,0,2.0,0
969,2023-01-21 09:07:59.999,0.4047946528166501,0.4091,0.0619301308453987,0.06223,-0.8937956540467841,-0.904375370541161,-2.7769180804010105,-2.7817484512393293,0.04181094403882457,0.0484419358470235,0.027618737436344427,0.014000920002023133,0.027622021909059654,0.01400096418817121,1.0134246426937157,1.4872735797126273,1.43131272600315,0.01416379307874942,0.0484419358470233,0.4091,84890.0,0.0622299999999999,197283.4,0,2.0,0
970,2023-01-21 09:08:59.999,0.4049752426583062,0.40935,0.0619324526080483,0.06224,-0.8931847431596799,-0.9039293429828161,-2.776757399112001,-2.7817109619090545,0.042226324872750354,0.048921493222408574,0.02763010516325988,0.01399827512834036,0.027633483135884155,0.013998416056635028,1.0424637814611477,1.5210008278836429,1.4872735797126273,0.014160764386434623,0.0489214932224086,0.40935,239910.0,0.06224,209206.8,0,2.0,0
971,2023-01-21 09:09:59.999,0.4051381559014078,0.4095,0.0619666639406885,0.06227,-0.892818375689013,-0.9035271443632467,-2.7762755100977765,-2.7811587169138905,0.04217707503873047,0.04889392674676818,0.02764129235663695,0.013995952420116444,0.027644656342446276,0.013996079356394193,1.0383206844025912,1.518484326910452,1.5210008278836429,0.014157731216874088,0.0488939267467682,0.4095,230662.0,0.06227,492264.6,0,2.0,0
972,2023-01-21 09:10:59.999,0.4052208230779288,0.4096,0.0620245648967489,0.06232,-0.892574205256839,-0.9033231182983739,-2.775472877419644,-2.7802247643946347,0.041617614925844704,0.048481962158224756,0.02765243256906547,0.013993383018446968,0.027655664502033946,0.013993376125375302,0.9977542444880362,1.488527081814346,1.518484326910452,0.014154772338827299,0.0484819621582246,0.4095999999999999,50711.0,0.06232,302181.9,0,2.0,0
973,2023-01-21 09:11:59.999,0.40518560466426,0.40975,0.0620810325288152,0.062315,-0.892208061358198,-0.9034100337336056,-2.775553111703797,-2.779314771015861,0.04078679939695651,0.04891369586541594,0.02766388286058319,0.013990537547846706,0.02766691986973301,0.013990342651174418,0.9377811433462033,1.5188703745056118,1.488527081814346,0.014151176913036925,0.0489136958654159,0.40975,147599.0,0.062315,976033.1,0,2.0,0
974,2023-01-21 09:12:59.999,0.4050720571040458,0.41005,0.062070573930295,0.06231,-0.8914761754997168,-0.9036903089258443,-2.7756333524260066,-2.77948325209868,0.04064425388079207,0.04971117679542092,0.02767548858619332,0.013988026404299442,0.0276784899204434,0.013987798789085078,0.9269338339686499,1.5753250367367464,1.5188703745056118,0.014147149993640097,0.0497111767954203,0.41005,76030.0,0.06231,86004.1,0,2.0,0
975,2023-01-21 09:13:59.999,0.4050024838891199,0.4102,0.0620664526238154,0.062305,-0.8911104333438568,-0.9038620788348497,-2.775713599587306,-2.7795496514091114,0.04052676398568633,0.05014251928662261,0.027687076063966583,0.013985899184740753,0.02769004752611,0.01398564447136218,0.9178494767160382,1.6055773694662356,1.5753250367367464,0.014142775176401386,0.0501425192866227,0.4102,123166.0,0.062305,187323.4,0,2.0,0
976,2023-01-21 09:14:59.999,0.4050096673472729,0.41030002,0.062069727269145,0.062315,-0.890866630789177,-0.9038443421672152,-2.775553111703797,-2.7794968924901053,0.040501371367212546,0.05025512643443686,0.027698704924871326,0.013983773658253427,0.02770166781921114,0.013983511544298029,0.9153425809714202,1.6130425206254968,1.6055773694662356,0.01413809563914168,0.0502550776896173,0.4103,84746.0,0.062315,268263.7,0,2.0,0
977,2023-01-21 09:15:59.999,0.4051233047631137,0.4104,0.0620849511699486,0.06232,-0.8906229851255774,-0.9035638020077644,-2.775472877419644,-2.7792516516168444,0.04058143236621825,0.050433182289486345,0.027710330564675013,0.013981792606673975,0.02771330929686699,0.01398154545194954,0.9203648562009983,1.6251744224817752,1.6130425206254968,0.014132689349940858,0.0504331822894863,0.4104,74354.0,0.06232,249283.5,0,2.0,0
978,2023-01-21 09:16:59.999,0.4052669539582568,0.4104,0.062087207155249,0.062315,-0.8906229851255774,-0.9032092834406872,-2.775553111703797,-2.7792153152056702,0.04090624669554377,0.05049877209803655,0.027722074114860565,0.01397962251293352,0.027725125300368705,0.013979443326897522,0.9428931529636501,1.6292784702951513,1.6251744224817752,0.01412719253586013,0.0504987720980365,0.4104,87356.0,0.062315,488720.9,0,2.0,0
979,2023-01-21 09:17:59.999,0.4053272820275959,0.4101,0.0620602206644218,0.06231,-0.8913542465841234,-0.90306043444381,-2.7756333524260066,-2.779650064305611,0.04141049376861239,0.04983310571101429,0.027733648242691127,0.013977225560769796,0.027736813446469402,0.013977156432864426,0.978287707361715,1.5811047315677744,1.6292784702951513,0.014122143499466864,0.0498331057110137,0.4101,91688.0,0.06231,171562.1,0,2.0,0
980,2023-01-21 09:18:59.999,0.4052268334209561,0.41030002,0.0620372083699216,0.06231,-0.890866630789177,-0.9033082861423938,-2.7756333524260066,-2.780020938947302,0.041465824144892416,0.050320721505960675,0.027745248606233702,0.013975170824124418,0.027748423930357438,0.013975112079507683,0.9815592273245093,1.6153987084548846,1.5811047315677744,0.014117232935208675,0.0503206727611407,0.4103,93481.0,0.06231,219894.2,0,2.0,0
981,2023-01-21 09:19:59.999,0.405169016317184,0.41055,0.0620366359292071,0.06232,-0.8902575548273393,-0.9034509746911786,-2.775472877419644,-2.7800301663669527,0.04133067881400587,0.050798612587724445,0.02775687153594359,0.013973459133323167,0.02776001289379549,0.013973367611978833,0.9711807702372884,1.6489647146018502,1.6153987084548846,0.014112274376111593,0.0507986125877244,0.4105499999999999,250216.0,0.06232,477074.7,0,2.0,0
982,2023-01-21 09:20:59.999,0.4051500767478772,0.4104,0.0620552269191824,0.06232,-0.8906229851255774,-0.903497720644649,-2.775472877419644,-2.7797305336644103,0.041038989544811444,0.050433182289486345,0.027768471905882535,0.013971477963762507,0.02777154307404706,0.013971319472931868,0.9496201483667185,1.6222127997044218,1.6489647146018502,0.014107362840882313,0.0504331822894863,0.4104,23382.0,0.06232,194080.2,0,2.0,0
983,2023-01-21 09:21:59.999,0.4051291603547839,0.41035,0.0620672983960823,0.062315,-0.8907448249064164,-0.9035493482617473,-2.775553111703797,-2.779536024619299,0.04082835495002446,0.05037693231719753,0.027780062307703086,0.01396945978933566,0.02778308204680106,0.013969253306467061,0.9338561351152602,1.6175908267222319,1.6222127997044218,0.01410270613793608,0.0503769323171976,0.41035,34495.0,0.0623149999999999,267542.0,0,2.0,0
984,2023-01-21 09:22:59.999,0.4052038154045951,0.41035,0.0620629073135827,0.06232,-0.8907448249064164,-0.9033650905497803,-2.775472877419644,-2.779606774240252,0.04107044896155254,0.05031134250864733,0.02779160845126306,0.013967464274578636,0.027794681545572318,0.013967308497432213,0.9504885940208793,1.6122993848189837,1.6175908267222319,0.014098536731790207,0.0503113425086474,0.41035,70347.0,0.06232,128280.3,0,2.0,0
985,2023-01-21 09:23:59.999,0.4052845007653504,0.41015,0.0620556033611741,0.062325,-0.8912323325333781,-0.9031659874673247,-2.7753926495725154,-2.779724467441328,0.04136576371471412,0.04975825033526482,0.027802996732217315,0.01396531344558075,0.027806135535036688,0.013965221274719008,0.9709569159655341,1.5721275207034562,1.6122993848189837,0.01409454320446345,0.0497582503352647,0.41015,63385.0,0.062325,48977.1,0,2.0,0
986,2023-01-21 09:24:59.999,0.40525286160081,0.41030002,0.0620483865193089,0.062335,-0.890866630789177,-0.9032440570691112,-2.7752322131851987,-2.7798407705816266,0.04138276943872521,0.04999279876963425,0.027814408695385377,0.013963298340740041,0.027817548792757132,0.013963207880359985,0.9714974354172798,1.58833461357336,1.5721275207034562,0.014090690077948874,0.0499927500248147,0.4103,60973.0,0.062335,258845.2,0,2.0,0
987,2023-01-21 09:25:59.999,0.4052325392532486,0.41025,0.0620593780032458,0.062335,-0.8909885490119368,-0.9032942056530195,-2.7752322131851987,-2.7796636425186416,0.041187822457688705,0.049870880546874496,0.02782595619586558,0.01396090656266382,0.027829048504651007,0.013960770559182843,0.9568794140987315,1.579046765484735,1.58833461357336,0.014087252915387689,0.0498708805468743,0.41025,36116.0,0.062335,279804.1,0,2.0,0
988,2023-01-21 09:26:59.999,0.4051631956693685,0.41030002,0.0620742303509148,0.062335,-0.890866630789177,-0.9034653407690156,-2.7752322131851987,-2.7794243463612704,0.04082106785914186,0.04999279876963425,0.02783751509276542,0.013958582980764633,0.027840519849249196,0.013958364887436523,0.9299476059388616,1.5872158160609504,1.579046765484735,0.014083961154574698,0.0499927500248147,0.4103,57132.0,0.062335,187925.4,0,2.0,0
989,2023-01-21 09:27:59.999,0.4051611689257895,0.41065,0.0620919377910916,0.06233,-0.8900140087959357,-0.9034703430709765,-2.775312428161378,-2.7791391247012673,0.040582902960025535,0.05091099478757111,0.02784924214038759,0.013956681795727711,0.027852189064900355,0.013956410842209192,0.9121767794784985,1.652380772501596,1.5872158160609504,0.014080397455301145,0.0509109947875709,0.4106499999999999,108836.0,0.0623299999999999,71676.9,0,2.0,0
990,2023-01-21 09:28:59.999,0.4052588220240447,0.4109,0.0620950982149433,0.06233,-0.889405403092773,-0.9032293492657439,-2.775312428161378,-2.779088226894958,0.040782288898911556,0.051519600490733786,0.027860930233762987,0.013955357073803519,0.02786392059679588,0.01395512632053451,0.9257077295750967,1.6953109928933299,1.652380772501596,0.01407666949172354,0.0515196004907339,0.4109,74716.0,0.0623299999999999,66405.3,0,2.0,0
991,2023-01-21 09:29:59.999,0.4053608381121716,0.41095,0.062081291638238,0.06234,-0.8892837263876281,-0.9029776502416952,-2.775152004642946,-2.779310597295298,0.04121577096171414,0.05151013440608487,0.027872616921355557,0.013954017212247219,0.027875704899610675,0.013953878593476838,0.9560113320994263,1.6939578850442467,1.6953109928933299,0.014073514702483525,0.0515101344060848,0.41095,37470.0,0.06234,71347.1,0,2.0,0
992,2023-01-21 09:30:59.999,0.405308262586621,0.41085,0.0620689926072653,0.062335,-0.8895270946049402,-0.9031073592082242,-2.7752322131851987,-2.779508728634065,0.04124803012034195,0.05133233495387113,0.027884291502082152,0.013952541947617705,0.02788738424418312,0.013952408213913896,0.9575870825536098,1.680557101338266,1.6939578850442467,0.014070814437865948,0.0513323349538712,0.41085,112191.0,0.062335,248223.3,0,2.0,0
993,2023-01-21 09:31:59.999,0.4053394424890696,0.4109,0.062048410074711,0.06234,-0.889405403092773,-0.9030304333074444,-2.775152004642946,-2.7798403909521316,0.04159608286141214,0.051388457700939916,0.027895918615925094,0.013951195038738508,0.02789908921630591,0.01395113710547604,0.9817833156933099,1.6839087275163676,1.680557101338266,0.014068405768506797,0.05138845770094,0.4109,85085.0,0.06234,222366.9,0,2.0,0
994,2023-01-21 09:32:59.999,0.4053247760540082,0.41115,0.0620644708589505,0.062365,-0.8887971675652325,-0.9030666170558511,-2.7747510584044646,-2.779581581645502,0.04134832804893851,0.05166892826742153,0.027907535680273217,0.013950091128852975,0.02791064625476261,0.013949975067188683,0.9632764022483643,1.7033145065269593,1.6839087275163676,0.014065897102342014,0.0516689282674214,0.41115,90489.0,0.062365,383530.8,0,2.0,0
995,2023-01-21 09:33:59.999,0.4053204230480947,0.4113,0.0621204664940922,0.062395,-0.8884324037457586,-0.9030773566640505,-2.7742701350223196,-2.7786797711662254,0.04060037769213076,0.05164054752412761,0.027919115545164623,0.013949024181675424,0.02792205034316207,0.013948743807284789,0.9089225183379872,1.7005800312630754,1.7033145065269593,0.014063230256596981,0.0516405475241277,0.4113,113109.0,0.062395,190302.6,0,2.0,0
996,2023-01-21 09:34:59.999,0.4053216011551998,0.41145,0.0621863300649362,0.0624,-0.8880677729304152,-0.9030744500614567,-2.7741900036067553,-2.777620077266444,0.03973700723196494,0.051939672623788624,0.027930822713151372,0.01394795591968538,0.02793355499376207,0.013947498034723295,0.8462773903116767,1.721316732636965,1.7005800312630754,0.014060622584505446,0.0519396726237886,0.41145,329395.0,0.0624,176046.5,0,2.0,0
997,2023-01-21 09:35:59.999,0.4053368167079797,0.4115,0.0622319591009583,0.062415,-0.8879462588650127,-0.9030369113091377,-2.773949647879123,-2.776886599280633,0.039174943443136545,0.05186470103064944,0.027942556099849622,0.013946764605246811,0.027945155587779102,0.01394619729855596,0.8052222132638419,1.715246912663905,1.721316732636965,0.014058212701591934,0.0518647010306494,0.4115,207023.0,0.062415,123019.5,0,2.0,0
998,2023-01-21 09:36:59.999,0.4053434161045595,0.41145,0.06224353458109,0.0624,-0.8880677729304152,-0.9030206301755592,-2.7741900036067553,-2.7767006111825316,0.03903918329067513,0.051939672623788624,0.027954456155080284,0.013945302954337872,0.02795702147031648,0.013944708587844237,0.7947216501906033,1.7199494731125522,1.715246912663905,0.014055600403101803,0.0519396726237886,0.41145,151544.0,0.0624,87611.1,0,2.0,0
999,2023-01-21 09:37:59.999,0.4053387785558283,0.41165,0.0621829163094019,0.062405,-0.887581805237702,-0.9030320712772926,-2.77410987861172,-2.7776749743673705,0.03982426322015398,0.05236013984946397,0.027966423670181845,0.013944058430697634,0.027969167905208453,0.013943611461605119,0.8502169862943689,1.7493985915592356,1.7199494731125522,0.014052984585926197,0.0523601398494637,0.4116499999999999,126937.0,0.062405,141123.8,0,2.0,0
1000,2023-01-21 09:38:59.999,0.4053743514000245,0.4119,0.0621494743050822,0.062429998,-0.8869746775401021,-0.9029443143558746,-2.773709381944365,-2.7782129195473977,0.04035177880261176,0.05263987010076987,0.027978500350997207,0.013942830058705832,0.027981363872971662,0.013942486967334638,0.8872459381617,1.7687492170482442,1.7493985915592356,0.014050495644884363,0.0526398439121242,0.4119,289527.0,0.06243,107827.1,0,2.0,0
1001,2023-01-21 09:39:59.999,0.4054511929367508,0.41195,0.0621475129845285,0.062429998,-0.8868532962205381,-0.9027547753422285,-2.773709381944365,-2.7782444781651345,0.04056711631022214,0.05276125142033383,0.02799078370323731,0.013941283450135697,0.027993694217610603,0.013940982719185422,0.9019035706362462,1.7767709698819316,1.7687492170482442,0.014047779586403426,0.0527612252316878,0.41195,109659.0,0.06243,59842.2,0,2.0,0
1002,2023-01-21 09:40:59.999,0.4055254236683249,0.4121,0.0621495836377031,0.06244,-0.8864892406373653,-0.9025717103061682,-2.7735491833349055,-2.77821116036076,0.04072294475492633,0.05299434807198,0.028003091117724505,0.013939882719570836,0.028006034846869886,0.013939612413040337,0.9122857602669014,1.792788178853839,1.7767709698819316,0.014044823094218279,0.0529943480719805,0.4121,257235.0,0.0624399999999999,218376.1,0,2.0,0
1003,2023-01-21 09:41:59.999,0.4056226774082393,0.41215,0.0621823874239591,0.062445,-0.8863679182229005,-0.9023319174982917,-2.7734691096670887,-2.777683479720985,0.040531369943536455,0.053050211978308726,0.028015353201122254,0.013938611484249696,0.028018249756721056,0.013938298752397675,0.8977508955074509,1.7960798179557034,1.792788178853839,0.0140413016547518,0.0530502119783087,0.41215,148735.0,0.062445,264658.1,0,2.0,0
1004,2023-01-21 09:42:59.999,0.405662952696897,0.4133,0.062202966400981,0.062545,-0.8835815574644503,-0.9022326299300266,-2.7718689813154325,-2.777352589040099,0.04036016146837651,0.05452850208654847,0.028027973564451747,0.01393792955048625,0.02803082757692662,0.01393757904660571,0.8846108675130719,1.9013246139683784,1.7960798179557034,0.014037555324233238,0.0545285020865484,0.4133,2344325.0,0.062545,2292620.2,0,2.0,0
1005,2023-01-21 09:43:59.999,0.4057809431186513,0.41225,0.0623066399476837,0.06252,-0.8861253175424287,-0.9019418139581662,-2.772268773428861,-2.7756872786483555,0.03928962186855711,0.052311563497121294,0.028040108357388252,0.013936245970489,0.028042711808790977,0.01393568386723868,0.8070583522783861,1.741606397528401,1.9013246139683784,0.014034065794108277,0.0523115634971214,0.41225,892973.0,0.06252,781209.5,0,2.0,0
1006,2023-01-21 09:44:59.999,0.4055273355963809,0.4119,0.0622735446077719,0.062525,-0.8869746775401021,-0.9025669956238392,-2.772188802218454,-2.7762185885161075,0.03909877463827749,0.05139682874804985,0.028052254635325277,0.013933731019381078,0.02805481110836461,0.013933131817739596,0.792640425309962,1.675400083456004,1.741606397528401,0.014030383934558762,0.0513968287480501,0.4119,559145.0,0.062525,304417.3,0,2.0,0
1007,2023-01-21 09:45:59.999,0.4053569094244952,0.41195,0.062282812102942,0.062495,-0.8868532962205381,-0.9029873421170448,-2.772668725439952,-2.776069780451518,0.03855678073997304,0.05191053702047699,0.02806450522920826,0.013931436876424678,0.028066933434603022,0.013930738970890009,0.7530000617547886,1.7116706627456293,1.675400083456004,0.014025990382606244,0.0519105370204768,0.41195,411617.0,0.062495,258838.6,0,2.0,0
1008,2023-01-21 09:46:59.999,0.4053433062810158,0.41215,0.0622593198115694,0.062455,-0.8863679182229005,-0.903020901115099,-2.7733089815642646,-2.776447038995115,0.03883162251983718,0.05291931068444611,0.02807691712435863,0.013929689574974884,0.028079406063353185,0.013929038296370488,0.7719281279660004,1.783413293338396,1.7116706627456293,0.014021359954254482,0.0529193106844461,0.41215,504817.0,0.062455,104931.0,0,2.0,0
1009,2023-01-21 09:47:59.999,0.4054527104984454,0.4127,0.0622229316042244,0.062465,-0.8850343422236009,-0.9027510324531187,-2.7731488790983443,-2.777031671871972,0.03957941603489168,0.05412200634750275,0.028089536032600653,0.013928586088655593,0.0280921951115181,0.013928070848693314,0.8247531943342513,1.8689959016087603,1.783413293338396,0.01401660652641417,0.0541220063475027,0.4127,391874.0,0.062465,132517.5,0,2.0,0
1010,2023-01-21 09:48:59.999,0.4056371591400682,0.41305,0.0622298791145112,0.062495,-0.8841866279736228,-0.9022962156647286,-2.772668725439952,-2.776920022962576,0.03994296223154581,0.05457720526739229,0.0281021132614579,0.01392796714225674,0.02810485356439011,0.01392752003840032,0.8499796542755788,1.9008583044118705,1.8689959016087603,0.014012318039612047,0.0545772052673925,0.41305,207176.0,0.0624949999999999,135292.6,0,2.0,0
1011,2023-01-21 09:49:59.999,0.4057306039998084,0.41325,0.0622456319007575,0.062525,-0.8837025422810034,-0.9020658765647581,-2.772188802218454,-2.7766669163683244,0.03996639211265751,0.05466896400714849,0.028114531943937753,0.013927732004383074,0.028117274795168654,0.013927287114443326,0.8507843071031904,1.9065869486039815,1.9008583044118705,0.014008625743910617,0.0546689640071484,0.41325,225170.0,0.062525,202751.7,0,2.0,0
1012,2023-01-21 09:50:59.999,0.4057339186740361,0.41325,0.0622658824354751,0.062565,-0.8837025422810034,-0.9020577069550338,-2.771549262665119,-2.7763416366541693,0.03970865252406364,0.054146154122240775,0.02812678447565839,0.0139273449454424,0.02812946484317711,0.013926847576506656,0.8314291958231508,1.8682218146034355,1.9065869486039815,0.014005092638831713,0.0541461541222407,0.41325,191831.0,0.062565,330635.9,0,2.0,0
1013,2023-01-21 09:51:59.999,0.4056643105152553,0.41285,0.0623100985918144,0.062525,-0.8846709481186995,-0.9022292827767388,-2.772188802218454,-2.7756317701480993,0.038956776040104724,0.053700558169452406,0.028138948377622836,0.013926728029707864,0.028141451924871733,0.013926088610105492,0.7766232441882376,1.8354354114837816,1.8682218146034355,0.014001775821161778,0.0537005581694525,0.41285,236383.0,0.062525,298448.6,0,2.0,0
1014,2023-01-21 09:52:59.999,0.4055472735615394,0.41295,0.0622714228438191,0.06252,-0.884428758725411,-0.9025178313054463,-2.772268773428861,-2.7762526607712363,0.03917579229535706,0.054008122314138984,0.02815098927855978,0.013926602497218159,0.028153540725682387,0.013926000657219825,0.7914872217071363,1.8566720088940696,1.8354354114837816,0.013999053089519074,0.0540081223141395,0.41295,219764.0,0.0625199999999999,306780.7,0,2.0,0
1015,2023-01-21 09:53:59.999,0.405568699136517,0.41305,0.0622729681670834,0.062525,-0.8841866279736228,-0.9024650014372061,-2.772188802218454,-2.7762278451492426,0.03920833592420714,0.05418487831452912,0.02816301231786362,0.013926652666601267,0.028165568514023385,0.013926054579446335,0.7929573553791706,1.868493931716329,1.8566720088940696,0.013996663531454403,0.0541848783145293,0.41305,360718.0,0.062525,185812.1,0,2.0,0
1016,2023-01-21 09:54:59.999,0.4056427950846511,0.4134,0.0622771179178221,0.06255,-0.8833396317344692,-0.9022823217072762,-2.771789042069217,-2.7761612092942114,0.03933654227009398,0.05470507919517276,0.028175155774037976,0.013926919596381615,0.02817773883038976,0.013926342869376942,0.8012730653243967,1.9049383632564074,1.868493931716329,0.013994051933130025,0.0547050791951728,0.4134,191303.0,0.06255,810363.2,0,2.0,0
1017,2023-01-21 09:55:59.999,0.4057449609321559,0.41385,0.0622863876351999,0.062575,-0.8822516896507323,-0.902030491808964,-2.771389441664299,-2.7760123740899716,0.03946670257722451,0.05546635650795906,0.028187535855447726,0.013927403197850565,0.02819014616943101,0.013926848334214481,0.8096990889238067,1.9586437087368382,1.9049383632564074,0.01399110101972464,0.0554663565079591,0.41385,233153.0,0.062575,304173.7,0,2.0,0
1018,2023-01-21 09:56:59.999,0.4058073806408044,0.41415,0.0622957569074847,0.062575,-0.8815270519378638,-0.901876663878037,-2.771389441664299,-2.7758619629321473,0.039497572608673814,0.05619099422082752,0.028200115088647615,0.013928149243838445,0.028202729635632116,0.013927597667318239,0.8109684988636323,2.0096624929950795,1.9586437087368382,0.013988434754607412,0.0561909942208274,0.41415,464654.0,0.062575,159316.9,0,2.0,0
1019,2023-01-21 09:57:59.999,0.4058126621548599,0.4142,0.0622947400252216,0.062565,-0.8814063300206533,-0.9018636491327693,-2.771549262665119,-2.7758782865248475,0.03952393154129663,0.056442366382590925,0.028212722720068386,0.013929057540167586,0.028215340449487786,0.01392850837166638,0.811902523231632,2.026672916032975,2.0096624929950795,0.013986183050792904,0.056442366382591,0.4142,413918.0,0.062565,345700.3,0,2.0,0
1020,2023-01-21 09:58:59.999,0.4057835489318242,0.4148,0.0623018448678165,0.062625,-0.8799588026267647,-0.9019353922549043,-2.770590719577108,-2.7757642409816454,0.039358958630629326,0.057106305335532626,0.028225484850289546,0.013930267819116148,0.028228061446859864,0.013929685287590523,0.7990774345552225,2.0732422994488786,2.026672916032975,0.013984044776064066,0.0571063053355325,0.4148,1763655.0,0.062625,1143839.5,0,2.0,0
1021,2023-01-21 09:59:59.999,0.4058473614026858,0.41375,0.0624035459829268,0.062605,-0.8824933522908643,-0.9017781472062485,-2.770910131861226,-2.77413317857186,0.03818284509920988,0.05483286837138557,0.028237870478971045,0.013930132879725545,0.02824017202366446,0.013929342313649127,0.713793433434597,1.909170438073991,2.0732422994488786,0.013982036975036662,0.0548328683713856,0.41375,628456.0,0.062605,389462.6,0,2.0,0
1022,2023-01-21 10:00:59.999,0.405735346380104,0.4133,0.062393301605233,0.06261,-0.8835815574644503,-0.9020541881376752,-2.770830269224918,-2.774297355438741,0.038041015239531295,0.05367937720340099,0.028250018111987015,0.01392943221772727,0.028252284021991075,0.013928616533859567,0.702778426970435,1.8255847542049375,1.909170438073991,0.013979968858160528,0.0536793772034009,0.4133,300972.0,0.06261,100664.3,0,2.0,0
1023,2023-01-21 10:01:59.999,0.4057108756977787,0.4129,0.0623860172082525,0.06261,-0.8845498460900926,-0.9021145018877844,-2.770830269224918,-2.7744141119182286,0.03807614741029608,0.05271108857775875,0.02826181596298465,0.0139285613443494,0.028264087273201573,0.013927749610953678,0.7044971665327521,1.7553336637091228,1.8255847542049375,0.0139777281563727,0.0527110885777588,0.4129,251069.0,0.06261,110253.3,0,2.0,0
1024,2023-01-21 10:02:59.999,0.4056580705411822,0.41315,0.0623614800347993,0.06265,-0.8839445558349437,-0.902244665007573,-2.7701915976400597,-2.7748075013538793,0.0382675717271308,0.052794278493636826,0.028273508840166023,0.013927948504891126,0.028275821745254424,0.013927166450674345,0.7174287761450989,1.760544249920206,1.7553336637091228,0.013975623167846868,0.0527942784936368,0.41315,1051964.0,0.06265,809128.6,0,2.0,0
1025,2023-01-21 10:03:59.999,0.4057275189566267,0.4131,0.0623907456218873,0.06261,-0.8840655845794182,-0.9020734802675111,-2.770830269224918,-2.7743383219469258,0.03805521235256937,0.053195350088433124,0.028285266399290996,0.013927542988964278,0.02828752743746579,0.013926724211120475,0.7013627014530878,1.7885483253492773,1.760544249920206,0.013973803728861044,0.053195350088433,0.4131,1129150.0,0.06261,1195346.4,0,2.0,0
1026,2023-01-21 10:04:59.999,0.405710456371521,0.41345,0.0623536960855182,0.062655,-0.8832186908139614,-0.9021155354476408,-2.770111792364889,-2.7749323289736343,0.03849874519220842,0.053454904411721405,0.02829704057470124,0.013927316027566436,0.028299401533881406,0.01392656891928237,0.7323658625065405,1.806368419243523,1.7885483253492773,0.01397183150769361,0.0534549044117214,0.41345,767213.0,0.062655,986014.2,0,2.0,0
1027,2023-01-21 10:05:59.999,0.4057295057643715,0.41365,0.0624371590972427,0.06268,-0.8827350733459451,-0.902068583377881,-2.769712861494317,-2.773594682492291,0.03745219991796356,0.053612404438772465,0.028308866530191292,0.013927116811694229,0.02831098255272954,0.013926199657139876,0.6564043019839495,1.816854001492575,1.806368419243523,0.013969769848083263,0.0536124044387724,0.4136499999999999,738522.0,0.06268,635270.0,0,2.0,0
1028,2023-01-21 10:06:59.999,0.4057423251671074,0.4138,0.0624902138626577,0.06273,-0.8823725136706944,-0.902036987942899,-2.7689154768734854,-2.772745312696904,0.036789453740054934,0.05332311926772726,0.02832059571639915,0.013926841706355355,0.028322555646513394,0.01392582591438587,0.6079997082826474,1.7952759195876042,1.816854001492575,0.013967794699690925,0.0533231192677268,0.4138,513139.0,0.06273,663049.2,0,2.0,0
1029,2023-01-21 10:07:59.999,0.4057513706335238,0.41425,0.0625964865035363,0.062805,-0.8812856226754647,-0.9020146945684376,-2.7677205908429205,-2.7710461285928076,0.03542270050861618,0.05343321652930999,0.028332246526456738,0.01392679238671961,0.028333887455404244,0.013925598432189826,0.5090490787689047,1.8023511305294664,1.7952759195876042,0.01396574308039731,0.0534332165293101,0.41425,601244.0,0.062805,2247170.8,0,2.0,0
1030,2023-01-21 10:08:59.999,0.4058057732234831,0.4148,0.0626878707969803,0.06283,-0.8799588026267647,-0.9018806249210872,-2.7673226125672814,-2.7695872982708116,0.03436420761817682,0.054434697862996484,0.02834405513381332,0.013927292604094527,0.0283454483651219,0.013925982006762134,0.4321963973623083,1.8733463474094523,1.8023511305294664,0.013963711228949741,0.0544346978629963,0.4148,678818.0,0.06283,439753.0,0,2.0,0
1031,2023-01-21 10:09:59.999,0.405871792149177,0.4149,0.0626776246415203,0.062885,-0.8797177516433149,-0.9017179521341188,-2.7664476174830184,-2.769750758805897,0.03466050589099545,0.05396045910883329,0.02835569354946871,0.013927686699359754,0.02835715265901315,0.013926405192534375,0.4526188305479856,1.8384076345242324,1.8733463474094523,0.013961379889477129,0.0539604591088336,0.4149,180446.0,0.062885,714901.9,0,2.0,0
1032,2023-01-21 10:10:59.999,0.4058902474964957,0.41505,0.0627051986840747,0.062905,-0.8793562840810925,-0.901672482288473,-2.7661296271790428,-2.7693109211588003,0.034346417882154645,0.054061976409408796,0.028367372517178774,0.013928084056800918,0.028368756235152615,0.013926769253413795,0.4292209871673402,1.844805343466006,1.8384076345242324,0.013958966305373103,0.0540619764094087,0.41505,225863.0,0.062905,319275.2,0,2.0,0
1033,2023-01-21 10:11:59.999,0.4059312815660007,0.41525,0.0627113524217557,0.062945,-0.8788745304887328,-0.9015713909326245,-2.7654939497639144,-2.7692127883743844,0.034367287788901746,0.054024077332111786,0.028379043576347972,0.013928453908171125,0.028380429423191886,0.013927139968533576,0.429869907191019,1.8411974455197184,1.844805343466006,0.013956899353516024,0.0540240773321119,0.41525,881715.0,0.062945,1836011.2,0,2.0,0
1034,2023-01-21 10:12:59.999,0.4059960425129214,0.4152,0.0627620467581066,0.062995,-0.8789949471304581,-0.9014118669330314,-2.764699920819544,-2.7684047391872157,0.033866248887670314,0.05325455903771381,0.02839052205896293,0.013928516749002173,0.02839178929497976,0.01392715399558654,0.39307812597070363,1.7851173550501793,1.8411974455197184,0.01395544745095318,0.0532545590377138,0.4152,354383.0,0.062995,1672769.3,0,2.0,0
1035,2023-01-21 10:13:59.999,0.4060349949270756,0.41535,0.0628332600718702,0.06302,-0.8786337406970565,-0.9013159286932643,-2.7643031426530085,-2.7672707267277916,0.033035156234190066,0.0532914078195853,0.028401964875163763,0.013928663541888254,0.028403037124957564,0.013927230021174455,0.33259442848218895,1.7869225478503716,1.7851173550501793,0.013954190525241257,0.0532914078195854,0.41535,485081.0,0.0630199999999999,2423028.4,0,2.0,0
1036,2023-01-21 10:14:59.999,0.406063059834467,0.41605,0.0628638109839167,0.063045,-0.8769498336356982,-0.9012468116519464,-2.7639065218569474,-2.7667846229165973,0.032706893822965655,0.05465108587640555,0.02841361877325668,0.013929559496985424,0.02841461235692937,0.01392810065857083,0.30817421350232527,1.88358196889335,1.7869225478503716,0.013952775808804632,0.0546510858764057,0.41605,853169.0,0.063045,965458.1,0,2.0,0
1037,2023-01-21 10:15:59.999,0.4060918935066642,0.41585,0.0628789788850852,0.06307,-0.8774306606674406,-0.9011758063047755,-2.763510058306577,-2.7665433700979207,0.03258068015888349,0.053846158385108756,0.02842522062139077,0.013929864954819633,0.028426182310707475,0.013928396406648058,0.2982753884139213,1.8249234896510984,1.88358196889335,0.013951454882585503,0.0538461583851086,0.41585,639552.0,0.06307,690355.9,0,2.0,0
1038,2023-01-21 10:16:59.999,0.4060175928873805,0.41575,0.0628997871939461,0.06304,-0.8776711609091,-0.9013587880842913,-2.7639858334325136,-2.7662124985255656,0.03212721795675755,0.05399459411705021,0.028436977556499272,0.01393000718247867,0.028437831581123264,0.013928508300558131,0.26488022234846537,1.8347166821778536,1.8249234896510984,0.013950265576760523,0.0539945941170501,0.41575,371684.0,0.06304,528086.4,0,2.0,0
1039,2023-01-21 10:17:59.999,0.405951119691574,0.4153,0.0628687576183519,0.062945,-0.8787541283454292,-0.9015225214767858,-2.7654939497639144,-2.766705937902957,0.03236686068503214,0.05414447947541534,0.028448874611440213,0.013930010525881227,0.028449781342769438,0.0139285260353047,0.2812271257083529,1.8446220709046879,1.8347166821778536,0.013949051622260763,0.0541444794754153,0.4153,690820.0,0.062945,932598.8,0,2.0,0
1040,2023-01-21 10:18:59.999,0.4058919148175681,0.41535,0.0627754204487436,0.062935,-0.8786337406970565,-0.9016683744843113,-2.765652831238669,-2.7681916762509444,0.033435566950131834,0.0543947493259086,0.02846086019439117,0.013930054426524707,0.028462011480379544,0.013928647980118244,0.3570738148348314,1.8617220247277566,1.8446220709046879,0.013947809477863667,0.0543947493259087,0.41535,276077.0,0.0629349999999999,661264.4,0,2.0,0
1041,2023-01-21 10:19:59.999,0.4059394035162543,0.41575,0.0627843772792713,0.06301,-0.8776711609091,-0.9015513829426747,-2.764461835028173,-2.768049005894589,0.033435928531671655,0.05438371522479868,0.02847284487655536,0.013930080193221393,0.02847399347263384,0.013928672784080416,0.35623889913682144,1.8600661294722465,1.8617220247277566,0.013946522482597794,0.0543837152247985,0.4157499999999999,145667.0,0.06301,526169.3,0,2.0,0
1042,2023-01-21 10:20:59.999,0.4060310911992955,0.41605,0.062875790461416,0.06299,-0.8769498336356982,-0.9013255430038404,-2.7647792953482995,-2.76659407869031,0.032472396647838964,0.05536455950940389,0.028485131418905314,0.013930385931511451,0.028486054183364685,0.013928905942749014,0.28619207286337184,1.929553726842236,1.8600661294722465,0.013945080765522169,0.0553645595094041,0.41605,193817.0,0.06299,422622.5,0,2.0,0
1043,2023-01-21 10:21:59.999,0.4060839063398506,0.41585,0.0628358573882799,0.062979996,-0.8774306606674406,-0.9011954748711508,-2.7649381268214865,-2.7672293909332453,0.03312181892973998,0.055013573804571725,0.0284974710822527,0.013930269489466317,0.028498541285411114,0.013928835082383165,0.3319213428103738,1.903488137280457,1.929553726842236,0.013943885743164897,0.0550135218846854,0.41585,400452.0,0.06298,558929.4,0,2.0,0
1044,2023-01-21 10:22:59.999,0.4060572990904026,0.4154,0.0628024442726608,0.062965,-0.8785133675401251,-0.9012609985738754,-2.7651762625243275,-2.7677612847262227,0.033491107008772114,0.05412553776771811,0.02850964947222859,0.01392967206968033,0.028510802320536054,0.013928266231419552,0.3575681714786172,1.8389441020112527,1.903488137280457,0.01394276809090226,0.0541255377677181,0.4154,408425.0,0.062965,167567.9,0,2.0,0
1045,2023-01-21 10:23:59.999,0.4059759997161985,0.4153,0.0627758471126302,0.06295,-0.8787541283454292,-0.9014612351272168,-2.765414518491781,-2.768184879602931,0.03363715019307045,0.054079546111989174,0.02852171338474498,0.013929244068756928,0.028522897239595325,0.013927849522746425,0.3671961665814043,1.834832716053128,1.8389441020112527,0.013941358781222726,0.0540795461119891,0.4153,310444.0,0.06295,474630.8,0,2.0,0
1046,2023-01-21 10:24:59.999,0.4059278221243745,0.41515,0.0627651467379076,0.062935,-0.8791153782740974,-0.9015799132035716,-2.765652831238669,-2.7683553478208465,0.033657826233164156,0.053913111748867704,0.028533813611841607,0.013928591541958047,0.02853499945137443,0.013927197811053695,0.3678289668380999,1.8221008248087616,1.834832716053128,0.013939954989576609,0.0539131117488675,0.41515,244045.0,0.0629349999999999,281381.1,0,2.0,0
1047,2023-01-21 10:25:59.999,0.4059099708065461,0.4137,0.0627614623174702,0.06333,-0.8826142055147712,-0.9016238907517633,-2.759396128453798,-2.768414051237854,0.03366183747085616,0.04529956400998536,0.028543934455943207,0.013924885025976016,0.028545118881542587,0.01392349126212953,0.36748818906006164,1.2032867433221572,1.8221008248087616,0.01393862716755834,0.0452995640099853,0.4136999999999999,1115703.0,0.06333,16600214.1,0,2.0,0
1048,2023-01-21 10:26:59.999,0.4057782474498517,0.40635,0.06329053442568,0.063175,-0.9005404217829233,-0.9019484571428679,-2.761846625707879,-2.760019496152837,0.026474902122335497,0.029376576753535555,0.028550413709537932,0.01391875763370633,0.028549933378228694,0.013917182754403581,-0.1490985131481894,0.059356090948587736,1.2032867433221572,0.013937758973053702,0.0293765767535356,0.40635,8298317.0,0.063175,8270615.8,0,2.0,0
1049,2023-01-21 10:27:59.999,0.4042206101457757,0.4038,0.0630622483575985,0.063045,-0.9068355731033999,-0.9057944853428039,-2.7639065218569474,-2.763632971241409,0.025582812400982036,0.02476534640870387,0.028555914163358325,0.01391256421615514,0.02855522610463063,0.013911027755217137,-0.21367319194182702,-0.2724564426630199,0.059356090948587736,0.013936157662080437,0.0247653464087038,0.4038,7253023.0,0.063045,5720038.2,3,2.0,0
1050,2023-01-21 10:28:59.999,0.4031171431146394,0.40445,0.0628617514417808,0.06311,-0.9052271595181755,-0.9085280815702129,-2.762876043385989,-2.766817385420838,0.02545240655009129,0.02553136591839078,0.028561622519322247,0.013906261592216118,0.02856090295996811,0.013904732781971374,-0.22355671688327894,-0.217905911005415,-0.2724564426630199,0.013933769830114366,0.0255313659183906,0.40445,4360055.0,0.06311,10179927.5,0,2.0,3
1051,2023-01-21 10:29:59.999,0.4033543120492114,0.40515,0.0629388193840633,0.0629,-0.9034979100754028,-0.9079399170669549,-2.766209115275742,-2.7655921453218806,0.025038963519023794,0.029985330231389717,0.02856839246341451,0.01389983264735291,0.02856757565504969,0.01389832783879001,-0.25388753071269454,0.10193919624241303,-0.217905911005415,0.013931337182602406,0.0299853302313897,0.40515,2315315.0,0.0629,7423331.7,4,2.0,0
1052,2023-01-21 10:30:59.999,0.4035997876372697,0.40065,0.0626954663030448,0.062365,-0.9146670507580574,-0.9073315166741057,-2.7747510584044646,-2.7694661417240254,0.028814272983524458,0.025799045074596627,0.02857417807169905,0.013893475624754362,0.028574233636362748,0.013891868342768489,0.017279126265738347,-0.19974361146593866,0.10193919624241303,0.013929948708415395,0.0257990450745966,0.40065,5791381.0,0.062365,12512229.7,3,2.0,4
1053,2023-01-21 10:31:59.999,0.4002890246253646,0.4015,0.062096190207828,0.062315,-0.9125477455953206,-0.9155684312326695,-2.775553111703797,-2.779070641234988,0.028428831031673152,0.028574011628293317,0.02858057389925845,0.013887112923283021,0.02858053878172372,0.013885506089379078,-0.010925619064515616,-0.0004725439334573026,-0.19974361146593866,0.013929428057134475,0.028574011628293,0.4014999999999999,4784755.0,0.0623149999999999,2951145.0,0,2.0,3
1054,2023-01-21 10:32:59.999,0.4012234457668802,0.40335,0.0620520189400851,0.062255,-0.9079506075991537,-0.9132367855019535,-2.776516425577761,-2.779782230550854,0.0313421857847459,0.03395863808072619,0.028588229910630068,0.013880957498920493,0.028588867252882812,0.013879414401778027,0.198374257887305,0.3868903258664809,-0.0004725439334573026,0.013929114300690148,0.0339586380807261,0.40335,1917309.0,0.062255,1548275.1,4,2.0,0
1055,2023-01-21 10:33:59.999,0.4027816871004464,0.4044,0.0619715559088133,0.06239,-0.9053507918358208,-0.9093605831721268,-2.7743502728594422,-2.7810797748711003,0.03627910280093194,0.034787670399234916,0.028595986797008196,0.013875055542655083,0.028597764884488855,0.013873942141910107,0.5536521514847221,0.4462456804725627,0.3868903258664809,0.013928939031154382,0.0347876703992349,0.4044,1686932.0,0.06239,1003048.9,0,2.0,4
1056,2023-01-21 10:34:59.999,0.4034582750092493,0.4043,0.0620945306630858,0.062275,-0.9055981023354119,-0.9076822042789273,-2.776195217833893,-2.7790973669795633,0.03633690570909798,0.03604856289463154,0.02860400494415172,0.013869350308192526,0.028605794553215585,0.013868244172382456,0.557468635523328,0.5367632791048889,0.4462456804725627,0.013928852797474627,0.0360485628946314,0.4043,1399412.0,0.062275,1067928.0,0,2.0,0
1057,2023-01-21 10:35:59.999,0.4034898143342046,0.40425,0.0619528578084247,0.0622,-0.9057217805249208,-0.9076040348764889,-2.7774002792370034,-2.781381541084385,0.03828233851162288,0.03690999658785288,0.0286122523177235,0.013863692594908914,0.028614490245562868,0.013862868657392361,0.6973916081145761,0.5985233885794979,0.5367632791048889,0.013928713358656104,0.0369099965878527,0.40425,2223273.0,0.0622,1669173.9,0,2.0,0
1058,2023-01-21 10:36:59.999,0.4033842239889285,0.40475,0.0618750654264181,0.062245,-0.9044856864243925,-0.9078657618397169,-2.7766770681483877,-2.7826380006971854,0.03904774036651604,0.03755488111575789,0.028620723929477728,0.013857971673651196,0.028623137032101436,0.013857275718824634,0.7522837494135398,0.6446944326828931,0.5985233885794979,0.013928654181108786,0.0375548811157577,0.40475,1368720.0,0.0622449999999999,585084.2,0,2.0,0
1059,2023-01-21 10:37:59.999,0.4034875329996835,0.40565,0.0619547675737588,0.062374998,-0.902264560141063,-0.9076096889001828,-2.774590756974583,-2.781350715453947,0.038251485195379464,0.03807049270657181,0.028629299582831582,0.013852352872036261,0.02863152642513951,0.01385152316742832,0.6945054817408935,0.681558808886479,0.6446944326828931,0.013928624395424236,0.0380704664948332,0.40565,1236297.0,0.062375,666331.3,0,2.0,0
1060,2023-01-21 10:38:59.999,0.4038037599097726,0.4061,0.0621799932173371,0.06247,-0.9011558442898849,-0.9068262618298293,-2.7730688374766586,-2.7777219834326368,0.03606850157146435,0.037935071970108036,0.02863772540494901,0.0138469393916505,0.028639445093948435,0.013845798377864017,0.5365567426861514,0.6714369365092469,0.681558808886479,0.013928548659943417,0.0379350719701081,0.4061,1725850.0,0.06247,638210.1,0,2.0,0
1061,2023-01-21 10:39:59.999,0.4039473841450194,0.40675,0.0623237869470678,0.0625,-0.8995565328829899,-0.9064706467673994,-2.772588722239781,-2.775412113106208,0.03453584712309776,0.03914189945568036,0.0286464458896725,0.013841688301627178,0.028647808861492315,0.013840376456437794,0.42542471876671034,0.7582495239958594,0.6714369365092469,0.01392851278757596,0.0391418994556804,0.40675,585177.0,0.0625,950481.1,0,2.0,0
1062,2023-01-21 10:40:59.999,0.4041771699422681,0.4069,0.0623497183336588,0.062475,-0.8991878239744928,-0.9059019576902532,-2.772988802261121,-2.774996124369763,0.03476447431933383,0.03983766521127863,0.028655475755681076,0.013836260972121102,0.028656889548452115,0.013834971900897271,0.44145986089683364,0.8081800045640017,0.7582495239958594,0.013928508318335194,0.0398376652112788,0.4069,314413.0,0.062475,387656.6,0,2.0,0
1063,2023-01-21 10:41:59.999,0.4042264307935911,0.4068,0.0622781188001894,0.06261,-0.8994336148077322,-0.9057800857655385,-2.770830269224918,-2.7761451379929367,0.03582564026731183,0.03782731986011911,0.028663920958989925,0.013830721378184623,0.028665578380722933,0.013829549938572243,0.5177364352702934,0.6625394764717578,0.8081800045640017,0.013928424380125577,0.0378273198601191,0.4068,1285293.0,0.06261,2093971.2,0,2.0,0
1064,2023-01-21 10:42:59.999,0.404183310076756,0.4066,0.0623933176051287,0.062715,-0.8999253777878907,-0.9058867661151087,-2.769154625505499,-2.7742970990026614,0.03420822763109643,0.03596575403426183,0.028671786199476697,0.01382520920098629,0.028673067486547195,0.013823865858737157,0.40040609487329676,0.5275846266590153,0.6625394764717578,0.013928298775226678,0.0359657540342621,0.4066,804002.0,0.0627149999999999,1316555.7,0,2.0,0
1065,2023-01-21 10:43:59.999,0.4041500585029151,0.4068,0.0625076968598526,0.06274,-0.8994336148077322,-0.9059690380468443,-2.768756076219605,-2.7724655800644484,0.03262872820139051,0.036131711510755116,0.028679599650009602,0.013819883786629685,0.028680513588577383,0.0138184151071292,0.2857212337452625,0.5392311524323529,0.5275846266590153,0.013928142051783011,0.0361317115107551,0.4068,1585676.0,0.0627399999999999,2016992.7,0,2.0,0
1066,2023-01-21 10:44:59.999,0.4043364140806147,0.407,0.0625452868371448,0.06261,-0.8989420935395421,-0.9055080394097131,-2.770830269224918,-2.771864395233618,0.03259827111764346,0.03831884112830919,0.028687858135735808,0.01381498083878682,0.028688763114440255,0.01381351022461751,0.2830206037156251,0.6971405248376108,0.5392311524323529,0.013928078301162694,0.0383188411283093,0.407,556179.0,0.06261,1196467.2,0,2.0,0
1067,2023-01-21 10:45:59.999,0.4045409055189605,0.40765,0.0623996388972736,0.06245,-0.8973463158732172,-0.9050024214680368,-2.7733890424105505,-2.774195790526166,0.03500975476882018,0.04200636106093858,0.028696850226358865,0.013811004013169592,0.028698311208664454,0.013809739654054328,0.4570284247395483,0.9636888688098508,0.6971405248376108,0.013927904854233147,0.0420063610609386,0.40765,642494.0,0.06245,895604.5,0,2.0,0
1068,2023-01-21 10:46:59.999,0.4048022356331438,0.4082,0.0622234391564729,0.062355,-0.8959980286063927,-0.9043566382149821,-2.7749114176094265,-2.777023514908528,0.037967142130147735,0.04459915744117127,0.028706355763717082,0.01380781397645358,0.028708498968152727,0.013806934740086797,0.6705791934478864,1.151000564213577,0.9636888688098508,0.013927774588901865,0.0445991574411712,0.4082,695302.0,0.062355,1116023.7,0,2.0,0
1069,2023-01-21 10:47:59.999,0.4048870194088704,0.40845,0.0621219353734102,0.062275,-0.8953857711942588,-0.9041472152159526,-2.776195217833893,-2.7786561257875784,0.03951118954970578,0.046260894035784705,0.028716217932842975,0.01380513338275551,0.028718716190564996,0.013804512456774404,0.7818076439088224,1.2708805932188543,1.151000564213577,0.013927635653227098,0.0462608940357847,0.40845,441195.0,0.062275,611308.4,0,2.0,0
1070,2023-01-21 10:48:59.999,0.4047848335934486,0.4079,0.0620308670779071,0.0622,-0.8967332326586244,-0.9043996281301114,-2.7774002792370034,-2.780123161730998,0.040458047093073324,0.045898544454149315,0.028726011527905035,0.013802311930948333,0.028728726648378344,0.013801868469796684,0.8498356922008665,1.2441780052614986,1.2708805932188543,0.013927635653227098,0.0458985444541493,0.4079,693649.0,0.0622,1204297.2,0,2.0,0
1071,2023-01-21 10:49:59.999,0.4044449646695911,0.40695,0.0619534640266969,0.06217,-0.8990649512090867,-0.9052396094174303,-2.777882710700891,-2.781371755977972,0.04063876485580076,0.04396120329097375,0.028735387266960587,0.013798900743672312,0.028738142040760365,0.013798491915696954,0.8624582228078437,1.1034078950814386,1.2441780052614986,0.013927635653227098,0.0439612032909737,0.40695,995927.0,0.06217,847705.6,0,2.0,0
1072,2023-01-21 10:50:59.999,0.4040788678867094,0.40695,0.0619286526328083,0.06202,-0.8990649512090867,-0.9061452025320919,-2.780298365309834,-2.7817723205612936,0.04006062470728111,0.04593594918666,0.028745280468437835,0.01379590806095212,0.02874789915490829,0.01379538534109833,0.8200369379078286,1.2460701131285847,1.1034078950814386,0.013927635653227098,0.0459359491866602,0.40695,689620.0,0.06202,3612904.5,0,2.0,0
1073,2023-01-21 10:51:59.999,0.4042088889784767,0.4069,0.0617593159584001,0.06189,-0.8991878239744928,-0.9058234827193533,-2.782396663230867,-2.7845104491300607,0.04262070596996226,0.047528390022853584,0.028755572041970802,0.013793332795139944,0.028758780820940483,0.01379334908193245,1.004971676326176,1.3610066732745947,1.2460701131285847,0.013927635653227098,0.0475283900228535,0.4069,682000.0,0.06189,1974125.5,0,2.0,0
1074,2023-01-21 10:52:59.999,0.4043654324560445,0.407,0.0616067240637746,0.062025,-0.8989420935395421,-0.905436274084664,-2.7802177494042724,-2.786984257520384,0.04503019997087043,0.04599290508032727,0.028765492036163402,0.013790315606548541,0.028769256143530843,0.013790939096810933,1.17910344706691,1.2492399402362606,1.3610066732745947,0.013927635653227098,0.0459929050803273,0.407,380137.0,0.062025,718894.8,0,2.0,0
1075,2023-01-21 10:53:59.999,0.4044866776482753,0.40695,0.0617505849041791,0.06204,-0.8990649512090867,-0.905136478382522,-2.779975940673799,-2.784651831386456,0.04342328727276601,0.04567237395354473,0.028775277472948977,0.013787310491977964,0.028778667431245627,0.01378751548094682,1.0621652510024744,1.225554214538593,1.2492399402362606,0.013927635653227098,0.0456723739535449,0.40695,517873.0,0.06204,377777.4,0,2.0,0
1076,2023-01-21 10:54:59.999,0.404409856079466,0.4068,0.0617594999572012,0.06202,-0.8994336148077322,-0.9053264200273112,-2.780298365309834,-2.7845074698463015,0.043115333161352076,0.04556728558801448,0.028785069188794827,0.01378421155553792,0.028788385611838694,0.013784340030817252,1.0393640549698453,1.2174955623397454,1.225554214538593,0.013927635653227098,0.0455672855880144,0.4068,290804.0,0.06202,656180.3,0,2.0,0
1077,2023-01-21 10:55:59.999,0.4042124832035428,0.40755,0.0617386600929903,0.06193,-0.8975916544416706,-0.9058145907598137,-2.7817505640321674,-2.784844962557128,0.042903055490324804,0.04859638730120064,0.02879557823242822,0.013782005405202864,0.028798843096408292,0.01378208123095915,1.0233731870795935,1.4367146497633345,1.2174955623397454,0.013927635653227098,0.0485963873012005,0.4075499999999999,515901.0,0.06193,799539.8,0,2.0,0
1078,2023-01-21 10:56:59.999,0.4043704693631163,0.4077,0.0616458540310324,0.06179,-0.8972236691569293,-0.9054238178376728,-2.784013739909249,-2.7863493017380816,0.044523593467581835,0.0508144703846658,0.02880660156625254,0.01378056800983406,0.028810238916842985,0.013781047150147996,1.1402148457615648,1.597021893633706,1.4367146497633345,0.01392735991861926,0.0508144703846658,0.4076999999999999,371602.0,0.06179,1879746.5,0,2.0,0
1079,2023-01-21 10:57:59.999,0.404441834698596,0.4078,0.0615036109578646,0.06188,-0.8969784208417823,-0.9052473483766952,-2.782558253277272,-2.788659391131283,0.04658851152175014,0.04986988955698679,0.028817435153566554,0.013778726191971194,0.02882154787663255,0.013779783333677348,1.2893500002787202,1.5278955478255611,1.597021893633706,0.013927205863583885,0.0498698895569864,0.4078,245264.0,0.06188,2173776.9,0,2.0,0
1080,2023-01-21 10:58:59.999,0.4045940900659808,0.4082,0.0616001765508815,0.06204,-0.8959980286063927,-0.9048709612113748,-2.779975940673799,-2.7870905423610317,0.045682398424600645,0.048739296556238765,0.02882804873096205,0.013776408377819108,0.028831949297889528,0.013777199698282963,1.2230677855973278,1.445314865762479,1.5278955478255611,0.013927174290769182,0.0487392965562387,0.4082,145285.0,0.06204,1729980.0,0,2.0,0
1081,2023-01-21 10:59:59.999,0.4048243401173005,0.40845,0.0617537951054842,0.062125,-0.8953857711942588,-0.90430203406827,-2.778606794565344,-2.7845998461644648,0.04421523478164546,0.048232306353975574,0.02883866159136793,0.01377369270720844,0.02884222015956749,0.01377408477749651,1.116082474473638,1.4080207229001132,1.445314865762479,0.01392715710935849,0.0482323063539755,0.40845,124218.0,0.062125,1724637.5,0,2.0,0
1082,2023-01-21 11:00:59.999,0.4049022399536297,0.4081,0.0618329848117194,0.062119998,-0.896243036570377,-0.9041096238436663,-2.7786873128974015,-2.783318322086792,0.043360026525014694,0.0474408629894848,0.028849105728183555,0.013770687835488744,0.028852463960258732,0.013770863339790072,1.0534969527173539,1.3500964863489255,1.4080207229001132,0.013927143475296817,0.0474408366701486,0.4081,246424.0,0.0621199999999999,313004.4,0,2.0,0
1083,2023-01-21 11:01:59.999,0.4047431006468474,0.4083,0.0618342430257434,0.062135,-0.895753080656607,-0.9045027325317584,-2.7784458417241793,-2.7832979737043457,0.042950283470167494,0.04773342139183856,0.028859528200596316,0.013767937561227593,0.028862789194641584,0.01376801275971342,1.0232046208402221,1.3708584243143087,1.3500964863489255,0.013926861932193741,0.0477334213918385,0.4083,232207.0,0.0621349999999999,232932.6,0,2.0,0
1084,2023-01-21 11:02:59.999,0.4047266720431077,0.4089,0.0618708796759139,0.062165,-0.8942846516115405,-0.9045433235563927,-2.777963138577236,-2.7827056514069093,0.04242548165585491,0.048807250954540415,0.028870097122579503,0.013765721619859112,0.028873234216894073,0.013765672956335155,0.9844958166555822,1.4483188301003114,1.3708584243143087,0.013926735471693805,0.0488072509545405,0.4089,391260.0,0.062165,277333.6,0,2.0,0
1085,2023-01-21 11:03:59.999,0.4048726774524607,0.40895,0.0619217211224173,0.062165,-0.894162379801154,-0.9041826379628904,-2.777963138577236,-2.7818842541822923,0.04211469261385459,0.0489295227649269,0.0288807564114935,0.013763421675597272,0.028883819113692612,0.013763301153632024,0.9613154106324596,1.4566702107935943,1.4483188301003114,0.013926619002815225,0.0489295227649269,0.40895,419503.0,0.062165,375851.0,0,2.0,0
1086,2023-01-21 11:04:59.999,0.4049141558081197,0.4079,0.0619241593287526,0.06216,-0.8967332326586244,-0.9040801953101043,-2.778043572922745,-2.7818448793346713,0.042184947172181575,0.046424423261879566,0.028890793278374478,0.013760401564236765,0.028893869916628078,0.013760295145203681,0.965900594086186,1.2742091792637018,1.4566702107935943,0.01392649620775423,0.0464244232618797,0.4079,1479922.0,0.06216,190561.5,0,2.0,0
1087,2023-01-21 11:05:59.999,0.4047044677193658,0.4073,0.0619034807968238,0.062095,-0.8982052643277701,-0.9045981875779423,-2.779089808582141,-2.7821788682906115,0.041939983721255514,0.04580766683227522,0.028900688217651054,0.013757193236113126,0.028903705874560013,0.013757031097542118,0.94760837234893,1.2289555234451994,1.2742091792637018,0.01392649620775423,0.0458076668322751,0.4073,500135.0,0.062095,490628.9,0,2.0,0
1088,2023-01-21 11:06:59.999,0.4045306320256465,0.40785,0.0618064623178689,0.06214,-0.8968558192355477,-0.9050278172280848,-2.778365375017236,-2.7837473517350646,0.04279255568756879,0.04656490300369509,0.028910743991256503,0.013754224333966399,0.028913956629927254,0.013754253622967231,1.0090405076191609,1.2835445012221594,1.2289555234451994,0.01392649620775423,0.0465649030036949,0.40785,175795.0,0.06214,664242.7,0,2.0,0
1089,2023-01-21 11:07:59.999,0.404749580235925,0.40760002,0.0618381830000711,0.06218,-0.897468928565855,-0.9044867235196185,-2.7777218743515295,-2.783234257410332,0.04291420577685423,0.045425745663970174,0.02892049271972054,0.0137510010063143,0.028923731255489374,0.013751057290900948,1.017410823429725,1.2002946503073204,1.2835445012221594,0.01392649620775423,0.0454256965962578,0.4075999999999999,268163.0,0.06218,159550.0,0,2.0,0
1090,2023-01-21 11:08:59.999,0.4046368313923921,0.4073,0.0618889106695381,0.062205,-0.8982052643277701,-0.9047653267742378,-2.7773198966156825,-2.7824142644596392,0.04196527585058385,0.04436080171399592,0.02893008498625904,0.013747314711192362,0.02893310169323991,0.013747153842460502,0.9479907118731572,1.1224531518998382,1.2002946503073204,0.01392649620775423,0.0443608017139962,0.4073,55266.0,0.0622049999999999,442371.4,0,2.0,0
1091,2023-01-21 11:09:59.999,0.4044597009923623,0.4072,0.061945603189028,0.06221,-0.898450813745824,-0.9052031741651729,-2.7772395204552085,-2.7814986469684544,0.040778930774573174,0.04404954650653847,0.02893960520298101,0.013743540703931904,0.02894234515335629,0.013743130265612968,0.8612728972549654,1.0994212939053356,1.1224531518998382,0.013924310759950596,0.0440495465065384,0.4072,109446.0,0.06221,314723.8,0,2.0,0
1092,2023-01-21 11:10:59.999,0.4043714278231339,0.40685,0.0620028494826873,0.062185,-0.8993107118394708,-0.9054214475882251,-2.7776414658764326,-2.780574935594964,0.039805543091044115,0.04351823018443879,0.028948972693609375,0.01373968246037818,0.028951485207008455,0.01373908499055032,0.7900131552793387,1.0603780351433536,1.0994212939053356,0.013918759881335068,0.0435182301844387,0.40685,357986.0,0.062185,647583.9,0,2.0,0
1093,2023-01-21 11:11:59.999,0.4042188280091804,0.40625,0.0620164796160979,0.06215,-0.9007865453381898,-0.9057988941742171,-2.778204461025417,-2.7803551289960327,0.039248409319029176,0.042502633159771985,0.028957927613785274,0.013735906029258461,0.028960309118461328,0.013735208440934215,0.7490312393008062,0.9860802423324331,1.0603780351433536,0.013912566505013747,0.0425026331597719,0.40625,632174.0,0.06215,146630.9,0,2.0,0
1094,2023-01-21 11:12:59.999,0.4039871602357512,0.4054,0.0619708616911144,0.062095,-0.9028810449642375,-0.9063721831207078,-2.779089808582141,-2.781090977132801,0.03927666046132161,0.041131886195807876,0.028966521106026766,0.013731906291672973,0.028968907160031695,0.013731212837819383,0.7506804696013191,0.8859196116971892,0.9860802423324331,0.013906306525282814,0.0411318861958078,0.4054,763505.0,0.062095,295398.8,0,2.0,0
1095,2023-01-21 11:13:59.999,0.4036262900551531,0.406,0.0618606304093631,0.062145,-0.9014021193804044,-0.9072658537362367,-2.7782849147846624,-2.782871320872467,0.03983838271520346,0.04195282834229441,0.028975186739575935,0.013728286194009903,0.028977700786318734,0.013727692079543163,0.7911513359969063,0.9453213182852382,0.8859196116971892,0.01389992907458535,0.041952828342294,0.406,293057.0,0.062145,498714.1,0,2.0,0
1096,2023-01-21 11:14:59.999,0.4038693794771258,0.4061,0.0618749080941099,0.06213,-0.9011558442898849,-0.9066637714254872,-2.7785263149065345,-2.7826405434421044,0.04025180942024764,0.04239644286127342,0.028983866036037812,0.01372491581787815,0.028986473752627542,0.013724397843552389,0.8208254960280434,0.9772429210650831,0.9453213182852382,0.01389348321677387,0.0423964428612735,0.4061,257103.0,0.06213,334950.3,0,2.0,0
1097,2023-01-21 11:15:59.999,0.4039506838433092,0.40635,0.0618229048773986,0.062125,-0.9005404217829233,-0.9064624781668779,-2.778606794565344,-2.783481354100365,0.04114044738049716,0.043077655765311085,0.028992644584915832,0.013721799130318409,0.02899545592553041,0.013721455463437613,0.8851095634372365,1.0264697104678004,0.9772429210650831,0.01388709665272643,0.0430776557653111,0.40635,223660.0,0.062125,117509.3,0,2.0,0
1098,2023-01-21 11:16:59.999,0.4041695821337951,0.4065,0.0618093796321935,0.0621,-0.9001713499942718,-0.9059207313377101,-2.779009290042704,-2.783700152051284,0.04186105684754471,0.043775758984617275,0.029001584731761287,0.013718846036713275,0.029004560772519394,0.01371865305865106,0.9371543999298046,1.0769254362443115,1.0264697104678004,0.01388093732367829,0.0437757589846172,0.4065,135204.0,0.0621,138464.6,0,2.0,0
1099,2023-01-21 11:17:59.999,0.4043650031458282,0.40665,0.0618075040888587,0.06211,-0.8998024143693528,-0.9054373357739425,-2.7788482724109254,-2.7837304965038943,0.0423692583512949,0.04401306614480882,0.02901064002154015,0.013715840793400555,0.029013731578663444,0.013715758850054712,0.973735898876509,1.09380287721677,1.0769254362443115,0.013875310206877087,0.0440130661448088,0.4066499999999999,64330.0,0.06211,208773.4,0,2.0,0
1100,2023-01-21 11:18:59.999,0.4044864629931671,0.40665,0.061843588742626,0.0621,-0.8998024143693528,-0.9051370090678994,-2.779009290042704,-2.783146843679397,0.04219246137607402,0.044144694609536295,0.02901969612086952,0.013712914416006236,0.029022744666404164,0.013712791532973584,0.9603964793019818,1.1029747601292035,1.09380287721677,0.013869668664764368,0.0441446946095362,0.4066499999999999,111232.0,0.0621,170505.2,0,2.0,0
1101,2023-01-21 11:19:59.999,0.4044073001860856,0.40670002,0.0618389474395346,0.062095,-0.8996794168926624,-0.9053327401043783,-2.779089808582141,-2.783221895553927,0.042058083639294086,0.04433351426738297,0.02902891370437662,0.013709821475569258,0.029031929017946375,0.01370966753159169,0.950143728236375,1.1163238405605038,1.1029747601292035,0.013864212536139885,0.0443334650910869,0.4066999999999999,313249.0,0.062095,287296.5,0,2.0,0
1102,2023-01-21 11:20:59.999,0.4042206900174438,0.4068,0.0618266590751591,0.06211,-0.8994336148077322,-0.9057942877485738,-2.7788482724109254,-2.7834206309139398,0.041758997894684624,0.044381865706429435,0.02903821539530197,0.013706602880275257,0.02904115933941199,0.013706382620488641,0.9278770998455635,1.1194349500858474,1.1163238405605038,0.013858673953466566,0.0443818657064294,0.4068,88879.0,0.06211,460478.0,0,2.0,0
1103,2023-01-21 11:21:59.999,0.4040574822475659,0.4069,0.0618438647408276,0.062115,-0.8991878239744928,-0.9061981283512186,-2.778767773316497,-2.7831423808467677,0.04112769382268122,0.04456185025439052,0.02904737798545537,0.013703746741690125,0.02905017370770421,0.013703392999027909,0.8813525318754097,1.1321336099810106,1.1194349500858474,0.0138529613052774,0.0445618502543905,0.4069,202230.0,0.062115,194143.1,0,2.0,0
1104,2023-01-21 11:22:59.999,0.4040536184556198,0.40715,0.0618593695286899,0.062115,-0.8985736110689967,-0.9062076908778136,-2.778767773316497,-2.782891703683231,0.04091320808479426,0.04517606315988665,0.02905662340029573,0.013701151718317608,0.029059367344911442,0.01370075328888409,0.865196277163845,1.1765025372312463,1.1321336099810106,0.013847229575255093,0.0451760631598867,0.40715,133104.0,0.062115,109764.3,0,2.0,0
1105,2023-01-21 11:23:59.999,0.4042728212568405,0.4074,0.0618631668372806,0.062115,-0.8979597751894316,-0.9056653287928322,-2.778767773316497,-2.7828303194164126,0.04140538984659936,0.04578989903945174,0.02906614403256847,0.013698485871005812,0.029068999678440732,0.013698186610500379,0.9005856409272551,1.220846972750524,1.1765025372312463,0.01384173193679435,0.0457898990394518,0.4074,272148.0,0.062115,171095.2,0,2.0,0
1106,2023-01-21 11:24:59.999,0.4045261891641064,0.4075,0.0618574113192271,0.06211,-0.8977143463012197,-0.905038800045172,-2.7788482724109254,-2.782923360010684,0.04210797728700044,0.04610113421294193,0.02907573759498494,0.01369590005018734,0.02907875361898217,0.013695749848982567,0.9513333560912103,1.2431016987250945,1.220846972750524,0.013836323039782402,0.0461011342129418,0.4075,197351.0,0.06211,201582.2,0,2.0,0
1107,2023-01-21 11:25:59.999,0.4046415637887292,0.40785,0.0618370585629533,0.06213,-0.8968558192355477,-0.9047536314259738,-2.7785263149065345,-2.783252441116361,0.042662162660654146,0.04669646791561066,0.029085382600012602,0.013693634155208672,0.02908852464584936,0.013693606866793079,0.9912390611797672,1.2860782693613368,1.2431016987250945,0.0138309054291535,0.0466964679156105,0.40785,415236.0,0.06213,255736.9,0,2.0,0
1108,2023-01-21 11:26:59.999,0.404693021110926,0.40794998,0.0618505864748077,0.062125,-0.8966107101329449,-0.9046264718476579,-2.778606794565344,-2.783033697976669,0.04261050440809455,0.047007367415289436,0.02909511308014572,0.013691430691877272,0.02909824091891636,0.01369138985602595,0.9869168602507568,1.3082821465670886,1.2860782693613368,0.013825286878695928,0.0470074164409064,0.40795,73285.0,0.062125,147999.9,0,2.0,0
1109,2023-01-21 11:27:59.999,0.4045913993891604,0.40805,0.0618433700773841,0.06226,-0.8963655630668851,-0.9048776115452117,-2.776436113968675,-2.783150379464317,0.04245474932719162,0.04547802959296765,0.02910445896755378,0.01368883047560008,0.029107548597352356,0.013688752747888625,0.9750487115707426,1.1961263348683628,1.3082821465670886,0.013819777795031189,0.0454780295929677,0.40805,575204.0,0.0622599999999999,2145857.9,0,2.0,0
1110,2023-01-21 11:28:59.999,0.4045273373193359,0.4082,0.0619897269015252,0.0625,-0.8959980286063927,-0.9050359617775126,-2.772588722239781,-2.7807866028026917,0.040364062309829585,0.04270040373227757,0.02911307288319903,0.013685674707816372,0.029115676676169787,0.013685161115679852,0.8219403146647573,0.992814102275742,1.1961263348683628,0.013814736445245432,0.0427004037322775,0.4082,129142.0,0.0625,2804167.7,0,2.0,0
1111,2023-01-21 11:29:59.999,0.4045937605953497,0.408,0.0622603864712859,0.06251,-0.8964881045779755,-0.904871775535591,-2.772428735038416,-2.776429906611039,0.03696674274236622,0.042079541650756336,0.029121410103364512,0.01368260031541935,0.029123225732302024,0.013681537408749365,0.5732920779099179,0.9470518211943164,0.992814102275742,0.013810682296695123,0.0420795416507564,0.408,400723.0,0.06251,1072936.4,0,2.0,0
1112,2023-01-21 11:30:59.999,0.404649051757617,0.40775,0.0622706326267458,0.062495,-0.8971010374810138,-0.9047351264075187,-2.772668725439952,-2.7762653507348043,0.03696887096666224,0.041662795760001314,0.02912959157634518,0.013679529699160604,0.029131405804392004,0.013678466461654935,0.5729783513554773,0.9162013942939274,0.9470518211943164,0.01380763596857868,0.0416627957600013,0.40775,74201.0,0.0624949999999999,238857.1,0,2.0,0
1113,2023-01-21 11:31:59.999,0.4046911840625589,0.40794998,0.0622362799616932,0.062584996,-0.8966107101329449,-0.9046310112205672,-2.7712297101152306,-2.776817170151255,0.037524086705721715,0.04097675890608421,0.029137511016194953,0.013676482594615682,0.029139451903880568,0.013675494948615205,0.6131138092877716,0.8656646771553872,0.9162013942939274,0.013805118027602502,0.0409767556841274,0.40795,129823.0,0.062585,559222.8,0,2.0,0
1114,2023-01-21 11:32:59.999,0.4047613912588506,0.40815,0.0623181794280499,0.06274,-0.896120525084772,-0.9044575428825614,-2.768756076219605,-2.7755020911318242,0.036622506116405606,0.0394448012337153,0.029145090175626782,0.013673119735732273,0.029146820658371698,0.01367201058483306,0.5467875709756254,0.7532817131098507,0.8656646771553872,0.013802529466541114,0.0394448012337154,0.40815,322418.0,0.06274,3197525.0,0,2.0,0
1115,2023-01-21 11:33:59.999,0.4047518865303424,0.4083,0.0625086799645579,0.06277,-0.895753080656607,-0.9044810254584978,-2.7682780266526965,-2.7724498524497103,0.03410388380159879,0.039421450381506906,0.029152649591100952,0.013669771298103055,0.02915379544488723,0.013668396913609071,0.36215573691622566,0.751205017733614,0.7532817131098507,0.013799336054221886,0.0394214503815073,0.4083,188778.0,0.0627699999999999,778351.4,0,2.0,0
1116,2023-01-21 11:34:59.999,0.4047215153285336,0.4084,0.0625638431606793,0.06275,-0.8955081926916266,-0.9045560648649893,-2.7685967009702437,-2.7715677530353884,0.03330774701985728,0.03992684777457667,0.029160253389149723,0.013666626010890732,0.029161213234933273,0.01366519012750707,0.3034376943338188,0.7878019327409124,0.751205017733614,0.013796161984747986,0.0399268477745766,0.4084,162660.0,0.06275,406253.7,0,2.0,0
1117,2023-01-21 11:35:59.999,0.4047326174904045,0.40855,0.0625659653690735,0.06271,-0.8951409731514205,-0.9045286336334433,-2.7692343544272076,-2.771533832926034,0.0333074492886285,0.04081533535630999,0.02916794543358929,0.013663832052721946,0.02916890343031575,0.01366239596178647,0.30291508677454543,0.8524248452249122,0.7878019327409124,0.01379385814672392,0.0408153353563096,0.4085499999999999,81266.0,0.06271,452410.8,0,2.0,0
1118,2023-01-21 11:36:59.999,0.4048045319436027,0.4086,0.0625287882779799,0.06271,-0.8950185965986153,-0.904350965558698,-2.7692343544272076,-2.772128215841452,0.03397101266411029,0.040937711909115215,0.029175592340686007,0.013661172705832779,0.02917670213479001,0.013659786585137654,0.3509798999741814,0.8609890103656511,0.8524248452249122,0.013791541593091313,0.0409377119091154,0.4085999999999999,34247.0,0.0627099999999999,303219.6,0,2.0,0
1119,2023-01-21 11:37:59.999,0.4048900345643426,0.40835,0.0625138363754041,0.06267,-0.8956306291778524,-0.9041397683379325,-2.769872414745553,-2.772367364734696,0.03437770898215631,0.04084727997186888,0.029183204016357017,0.013658512858374381,0.029184406169785806,0.013657160855079096,0.3802622571029551,0.8539784730927217,0.8609890103656511,0.013788371384912849,0.0408472799718688,0.40835,435503.0,0.06267,150930.6,0,2.0,0
1120,2023-01-21 11:38:59.999,0.404794263442268,0.40785,0.062440142633358,0.06256,-0.8968558192355477,-0.9043763324475664,-2.771629182745081,-2.773546899010833,0.03510538887578374,0.04105821012105182,0.029190806368351113,0.013655980155011372,0.029192175167820546,0.013654696261003517,0.43305347808070654,0.8690261422462373,0.8539784730927217,0.013785133893349644,0.0410582101210517,0.40785,169640.0,0.06256,1355115.5,0,2.0,0
1121,2023-01-21 11:39:59.999,0.4047214903686373,0.40815,0.0622974853406669,0.06257,-0.896120525084772,-0.9045561265367713,-2.771469348971865,-2.7758342177165782,0.03679542883055775,0.04166284358611427,0.02919851813600807,0.013653614215740193,0.02920027627317413,0.013652523261576358,0.5563185948753817,0.9128956811843306,0.8690261422462373,0.013782645930923675,0.0416628435861143,0.40815,112435.0,0.06257,300790.2,0,2.0,0
1122,2023-01-21 11:40:59.999,0.4047626891734578,0.4085,0.062316848325612,0.0626,-0.8952633646820796,-0.9044543362710755,-2.7709900008760844,-2.775523451137305,0.03664317407480744,0.042128147188897014,0.029206323328597135,0.013651365421287164,0.029208044423423844,0.013650254414286786,0.5446879908407974,0.946559077537425,0.9128956811843306,0.013781305670350784,0.042128147188897,0.4085,114321.0,0.0626,382285.0,0,2.0,0
1123,2023-01-21 11:41:59.999,0.4047814889673454,0.40865,0.0623824958978634,0.062535,-0.8948962350199983,-0.9044078908900856,-2.772028878981267,-2.774470557415612,0.03582890139295414,0.043344537447560505,0.029214366261112453,0.013649457246453316,0.029215897049154994,0.013648248584817443,0.484531352334509,1.0352185388264903,0.946559077537425,0.01378009928779501,0.0433445374475602,0.4086499999999999,288980.0,0.062535,389058.0,0,2.0,0
1124,2023-01-21 11:42:59.999,0.4047790129456332,0.4087,0.0623338935478815,0.06255,-0.8947738884119054,-0.9044140078429418,-2.771789042069217,-2.775249963436878,0.03645993216637866,0.04327082251773651,0.029222524646440234,0.01364732342151671,0.029224199584537883,0.013646188209817476,0.5302383691758829,1.0293811788139626,1.0352185388264903,0.013777845607131559,0.0432708225177362,0.4086999999999999,118807.0,0.06255,130338.2,0,2.0,0
1125,2023-01-21 11:43:59.999,0.4047688742357591,0.40895,0.0623961766976105,0.06255,-0.894162379801154,-0.9044390556752817,-2.771789042069217,-2.774251276355518,0.035618479038476814,0.04388233112848794,0.02923097054611762,0.013645103012863431,0.029232448793859427,0.013643869944893573,0.4680512398908827,1.073744959532975,1.0293811788139626,0.013774863507693124,0.0438823311284881,0.40895,296418.0,0.06255,226662.4,0,2.0,0
1126,2023-01-21 11:44:59.999,0.4048271655775608,0.4092,0.0623895376297584,0.06257,-0.8935512449046656,-0.9042950546203459,-2.771469348971865,-2.7743576838540713,0.035849465944063574,0.044232123766220655,0.02923934851387558,0.013643199848727444,0.029240878279538664,0.01364199158585502,0.4844298299800419,1.098919272500689,1.073744959532975,0.013771668699216682,0.0442321237662206,0.4092,144305.0,0.06257,357719.6,0,2.0,0
1127,2023-01-21 11:45:59.999,0.4048937186450353,0.40945,0.0623670951093235,0.06256,-0.8929404832659399,-0.9041306694132427,-2.771629182745081,-2.7747174646558492,0.036307964249549185,0.04497354609065962,0.029247854237369867,0.013641552358805535,0.029249488143875808,0.013640396503650246,0.5174685430723726,1.1527787629784612,1.098919272500689,0.013768725404732583,0.0449735460906595,0.40945,227109.0,0.06256,85181.5,0,2.0,0
1128,2023-01-21 11:46:59.999,0.4049522246419452,0.4095,0.06231234746605,0.062545,-0.892818375689013,-0.9039861826809287,-2.7718689813154325,-2.7755956791499368,0.03717037251804289,0.04529168386198579,0.02925656622623455,0.01363977784237886,0.029258397701886443,0.013638730678149963,0.5801107891097147,1.175614282069173,1.1527787629784612,0.01376625790717972,0.0452916838619859,0.4095,570011.0,0.0625449999999999,558208.1,0,2.0,0
1129,2023-01-21 11:47:59.999,0.4050018848516089,0.4094,0.0622751232641523,0.062485,-0.8930626057549479,-0.9038635579318377,-2.7728287510443903,-2.7761932384837475,0.0377814892218622,0.045832044989695064,0.02926566882352979,0.013637715098564263,0.029267639622048265,0.013636752162661196,0.6243311822536243,1.2147471952914848,1.175614282069173,0.013763894104307808,0.0458320449896949,0.4094,150005.0,0.062485,168762.9,0,2.0,0
1130,2023-01-21 11:48:59.999,0.4050607552630045,0.409,0.0622105392405266,0.06245,-0.8940401229393353,-0.9037182101313492,-2.7733890424105505,-2.777230852424514,0.03877506419160337,0.04531255399482048,0.029274887403587663,0.013635098970512356,0.029277086009648297,0.013634286930907364,0.696624490161216,1.1762046337849341,1.2147471952914848,0.013761046647310766,0.0453125539948207,0.409,940324.0,0.06245,174579.5,0,2.0,0
1131,2023-01-21 11:49:59.999,0.4050679886409501,0.40895,0.0621912295885673,0.062495,-0.894162379801154,-0.9037003527771935,-2.772668725439952,-2.7775412925781566,0.03904669972124519,0.044601453439861105,0.0292840447692122,0.013632104690218007,0.02928630412004581,0.01363133607554056,0.7160263342573576,1.1236275702636163,1.1762046337849341,0.01375784710945751,0.0446014534398613,0.40895,148865.0,0.0624949999999999,395807.3,0,2.0,0
1132,2023-01-21 11:50:59.999,0.4051078545873086,0.40905,0.0622559265003463,0.06257,-0.8939178810224298,-0.9036019397061945,-2.771469348971865,-2.7765015433441715,0.03829514006652679,0.04386548764845655,0.029293150511285535,0.013628703323469387,0.029295233822915996,0.013627814135390558,0.6604071756627949,1.069238708283908,1.1236275702636163,0.013754947991610953,0.0438654876484565,0.40905,102551.0,0.06257,127793.2,0,2.0,0
1133,2023-01-21 11:51:59.999,0.405070574486206,0.409,0.0623321940033999,0.062595,-0.8940401229393353,-0.9036939690661259,-2.7710698762705115,-2.7752772289830276,0.037202259943101224,0.04341668535552867,0.029302182058183555,0.013625131561157343,0.029304010356698922,0.013624084819365412,0.5797269828484662,1.035916844838613,1.069238708283908,0.013751856373917518,0.0434166853555288,0.409,366343.0,0.062595,102545.3,0,2.0,0
1134,2023-01-21 11:52:59.999,0.4049007922796447,0.4089,0.0623494121134318,0.062575,-0.8942846516115405,-0.9041131992167567,-2.771389441664299,-2.7750010357147885,0.03655724771217972,0.043433394547150894,0.029311174255481496,0.013621635620433213,0.029312851199118778,0.01362050528479541,0.5318742852475431,1.0367492337326423,1.035916844838613,0.013748129704570613,0.0434333945471507,0.4089,167914.0,0.062575,143745.1,0,2.0,0
1135,2023-01-21 11:53:59.999,0.4047152703624812,0.40885,0.0623340664356439,0.062575,-0.8944069383741509,-0.9045714952634166,-2.771389441664299,-2.775247189865185,0.036300177410459544,0.043311107784540503,0.029320287478075115,0.013617828878996275,0.029321902819415633,0.013616666936636745,0.5124803759625124,1.0273899335043344,1.0367492337326423,0.013744136159824852,0.0433111077845405,0.40885,121442.0,0.062575,161085.7,0,2.0,0
1136,2023-01-21 11:54:59.999,0.4046672924498276,0.40865,0.0623441814808471,0.06256,-0.8948962350199983,-0.904690049615621,-2.771629182745081,-2.775084931485806,0.036048980308942435,0.043017794336601245,0.02932949746969758,0.013613634597532996,0.029331052545568732,0.013612442949949255,0.49351374974164697,1.005484374421523,1.0273899335043344,0.013740096309315981,0.043017794336601,0.4086499999999999,777920.0,0.06256,284951.7,0,2.0,0
1137,2023-01-21 11:55:59.999,0.4047183304457667,0.4085,0.0623362899767113,0.062545,-0.8952633646820796,-0.9045639342150924,-2.7718689813154325,-2.775211519139094,0.036278578404327355,0.04284669486891923,0.029338667854961795,0.013609393230493623,0.029340273943957246,0.01360822778987331,0.509860987595557,0.9925517460757133,1.005484374421523,0.01373617757833824,0.0428466948689192,0.4085,132553.0,0.062545,119519.5,0,2.0,0
1138,2023-01-21 11:56:59.999,0.4048256380319077,0.4085,0.0623167247708616,0.062545,-0.8952633646820796,-0.904298827955401,-2.7718689813154325,-2.7755254338253934,0.036800303195521966,0.04284669486891923,0.02934774996061298,0.013605312587974807,0.029349474689433833,0.013604210485010853,0.54768547680863,0.9921819010786588,0.9925517460757133,0.01373221173859809,0.0428466948689192,0.4085,69990.0,0.062545,51574.9,0,2.0,0
1139,2023-01-21 11:57:59.999,0.4049001333383826,0.4085,0.0622985920001228,0.06254,-0.8952633646820796,-0.90411482663219,-2.771948926952442,-2.7758164537631766,0.037222207083765224,0.04291204871461307,0.029356904918430217,0.013601129905919393,0.029358725168873476,0.013600082213170363,0.5781937043936931,0.9966189493038718,0.9921819010786588,0.013728572269112218,0.0429120487146126,0.4085,106888.0,0.06254,288934.0,0,2.0,0
1140,2023-01-21 11:58:59.999,0.4048508075913292,0.40845,0.0622806965611709,0.06251,-0.8953857711942588,-0.9042366560605269,-2.772428735038416,-2.776103747731246,0.037335234320035826,0.043181875034473016,0.029366210666821463,0.013596832449879316,0.02936805492131191,0.013595799395662553,0.586003012170485,1.0160943306890702,0.9966189493038718,0.013725221402550083,0.043181875034473,0.40845,113671.0,0.06251,162136.0,0,2.0,0
1141,2023-01-21 11:59:59.999,0.4047125746936816,0.4085,0.0622448025728279,0.062505,-0.8952633646820796,-0.9045781559406249,-2.7725087254396104,-2.776680239929016,0.037465004462244766,0.043369671986108305,0.029375708586857407,0.01359227945107223,0.029377580675696888,0.013591263544328712,0.5950457630499377,1.0295523609284667,1.0160943306890702,0.013722191058466306,0.0433696719861083,0.4085,122713.0,0.062505,38110.6,0,2.0,0
1142,2023-01-21 12:00:59.999,0.404636267298736,0.4086,0.0622461101198637,0.06249,-0.8950185965986153,-0.9047667208491356,-2.7727487350411466,-2.7766592336240965,0.037259267349450176,0.04381064277744473,0.029385249912513015,0.013587941237268199,0.029387072179913376,0.013586896749446789,0.5793961133808814,1.0616319730149115,1.0295523609284667,0.0137193536598477,0.0438106427774445,0.4085999999999999,279366.0,0.06249,69866.7,0,2.0,0
1143,2023-01-21 12:01:59.999,0.4046841603477422,0.4088,0.0622360497409711,0.062485,-0.8945292400926423,-0.9046483671107988,-2.7728287510443903,-2.776820869298249,0.03750975478891605,0.044365410652000614,0.029395083673447852,0.013583405930536757,0.029396961634826115,0.013582394916691025,0.5973021108464717,1.1021040713285375,1.0616319730149115,0.0137164824022038,0.0443654106520006,0.4088,122456.0,0.062485,220846.3,0,2.0,0
1144,2023-01-21 12:02:59.999,0.4048466892084409,0.4089,0.0622290342311274,0.062495,-0.8942846516115405,-0.9042468287062486,-2.772668725439952,-2.7769335998669713,0.038003448018530506,0.04447918162947462,0.02940498801392358,0.01357880112945589,0.02940697793755344,0.013577859730659574,0.633124089621117,1.1101269892561618,1.1021040713285375,0.013713533362243867,0.0444791816294745,0.4089,108662.0,0.0624949999999999,231947.5,0,2.0,0
1145,2023-01-21 12:03:59.999,0.4049741544068278,0.4091,0.0622231431584015,0.062535,-0.8937956540467841,-0.9039320301913808,-2.772028878981267,-2.7770282719386676,0.03839563892398512,0.0444451184207747,0.029414914236192368,0.013574117865250672,0.029416992626538994,0.013573234500813776,0.661496439695919,1.1072693145724921,1.1101269892561618,0.013710448531937165,0.0444451184207745,0.4091,105523.0,0.062535,275976.0,0,2.0,0
1146,2023-01-21 12:04:59.999,0.4050328850428042,0.40935,0.0622489296570477,0.062584996,-0.8931847431596799,-0.9037870175353939,-2.7712297101152306,-2.776613938049437,0.03820194250121034,0.044402725879349236,0.029424742943937213,0.013569593683212734,0.029426774232888208,0.013568680256844072,0.6467223121346616,1.1037900828188865,1.1072693145724921,0.013707203848264404,0.0444026736317755,0.40935,187524.0,0.062585,228862.1,0,2.0,0
1147,2023-01-21 12:05:59.999,0.4050350415778439,0.40945,0.0623034804127151,0.06259,-0.8929404832659399,-0.9037816932040167,-2.7711497580455267,-2.7757379893765073,0.0374911975566673,0.044581626668805385,0.029434525462512903,0.013565283192398142,0.02943639000129887,0.013564267025629441,0.5938254931246203,1.1166078135973436,1.1037900828188865,0.013704140404393092,0.0445816266688052,0.40945,102645.0,0.06259,232314.6,0,2.0,0
1148,2023-01-21 12:06:59.999,0.4049944517944929,0.40965,0.0623298713518673,0.06261,-0.8924521423943134,-0.9038819112422909,-2.770830269224918,-2.775314492147668,0.037044779605793776,0.044808792273537956,0.029444182251563773,0.013561374985456932,0.02944594124192578,0.0135602985094849,0.5603739739617755,1.1329684518311027,1.1166078135973436,0.013701413216420044,0.0448087922735378,0.4096499999999999,63784.0,0.06261,126154.0,0,2.0,0
1149,2023-01-21 12:07:59.999,0.4050275785688524,0.40975,0.0623839821104017,0.062645,-0.892208061358198,-0.9038001189622387,-2.770271409284621,-2.7744467335077467,0.036417197786466904,0.04459601728012008,0.029453611610241133,0.01355774477705251,0.029455223178437438,0.013556589682029226,0.513549113112005,1.116882336914071,1.1329684518311027,0.013698828280096307,0.04459601728012,0.40975,345992.0,0.062645,325063.6,0,2.0,0
1150,2023-01-21 12:08:59.999,0.4050773486020598,0.40985,0.062437634205258,0.06265,-0.8919640398830975,-0.9036772459081422,-2.7701915976400597,-2.7735870731421133,0.035837316906936256,0.044774794445483046,0.02946303825926525,0.013554236489354457,0.02946451344525175,0.013553014814523636,0.4702129783592728,1.1296657099235137,1.116882336914071,0.013696359039362019,0.044774794445483,0.40985,326265.0,0.06265,320830.3,0,2.0,0
1151,2023-01-21 12:09:59.999,0.4051590822784595,0.41005,0.0624297973674327,0.06266,-0.8914761754997168,-0.9034754932503702,-2.7700319934580917,-2.7737125956700757,0.03614168154242747,0.04513218582907774,0.029472473890902923,0.0135509527282578,0.029474017331692443,0.013549764362160516,0.49208709705353637,1.155617044218568,1.1296657099235137,0.01369414261234045,0.0451321858290776,0.41005,311828.0,0.06266,236695.3,0,2.0,0
1152,2023-01-21 12:10:59.999,0.4051630858458248,0.41005,0.0624159387910662,0.06265,-0.8914761754997168,-0.9034656118290718,-2.7701915976400597,-2.773934606879266,0.0363330523714096,0.04526265882886371,0.02948198809535401,0.01354760660212923,0.029483573622842107,0.013546439714897267,0.5056294415893645,1.164830895741356,1.155617044218568,0.013691944108717732,0.0452626588288636,0.41005,137891.0,0.06265,61349.5,0,2.0,0
1153,2023-01-21 12:11:59.999,0.4052156414034585,0.40985,0.0623882216383332,0.062605,-0.8919640398830975,-0.9033359056659157,-2.770910131861226,-2.7743787772193147,0.03682585827272711,0.04536218077915244,0.029491572795754317,0.013544190760495855,0.02949327015411511,0.013543082923379865,0.5414268051149204,1.1717649480903425,1.164830895741356,0.013689412024922956,0.0453621807791526,0.40985,279984.0,0.062605,279727.6,0,2.0,0
1154,2023-01-21 12:12:59.999,0.4051466023303132,0.40985,0.0623453321400163,0.062584996,-0.8919640398830975,-0.9035062963124352,-2.7712297101152306,-2.7750664750954357,0.037217645908365515,0.04562342915593165,0.029501157816854084,0.01354095155778569,0.029502943627567235,0.013539893355397266,0.5697757048967487,1.190630604524073,1.1717649480903425,0.013686059023732045,0.0456233769083578,0.40985,146781.0,0.062585,97586.3,0,2.0,0
1155,2023-01-21 12:13:59.999,0.4050881562371545,0.4102,0.0623523325388473,0.0626,-0.8911104333438568,-0.9036505658408455,-2.7709900008760844,-2.774954197149311,0.0369815915641688,0.04628107852711982,0.02951080530399501,0.013538056154400695,0.029512534252446796,0.013536966506092011,0.551752662486143,1.2387504551510853,1.190630604524073,0.013682443335481987,0.0462810785271199,0.4102,66013.0,0.0626,125930.0,0,2.0,0
1156,2023-01-21 12:14:59.999,0.4051313268737821,0.41030002,0.0624057668573448,0.062595,-0.890866630789177,-0.9035440005518877,-2.7710698762705115,-2.774097590291343,0.03638789909660545,0.04659017750568695,0.029520524330541892,0.01353524265891335,0.0295221136327326,0.01353407948121427,0.5072960797520638,1.2611264980834453,1.2387504551510853,0.013679234198428543,0.0465901287608674,0.4103,152092.0,0.062595,101140.2,0,2.0,0
1157,2023-01-21 12:15:59.999,0.4051374120964983,0.41025,0.0624478123611611,0.062584996,-0.8909885490119368,-0.9035289802939815,-2.7712297101152306,-2.7734240732697426,0.03585233361714801,0.046598920027092317,0.029530243640534526,0.013532427352706433,0.02953170674860595,0.01353120309552795,0.46711492126158577,1.2613166833771416,1.2611264980834453,0.013676237826875139,0.0465988677795183,0.41025,84494.0,0.062585,40726.0,0,2.0,0
1158,2023-01-21 12:16:59.999,0.4051208337333807,0.41035,0.0624299209221832,0.06256,-0.8907448249064164,-0.9035699014773332,-2.771629182745081,-2.7737106165730188,0.0360456554460159,0.04716920445018313,0.02954015426631722,0.013529663910852556,0.02954165982086008,0.013528460162338158,0.4807639263529989,1.3029924689943786,1.2613166833771416,0.013672881675778598,0.0471692044501832,0.41035,41542.0,0.06256,89907.8,0,2.0,0
1159,2023-01-21 12:17:59.999,0.40514574870186,0.41025,0.0623534720869777,0.062529996,-0.8909885490119368,-0.9035084032765502,-2.7721089013722273,-2.7749359213660165,0.03710881406711686,0.047317640046026566,0.029550158548690905,0.013526826542378701,0.029551907832541496,0.013525749884992147,0.5587051585923769,1.3134996180864191,1.3029924689943786,0.013669300331415068,0.0473175877524965,0.41025,117744.0,0.06253,475514.4,0,2.0,0
1160,2023-01-21 12:18:59.999,0.4051205192386874,0.41015,0.0622782423549399,0.062505,-0.8912323325333781,-0.903570677776129,-2.7725087254396104,-2.776143154075787,0.0380334264469504,0.04740070413480979,0.029560283788200872,0.013523813346590963,0.029562244709899266,0.013522862570131628,0.6264340625454334,1.3191856386502163,1.3134996180864191,0.01366599182403257,0.0474007041348096,0.41015,223641.0,0.062505,392224.9,0,2.0,0
1161,2023-01-21 12:19:59.999,0.4051352306015623,0.41030002,0.0622269795778485,0.06257,-0.890866630789177,-0.9035343648887982,-2.771469348971865,-2.776966618010751,0.038742903461220224,0.04691673788170925,0.02957029698720207,0.013520646149662197,0.02957241978434949,0.013519801497696196,0.6783001716728906,1.2829594608494777,1.3191856386502163,0.01366309450321662,0.0469166891368897,0.4103,138014.0,0.06257,144909.7,0,2.0,0
1162,2023-01-21 12:20:59.999,0.4052449293457682,0.41065,0.0623105896997255,0.0626,-0.8900140087959357,-0.9032636308548281,-2.7709900008760844,-2.775623888504725,0.037915984887394005,0.04737750307504085,0.02958031256680883,0.01351780765680002,0.02958224167403415,0.013516838071396977,0.6165453169846663,1.3165737344457102,1.2829594608494777,0.013660438929299858,0.0473775030750407,0.4106499999999999,187363.0,0.0625999999999999,169952.7,0,2.0,0
1163,2023-01-21 12:21:59.999,0.4054033897433712,0.4107,0.0623683231013221,0.06259,-0.8898922580196241,-0.9028726835207257,-2.7711497580455267,-2.7746977751079043,0.037549854358402524,0.047629851915121146,0.029590429787781293,0.013514956773592325,0.02959227182077611,0.013513935158755744,0.588842734861774,1.3347746818242252,1.3165737344457102,0.013657817287593736,0.047629851915121,0.4106999999999999,226671.0,0.06259,169686.1,0,2.0,0
1164,2023-01-21 12:22:59.999,0.4054531398086616,0.41055,0.062365337342999,0.062575,-0.8902575548273393,-0.9027499736120312,-2.771389441664299,-2.7747456492472993,0.037711700350512745,0.047460491331352106,0.02960030013167184,0.013512433390753297,0.029602177336073326,0.01351143308123612,0.6001971046062794,1.3217597958264267,1.3347746818242252,0.013655312409522412,0.0474604913313521,0.4105499999999999,213965.0,0.062575,107132.1,0,2.0,0
1165,2023-01-21 12:23:59.999,0.4053748855418051,0.41065,0.062336223310479,0.062565,-0.8900140087959357,-0.9029429967060852,-2.771549262665119,-2.7752125886006866,0.03790039017527691,0.04783468760730847,0.02961012413837542,0.013510259106794138,0.02961204273731939,0.013509284262379875,0.6135297234834701,1.348942557272506,1.3217597958264267,0.013653066511433148,0.0478346876073083,0.4106499999999999,66059.0,0.062565,46437.1,0,2.0,0
1166,2023-01-21 12:24:59.999,0.40526255602453,0.4109,0.0623160829972655,0.06258,-0.889405403092773,-0.9032201354421817,-2.771309540741401,-2.775535732455547,0.037887414618278714,0.048247325773052796,0.02962004456075256,0.013508205976072949,0.02962195786092787,0.01350722821174558,0.6119284154955928,1.3789604071254682,1.348942557272506,0.013650821626109179,0.0482473257730529,0.4109,95220.0,0.06258,217422.7,0,2.0,0
1167,2023-01-21 12:25:59.999,0.4051868676350124,0.41099998,0.0623378864107536,0.062595,-0.8891621131477041,-0.9034069167206381,-2.7710698762705115,-2.77518590944046,0.03741466051874809,0.048294695147159894,0.029630125042063325,0.0135058892866219,0.029631926600840613,0.01350484549822413,0.5762919626833861,1.3819578784482218,1.3789604071254682,0.013648750042184778,0.0482947438089611,0.411,97190.0,0.062595,96851.4,0,2.0,0
1168,2023-01-21 12:26:59.999,0.4051825795248293,0.41125,0.0623655733414613,0.06264,-0.8885539769025554,-0.9034174998199841,-2.770351227299589,-2.774741865125769,0.03704108070427081,0.04831535125317177,0.029640328910826425,0.013503350350363819,0.02964204165134794,0.01350225702038738,0.5479853510232318,1.3829917655837305,1.3819578784482218,0.013646703303567468,0.0483153512531717,0.41125,186150.0,0.06264,341129.5,0,2.0,0
1169,2023-01-21 12:27:59.999,0.4053149119029933,0.41085,0.0624284671538779,0.06265,-0.8895270946049402,-0.9030909537646551,-2.7701915976400597,-2.7737339032472703,0.036543639516057325,0.047211739723640345,0.029650158696747073,0.013500681531205207,0.02965175404060713,0.01349952646350516,0.51052794289354,1.3007921849205748,1.3829917655837305,0.013644449511124548,0.0472117397236404,0.41085,540941.0,0.06265,533384.0,0,2.0,0
1170,2023-01-21 12:28:59.999,0.4053492517283126,0.4105,0.0624404155204688,0.06263,-0.8903793500896542,-0.9030062335392388,-2.7705108824448157,-2.7735425286410202,0.03647191510040959,0.04662049272723112,0.029659704329164333,0.013498098433661421,0.029661280864867013,0.013496934195490853,0.5046060191815946,1.2565316871426975,1.3007921849205748,0.013642461175614658,0.0466204927272311,0.4105,146166.0,0.0626299999999999,104999.7,0,2.0,0
1171,2023-01-21 12:29:59.999,0.4053398019115763,0.4105,0.0623996486749876,0.062625,-0.8903793500896542,-0.9030295465880441,-2.770590719577108,-2.7741956338311367,0.03698250155398297,0.046685757872643174,0.02966914660380557,0.013495738039016629,0.029670839118258283,0.013494634830270845,0.541819954944119,1.2608877869177673,1.2565316871426975,0.01364079527420144,0.0466857578726431,0.4105,216062.0,0.062625,93995.1,0,2.0,0
1172,2023-01-21 12:30:59.999,0.4053034802704913,0.41055,0.0623775643744408,0.062645,-0.8902575548273393,-0.9031191584849356,-2.770271409284621,-2.7745496135400547,0.037182260486329444,0.04654652381097879,0.029678511781486856,0.013493408927136125,0.02968024835836833,0.013492330255879668,0.5560204935460942,1.2500927023392334,1.2608877869177673,0.013639147134525034,0.0465465238109787,0.4105499999999999,111912.0,0.062645,53000.2,0,2.0,0
1173,2023-01-21 12:31:59.999,0.4052164101682643,0.4105,0.0624020371038695,0.062615,-0.8903793500896542,-0.9033340084931563,-2.7707504129661413,-2.7741573582442762,0.03664675017653596,0.04681630379729396,0.029687908884623793,0.013491204816582223,0.029689519354721437,0.01349005889600968,0.5157302036592627,1.2695971297995134,1.2500927023392334,0.013637246791533388,0.0468163037972939,0.4105,142690.0,0.062615,52832.7,0,2.0,0
1174,2023-01-21 12:32:59.999,0.4051320656867124,0.41030002,0.0623728017388067,0.062595,-0.890866630789177,-0.9035421769154329,-2.7710698762705115,-2.774625968195913,0.036821660351359475,0.04659017750568695,0.029697193500783307,0.013489031868389652,0.02969884230125787,0.013487906272757645,0.5280892309051702,1.2523496252159392,1.2695971297995134,0.013634903238845822,0.0465901287608674,0.4103,48322.0,0.062595,225990.8,0,2.0,0
1175,2023-01-21 12:33:59.999,0.4050995179819469,0.41035,0.0623570942855983,0.062584996,-0.8907448249064164,-0.9036225186484363,-2.7712297101152306,-2.77487783168321,0.036947211623908904,0.04684264413261274,0.029706417237407464,0.013487129084291906,0.029708092959320562,0.01348601810527345,0.5367869602486758,1.2705614951934714,1.2523496252159392,0.013632073789382262,0.046842591885039,0.41035,145682.0,0.062585,73191.6,0,2.0,0
1176,2023-01-21 12:34:59.999,0.4051964122993547,0.41030002,0.0623425183805725,0.062555,-0.890866630789177,-0.9033833607945001,-2.771709109212774,-2.775111607952126,0.03737747656982804,0.04711273674261052,0.029715600434434174,0.013485471688007917,0.02971737360641645,0.013484414793511508,0.5680708492516495,1.2900650945451846,1.2705614951934714,0.01362869462042806,0.047112687997791,0.4103,111331.0,0.062555,110582.4,0,2.0,0
1177,2023-01-21 12:35:59.999,0.4052670088700286,0.4098,0.062287739181949,0.062515,-0.8920860431773376,-0.9032091479453859,-2.772348751035174,-2.775990675414915,0.03827030823876343,0.04641621784212724,0.029724742625633304,0.01348340310947173,0.029726720308024677,0.013482469425965626,0.6336812390083987,1.2379274787659964,1.2900650945451846,0.013625017148371698,0.0464162178421272,0.4098,384850.0,0.062515,266928.5,0,2.0,0
1178,2023-01-21 12:36:59.999,0.405172241135785,0.40965,0.0622255618093087,0.0625,-0.8924521423943134,-0.903443015529353,-2.772588722239781,-2.77698940209413,0.03885287832075657,0.046246289944356866,0.029734009621001607,0.013480997523278243,0.02973611998172823,0.013480151141184529,0.6763098012436106,1.224855971885075,1.2379274787659964,0.01362140016843791,0.0462462899443569,0.40965,448286.0,0.0625,741832.2,0,2.0,0
1179,2023-01-21 12:37:59.999,0.4050849913223046,0.41005,0.0622098348006721,0.062555,-0.8914761754997168,-0.9036583787753014,-2.771709109212774,-2.777242175969551,0.03884415230315108,0.04650319203207076,0.029743632248101153,0.013478127414888567,0.029745738362439277,0.013477278647289778,0.6750928120449193,1.243463521902621,1.224855971885075,0.013617626523676412,0.0465031920320706,0.41005,265287.0,0.062555,218091.4,0,2.0,0
1180,2023-01-21 12:38:59.999,0.4051131460853227,0.4102,0.0622867191885952,0.06257,-0.8911104333438568,-0.9035888778428023,-2.771469348971865,-2.7760070510567143,0.037903965077725976,0.04667293532702954,0.029753427132943006,0.01347505116940421,0.02975531339490663,0.01347406221312654,0.6047657754526964,1.2556173614021697,1.243463521902621,0.013613498946621127,0.0466729353270296,0.4102,77991.0,0.06257,91885.4,0,2.0,0
1181,2023-01-21 12:39:59.999,0.405132829459539,0.41005,0.0623353437606544,0.06255,-0.8914761754997168,-0.9035402916731347,-2.771789042069217,-2.775226698471049,0.03731462972499322,0.04656853542992512,0.029762975996939132,0.01347234731329517,0.029764723660380007,0.013471278027735746,0.5604446771174094,1.2474113858689968,1.2556173614021697,0.013609281579892296,0.046568535429925,0.41005,210871.0,0.06255,107610.3,0,2.0,0
1182,2023-01-21 12:40:59.999,0.4051257558249296,0.41035,0.062324598941777,0.062575,-0.8907448249064164,-0.9035577518635924,-2.771389441664299,-2.7753990845426464,0.03743809145528498,0.04697322125227499,0.029772441777214827,0.013470070268024095,0.029774215822500193,0.01346901622842325,0.5690004008319443,1.276962861574093,1.2474113858689968,0.013605214811226467,0.0469732212522755,0.41035,152478.0,0.0625749999999999,76894.8,0,2.0,0
1183,2023-01-21 12:41:59.999,0.4052459626854747,0.41065,0.0623412659442887,0.06262,-0.8900140087959357,-0.9032610809441094,-2.7706705630838777,-2.7751316977543503,0.03751617940318208,0.047116369522771984,0.02978195503671362,0.01346780338418131,0.02978374495209581,0.013466758763862668,0.5741867502546975,1.2871003527136877,1.276962861574093,0.013601114281130484,0.0471163695227714,0.4106499999999999,96657.0,0.06262,221816.7,0,2.0,0
1184,2023-01-21 12:42:59.999,0.4052761541760302,0.41065,0.0623687804316755,0.062615,-0.8900140087959357,-0.9031865820749451,-2.7707504129661413,-2.7746904424003063,0.03722996147279989,0.047181645091012414,0.029791424211442062,0.013465652816474286,0.02979314569657545,0.013464569980217694,0.5523247892172343,1.2914502636140026,1.2871003527136877,0.013596870100039505,0.0471816450910123,0.4106499999999999,106633.0,0.062615,68455.9,0,2.0,0
1185,2023-01-21 12:43:59.999,0.4053260939365324,0.4107,0.0623466045761697,0.06259,-0.8898922580196241,-0.903063365637582,-2.7711497580455267,-2.775046065818189,0.03764389243626842,0.047629851915121146,0.02980093795802813,0.013463733757307155,0.029802753036592872,0.013462704317567173,0.5824341985617131,1.3242176559987866,1.2914502636140026,0.013592397507162172,0.0476298519151212,0.4107,88951.0,0.06259,231935.3,0,2.0,0
1186,2023-01-21 12:44:59.999,0.4053110081752131,0.4108,0.0623258744890213,0.062584996,-0.8896488009277339,-0.9031005851561108,-2.7712297101152306,-2.7753786185594977,0.03787852765995636,0.04793866811129521,0.02981040486367607,0.013462105484995967,0.0298122720524741,0.01346110708776265,0.5992267615800495,1.3466142623695667,1.3242176559987866,0.01358798844816727,0.0479386158637213,0.4108,190710.0,0.062585,205610.1,0,2.0,0
1187,2023-01-21 12:45:59.999,0.4052781110318996,0.4105,0.0623506738829881,0.062584996,-0.8903793500896542,-0.9031817536360522,-2.7712297101152306,-2.7749807988473276,0.03747215008724014,0.04720811894937493,0.029819851486107416,0.013459991904086432,0.029821622441580948,0.013458937650778494,0.5684347341646738,1.2918482854353328,1.3466142623695667,0.013583520374879966,0.0472080667018011,0.4105,175329.0,0.062585,53442.1,0,2.0,0
1188,2023-01-21 12:46:59.999,0.4051884950202506,0.41025,0.0623806136879053,0.062575,-0.8909885490119368,-0.9034029003467126,-2.771389441664299,-2.774500729955628,0.03685855734144727,0.04672949714675456,0.029829262674263706,0.013457598181083068,0.029830889449238753,0.013456465659119595,0.5222521329325277,1.2558135742414271,1.2918482854353328,0.013578993527167436,0.0467294971467544,0.41025,30099.0,0.062575,58073.7,0,2.0,0
1189,2023-01-21 12:47:59.999,0.405121148228074,0.40995,0.0624158827914311,0.06256,-0.8917200779399503,-0.9035691251791401,-2.771629182745081,-2.773935504080547,0.036230272464168656,0.04619395141664917,0.02983866917912609,0.013454831313989528,0.02984014837451722,0.013453625606511173,0.47497412790785537,1.2155694750715929,1.2558135742414271,0.013574390808275225,0.0461939514166491,0.40995,274441.0,0.06256,253439.2,0,2.0,0
1190,2023-01-21 12:48:59.999,0.4050483701624642,0.4098,0.062391621171738,0.062515,-0.8920860431773376,-0.9037487865071795,-2.772348751035174,-2.774324288716539,0.036368434247673886,0.04641621784212724,0.029848052690800157,0.013452253774808808,0.029849561689077608,0.013451062733849106,0.4846362467845589,1.2316274602515487,1.2155694750715929,0.013569818817836497,0.0464162178421272,0.4098,68434.0,0.062515,171290.4,0,2.0,0
1191,2023-01-21 12:49:59.999,0.4050162218160393,0.40985,0.0622941178070537,0.062515,-0.8919640398830975,-0.9038281588109689,-2.772348751035174,-2.775888274868568,0.03756758712012265,0.04653822113636741,0.029857538887727294,0.01344957048445498,0.029859323208077306,0.01344852545875666,0.5731679607318069,1.2402390297831187,1.2316274602515487,0.013565370333433099,0.0465382211363674,0.40985,40570.0,0.062515,361082.0,0,2.0,0
1192,2023-01-21 12:50:59.999,0.4050239294320145,0.40985,0.0622533580726373,0.062515,-0.8919640398830975,-0.9038091286037291,-2.772348751035174,-2.7765428001503314,0.03812167772424213,0.04653822113636741,0.029866994585637137,0.01344693495289724,0.029868904949705316,0.013445965142729542,0.6137731793094248,1.2397789242773376,1.2402390297831187,0.013561290638521035,0.0465382211363674,0.40985,53666.0,0.062515,331074.3,0,2.0,0
1193,2023-01-21 12:51:59.999,0.4050606154875853,0.41015,0.0622293893399247,0.062545,-0.8912323325333781,-0.9037185552041352,-2.7718689813154325,-2.7769278934023203,0.03852705660803302,0.04687772701762072,0.02987652887287134,0.013444390643243005,0.02987853084642727,0.013443478824833054,0.6433249811522017,1.2645569885529906,1.2397789242773376,0.013557516888893145,0.0468777270176206,0.41015,276639.0,0.062545,450792.2,0,2.0,0
1194,2023-01-21 12:52:59.999,0.4052072349103872,0.41045,0.0622726143916108,0.062615,-0.890501160187862,-0.903356651608108,-2.7707504129661413,-2.7762335262093867,0.038321329898275636,0.04669449369908618,0.029886124815784315,0.013441596682934969,0.029888076957668715,0.01344065365609901,0.6274436613267046,1.250474127425743,1.2645569885529906,0.013553908531400033,0.046694493699086,0.41045,140314.0,0.062615,761316.8,0,2.0,0
1195,2023-01-21 12:53:59.999,0.4053598746601747,0.41035,0.0623786168120278,0.062725,-0.8907448249064164,-0.9029800270207307,-2.768995186729651,-2.7745327416291476,0.03730759952479068,0.045015969131910416,0.029895389684083257,0.013438227872356932,0.029897105076316696,0.013437145813778533,0.5514931929126806,1.1251914755018333,1.250474127425743,0.013550576975251296,0.0450159691319105,0.41035,208814.0,0.062725,1620889.2,0,2.0,0
1196,2023-01-21 12:54:59.999,0.405382992516121,0.4105,0.0625198550028544,0.062785,-0.8903793500896542,-0.9029229981971949,-2.7680390875412098,-2.772271092643732,0.03551577875083112,0.04459985334327121,0.029904498981398988,0.013434854277855039,0.02990579758814961,0.013433570745499371,0.41760908316658923,1.0938231303405275,1.1251914755018333,0.013547270876713079,0.0445998533432712,0.4105,263946.0,0.062785,115140.9,0,2.0,0
1197,2023-01-21 12:55:59.999,0.4053601592029925,0.41099998,0.0625778439583413,0.06278,-0.8891621131477041,-0.9029793250698576,-2.7681187275683294,-2.7713439939021574,0.03470156851684558,0.04588219430137719,0.029913771422829322,0.013432055061858867,0.029914879452705274,0.013430698147596766,0.35639912471689483,1.1888294683879885,1.0938231303405275,0.013543922121259216,0.0458822429631788,0.411,533818.0,0.06278,492232.4,0,2.0,0
1198,2023-01-21 12:56:59.999,0.40532705239655,0.41095,0.0625587436383514,0.06279,-0.8892837263876281,-0.9030610009763903,-2.767959453856119,-2.771649265453908,0.03486944556447191,0.04563037821361471,0.02992301426603339,0.013429128481366688,0.029924159008291762,0.013427785252713535,0.36828758154147495,1.1696487951080183,1.1888294683879885,0.013540690747392916,0.0456303782136147,0.41095,180393.0,0.06279,1727771.9,0,2.0,0
1199,2023-01-21 12:57:59.999,0.4051916898869761,0.4111,0.0625755995285212,0.062835,-0.8889187850783042,-0.903395015487766,-2.7672430359150293,-2.7713798607510083,0.03431519847954856,0.045409663202897965,0.029932161148389955,0.013426216236969865,0.02993317550555986,0.013424828096610891,0.3264118499286366,1.1527821227763195,1.1696487951080183,0.013537698218418326,0.0454096632028979,0.4111,56046.0,0.062835,544369.5,0,2.0,0
1200,2023-01-21 12:58:59.999,0.4051978799412567,0.41155,0.0626485750530248,0.062845,-0.8878247595634841,-0.9033797387504753,-2.767083901605336,-2.7702143424633694,0.0333776889839309,0.04637359982845113,0.02994141275937221,0.01342377211062401,0.02994220800959775,0.013422320476640628,0.2559528347063419,1.224110997539503,1.1527821227763195,0.013534801237433705,0.0463735998284509,0.4115499999999999,195152.0,0.062845,1322615.8,0,2.0,0
1201,2023-01-21 12:59:59.999,0.4053670681022863,0.41155,0.0626784415250865,0.06285,-0.8878247595634841,-0.9029622813612926,-2.7670043439458807,-2.769737725793755,0.03340552245558326,0.04630856314609688,0.029950693250460972,0.013421225393865165,0.02995149279436403,0.013419775176055963,0.25738357132703915,1.218805989437677,1.224110997539503,0.013531922191949531,0.0463085631460966,0.4115499999999999,94482.0,0.06285,557168.1,0,2.0,0
1202,2023-01-21 13:00:59.999,0.4054724487844335,0.41125,0.0626852117031954,0.06285,-0.8885539769025554,-0.9027023515464627,-2.7670043439458807,-2.7696297171653983,0.03357715753044621,0.045579345807025495,0.02995999698133059,0.013418124959361422,0.029960834093237347,0.013416685022948353,0.269539266295913,1.164048544263836,1.218805989437677,0.013529145895635607,0.0455793458070254,0.41125,103988.0,0.0628499999999999,81160.7,0,2.0,0
1203,2023-01-21 13:01:59.999,0.4054736568434141,0.41105,0.0626689313648309,0.062845,-0.8890404173839945,-0.9026993721647943,-2.767083901605336,-2.769889466672795,0.03379247657016815,0.045157942007940655,0.02996918790260142,0.013414933308756916,0.029970072718307865,0.013413506996077181,0.2849667766213682,1.132227328735538,1.164048544263836,0.01352642745432865,0.0451579420079406,0.41105,346264.0,0.062845,378063.3,0,2.0,0
1204,2023-01-21 13:02:59.999,0.4054046626980822,0.4108,0.0626447786333172,0.06284,-0.8896488009277339,-0.9028695435550899,-2.7671634655947166,-2.7702749429596776,0.03393742378689024,0.04461460032113407,0.029978267416309136,0.013411568490957225,0.029979183675594157,0.01341015172115816,0.2951674368494195,1.0913214897044672,1.132227328735538,0.013523584398846758,0.044614600321134,0.4108,130973.0,0.06284,67855.5,0,2.0,0
1205,2023-01-21 13:03:59.999,0.4052633297813151,0.41075,0.0626301867283957,0.062815,-0.8897705220647596,-0.9032182261711797,-2.767561380525756,-2.770507900996351,0.03377917937545327,0.044818166116268765,0.02998724594149171,0.013408516602206575,0.029988123500721962,0.013407089032043186,0.2827650257017476,1.1060820980253998,1.0913214897044672,0.013520566765805054,0.0448181661162687,0.41075,242402.0,0.062815,55223.9,0,2.0,0
1206,2023-01-21 13:04:59.999,0.4051810170353214,0.4108,0.0626047446719496,0.06281,-0.8896488009277339,-0.9034213560877496,-2.7676409825158474,-2.770914210266642,0.03390819858356198,0.045004960174994446,0.02999619599647037,0.013405633481967551,0.029997101343053823,0.013404214255528282,0.2917811641883526,1.1195863439585274,1.1060820980253998,0.013517578927971782,0.0450049601749944,0.4108,88643.0,0.06281,413505.8,0,2.0,0
1207,2023-01-21 13:05:59.999,0.4052028319846811,0.4111,0.0626109464093179,0.0628,-0.8889187850783042,-0.9033675175286733,-2.7678002055079842,-2.7708151533941394,0.03388106027132154,0.04586513740968878,0.03000524301441507,0.013403151671686217,0.030006139986703175,0.013401730324289141,0.28913581984227094,1.183295898141427,1.1195863439585274,0.013514660886916052,0.0458651374096887,0.4111,258878.0,0.0628,255872.4,0,2.0,0
1208,2023-01-21 13:06:59.999,0.4053417987032797,0.4112,0.0626009478078005,0.06281,-0.8886755648411817,-0.9030246203834729,-2.7676409825158474,-2.770974860291015,0.03435451438354464,0.045978196261546644,0.030014258942520602,0.01340079310257396,0.03001526339876708,0.013399404996156121,0.32383907987126015,1.191268098599311,1.183295898141427,0.013512058600616026,0.0459781962615466,0.4112,170448.0,0.06281,217676.6,0,2.0,0
1209,2023-01-21 13:07:59.999,0.4054316693058707,0.41105,0.0625971593880407,0.0628,-0.8890404173839945,-0.9028029293526113,-2.7678002055079842,-2.771035379093508,0.03462567823903606,0.045743505103998494,0.030023130930777256,0.013398516329861845,0.030024196088682426,0.01339714876952243,0.34346727273953126,1.173292160579345,1.191268098599311,0.013509821467093936,0.0457435051039984,0.41105,130087.0,0.0628,263617.7,0,2.0,0
1210,2023-01-21 13:08:59.999,0.4054128545360454,0.41085,0.0625617871740757,0.06281,-0.8895270946049402,-0.9028493371885785,-2.7676409825158474,-2.7716006157925754,0.0350413392962966,0.04512666649778818,0.03003186108359608,0.013396067509475258,0.030033020416670067,0.013394734048101348,0.3739020768640379,1.1268086999050502,1.173292160579345,0.013507742224404155,0.0451266664977882,0.41085,137005.0,0.06281,196892.3,0,2.0,0
1211,2023-01-21 13:09:59.999,0.4053296032979511,0.4106,0.0625701128976045,0.062805,-0.8901357743973038,-0.9030547075563999,-2.7677205908429205,-2.7714675446326824,0.034727186105856456,0.044583064807470874,0.030040494952889022,0.013393423303143717,0.03004157958402834,0.0133920631538536,0.34987936272386994,1.0857993154870575,1.1268086999050502,0.013505441176604493,0.0445830648074707,0.4105999999999999,141724.0,0.062805,120523.6,0,2.0,0
1212,2023-01-21 13:10:59.999,0.405224746773626,0.4106,0.0625826003717937,0.062825,-0.8901357743973038,-0.9033134354872309,-2.767402195552481,-2.7712679888435283,0.034305325592190905,0.04432278347806495,0.030049009475248568,0.013390808100220088,0.030049994505592686,0.01338941503586621,0.31781306914450475,1.0659382089555733,1.0857993154870575,0.013502904139846568,0.0443227834780652,0.4105999999999999,54044.0,0.0628249999999999,161039.6,0,2.0,0
1213,2023-01-21 13:11:59.999,0.4052122268896457,0.41055,0.0626356600260659,0.06282,-0.8902575548273393,-0.9033443321130961,-2.7674817848716367,-2.7704205140857847,0.03358163650611412,0.04426606561151081,0.03005765863833467,0.013387920950906554,0.030058474185168223,0.013386479013533561,0.26318812567397487,1.0612855442811697,1.0659382089555733,0.013500209102725714,0.0442660656115108,0.4105499999999999,322715.0,0.06282,333051.1,0,2.0,0
1214,2023-01-21 13:12:59.999,0.4052264739984494,0.4104,0.0626430893109912,0.06278,-0.8906229851255774,-0.9033091731089924,-2.7681187275683294,-2.770301910013293,0.03351983922164181,0.04442132232350393,0.030066489769018625,0.013384809758315698,0.030067288970465657,0.013383363946125526,0.2579732767542099,1.072471915080224,1.0612855442811697,0.01349758226249443,0.0444213223235039,0.4104,93171.0,0.06278,489119.3,0,2.0,0
1215,2023-01-21 13:13:59.999,0.4052514638466176,0.41065,0.062577163073889,0.06279,-0.8900140087959357,-0.9032475061665397,-2.767959453856119,-2.7713548745607657,0.03444228212549483,0.04490009580530707,0.030075298142662344,0.01338204755633349,0.03007630878463939,0.013380663859152254,0.32628974068944644,1.107812358328409,1.072471915080224,0.013495209671575848,0.0449000958053069,0.4106499999999999,301427.0,0.06279,385680.4,0,2.0,0
1216,2023-01-21 13:14:59.999,0.405301368663265,0.4104,0.062555411660062,0.0628,-0.8906229851255774,-0.9031243684395246,-2.7678002055079842,-2.7717025284645125,0.0348496194715292,0.044160937362415664,0.030083802843372604,0.0133793216362479,0.030084905786355278,0.013377969786628106,0.35616119345227365,1.0521560735115758,1.107812358328409,0.013492906399477462,0.0441609373624156,0.4104,272873.0,0.0628,167874.1,0,2.0,0
1217,2023-01-21 13:15:59.999,0.4053040493561268,0.41005,0.0625463646079,0.062785,-0.8914761754997168,-0.9031177543883421,-2.7680390875412098,-2.7718471635360142,0.03497446959535322,0.04350302793320859,0.0300919484516274,0.013376776912334869,0.030093078403292232,0.013375435133629269,0.36495195433215627,1.0025643373939124,1.0521560735115758,0.013490626735977177,0.0435030279332084,0.41005,57326.0,0.062785,128394.1,0,2.0,0
1218,2023-01-21 13:16:59.999,0.4052089821031276,0.4099,0.0625397948729295,0.062745,-0.8918420514718453,-0.9033523397675901,-2.7686763854198655,-2.771952206891791,0.034825754909258655,0.043658129324957384,0.030100042381637646,0.013374404357976316,0.03010113604341215,0.013373049856691865,0.35329404410186277,1.0137338890336358,1.0025643373939124,0.013488444428570653,0.0436581293249576,0.4099,134118.0,0.062745,188751.3,0,2.0,0
1219,2023-01-21 13:17:59.999,0.4051202047439942,0.40985,0.0625282718369006,0.06274,-0.8919640398830975,-0.9035714540755272,-2.768756076219605,-2.7721364751285145,0.03475727593752753,0.04360128643538985,0.030108093641047624,0.013372060302848297,0.030109169591590663,0.013370699898989296,0.3476337350364302,1.0090586258774297,1.0137338890336358,0.013486490147144498,0.0436012864353898,0.40985,143982.0,0.06274,231998.4,0,2.0,0
1220,2023-01-21 13:18:59.999,0.4050762803184985,0.40975,0.0625713613339143,0.06275,-0.892208061358198,-0.9036798831451381,-2.7685967009702437,-2.7714475922337276,0.03408569985838439,0.043226979108005326,0.030115983988899094,0.013369742212904467,0.030116902691946883,0.013368331430849563,0.2968805184825738,0.9806468150486483,1.0090586258774297,0.013484815621451995,0.0432269791080053,0.40975,201853.0,0.06275,88380.2,0,2.0,0
1221,2023-01-21 13:19:59.999,0.4050361398132808,0.4092,0.0626312529436706,0.062685,-0.8935512449046656,-0.9037789817498578,-2.7696330944141487,-2.7704908771576067,0.03320450717327894,0.04273102500075088,0.030123729023707344,0.013367356398337788,0.030124442001756308,0.013365891669516005,0.23044217682441875,0.9431405583389123,0.9806468150486483,0.013482955767852096,0.0427310250007508,0.4092,629563.0,0.062685,428512.2,0,2.0,0
1222,2023-01-21 13:20:59.999,0.4048944125301523,0.40915,0.0625533818955098,0.062695,-0.8936734420087463,-0.9041289556683995,-2.769473579339636,-2.7717349764562913,0.033871557780846495,0.04247842774031996,0.03013138608568726,0.013364957001545011,0.030132251665806478,0.013363531501384461,0.27981421786992644,0.9238369905122299,0.9431405583389123,0.013480730712379803,0.04247842774032,0.40915,328132.0,0.062695,477754.6,0,2.0,0
1223,2023-01-21 13:21:59.999,0.4048830308174428,0.40885,0.0625264380710713,0.06265,-0.8944069383741509,-0.9041570663864831,-2.7701915976400597,-2.772165802545783,0.03419563816194904,0.042331895954429655,0.03013920154717794,0.013362217180853293,0.030140140319826585,0.013360813373143945,0.30353674801522584,0.9124753955296142,0.9238369905122299,0.013477996770763466,0.0423318959544298,0.40885,254686.0,0.06265,294549.0,0,2.0,0
1224,2023-01-21 13:22:59.999,0.4047989409268332,0.4085,0.0624254102849071,0.062605,-0.8952633646820796,-0.904364777299771,-2.770910131861226,-2.7737828703924503,0.035309845573172516,0.042062855980170344,0.030147264445126023,0.013358900284040713,0.030148459210487758,0.013357585214759403,0.3864011555757629,0.8919590147161552,0.9124753955296142,0.01347486632166735,0.0420628559801703,0.4085,223398.0,0.062605,293552.0,0,2.0,0
1225,2023-01-21 13:23:59.999,0.4047402202748152,0.4081,0.0623461739123092,0.062555,-0.896243036570377,-0.904509849100952,-2.771709109212774,-2.775052973417261,0.036203055787168426,0.041736330961410606,0.03015539962283284,0.013355253888505832,0.030156799219260594,0.01335402525884964,0.4527665966410398,0.8671442291744724,0.8919590147161552,0.013471974074083444,0.0417363309614104,0.4081,685669.0,0.062555,340550.1,0,2.0,0
1226,2023-01-21 13:24:59.999,0.4047219945585424,0.40865,0.0622930271474935,0.062605,-0.8948962350199983,-0.9045548807675126,-2.770910131861226,-2.775905783248917,0.03685517788945725,0.042429985642251644,0.0301637679556965,0.013351615886572011,0.030165316534713795,0.013350458827897576,0.5010959878595399,0.9187066038120171,0.8671442291744724,0.013469581678251373,0.0424299856422514,0.4086499999999999,454300.0,0.062605,214926.5,0,2.0,0
1227,2023-01-21 13:25:59.999,0.4049839736300293,0.40905,0.0623744088394462,0.062635,-0.8939178810224298,-0.9039077839424401,-2.770431051685982,-2.774600202479275,0.03643499040294307,0.04301670185920958,0.03017231604496302,0.01334802038129067,0.030173765402601988,0.013346815703541908,0.46911751382612626,0.9622689692810157,0.9187066038120171,0.013467323130002814,0.0430167018592095,0.40905,246671.0,0.062635,78006.6,0,2.0,0
1228,2023-01-21 13:26:59.999,0.4051331239863152,0.40945,0.0624193649909639,0.062675,-0.8929404832659399,-0.9035395646852242,-2.76979263493778,-2.7738797153574812,0.036214226872060884,0.043472207599935975,0.030181103285628473,0.013344277357504772,0.030182499518812096,0.013343048736496414,0.45205016277506194,0.9960152924154139,0.9622689692810157,0.013465117176128938,0.0434722075999358,0.40945,200991.0,0.062675,242854.2,0,2.0,0
1229,2023-01-21 13:27:59.999,0.4051655968113918,0.40945,0.0624519807784448,0.0627,-0.8929404832659399,-0.9034594144288791,-2.769393831343262,-2.7733573250841697,0.03586733427039579,0.04314619420441812,0.03018975582750681,0.013340562286278048,0.03019106977762088,0.013339298072909105,0.4255294740210421,0.9712063179104645,0.9960152924154139,0.013463170733229803,0.043146194204418,0.40945,88552.0,0.0627,212267.5,0,2.0,0
1230,2023-01-21 13:28:59.999,0.4050151834843535,0.4094,0.0624697602181525,0.062695,-0.8930626057549479,-0.9038307224935102,-2.769473579339636,-2.773072675835994,0.03526333154301564,0.04308926399411839,0.030198364669942055,0.01333688356035284,0.03019953684464076,0.013335562759104531,0.37972111037591566,0.9665600862331658,0.9712063179104645,0.01346150639521378,0.0430892639941182,0.4094,66463.0,0.062695,109813.1,0,2.0,0
1231,2023-01-21 13:29:59.999,0.4048542620409761,0.4093,0.0624709690991645,0.062675,-0.8933068954837797,-0.9042281234484032,-2.76979263493778,-2.7730533245640965,0.034850111337881295,0.043105795382096135,0.030206975514731168,0.013333205286106412,0.030208050065951526,0.013331849436019625,0.3481933466326117,0.9674207807184904,0.9665600862331658,0.013459480010024533,0.0431057953820961,0.4093,49606.0,0.062675,93056.7,0,2.0,0
1232,2023-01-21 13:30:59.999,0.4047959157874025,0.40915,0.0624598927268919,0.06266,-0.8936734420087463,-0.904372250517778,-2.7700319934580917,-2.773230644597589,0.03485093959741237,0.042934919320048226,0.030215152564609438,0.013330176191440408,0.030216225415114595,0.013328820142548908,0.3477212636025159,0.9542084495182009,0.9674207807184904,0.01345708365703432,0.0429349193200483,0.40915,76908.0,0.06266,70994.7,0,2.0,0
1233,2023-01-21 13:31:59.999,0.4048577214826022,0.40885,0.0624533954358938,0.062625,-0.8944069383741509,-0.9042195785788779,-2.770590719577108,-2.7733346734178936,0.03508865286845053,0.0426581695881465,0.03022315320724057,0.013327269530141236,0.03022427921965927,0.013325932805934762,0.3650306300977964,0.9330505661930699,0.9542084495182009,0.013454335619663279,0.0426581695881467,0.40885,256367.0,0.062625,93358.7,0,2.0,0
1234,2023-01-21 13:32:59.999,0.4049206154292802,0.4085,0.062408478839674,0.06259,-0.8952633646820796,-0.9040642423740485,-2.7711497580455267,-2.7740541339965192,0.035832132684327944,0.04225874525266571,0.030230941413127464,0.01332446956687111,0.030232237685118023,0.013323200072418134,0.42031155944305737,0.9026853773934244,0.9330505661930699,0.013451703452014623,0.0422587452526657,0.4085,91332.0,0.06259,145174.0,0,2.0,0
1235,2023-01-21 13:33:59.999,0.4049018755391438,0.40794998,0.062349564556883,0.06251,-0.8966107101329449,-0.9041105238501713,-2.772428735038416,-2.7749985907315935,0.03655792435737848,0.04195693609578688,0.030238972184044012,0.013321079239709124,0.030240434565940177,0.013319884516917296,0.4742901324267937,0.879655747171934,0.9026853773934244,0.013449159777529772,0.0419569851214038,0.40795,936733.0,0.06251,768132.1,0,2.0,0
1236,2023-01-21 13:34:59.999,0.4046973491569431,0.40865,0.0622451474594696,0.062575,-0.8948962350199983,-0.904615777265226,-2.771389441664299,-2.7766746991340905,0.03742285365648457,0.0428218111386931,0.03024732832413503,0.013317647160141837,0.030248988940967333,0.013316553342806748,0.5387178296696695,0.9441970239451926,0.879655747171934,0.013446605221736322,0.0428218111386933,0.4086499999999999,775906.0,0.0625749999999999,739278.6,0,2.0,0
1237,2023-01-21 13:35:59.999,0.4047728029234356,0.40865,0.0623178638745505,0.062595,-0.8948962350199983,-0.9044293497199556,-2.7710698762705115,-2.775507154731262,0.03665483866308161,0.04256057327486573,0.030255432854098357,0.013314484368924085,0.03025691385521129,0.013313299472594131,0.4805664306613595,0.9241920362674718,0.9441970239451926,0.013444100404307177,0.0425605732748657,0.40865,249180.0,0.062595,306369.2,0,2.0,0
1238,2023-01-21 13:36:59.999,0.4046841154199288,0.4085,0.0623488832279891,0.06254,-0.8952633646820796,-0.9046484781302561,-2.771948926952442,-2.7750095183558905,0.03602890317606955,0.04291204871461307,0.030263609281170157,0.013311408259224477,0.030264943531087968,0.013310156755809934,0.4330497191526757,0.9501954404168964,0.9241920362674718,0.013441359948282522,0.0429120487146126,0.4085,172983.0,0.06254,205955.9,0,2.0,0
1239,2023-01-21 13:37:59.999,0.4046585614781045,0.4087,0.0622922155972259,0.06255,-0.8947738884119054,-0.9047116255276744,-2.771789042069217,-2.7759188112809654,0.03670908326641387,0.04327082251773651,0.03027200337596921,0.013308174035911169,0.030273493095916083,0.013306994242856895,0.48362463025430147,0.9767545199432245,0.9501954404168964,0.013438022774358653,0.0432708225177362,0.4086999999999999,96260.0,0.06255,82712.9,0,2.0,0
1240,2023-01-21 13:38:59.999,0.4048223383336178,0.4089,0.0623012857603485,0.062565,-0.8942846516115405,-0.904306978900963,-2.771549262665119,-2.7757732151938534,0.036994708210808636,0.04356404479170373,0.030280623085259785,0.013304720800498535,0.030282176911949336,0.013303573179418613,0.5045660446506183,0.9983991325805353,0.9767545199432245,0.01343446451256916,0.0435640447917036,0.4089,71623.0,0.062565,151056.5,0,2.0,0
1241,2023-01-21 13:39:59.999,0.4049757069123772,0.40865,0.0622992608846533,0.062525,-0.8948962350199983,-0.9039281966070478,-2.772188802218454,-2.7758057170688435,0.03740006009128716,0.04347527126815365,0.030288941293982564,0.013301733948834755,0.03029058700534505,0.013300634504726877,0.5345213480917387,0.9913241405137425,0.9983991325805353,0.013431416297072417,0.0434752712681534,0.4086499999999999,61892.0,0.062525,235982.1,0,2.0,0
1242,2023-01-21 13:40:59.999,0.4049238402478812,0.40845,0.0622363732944184,0.062485,-0.8953857711942588,-0.9040562783296486,-2.7728287510443903,-2.7768156705009663,0.03809759366465415,0.04350887955038418,0.03029707939558044,0.013299064713147131,0.03029888465229626,0.013298055098045922,0.5864548578614228,0.993438293577358,0.9913241405137425,0.013428513476434343,0.0435088795503841,0.40845,71172.0,0.062485,144687.9,0,2.0,0
1243,2023-01-21 13:41:59.999,0.404809404115359,0.4084,0.0621946717883607,0.062459998,-0.8955081926916266,-0.9043389297684544,-2.773228959147698,-2.7774859454727987,0.0383628776569761,0.04371361960438325,0.03030529740274862,0.0132963835215886,0.03030716215170818,0.013295409795007977,0.6059020089995721,1.0084187312936843,0.993438293577358,0.013425567385636552,0.0437135934283152,0.4084,142628.0,0.06246,278498.3,0,2.0,0
1244,2023-01-21 13:42:59.999,0.404724999730056,0.40825,0.0621853131826731,0.062445,-0.8958755471315626,-0.9045474555215488,-2.7734691096670887,-2.777636429583364,0.03827736944066251,0.043542583069646645,0.03031350342210154,0.013293611053566448,0.030315346482971378,0.013292624698464222,0.5989804977049442,0.9951456827071806,1.0084187312936843,0.013422947381633193,0.0435425830696467,0.40825,92601.0,0.062445,410353.6,0,2.0,0
1245,2023-01-21 13:43:59.999,0.4046651658666635,0.4078,0.0621931553537971,0.06242,-0.8969784208417823,-0.9046953047691546,-2.7738695421395034,-2.777510327835583,0.038026434715543456,0.04276705432773198,0.030321412677968746,0.013290853456032854,0.03032319583511699,0.013289832229143494,0.5796340200242638,0.9364065062438883,0.9951456827071806,0.013420411501202129,0.042767054327732,0.4078,153573.0,0.06242,507003.2,0,2.0,0
1246,2023-01-21 13:44:59.999,0.4045634992170845,0.40835,0.0621807021016071,0.06248,-0.8956306291778524,-0.9049465728087102,-2.7729087734507063,-2.7777105829774014,0.03793887096464432,0.04332943816974821,0.03032939402816909,0.013288309624369481,0.030331155073514256,0.013287276051051636,0.5725564714618799,0.9783068357873218,0.9364065062438883,0.013417457561225254,0.0433294381697482,0.40835,83301.0,0.06248,141008.7,0,2.0,0
1247,2023-01-21 13:45:59.999,0.4047983119374466,0.4083,0.062232999983065,0.06249,-0.895753080656607,-0.9043663311325797,-2.7727487350411466,-2.776869873575432,0.03783185071398376,0.04307615871945303,0.030337332017447562,0.01328567900385955,0.0303390664582475,0.013284630714235642,0.5640190094036328,0.9588389647457822,0.9783068357873218,0.013414301502794974,0.043076158719453,0.4083,86218.0,0.06249,79972.6,0,2.0,0
1248,2023-01-21 13:46:59.999,0.4047798366222108,0.40794998,0.062217268530013,0.062455,-0.8966107101329449,-0.9044119729653586,-2.7733089815642646,-2.777122688668943,0.03799287980445287,0.042676518774401706,0.030345095957967482,0.013283087148830352,0.03034686586860078,0.013282059468725804,0.575664787065255,0.9283551841726848,0.9588389647457822,0.013410990539887915,0.0426765678000187,0.40795,119231.0,0.062455,304572.3,0,2.0,0
1249,2023-01-21 13:47:59.999,0.4047470243425446,0.40785,0.062164361319192,0.06244,-0.8968558192355477,-0.9044930382919496,-2.7735491833349055,-2.7779734125913746,0.0386072630606038,0.04262776947379765,0.030352708270613208,0.013280700772379715,0.03035461860497794,0.01327975751857926,0.6214454175145794,0.9242781245936409,0.9283551841726848,0.01340785470432193,0.0426277694737975,0.40785,130811.0,0.06244,241663.3,0,2.0,0
1250,2023-01-21 13:48:59.999,0.4046786092668067,0.40825,0.0621585089128808,0.062495,-0.8958755471315626,-0.9046620842748294,-2.772668725439952,-2.778067561098477,0.03851518146547095,0.0428882861094525,0.030360396120972126,0.013278342217658407,0.030362283365902583,0.013277385077574344,0.614043959102964,0.9434829877949649,0.9242781245936409,0.013404932949657007,0.0428882861094526,0.40825,60058.0,0.0624949999999999,331557.5,0,2.0,0
1251,2023-01-21 13:49:59.999,0.404712060519818,0.4087,0.0622484781044344,0.062555,-0.8947738884119054,-0.9045794264081675,-2.771709109212774,-2.776621192057716,0.03741546362481252,0.04320547911988215,0.03036803960834149,0.013276230231555813,0.030369670578953956,0.01327512672463652,0.5307514716814485,0.966949148036601,0.9434829877949649,0.013402351307098926,0.0432054791198819,0.4086999999999999,130520.0,0.062555,145910.2,0,2.0,0
1252,2023-01-21 13:50:59.999,0.4047915428135721,0.4088,0.0623541409715083,0.06255,-0.8945292400926423,-0.9043830534860897,-2.771789042069217,-2.774925194121477,0.03622539456496088,0.04351547083699958,0.03037565235737004,0.013274337887125768,0.030377006150984383,0.013273100029478619,0.44061962924920606,0.9898662058597522,0.966949148036601,0.013399986328189376,0.0435154708369995,0.4088,177940.0,0.06255,90466.7,0,2.0,0
1253,2023-01-21 13:51:59.999,0.4047954665092693,0.4089,0.0623941847105899,0.06257,-0.8942846516115405,-0.9043733604064034,-2.771469348971865,-2.7742832016901082,0.03571027258449144,0.043498717059345826,0.030383263301541622,0.013272433984963517,0.030384496120167626,0.013271145460684487,0.4013049574432988,0.9881724612578855,0.9898662058597522,0.013397712826180852,0.0434987170593457,0.4089,87680.0,0.06257,609385.9,0,2.0,0
1254,2023-01-21 13:52:59.999,0.4048133677468903,0.40885,0.06241067615869,0.062595,-0.8944069383741509,-0.9043291384639874,-2.7710698762705115,-2.7740189259546724,0.03553845477439099,0.043049869920713135,0.03039077138083501,0.01327042303272621,0.03039196269844519,0.013269118401911731,0.3878548611944204,0.9539333078274523,0.9881724612578855,0.013395337728456618,0.0430498699207131,0.40885,454791.0,0.062595,124218.6,0,2.0,0
1255,2023-01-21 13:53:59.999,0.4048011224217692,0.40925,0.0623965055843564,0.062625,-0.8934290627308927,-0.904359388231675,-2.770590719577108,-2.7742460054255265,0.035693837609726775,0.04363604523140463,0.030398602871139505,0.013268254268149602,0.030399828336249105,0.013266963362345738,0.39903700107464785,0.9976777722779673,0.9539333078274523,0.013392730877415536,0.0436360452314046,0.40925,240521.0,0.062625,160409.3,0,2.0,0
1256,2023-01-21 13:54:59.999,0.4049016159562223,0.4095,0.062391520727948,0.062645,-0.892818375689013,-0.9041111649511896,-2.770271409284621,-2.774325898610127,0.0360073718571855,0.04398570294930504,0.03040655998488458,0.01326609258834904,0.030407856169071643,0.013264831011010178,0.4221324556239053,1.0235977831442513,0.9976777722779673,0.013390077065363057,0.0439857029493051,0.4095,161058.0,0.062645,59687.0,0,2.0,0
1257,2023-01-21 13:55:59.999,0.40500154040504,0.40965,0.0623967380272863,0.062655,-0.8924521423943134,-0.9038644084135965,-2.770111792364889,-2.7742422801768964,0.036185772116851256,0.04422145283136947,0.03041451378401295,0.013264072347820224,0.03041584941426817,0.013262827953335343,0.43504467696363824,1.0409276039289328,1.0235977831442513,0.013387213019116724,0.0442214528313695,0.40965,40085.0,0.0626549999999999,46761.1,0,2.0,0
1258,2023-01-21 13:56:59.999,0.4051191264764743,0.4095,0.0624153232395215,0.062645,-0.892818375689013,-0.9035741156780398,-2.770271409284621,-2.7739444690169184,0.036232610608709526,0.04398570294930504,0.030422502359897883,0.013261850905921243,0.030423846981107977,0.0132606107424571,0.43804646259642976,1.0227230486621868,1.0409276039289328,0.013384142712977535,0.0439857029493051,0.4095,66342.0,0.062645,559417.7,0,2.0,0
1259,2023-01-21 13:57:59.999,0.4051841320303787,0.4094,0.0624224503041938,0.06264,-0.8930626057549479,-0.9034136682076356,-2.770351227299589,-2.773830287796319,0.03629971737721538,0.04380672240077932,0.03043061006684552,0.013259324249899833,0.030431968342085135,0.013258090447552127,0.4425787452833089,1.0088079966846613,1.0227230486621868,0.013381338880895571,0.0438067224007792,0.4094,101123.0,0.06264,71743.8,0,2.0,0
1260,2023-01-21 13:58:59.999,0.4052101701941911,0.40945,0.0624243800693976,0.06265,-0.8929404832659399,-0.9033494077266576,-2.7701915976400597,-2.773799373672217,0.0363387062239694,0.04379835106264063,0.03043890703526884,0.01325647188111857,0.030440272413465717,0.013255241626036847,0.4449887808093649,1.0077676886562767,1.0088079966846613,0.013378643304759144,0.0437983510626405,0.40945,86081.0,0.06265,109372.1,0,2.0,0
1261,2023-01-21 13:59:59.999,0.40516318568541,0.4094,0.0624212107567149,0.06265,-0.8930626057549479,-0.9034653654108359,-2.7701915976400597,-2.773850145392106,0.03626425333318972,0.043676228573632625,0.030447205239598034,0.01325353514462088,0.0304485514668819,0.013252296832639062,0.4388448236372385,0.9981505454719198,1.0077676886562767,0.013376068796878977,0.0436762285736325,0.4094,56846.0,0.06265,40973.0,0,2.0,0
1262,2023-01-21 14:00:59.999,0.405000786616172,0.4096,0.0624101748286232,0.062655,-0.892574205256839,-0.903866269615331,-2.770111792364889,-2.7740269587482778,0.036007890259744935,0.04409938996884388,0.03045572133382328,0.013250484700946728,0.030457006260674914,0.013249220514988454,0.418959288419305,1.0296731736949807,0.9981505454719198,0.013373646175926216,0.0440993899688437,0.4095999999999999,36118.0,0.062655,229281.1,0,2.0,0
1263,2023-01-21 14:01:59.999,0.4049035129083406,0.4098,0.0624215169769419,0.062635,-0.8920860431773376,-0.9041064799916835,-2.770431051685982,-2.7738452396962345,0.03561912845105508,0.04484853970430169,0.030464201435582254,0.013247970321638613,0.03046539442956871,0.01324666933236298,0.38905885639458576,1.0857767582121418,1.0296731736949807,0.013371287388414938,0.0448485397043016,0.4098,76152.0,0.062635,218112.0,0,2.0,0
1264,2023-01-21 14:02:59.999,0.4049236705205865,0.40985,0.0624114739312696,0.06262,-0.8919640398830975,-0.9040566974882988,-2.7706705630838777,-2.7740061434063983,0.035800446290688126,0.04516633843561024,0.030472631217155568,0.013245736435921104,0.030473864222264,0.013244451574672732,0.40217460408931627,1.1093159893025517,1.0857767582121418,0.013368923547884496,0.0451663384356098,0.40985,174191.0,0.06262,44036.2,0,2.0,0
1265,2023-01-21 14:03:59.999,0.4050308732751631,0.40985,0.0624038068701158,0.062615,-0.8919640398830975,-0.9037919844719356,-2.7707504129661413,-2.774128997933732,0.036165590251408974,0.04523161400385067,0.030481031354919377,0.013243586710044568,0.03048234692050524,0.013242336458702663,0.4291722498236929,1.1137906197075562,1.1093159893025517,0.013366501609849394,0.0452316140038506,0.40985,27332.0,0.062615,200183.4,0,2.0,0
1266,2023-01-21 14:04:59.999,0.4051593119095054,0.4098,0.062395174037477,0.06262,-0.8920860431773376,-0.9034749264829179,-2.7706705630838777,-2.7742673457405775,0.03659574460889525,0.04504433514137007,0.030489168508183846,0.013241732858877005,0.030490581740329346,0.013240526339274824,0.4610966899749609,1.0991889647908673,1.1137906197075562,0.013364121543417347,0.0450443351413696,0.4098,60357.0,0.06262,116220.6,0,2.0,0
1267,2023-01-21 14:05:59.999,0.4052125962961108,0.40975,0.0623861692072621,0.062655,-0.892208061358198,-0.9033434204764963,-2.770111792364889,-2.77441167549367,0.03684523709669962,0.04446553386748486,0.030496999101223738,0.013239993190213767,0.030498468260676523,0.013238813216328593,0.47940617729956886,1.0550258270967883,1.0991889647908673,0.013361492905204074,0.0444655338674848,0.40975,35269.0,0.0626549999999999,191064.8,0,2.0,0
1268,2023-01-21 14:06:59.999,0.4051606697278637,0.40955,0.0624143828012048,0.062665,-0.892696283020526,-0.9034715751688962,-2.7699522009186515,-2.7739595365572747,0.03634746850932391,0.04384684961655794,0.030504482679327555,0.013238400052303832,0.030505834909327553,0.013237166472626748,0.4413054419219039,1.007853432780078,1.0550258270967883,0.013358392254355539,0.0438468496165578,0.4095499999999999,92381.0,0.062665,177789.6,0,2.0,0
1269,2023-01-21 14:07:59.999,0.4050051945338573,0.40895,0.0624246511787422,0.062605,-0.894162379801154,-0.9038553859483263,-2.770910131861226,-2.7737950306774515,0.03582917769711358,0.043163840861095926,0.03051163183148144,0.013236895231266352,0.030512862460008547,0.013235610603214605,0.4016675464760069,0.9558290527018147,1.007853432780078,0.01335491524782708,0.0431638408610959,0.40895,387943.0,0.062605,125111.5,0,2.0,0
1270,2023-01-21 14:08:59.999,0.4047657542487226,0.4087,0.0623598427121344,0.06259,-0.8947738884119054,-0.9044467637755327,-2.7711497580455267,-2.7748337570514447,0.03608693642949223,0.04274822152283986,0.030518717395788392,0.013235250843392608,0.030520006037082936,0.013233990290358176,0.42065395774584846,0.9240099996409786,0.9558290527018147,0.013351350435635592,0.0427482215228396,0.4086999999999999,95883.0,0.06259,342867.8,0,2.0,0
1271,2023-01-21 14:09:59.999,0.4047130788835867,0.40905,0.0623500543314695,0.062605,-0.8939178810224298,-0.9045769101439223,-2.770910131861226,-2.7749907354616115,0.03608511654868951,0.04340833963982016,0.030526003572149372,0.013233680598381927,0.03052729010604813,0.013232419373352133,0.42001589322614036,0.973450732160326,0.9240099996409786,0.013347726484630826,0.0434083396398201,0.40905,139090.0,0.062605,255792.2,0,2.0,0
1272,2023-01-21 14:10:59.999,0.4049116797864075,0.40915,0.0623658791172467,0.06259,-0.8936734420087463,-0.9040863102587843,-2.7711497580455267,-2.77473696217981,0.036368262212177815,0.04384866792599895,0.030533478717031,0.013232083431477536,0.030534829048781784,0.013230849887677872,0.44089633038833076,1.0062806267751243,0.973450732160326,0.013343990478257788,0.043848667925999,0.40915,51537.0,0.06259,71085.1,0,2.0,0
1273,2023-01-21 14:11:59.999,0.4050335240161493,0.40885,0.0623278504761461,0.06256,-0.8944069383741509,-0.9037854399527713,-2.771629182745081,-2.775346914940123,0.03716775583359844,0.04350709098244865,0.03054091727904367,0.013230342078695475,0.030542450914441622,0.013229195089967035,0.500809374576494,0.9800331409634615,1.0062806267751243,0.013340235738805932,0.0435070909824488,0.40885,49551.0,0.06256,256427.0,0,2.0,0
1274,2023-01-21 14:12:59.999,0.4049714836979245,0.4084,0.0622734654971762,0.062555,-0.8955081926916266,-0.9039386249769508,-2.771709109212774,-2.7762198588893687,0.03772818378809362,0.04247117484016094,0.03054818795415226,0.013228265713030225,0.030549849605583396,0.01322718582257343,0.5426954968954713,0.9013265340039391,0.9800331409634615,0.013336496587555674,0.0424711748401609,0.4084,162939.0,0.062555,227617.4,0,2.0,0
1275,2023-01-21 14:13:59.999,0.4047929305838059,0.4085,0.0622678246450422,0.062565,-0.8952633646820796,-0.9043796251341898,-2.771549262665119,-2.776310444945309,0.037361235791089964,0.04258533172116463,0.030555251035619426,0.013226544907266631,0.030556826130448283,0.013225419518144942,0.5144948068608487,0.9095406827625792,0.9013265340039391,0.013332777766790852,0.0425853317211646,0.4085,220595.0,0.062565,87396.9,0,2.0,0
1276,2023-01-21 14:14:59.999,0.4047494204925887,0.40895,0.0622968751224208,0.062584996,-0.894162379801154,-0.9044871181917209,-2.7712297101152306,-2.7758440129953343,0.036872444606161014,0.043425089237875136,0.03056247912680053,0.013225043901862629,0.030563939428924887,0.013223861817745706,0.4770546807113831,0.9725948894024484,0.9095406827625792,0.013329577465916587,0.0434250369903015,0.40895,244803.0,0.062585,106528.9,0,2.0,0
1277,2023-01-21 14:15:59.999,0.404853817754822,0.40895,0.0623520623183858,0.062575,-0.894162379801154,-0.9042292208467501,-2.771389441664299,-2.774958530925387,0.036406479327369845,0.04355566635753738,0.03056953420551108,0.013223843922379068,0.030570885037522616,0.013222611738277325,0.441334465940199,0.9820240036294984,0.9725948894024484,0.013326654640088299,0.0435556663575376,0.40895,239048.0,0.062575,254098.3,0,2.0,0
1278,2023-01-21 14:16:59.999,0.4048823069804504,0.40895,0.0623531094226741,0.062565,-0.894162379801154,-0.9041588541562445,-2.771549262665119,-2.774941737647711,0.03646311787311396,0.043686316602090214,0.030576560872454098,0.013222746966615738,0.030577923186039063,0.013221520023353122,0.445122397173691,0.9914547833922182,0.9820240036294984,0.013323883255797291,0.0436863166020904,0.40895,321681.0,0.062565,480635.6,0,2.0,0
1279,2023-01-21 14:17:59.999,0.404950522377018,0.4088,0.0623287638035283,0.062535,-0.8945292400926423,-0.9039903863089159,-2.772028878981267,-2.775332261447607,0.036950830561222836,0.04371153237491643,0.03058350429866512,0.013221766912897589,0.030584977875675663,0.013220591657531826,0.48151042331910465,0.9929102640166164,0.9914547833922182,0.013320713405792505,0.0437115323749164,0.4088,126144.0,0.062535,216175.3,0,2.0,0
1280,2023-01-21 14:18:59.999,0.4048948867681818,0.409,0.0622690628591964,0.06251,-0.8940401229393353,-0.9041277844056279,-2.772428735038416,-2.7762905598465397,0.03759682087737781,0.044527523289396465,0.030590560495996826,0.013221072632372806,0.03059218194019525,0.013219972251574796,0.5298527715402845,1.0541476611567748,0.9929102640166164,0.013317386136334385,0.0445275232893966,0.409,228855.0,0.06251,492562.3,0,2.0,0
1281,2023-01-21 14:19:59.999,0.4049986750089456,0.4093,0.0622257271415647,0.062555,-0.8933068954837797,-0.9038714834638,-2.771709109212774,-2.7769867451147223,0.03842223836256076,0.04467247204800784,0.03059747557305266,0.013220623802353846,0.03059928644155289,0.013219629720907,0.591767854786112,1.06462423296919,1.0541476611567748,0.013314112940147286,0.0446724720480078,0.4093,110670.0,0.062555,308413.4,0,2.0,0
1282,2023-01-21 14:20:59.999,0.4050351464094083,0.4096,0.0622845436472151,0.062584996,-0.892574205256839,-0.9037814343830751,-2.7712297101152306,-2.7760419795198414,0.037739961807836786,0.04501326378219017,0.03060450227217242,0.013220216964369513,0.030606153616661115,0.013219132700243821,0.5396578090969683,1.0899035582283974,1.06462423296919,0.013310942435005984,0.0450132115346162,0.4095999999999999,108661.0,0.062585,246400.1,0,2.0,0
1283,2023-01-21 14:21:59.999,0.4050407923379497,0.4095,0.0623496192231934,0.062565,-0.892818375689013,-0.9037674951256021,-2.771549262665119,-2.774997713960652,0.03690023634048467,0.04503032071423119,0.030611378349956725,0.013219993338824777,0.030612833767219058,0.01321880964489576,0.4756406017007285,1.0906921051108691,1.0899035582283974,0.013307784871095154,0.0450303207142313,0.4095,90077.0,0.062565,203256.0,0,2.0,0
1284,2023-01-21 14:22:59.999,0.4049823162929155,0.4096,0.0623628871367419,0.06255,-0.892574205256839,-0.903911876303158,-2.771789042069217,-2.77478493796912,0.03658191534784816,0.045470505672802974,0.030618527266828496,0.013219676388242509,0.030619907361269842,0.01321845783888942,0.45103657773433803,1.1234751872733986,1.0906921051108691,0.013304428445278182,0.0454705056728028,0.4095999999999999,51120.0,0.06255,115721.0,0,2.0,0
1285,2023-01-21 14:23:59.999,0.4049873382240496,0.40985,0.0623914962836628,0.06255,-0.8919640398830975,-0.9038994760086378,-2.771789042069217,-2.7743262903987818,0.036219381078570034,0.04608067104654445,0.030626140494661794,0.013219108402121937,0.03062743492664141,0.013217852492400513,0.4230601117045044,1.169105364882392,1.1234751872733986,0.01330136917339981,0.0460806710465444,0.40985,68417.0,0.06255,61200.9,0,2.0,0
1286,2023-01-21 14:24:59.999,0.4050384161558227,0.40965,0.0623849301042247,0.06252,-0.8924521423943134,-0.903773361668286,-2.772268773428861,-2.7744315375137094,0.03643153268081589,0.04598473864523667,0.030633779091710445,0.013218446989402692,0.030635120853707457,0.013217211560439588,0.43855027973204763,1.1613285256454997,1.169105364882392,0.01329869994971616,0.0459847386452365,0.4096499999999999,94844.0,0.06252,194920.2,0,2.0,0
1287,2023-01-21 14:25:59.999,0.4049936630617701,0.4099,0.0623041804081541,0.06251,-0.8918420514718453,-0.9038838587590713,-2.772428735038416,-2.7757267541854382,0.0373798474735888,0.046725594756886535,0.030641433737617737,0.013218188686456123,0.030642993194626756,0.013217056509767353,0.509709122752372,1.2168203526818513,1.1613285256454997,0.013296071120767463,0.0467255947568865,0.4099,33110.0,0.06251,221334.9,0,2.0,0
1288,2023-01-21 14:26:59.999,0.4050486596972611,0.4099,0.0622536442929946,0.062525,-0.8918420514718453,-0.903748071692074,-2.772188802218454,-2.7765382024915355,0.03817897614832044,0.04652945481630666,0.03064920290797906,0.013217661292402363,0.030650945507664396,0.013216628027151766,0.5695878423142976,1.2014418857484053,1.2168203526818513,0.013293320972600161,0.0465294548163066,0.4099,29848.0,0.062525,169163.2,0,2.0,0
1289,2023-01-21 14:27:59.999,0.4050855604079401,0.40985,0.062246268341055,0.06252,-0.8919640398830975,-0.9036569739213869,-2.772268773428861,-2.7766566917626068,0.038366936359881976,0.04647284115645256,0.030657321910231194,0.013216606289744868,0.030659106130191766,0.013215597177592145,0.5832373767232637,1.1966399618405117,1.2014418857484053,0.013290530346473676,0.046472841156453,0.40985,106080.0,0.0625199999999999,69227.7,0,2.0,0
1290,2023-01-21 14:28:59.999,0.4051542150986825,0.40975,0.0622481074401829,0.062529996,-0.892208061358198,-0.9034875063317125,-2.7721089013722273,-2.7766271466668306,0.03851225146666182,0.0460981276997654,0.03066551149425835,0.013215210256647071,0.03066732744889209,0.013214220036416792,0.5936728763521467,1.1677919538014656,1.1966399618405117,0.013287915095574601,0.0460980754062354,0.40975,94888.0,0.06253,181988.1,0,2.0,0
1291,2023-01-21 14:29:59.999,0.4052288601645351,0.40975,0.0622819943304926,0.062545,-0.892208061358198,-0.9033032846510229,-2.7718689813154325,-2.7760829105236926,0.03825157175873084,0.04590199819280083,0.030673495121895412,0.013213994617881752,0.030675248900334857,0.013212968304125135,0.5734005171291169,1.1524526467036353,1.1677919538014656,0.01328529204843964,0.0459019981928008,0.40975,58859.0,0.062545,105375.0,0,2.0,0
1292,2023-01-21 14:30:59.999,0.405275435331017,0.4099,0.0623094074852064,0.06256,-0.8918420514718453,-0.9031883557930463,-2.771629182745081,-2.7756428616157156,0.038006770060976414,0.046071977884754256,0.030681509293733443,0.0132128324474048,0.030683204563524517,0.013211773320148843,0.5543211588623737,1.164812212088842,1.1524526467036353,0.013282702280103264,0.0460719778847542,0.4099,89457.0,0.06256,142265.1,0,2.0,0
1293,2023-01-21 14:31:59.999,0.4052513839749495,0.40995,0.0623161625523027,0.06257,-0.8917200779399503,-0.9032477032581806,-2.771469348971865,-2.775534455819042,0.037858803179284695,0.04606329073093596,0.030689301232337242,0.01321197572488346,0.03069096045519004,0.013210896956794772,0.542570481590806,1.1636404591361242,1.164812212088842,0.013280333006115896,0.0460632907309359,0.40995,28625.0,0.06257,71644.6,0,2.0,0
1294,2023-01-21 14:32:59.999,0.4051185124630255,0.4099,0.0623180123180277,0.062595,-0.8918420514718453,-0.9035756313159694,-2.7710698762705115,-2.775504772696783,0.037506609804908275,0.04561475682301874,0.030696978254429935,0.013211010684886814,0.03069855419322894,0.013209888004676639,0.515375725310397,1.1291928319802593,1.1636404591361242,0.013277978187825574,0.0456147568230187,0.4099,107956.0,0.062595,201816.6,0,2.0,0
1295,2023-01-21 14:33:59.999,0.4049663868871015,0.40985,0.0623508516596075,0.0626,-0.8919640398830975,-0.9039512106603919,-2.7709900008760844,-2.774977947613253,0.03670036224012263,0.04542747198787911,0.030704498073498558,0.013210147693774115,0.030705885683812516,0.013208933873200504,0.45381986266675606,1.1145200080782915,1.1291928319802593,0.013275691312870977,0.0454274719878791,0.40985,45958.0,0.0626,54839.7,0,2.0,0
1296,2023-01-21 14:34:59.999,0.4049243144859108,0.40985,0.0623678817708644,0.06262,-0.8919640398830975,-0.904055107151998,-2.7706705630838777,-2.774704851328608,0.03637321538597149,0.04516633843561024,0.03071176415355189,0.013209467540496497,0.030713074371379333,0.013208219670246005,0.4285317140312777,1.0942586624135084,1.1145200080782915,0.013273606703268093,0.0451663384356098,0.40985,50252.0,0.06262,497190.2,0,2.0,0
1297,2023-01-21 14:35:59.999,0.4050194366506818,0.4099,0.0624015322182704,0.062635,-0.8918420514718453,-0.9038202212970856,-2.770431051685982,-2.7741654491282444,0.03616715149693084,0.04509253140979408,0.03071891769751534,0.013208885654955406,0.030720178570877846,0.013207617115996016,0.41241148030071617,1.0881776167762023,1.0942586624135084,0.013271634102883019,0.045092531409794,0.4099,60090.0,0.062635,206390.9,0,2.0,0
1298,2023-01-21 14:36:59.999,0.4051597012838875,0.40995,0.0624177810012849,0.06264,-0.8917200779399503,-0.9034739654431897,-2.770351227299589,-2.7739050922541812,0.03630057118353458,0.04514925021577687,0.03072583094157535,0.013208620963531476,0.030727121092059488,0.013207364675052671,0.42199562354803116,1.091970109069225,1.0881776167762023,0.013269625166604921,0.0451492502157768,0.40995,75261.0,0.06264,100967.8,0,2.0,0
1299,2023-01-21 14:37:59.999,0.4052344262214083,0.4099,0.0624093695005373,0.06263,-0.8918420514718453,-0.903289549156851,-2.7705108824448157,-2.774039862626276,0.03659515936206692,0.045157791345040055,0.03073282969059117,0.01320825596987952,0.030734186397295988,0.013207028542819703,0.44377680761183647,1.0921170582508375,1.091970109069225,0.013267502122237236,0.04515779134504,0.4099,70098.0,0.0626299999999999,337765.5,0,2.0,0
1300,2023-01-21 14:38:59.999,0.4051834331532825,0.4099,0.0623808923527563,0.062635,-0.8918420514718453,-0.9034153930473904,-2.770431051685982,-2.774496262794885,0.036842412832555405,0.04509253140979408,0.030740128313828004,0.013207477375648176,0.030741540552781662,0.013206275206174949,0.4619676770722691,1.0866876912035377,1.0921170582508375,0.013265364098844068,0.045092531409794,0.4099,23176.0,0.062635,97201.8,0,2.0,0
1301,2023-01-21 14:39:59.999,0.4050779126957161,0.4099,0.0623868260918708,0.06266,-0.8918420514718453,-0.9036758533512257,-2.7700319934580917,-2.774401146218371,0.036504196764966634,0.04476630985694929,0.030747618202664896,0.013206254820071558,0.030748950435611502,0.013205016905640687,0.4358378615097953,1.0615190941930073,1.0866876912035377,0.013263328717754052,0.0447663098569492,0.4099,130567.0,0.06266,201015.0,0,2.0,0
1302,2023-01-21 14:40:59.999,0.4049992191346848,0.4099,0.0624228951901839,0.062675,-0.8918420514718453,-0.9038701399399633,-2.76979263493778,-2.773823160802704,0.035837419480279076,0.04457063939403061,0.03075497879206175,0.013205095728821203,0.03075615501068897,0.013203793952754984,0.38483366885090586,1.0462370652728439,1.0615190941930073,0.013261165045176661,0.0445706393940308,0.4099,314485.0,0.062675,337534.9,0,2.0,0
1303,2023-01-21 14:41:59.999,0.4050133264680694,0.40955,0.0624486483557139,0.062655,-0.892696283020526,-0.9038353075575203,-2.770111792364889,-2.7734106862682535,0.035535062766662406,0.04397731220515688,0.030762005098137504,0.013204053854048152,0.03076310971689903,0.013202725498879955,0.3614369661906704,1.000852257427576,1.0462370652728439,0.013258720521278371,0.0439773122051567,0.4095499999999999,199586.0,0.062655,60157.4,0,2.0,0
1304,2023-01-21 14:42:59.999,0.4050235999613834,0.4097,0.0624235760746363,0.06268,-0.8923300944293117,-0.9038099420637278,-2.769712861494317,-2.773812253254489,0.03588870066950545,0.04401738335540595,0.030768698694630604,0.01320344240689796,0.030769883605987897,0.01320214420853168,0.3877261892208081,1.0034265498710964,1.000852257427576,0.013255953831415666,0.0440173833554058,0.4096999999999999,129061.0,0.06268,157698.3,0,2.0,0
1305,2023-01-21 14:43:59.999,0.4051485941300374,0.41005,0.0624359773271651,0.0627,-0.8914761754997168,-0.9035013800800968,-2.769393831343262,-2.773613610023247,0.036034876066846744,0.0446105019706412,0.03077509322862929,0.013203455198714036,0.030776310489179677,0.01320216971246864,0.3983107089360224,1.0478627400015283,1.0034265498710964,0.013253033030988508,0.044610501970641,0.41005,69057.0,0.0627,74671.1,0,2.0,0
1306,2023-01-21 14:44:59.999,0.4052327539083566,0.4099,0.0624390661959274,0.062695,-0.8918420514718453,-0.9032936759446907,-2.769473579339636,-2.773564138668911,0.03620213842983755,0.044309818277221025,0.030781450166498893,0.01320335917632345,0.030782704665055557,0.013202088762222659,0.41049820694203504,1.024615624710225,1.0478627400015283,0.013249989594401105,0.0443098182772212,0.4099,102474.0,0.062695,26277.9,0,2.0,0
1307,2023-01-21 14:45:59.999,0.4051483595070122,0.4097,0.0624328573474944,0.062745,-0.8923300944293117,-0.9035019591839034,-2.7686763854198655,-2.773663582134855,0.036075148093798304,0.04317008636749098,0.030787544561882516,0.013202999922059306,0.030788768260917906,0.013201717068246419,0.4004312322065683,0.9378582048553952,1.024615624710225,0.013247307128019348,0.0431700863674908,0.4097,111165.0,0.062745,828309.4,0,2.0,0
1308,2023-01-21 14:46:59.999,0.4050419155332829,0.40985,0.0625150248121048,0.062875,-0.8919640398830975,-0.9037647220869425,-2.7666066505622338,-2.7723483541368314,0.034737214476629585,0.041844177004570327,0.03079313595208188,0.013202566440929878,0.030794048721932497,0.013201174953359648,0.29869809078574233,0.837037336788445,0.9378582048553952,0.013245006014095295,0.0418441770045703,0.40985,35962.0,0.062875,1263441.1,0,2.0,0
1309,2023-01-21 14:47:59.999,0.4050625523755376,0.40975,0.0627007018244866,0.062895,-0.892208061358198,-0.9037137734918496,-2.7662886096913013,-2.769382638032915,0.032363753687078556,0.04134016393041873,0.030798523627110396,0.01320212038637331,0.030798885865032162,0.013200614099189809,0.11854507754623612,0.7984808496511653,0.837037336788445,0.01324286523769518,0.0413401639304185,0.4097499999999999,196749.0,0.062895,468031.1,0,2.0,0
1310,2023-01-21 14:48:59.999,0.4050663113359193,0.4092,0.0627391584627984,0.06285,-0.8935512449046656,-0.9037044935845409,-2.7670043439458807,-2.768769489398525,0.03187179772038218,0.040582077804915295,0.030803604015946316,0.013201661436715298,0.03080385122578303,0.013200143732018473,0.08090415652132021,0.7407002395754484,0.7984808496511653,0.013240978869131784,0.0405820778049152,0.4092,459947.0,0.06285,307784.2,0,2.0,0
1311,2023-01-21 14:49:59.999,0.4050008764717986,0.40875,0.062668153592121,0.06281,-0.8946515567706739,-0.9038660477500419,-2.7676409825158474,-2.7699018775679454,0.03263594662584535,0.04000220433205448,0.030808663102668856,0.013200997860017017,0.030809085987075973,0.013199499496387167,0.13840378108801804,0.6964277493924065,0.7407002395754484,0.01323924149706515,0.0400022043320544,0.40875,52950.0,0.06281,409887.8,0,2.0,0
1312,2023-01-21 14:50:59.999,0.4048836148790161,0.40895,0.0625838074750396,0.06279,-0.894162379801154,-0.904155623843557,-2.767959453856119,-2.7712487008689557,0.033447369729830645,0.04075172480008882,0.030813958443730968,0.013200397142269277,0.030814567888601624,0.013198930367104709,0.19947084862199688,0.7528384373024591,0.6964277493924065,0.01323757815855221,0.040751724800089,0.40895,294002.0,0.06279,847713.5,0,2.0,0
1313,2023-01-21 14:51:59.999,0.4049879472455191,0.409,0.0625405926455091,0.062795,-0.8940401229393353,-0.9038979722060393,-2.767879826512047,-2.7719394507340045,0.03426969458507634,0.040808888013871725,0.030819315675391742,0.01319975615751178,0.03082011418937223,0.013198333025297496,0.2613648548716139,0.7567997635164699,0.7528384373024591,0.01323599957056764,0.0408088880138719,0.409,157687.0,0.0627949999999999,459749.1,0,2.0,0
1314,2023-01-21 14:52:59.999,0.404966182215952,0.4088,0.0625568094287321,0.06266,-0.8945292400926423,-0.9039517160633287,-2.7700319934580917,-2.7716801842257484,0.03400400591118402,0.042079121236152206,0.03082504366925908,0.013199272069886287,0.03082577936984735,0.013197833225429534,0.24081426754301416,0.8526286531034497,0.7567997635164699,0.013234395368572283,0.0420791212361522,0.4088,96370.0,0.06266,506578.3,0,2.0,0
1315,2023-01-21 14:53:59.999,0.4048481818102392,0.409,0.0624348635566445,0.062505,-0.8940401229393353,-0.9042431418808735,-2.7725087254396104,-2.7736314487838856,0.03530769707075787,0.044592913728852546,0.030831276832798325,0.013199414268754331,0.030832312801379196,0.01319806247049818,0.33909403591493564,1.042594513351307,0.8526286531034497,0.013232812102603644,0.0445929137288527,0.409,78033.0,0.062505,843171.8,0,2.0,0
1316,2023-01-21 14:54:59.999,0.4048593688357575,0.40895,0.0623031666369819,0.06239,-0.894162379801154,-0.9042155096190523,-2.7743502728594422,-2.7757430256364604,0.0370614981762587,0.04597608243390172,0.0308379516464406,0.01319978031796752,0.030839391948808057,0.013198592330246355,0.47142195711218743,1.1468471764530141,1.042594513351307,0.013231242259096436,0.0459760824339019,0.40895,257042.0,0.06239,958016.7,0,2.0,0
1317,2023-01-21 14:55:59.999,0.4048246296520975,0.4092,0.0622222529419798,0.06235,-0.8935512449046656,-0.9043013188575854,-2.7749916068560916,-2.777042578878894,0.03803804587493842,0.04711149413426674,0.03084494556553837,0.013200396616015403,0.030846610249710877,0.013199322553330511,0.5448336909846155,1.2322772596842242,1.1468471764530141,0.013229608789394744,0.0471114941342667,0.4092,24397.0,0.06235,452258.9,0,2.0,0
1318,2023-01-21 14:56:59.999,0.4048812287129306,0.40965,0.0621749994720978,0.06242,-0.8924521423943134,-0.9041615173226438,-2.7738695421395034,-2.777802297783255,0.038798901339820224,0.04729333277520087,0.03085199438213469,0.013201047751645436,0.030853833518204508,0.013200073613478738,0.6018957207558996,1.2454570805576293,1.2322772596842242,0.013227688139421831,0.0472933327752007,0.4096499999999999,125684.0,0.06242,291935.4,0,2.0,0
1319,2023-01-21 14:57:59.999,0.404994222163447,0.40955,0.0622059459371224,0.062395,-0.892696283020526,-0.9038824782404559,-2.7742701350223196,-2.777304689961392,0.038671156687178354,0.047376668249360265,0.030859208423462514,0.01320156073820807,0.030861016326323824,0.013200567880376476,0.5916518464682738,1.251174778001269,1.2454570805576293,0.013225861094252065,0.0473766682493601,0.4095499999999999,97797.0,0.062395,314124.1,0,2.0,0
1320,2023-01-21 14:58:59.999,0.4049657628896942,0.4095,0.0621398232568557,0.06238,-0.892818375689013,-0.9039527515238024,-2.77451056780248,-2.7783682192946038,0.03947029585125983,0.047451124228205965,0.030866501098787653,0.013202022595101724,0.030868492257027067,0.013201143579107566,0.6515953366226677,1.2562183566911647,1.251174778001269,0.013224251242845516,0.047451124228206,0.4095,46028.0,0.06238,99838.8,0,2.0,0
1321,2023-01-21 14:59:59.999,0.4049905979865054,0.40935,0.0620938737784771,0.06239,-0.8931847431596799,-0.9038914269932016,-2.7743502728594422,-2.7791079458192165,0.04013633096962488,0.04695371907537582,0.03087362224061719,0.013202401242095775,0.030875765889941193,0.013201625327591109,0.7014715877695231,1.2179675908869776,1.2562183566911647,0.01322292425814442,0.0469537190753759,0.40935,76721.0,0.06239,55741.1,0,2.0,0
1322,2023-01-21 15:00:59.999,0.4050374676797635,0.40925,0.0621054039255708,0.062405,-0.8934290627308927,-0.9037757033651026,-2.77410987861172,-2.778922274093262,0.040100271939136345,0.046512882356273266,0.030880542744625202,0.01320276162041147,0.030882676447285356,0.013201978682755421,0.6981980287463363,1.1840204391390712,1.2179675908869776,0.013221792952084173,0.0465128823562732,0.40925,35714.0,0.062405,63684.4,0,2.0,0
1323,2023-01-21 15:01:59.999,0.4051161862006911,0.40925,0.0621441183399808,0.06239,-0.8934290627308927,-0.9035813735097763,-2.7743502728594422,-2.7782991020285817,0.03978517198091336,0.046709399504162974,0.030887348959332258,0.013203341061370725,0.030889408163919534,0.013202506919748527,0.6737935356570346,1.19833688089158,1.1840204391390712,0.01322082374898715,0.0467093995041629,0.40925,136145.0,0.06239,189721.3,0,2.0,0
1324,2023-01-21 15:02:59.999,0.4051663106644259,0.40885,0.0621443018943403,0.06239,-0.8944069383741509,-0.9034576525507463,-2.7743502728594422,-2.7782961483445754,0.03990647836654082,0.045731523860904844,0.030893841967776996,0.013203742354509789,0.030895927743384205,0.013202926163695911,0.6824661829839607,1.1237482143128898,1.19833688089158,0.013220127103064054,0.045731523860905,0.40885,215271.0,0.06239,118176.7,0,2.0,0
1325,2023-01-21 15:03:59.999,0.4050113546362622,0.40885,0.0621451201112312,0.06238,-0.8944069383741509,-0.9038401761296841,-2.77451056780248,-2.7782829820287667,0.0395131916064726,0.045862561543068114,0.030900440655639055,0.013204098305217755,0.030902433886592737,0.01320322029810578,0.6521710253607763,1.13314219127834,1.1237482143128898,0.01321971535357395,0.0458625615430681,0.40885,82272.0,0.06238,263056.1,0,2.0,0
1326,2023-01-21 15:04:59.999,0.4048499889067308,0.4089,0.0621284015534998,0.062405,-0.8942846516115405,-0.9042386782509507,-2.77410987861172,-2.7785520426880015,0.0393346408104277,0.04565729347562553,0.03090717063043117,0.013204208775766838,0.030909120982243247,0.013203303086894007,0.6381372731303788,1.1170773725014613,1.13314219127834,0.013219256955409616,0.0456572934756256,0.4089,53559.0,0.062405,109965.4,0,2.0,0
1327,2023-01-21 15:05:59.999,0.404703389451846,0.40905,0.0621558973743416,0.062395,-0.8939178810224298,-0.9046008519146183,-2.7742701350223196,-2.778109576157191,0.038610760236152064,0.046155070247456464,0.03091406302388282,0.013204395062172558,0.030915844254434142,0.013203386100592582,0.5827986793003476,1.154237445321179,1.1170773725014613,0.013218890408732776,0.0461550702474564,0.40905,198978.0,0.062395,122155.2,0,2.0,0
1328,2023-01-21 15:06:59.999,0.4047126296054534,0.4096,0.0621518094009782,0.062415,-0.892574205256839,-0.9045780202597207,-2.773949647879123,-2.7781753479982285,0.03868735896216147,0.04723675463882315,0.030921226065762995,0.013204854496966137,0.030923023365669593,0.013203854871273629,0.5880355147937896,1.235570492413128,1.154237445321179,0.013218545790391004,0.047236754638823,0.4095999999999999,148530.0,0.062415,207829.3,0,2.0,0
1329,2023-01-21 15:07:59.999,0.4049597675226047,0.41,0.0621808829893173,0.06247,-0.8915981192837836,-0.9039675562604467,-2.7730688374766586,-2.777707673916536,0.03891550941796684,0.04749279697620934,0.030928542598566203,0.01320527791835384,0.030930391005606104,0.01320430870579938,0.6047358169423626,1.2543662072133066,1.235570492413128,0.01321800382902274,0.0474927969762095,0.41,408840.0,0.06247,556492.3,0,2.0,0
1330,2023-01-21 15:08:59.999,0.4051829040034811,0.4098,0.0622365546265702,0.0625,-0.8920860431773376,-0.9034166989994693,-2.772588722239781,-2.7768127569011205,0.03873479118937351,0.04661238916133259,0.030935526327261292,0.013205592850449937,0.030937331294829472,0.013204597627990955,0.5905109806613925,1.187138132426759,1.2543662072133066,0.01321737179342982,0.0466123891613325,0.4098,515433.0,0.0625,169693.2,0,2.0,0
1331,2023-01-21 15:09:59.999,0.4052028369766604,0.4099,0.0622524518563198,0.06249,-0.8918420514718453,-0.9033675052089686,-2.7727487350411466,-2.77655735716286,0.038575201164910866,0.046987187904214744,0.030942571179522402,0.013206036298421103,0.03094433758312929,0.013205018478317634,0.5778760245062357,1.2149456780313874,1.187138132426759,0.013217095272435413,0.0469871879042149,0.4099,251729.0,0.06249,172500.4,0,2.0,0
1332,2023-01-21 15:10:59.999,0.4051838924153743,0.41005,0.0622280680152009,0.06249,-0.8914761754997168,-0.9034142595809306,-2.7727487350411466,-2.776949126757909,0.038848710044579904,0.04735306387634319,0.030949760595415866,0.013206514145439807,0.03095158863277971,0.013205532488255095,0.5980161283783019,1.2420615387438454,1.2149456780313874,0.013216735147805664,0.047353063876343,0.41005,110083.0,0.06249,144543.4,0,2.0,0
1333,2023-01-21 15:11:59.999,0.4051131011575093,0.41005,0.0622256906973577,0.06251,-0.8914761754997168,-0.903588988744698,-2.772428735038416,-2.7769873307923727,0.03870521186059572,0.047091470729014984,0.030956786229368254,0.013207026343109466,0.030958579431319473,0.01320602397259103,0.5865983921696877,1.2216742876464934,1.2420615387438454,0.01321585488998205,0.0470914707290148,0.41005,161355.0,0.06251,228228.6,0,2.0,0
1334,2023-01-21 15:12:59.999,0.4050354010003505,0.41,0.0622556998351565,0.06251,-0.8915981192837836,-0.90378080581821,-2.772428735038416,-2.7765051842120405,0.03811925028600105,0.04696952694494816,0.030963648631798592,0.013207642847483627,0.030965304637735693,0.013206562984178695,0.5416962503291506,1.2118648647588977,1.2216742876464934,0.01321456432171063,0.0469695269449483,0.41,97343.0,0.06251,66082.6,0,2.0,0
1335,2023-01-21 15:13:59.999,0.4050374477118465,0.41005,0.0622628517885556,0.062535,-0.8914761754997168,-0.9037757526640418,-2.772028878981267,-2.776390310511476,0.038030396650733156,0.046764596967841965,0.030970461083434802,0.013208201260639606,0.030972094949569335,0.013207109401372506,0.5344319855812135,1.1957824970061315,1.2118648647588977,0.01321328123719805,0.0467645969678418,0.41005,333969.0,0.062535,63582.5,0,2.0,0
1336,2023-01-21 15:14:59.999,0.4051393889202846,0.41,0.0622898733902651,0.06254,-0.8915981192837836,-0.903524100915024,-2.771948926952442,-2.7759564123033935,0.03792734590942615,0.04657729411290901,0.030977388355876715,0.013208537157312556,0.03097899677002935,0.013207431752002936,0.526093889400039,1.1810471947982384,1.1957824970061315,0.013212072066142916,0.0465772941129087,0.41,84295.0,0.06254,210912.9,0,2.0,0
1337,2023-01-21 15:15:59.999,0.4052135347882114,0.41015,0.0622766903650524,0.062529996,-0.8912323325333781,-0.9033411044304938,-2.7721089013722273,-2.7761680746446267,0.03828337182377428,0.04707385652458529,0.030984315730014936,0.013209129693659217,0.0309860049353132,0.01320806776999181,0.5524931440040307,1.2180621409367962,1.1810471947982384,0.01321111604763329,0.0470738042310552,0.41015,124401.0,0.06253,94922.7,0,2.0,0
1338,2023-01-21 15:16:59.999,0.405253790108952,0.41015,0.0622474607777297,0.062545,-0.8912323325333781,-0.9032417658895383,-2.7718689813154325,-2.7766375351884856,0.038766484302750315,0.04687772701762072,0.030991214251595213,0.013209646273986339,0.03099301366609444,0.013208647145835778,0.5885137630545743,1.2026448276144002,1.2180621409367962,0.013210140242706172,0.0468777270176206,0.41015,378770.0,0.062545,164179.4,0,2.0,0
1339,2023-01-21 15:17:59.999,0.4052024376183197,0.41030002,0.062263254008157,0.062615,-0.890866630789177,-0.903368490785823,-2.7707504129661413,-2.776383850506984,0.03843237761366325,0.046329023097771094,0.030998143967122235,0.01320983833194256,0.030999864456279037,0.013208793744458791,0.5626943157093522,1.160565235198786,1.2026448276144002,0.013209172406069537,0.0463289743529515,0.4103,1022130.0,0.062615,969732.0,0,2.0,0
1340,2023-01-21 15:18:59.999,0.4051751464677134,0.4101,0.0623652142326901,0.062584996,-0.8913542465841234,-0.9034358449455445,-2.7712297101152306,-2.774747623267414,0.03702744273615688,0.04623322245490569,0.031005121822313974,0.013209922516010341,0.031006515555457647,0.013208711511700902,0.45583001607428625,1.1527774378793936,1.160565235198786,0.01320882877664422,0.0462331702073317,0.4101,362994.0,0.062585,409408.1,0,2.0,0
1341,2023-01-21 15:19:59.999,0.4051190266368892,0.4108,0.0623584667211002,0.0626,-0.8896488009277339,-0.903574362123075,-2.7709900008760844,-2.774855822633323,0.036977376222456115,0.04774271094324267,0.031012089356951253,0.013210810828567843,0.03101346989082432,0.013209593712370746,0.4514829495510233,1.2664341200096612,1.1527774378793936,0.01320882877664422,0.0477427109432426,0.4108,845453.0,0.0626,242696.7,0,2.5,0
1342,2023-01-21 15:20:59.999,0.405289532680443,0.41195,0.0623887891901907,0.062625,-0.8868532962205381,-0.9031535717844011,-2.770590719577108,-2.774369680161231,0.03700075550413173,0.05021181174175926,0.031019597820294127,0.01321250311109031,0.03102098202711751,0.013211287419413341,0.45262609821259653,1.452579708787775,1.2664341200096612,0.01320882877664422,0.0502118117417591,0.41195,1811031.0,0.062625,396861.0,0,2.5,0
1343,2023-01-21 15:21:59.999,0.4055426909245801,0.4128,0.062404609975994,0.062655,-0.8847920648147841,-0.9025291312528257,-2.770111792364889,-2.7741161285151703,0.0374179229965278,0.05188153041089871,0.031027260795159304,0.01321500030857361,0.031028739772757403,0.013213828624436343,0.4835224827991845,1.5780756056592449,1.452579708787775,0.01320882877664422,0.0518815304108986,0.4128,215206.0,0.062655,326762.8,0,2.5,0
1344,2023-01-21 15:22:59.999,0.4056154789741485,0.41235,0.0624143103572323,0.06264,-0.8858827757027726,-0.9023496642821044,-2.770351227299589,-2.7739606972515136,0.03747032823879215,0.05098655245295458,0.031034817243375937,0.013217077859863948,0.031036306600236714,0.013215910914532463,0.4868390593856429,1.5095420804144388,1.5780756056592449,0.01320882877664422,0.0509865524529544,0.41235,195867.0,0.06264,169629.0,0,2.5,0
1345,2023-01-21 15:23:59.999,0.4055937988082288,0.4121,0.0623805687993089,0.062645,-0.8864892406373653,-0.9024031157563877,-2.770271409284621,-2.7745014495479805,0.037858930183105155,0.05031483800095271,0.03104236102136042,0.013218779578488177,0.0310439385657163,0.013217656587988423,0.5155975699642549,1.4579618992176635,1.5095420804144388,0.01320882877664422,0.0503148380009528,0.4121,150308.0,0.062645,110850.7,0,2.5,0
1346,2023-01-21 15:24:59.999,0.4055386024935674,0.4126,0.0623955989235974,0.06265,-0.8852766783449856,-0.902539212686206,-2.7701915976400597,-2.7742605361646717,0.037525891723175775,0.05146215598359494,0.031050051698781347,0.013220992608247554,0.031051550388905017,0.013219829659236052,0.48974468666829235,1.5439161710203255,1.4579618992176635,0.01320882877664422,0.0514621559835948,0.4126,353662.0,0.06265,633078.7,0,2.5,0
1347,2023-01-21 15:25:59.999,0.4055750040063205,0.41255,0.062432748459315,0.06262,-0.8853978684317849,-0.9024494558075495,-2.7706705630838777,-2.7736653262208857,0.0371290772231212,0.051732509886922795,0.03105782157545273,0.013223281847803456,0.031059226633459596,0.013222074154574602,0.45906947115113117,1.5635065900757743,1.5439161710203255,0.01320882877664422,0.0517325098869223,0.41255,112280.0,0.06262,128268.7,0,2.5,0
1348,2023-01-21 15:26:59.999,0.4055458907832848,0.4122,0.0624281320449503,0.062625,-0.8862466105257784,-0.9025212409711059,-2.770590719577108,-2.7737392711482025,0.03711774045362981,0.050818497436519006,0.03106549469416015,0.013225128672717074,0.031066895352748314,0.013223918704540573,0.4575682319344473,1.4935962614192582,1.5635065900757743,0.01320882877664422,0.0508184974365191,0.4122,263069.0,0.062625,123980.9,0,2.5,0
1349,2023-01-21 15:27:59.999,0.405478309368083,0.41245,0.0624834774621066,0.062615,-0.8856402926753963,-0.9026878979348454,-2.7707504129661413,-2.7728531177955005,0.03622667210685604,0.0515553612115518,0.03107345458714683,0.013227110213018322,0.03107464718550826,0.01322581184954122,0.38954318872504573,1.5484793197115998,1.4935962614192582,0.01320882877664422,0.0515553612115518,0.41245,130543.0,0.062615,319220.2,0,2.5,0
1350,2023-01-21 15:28:59.999,0.4055170820709839,0.4122,0.0624662464632698,0.06258,-0.8862466105257784,-0.9025922803682358,-2.771309540741401,-2.7731289247105493,0.03654775591829984,0.05140611834004749,0.031081557524759912,0.01322884147302163,0.031082822555630905,0.013227571947394934,0.4131471281655142,1.536382521231105,1.5484793197115998,0.01320882877664422,0.0514061183400476,0.4122,61964.0,0.06258,184760.7,0,2.5,0
1351,2023-01-21 15:29:59.999,0.405480665582293,0.41225,0.0623771297106064,0.062575,-0.8861253175424287,-0.9026820870016593,-2.771389441664299,-2.774556581836319,0.037625028402530236,0.05159272861626263,0.0310897483810103,0.013230584204458684,0.031091260827208297,0.013229426642429822,0.4938813866934066,1.5496655263599668,1.536382521231105,0.01320882877664422,0.0515927286162627,0.41225,528107.0,0.062575,891209.8,0,2.5,0
1352,2023-01-21 15:30:59.999,0.4054898058963154,0.4118,0.0623274033679483,0.062525,-0.8872174843884479,-0.9026595453325253,-2.772188802218454,-2.775354088455623,0.038299514649097754,0.05115402189970397,0.03109763322843522,0.01323238926851521,0.031099299944801952,0.013231311512421582,0.544179970181809,1.5157042514604961,1.5496655263599668,0.01320882877664422,0.0511540218997039,0.4118,259207.0,0.062525,556885.6,0,2.5,0
1353,2023-01-21 15:31:59.999,0.4054455020803961,0.41135,0.0622485829926398,0.06252,-0.8883108453671977,-0.9027688113011607,-2.772268773428861,-2.77661950706685,0.03922470128788169,0.0501260356723523,0.031105086048808336,0.013234037492906258,0.031106965154394792,0.013233082415711335,0.6134425735797502,1.437274878036247,1.5157042514604961,0.01320882877664422,0.0501260356723527,0.41135,571148.0,0.0625199999999999,248431.7,0,2.5,0
1354,2023-01-21 15:32:59.999,0.4054333615868394,0.4119,0.0622505296466224,0.06254,-0.8869746775401021,-0.9027987553386775,-2.771948926952442,-2.7765882352940396,0.039169193245983114,0.05120073585659057,0.031112741662259667,0.013236094229280357,0.031114606150013362,0.013235129893583027,0.6085763540465869,1.5176678139607869,1.437274878036247,0.01320882877664422,0.0512007358565909,0.4119,196959.0,0.06254,149156.6,0,2.5,0
1355,2023-01-21 15:33:59.999,0.4056024399243253,0.4123,0.0622962306821754,0.062595,-0.8860040392692827,-0.9023818111307392,-2.7710698762705115,-2.7758543577129053,0.03898620825215715,0.05145276902558127,0.03112066248159232,0.013238025266409334,0.031122482788412623,0.013237034059434776,0.5940700483534384,1.5358866700141753,1.5176678139607869,0.01320899373643678,0.0514527690255812,0.4123,236899.0,0.062595,252973.1,0,2.5,0
1356,2023-01-21 15:34:59.999,0.4056947166609189,0.41235,0.0623703279771475,0.062635,-0.8858827757027726,-0.9021543316277174,-2.770431051685982,-2.774665629885742,0.03824192822089434,0.051051807178866704,0.03112887151060545,0.01323938667070352,0.031130517670455094,0.013238296753593969,0.5371847060694285,1.5048231586397636,1.5358866700141753,0.013210017139131395,0.0510518071788665,0.41235,187294.0,0.062635,87605.5,0,2.5,0
1357,2023-01-21 15:35:59.999,0.4056605465628944,0.4119,0.0624037259817539,0.062615,-0.8869746775401021,-0.9022385613100613,-2.7707504129661413,-2.7741302941433443,0.03772007303687441,0.05022097634684608,0.031137104864203,0.013240197547123312,0.03113862834677015,0.013239044068030389,0.4971238600222746,1.4413585155902313,1.5048231586397636,0.013211922720669091,0.0502209763468464,0.4119,123780.0,0.062615,118373.9,0,2.5,0
1358,2023-01-21 15:36:59.999,0.4054800066410309,0.41195,0.0623697382032126,0.062635,-0.8868532962205381,-0.9026837120897423,-2.770431051685982,-2.774675085932271,0.0377202778743434,0.05008128666110123,0.031145215052033222,0.013241068628458115,0.031146736705081664,0.013239914114759948,0.49649424552788496,1.4301014623827277,1.4413585155902313,0.013214349196960374,0.0500812866611015,0.41195,276763.0,0.062635,201413.6,0,2.5,0
1359,2023-01-21 15:37:59.999,0.4053782251759291,0.41205,0.0623981966844486,0.062675,-0.8866105777727444,-0.9029347583556433,-2.76979263493778,-2.7742189033120304,0.03709631208854569,0.04980211309313143,0.031153318354226505,0.01324177221439267,0.031154693728846806,0.013240548467132861,0.44874412675938763,1.4083307307337067,1.4301014623827277,0.013216347332896453,0.0498021130931314,0.41205,167845.0,0.062675,314041.9,0,2.5,0
1360,2023-01-21 15:38:59.999,0.4053740019614764,0.41175,0.0624589451775104,0.062635,-0.8873389099243874,-0.902945176370695,-2.770431051685982,-2.7732458152379413,0.036290415418004374,0.04959567295725198,0.031161439760062297,0.013242321770284398,0.031162626748180308,0.013241019201904092,0.3872654054520725,1.3920695718598128,1.4083307307337067,0.01321819985580033,0.0495956729572517,0.4117499999999999,134619.0,0.062635,161910.9,0,2.5,0
1361,2023-01-21 15:39:59.999,0.405392841691198,0.4117,0.0624216929757951,0.062615,-0.887460350206278,-0.9028987025172747,-2.7707504129661413,-2.7738424201780045,0.036824601029709636,0.04973530368067014,0.031169750521406584,0.013242709907030322,0.031171059211642246,0.013241456832649472,0.42695768974056136,1.4019451675376071,1.3920695718598128,0.01322039078307069,0.04973530368067,0.4116999999999999,87738.0,0.062615,108665.5,0,2.5,0
1362,2023-01-21 15:40:59.999,0.4054873049147069,0.41165,0.0623951553709319,0.062635,-0.887581805237702,-0.9026657131554519,-2.770431051685982,-2.7742676449071104,0.03740520249859314,0.04935277764393731,0.03117800821597392,0.013242923338005216,0.031179449362533185,0.013241729648537306,0.47016162550544555,1.3724137008181954,1.4019451675376071,0.013222535292066094,0.049352777643937,0.4116499999999999,104310.0,0.062635,191034.4,0,2.5,0
1363,2023-01-21 15:41:59.999,0.4055302958400812,0.4115,0.0624051055283206,0.06265,-0.8879462588650127,-0.9025596959114992,-2.7701915976400597,-2.7741081875896647,0.03738086680136066,0.048792575463567855,0.03118598739440867,0.013243149615289452,0.0311874210624038,0.013241952386896788,0.46771394111682585,1.3294864575744176,1.3724137008181954,0.013224391990790734,0.0487925754635678,0.4115,102089.0,0.06265,98727.5,0,2.5,0
1364,2023-01-21 15:42:59.999,0.4054742059611325,0.4117,0.0624080717312155,0.06268,-0.887460350206278,-0.9026980179033343,-2.769712861494317,-2.7740606573054336,0.03720368982034039,0.048887127578439604,0.031193965845708677,0.013243428970143974,0.031195356663569037,0.013242211960654768,0.4537257955561579,1.3359955169177442,1.3294864575744176,0.013226251874004648,0.0488871275784394,0.4117,218398.0,0.06268,173741.3,0,2.5,0
1365,2023-01-21 15:43:59.999,0.4054259435056612,0.4123,0.0624424235073851,0.06273,-0.8860040392692827,-0.9028170521779241,-2.7689154768734854,-2.7735103707091198,0.03663480804126917,0.04969159366913889,0.03120235630511723,0.013243663409457354,0.031203613526069825,0.013242388663079531,0.41013707219920237,1.3960817934121172,1.3359955169177442,0.013228035621153655,0.0496915936691384,0.4123,210543.0,0.06273,665153.5,0,2.5,0
1366,2023-01-21 15:44:59.999,0.4054682804817527,0.41175,0.062509454626177,0.06268,-0.8873389099243874,-0.9027126317125228,-2.769712861494317,-2.7724374596617096,0.035862146708856124,0.049008567860330254,0.031210777096886345,0.01324341739664317,0.03121185355363524,0.013242073873781984,0.351175593758619,1.343897140020305,1.3960817934121172,0.013229897859927762,0.0490085678603302,0.41175,582678.0,0.06268,599572.0,0,2.5,0
1367,2023-01-21 15:45:59.999,0.4053783699433276,0.4114,0.062457311410378,0.062605,-0.8881893017632803,-0.902934401238848,-2.770910131861226,-2.7732719730364073,0.03632257398975636,0.04913691889896965,0.031219347373649637,0.013243035619673368,0.031220528402720705,0.013241730654480744,0.3853005109501468,1.3529806941470675,1.343897140020305,0.01323175423824402,0.0491369188989696,0.4114,59995.0,0.062605,381289.1,0,2.5,0
1368,2023-01-21 15:46:59.999,0.4053859827116968,0.41125,0.0623658964504671,0.06262,-0.8885539769025554,-0.90291562200085,-2.7706705630838777,-2.774736684251907,0.0375387232700054,0.04857640141615227,0.0312280350621881,0.013242108830548383,0.031229495531572,0.0132409244024885,0.4764945064747628,1.3100909059094132,1.3529806941470675,0.013233594285179258,0.0485764014161518,0.41125,175442.0,0.06262,144604.6,0,2.5,0
1369,2023-01-21 15:47:59.999,0.405428933701237,0.4109,0.0623646657918192,0.06257,-0.889405403092773,-0.9028096767630135,-2.771469348971865,-2.7747564173249537,0.03766079987234383,0.04837796557811325,0.031237057923807713,0.013240511613616493,0.031238544556982568,0.013239339992444997,0.48508878229776636,1.294580462939052,1.3100909059094132,0.013235605935045965,0.0483779655781133,0.4109,152432.0,0.06257,69132.6,0,2.5,0
1370,2023-01-21 15:48:59.999,0.4053744162957548,0.4112,0.0622847818678851,0.062565,-0.8886755648411817,-0.9029441542674899,-2.771549262665119,-2.776038154811487,0.03857411530627375,0.04917313156206249,0.031246482450530744,0.013238784960038892,0.03124817826928931,0.013237722212225595,0.5534137157084793,1.3541007853547824,1.294580462939052,0.013237206097632482,0.0491731315620624,0.4112,307743.0,0.062565,171034.0,0,2.5,0
1371,2023-01-21 15:49:59.999,0.4053835366418601,0.41105,0.0622788174623037,0.06259,-0.8890404173839945,-0.9029216559470661,-2.7711497580455267,-2.776133919635529,0.03867489931891832,0.04848169255075074,0.03125564093669165,0.013237019597084848,0.03125735796015433,0.013235968926051727,0.5604078855280777,1.3013542427521025,1.3541007853547824,0.013237206097632482,0.0484816925507507,0.41105,120827.0,0.06259,404536.5,0,2.0,0
1372,2023-01-21 15:50:59.999,0.4053037997571639,0.4109,0.0623270900366565,0.062575,-0.889405403092773,-0.9031183702199385,-2.771389441664299,-2.775359115651727,0.03784479938680929,0.048312643065918315,0.03126501831156026,0.013234750462170704,0.03126654105654412,0.01323359740253831,0.4970876875099291,1.288095669282606,1.3013542427521025,0.013237206097632482,0.0483126430659188,0.4109,160982.0,0.0625749999999999,167191.3,0,2.0,0
1373,2023-01-21 15:51:59.999,0.4052624561849448,0.4109,0.0623403197282319,0.06258,-0.889405403092773,-0.9032203817999961,-2.771309540741401,-2.7751468758747073,0.03756928633554779,0.048247325773052796,0.0312742534995718,0.013232677617856277,0.031275710345865716,0.013231492803702576,0.4756512423088754,1.2826634762549796,1.288095669282606,0.013237206097632482,0.0482473257730529,0.4109,82795.0,0.06258,132102.9,0,2.0,0
1374,2023-01-21 15:52:59.999,0.4052855041531814,0.4108,0.062359032939633,0.062535,-0.8896488009277339,-0.903163511708723,-2.772028878981267,-2.774846742615934,0.03738080391710075,0.04859197153982486,0.03128341459109669,0.013230964168548263,0.031284825697166126,0.013229758179899895,0.46077775096420903,1.3081856112854484,1.2826634762549796,0.013237206097632482,0.0485919715398248,0.4108,109072.0,0.062535,183116.1,0,2.0,0
1375,2023-01-21 15:53:59.999,0.4053179669942995,0.4107,0.0622943791386842,0.06256,-0.8898922580196241,-0.9030834162186567,-2.771629182745081,-2.775884079752054,0.038308900294550474,0.04802177133697538,0.03129293642159436,0.013228205012381918,0.03129456011145156,0.013227104764662644,0.5303004934109488,1.2646337806015582,1.3081856112854484,0.013237206097632482,0.0480217713369752,0.4106999999999999,139533.0,0.06256,161077.3,0,2.0,0
1376,2023-01-21 15:54:59.999,0.4052920386540308,0.4105,0.0622976573395462,0.062565,-0.8903793500896542,-0.9031473886347308,-2.771549262665119,-2.775831456792266,0.03820190973611659,0.04746934631359001,0.031304013002153304,0.013221710185233186,0.03130560936797926,0.013220596525487367,0.5216330711584968,1.2226355807958291,1.2646337806015582,0.013237206097632482,0.04746934631359,0.4105,213852.0,0.062565,169034.4,0,2.0,0
1377,2023-01-21 15:55:59.999,0.4053042889711312,0.41030002,0.0622880791797337,0.062525,-0.890866630789177,-0.9031171631903663,-2.772188802218454,-2.7759852169272374,0.03835783079703625,0.04750487549897486,0.031316559901841554,0.0132113560280206,0.03131818944845002,0.013210261394536946,0.532891904129728,1.2253333846123542,1.2226355807958291,0.013237206097632482,0.0475048267541553,0.4103,725627.0,0.062525,239192.9,0,2.0,0
1378,2023-01-21 15:56:59.999,0.4052398724707793,0.41030002,0.0622515634176643,0.062529996,-0.890866630789177,-0.9032761094971854,-2.7721089013722273,-2.7765716288094984,0.038678263642099364,0.04743955826878632,0.03132763672130194,0.013204807451611495,0.03132933786152893,0.013203752800280308,0.5565785645740369,1.2201557354414967,1.2253333846123542,0.013237206097632482,0.0474394572304368,0.4103,528575.0,0.06253,625406.9,0,2.0,0
1379,2023-01-21 15:57:59.999,0.4051841470063165,0.41,0.062287262740609,0.062495,-0.8915981192837836,-0.9034136312468162,-2.772668725439952,-2.775998324483069,0.038072077886693645,0.04716571395723146,0.03133829991585442,0.013198992198883522,0.031339858300018,0.013197862274195303,0.5100992453784429,1.1991380707623913,1.2201557354414967,0.013237206097632482,0.0471657139572316,0.41,704542.0,0.062495,491133.5,0,2.0,0
1380,2023-01-21 15:58:59.999,0.4050889349859188,0.40794998,0.0622973222306186,0.062365,-0.8966107101329449,-0.9036486434246903,-2.7747510584044646,-2.7758368359645047,0.0377050523042316,0.04385538569970915,0.03134828968648468,0.013192128912634247,0.031349760818772984,0.013190956705205715,0.48179155064246,0.9480726042061552,1.1991380707623913,0.013237206097632482,0.0438554347253261,0.40795,6527041.0,0.062365,2596348.8,0,2.0,0
1381,2023-01-21 15:59:59.999,0.4045295637420852,0.40785,0.0622007219711609,0.062235,-0.8968558192355477,-0.9050304580292683,-2.7768377365291963,-2.7773886720509764,0.03759183045757242,0.04531609126414404,0.031358117946994606,0.013186714447278973,0.031359560602053756,0.013185529419044566,0.4726598119387653,1.0584875689053546,0.9480726042061552,0.013237206097632482,0.0453160912641439,0.40785,2765669.0,0.062235,3389143.1,0,2.0,0
1382,2023-01-21 16:00:59.999,0.4044888441672735,0.4083,0.0620605966619719,0.06216,-0.895753080656607,-0.9051311221784348,-2.778043572922745,-2.779644005732066,0.03933485327989894,0.047404575263896964,0.03136888146069953,0.013180829588668107,0.0313707250089104,0.01317986130204753,0.6042649530576841,1.216592149630986,1.0584875689053546,0.013237206097632482,0.0474045752638969,0.4083,645513.0,0.06216,700493.8,0,2.0,0
1383,2023-01-21 16:01:59.999,0.4046266677226218,0.4088,0.0619302161781761,0.06222,-0.8945292400926423,-0.904790445094246,-2.777078787512646,-2.781747073352387,0.041394743092680764,0.04783972442232787,0.03137972346445021,0.013175108845962976,0.031382041219513455,0.013174464999702264,0.7600082336089997,1.2493256147118064,1.216592149630986,0.013237206097632482,0.0478397244223278,0.4088,465617.0,0.06222,273658.9,0,2.0,0
1384,2023-01-21 16:02:59.999,0.4047640869276502,0.40895,0.0619526120322484,0.06222,-0.894162379801154,-0.9044508830086667,-2.777078787512646,-2.7813855082405827,0.041438733444653875,0.048206584713816225,0.03139075370551915,0.013169243791761704,0.03139307908847197,0.0131686068258324,0.7628486816445679,1.2769017928589468,1.2493256147118064,0.013237206097632482,0.0482065847138164,0.40895,213955.0,0.06222,247582.7,0,2.0,0
1385,2023-01-21 16:03:59.999,0.4048423012586726,0.40945,0.0619186953643549,0.062275,-0.8929404832659399,-0.904257667311738,-2.776195217833893,-2.781933119619745,0.04207960971335001,0.04870618196410359,0.03140173159175062,0.013163905754593185,0.03140420275076974,0.013163384502791418,0.8109925650440775,1.3145376983814285,1.2769017928589468,0.013237206097632482,0.0487061819641034,0.40945,338886.0,0.062275,158262.8,0,2.0,0
1386,2023-01-21 16:04:59.999,0.4050539711631922,0.4102,0.0619791700814228,0.06237,-0.8911104333438568,-0.9037349586228682,-2.774670888444106,-2.7809569168150743,0.04180429352120241,0.04929012526357057,0.03141294700338051,0.013158500946100484,0.031415351850989356,0.013157927652904413,0.7895575917625485,1.3586029543500513,1.3145376983814285,0.013237206097632482,0.0492901252635706,0.4102,531280.0,0.06237,171169.9,0,2.0,0
1387,2023-01-21 16:05:59.999,0.4053159801865547,0.41055,0.0621098158968231,0.06241,-0.8902575548273393,-0.903088318080346,-2.7740297600361856,-2.778851236562427,0.04072958556417117,0.04961889504059336,0.031424118545025664,0.01315346528174108,0.0314262720898114,0.013152704810531728,0.7073308196585049,1.383268675276369,1.3586029543500513,0.013237206097632482,0.0496188950405933,0.4105499999999999,172649.0,0.06241,699843.7,0,2.0,0
1388,2023-01-21 16:06:59.999,0.4054263877918152,0.41025,0.062171499494903,0.06234,-0.8909885490119368,-0.9028159563281943,-2.775152004642946,-2.7778585917235716,0.04019048142457393,0.04980531178177616,0.03143572953289247,0.013147545807362571,0.03143775562682714,0.013146698842094441,0.6657736594468434,1.3971871646643592,1.383268675276369,0.013237206097632482,0.049805311781776,0.41025,344825.0,0.06234,269469.7,0,2.0,0
1389,2023-01-21 16:07:59.999,0.4053168887267797,0.4102,0.0620967217599201,0.06234,-0.8911104333438568,-0.9030860765225216,-2.775152004642946,-2.7790620811314577,0.04090418804055551,0.04968342744985621,0.03144741328296704,0.01314132809354517,0.031449601844586485,0.01314059472316594,0.7194945430667045,1.3876842612160667,1.3971871646643592,0.013237206097632482,0.0496834274498563,0.4102,231006.0,0.06234,117943.6,0,2.0,0
1390,2023-01-21 16:08:59.999,0.4051677084186182,0.41045,0.0620915769045542,0.062374998,-0.890501160187862,-0.9034542027284275,-2.774590756974583,-2.7791449368501393,0.04060379460977204,0.049833892659772894,0.03145654615752536,0.01314039323595014,0.031458663086118804,0.013139609329951361,0.6959972168127684,1.3985385499704739,1.3876842612160667,0.013237206097632482,0.0498338664480342,0.41045,152462.0,0.062375,128228.0,0,2.0,0
1391,2023-01-21 16:09:59.999,0.4050888201703959,0.4107,0.0621301633197982,0.06239,-0.8898922580196241,-0.9036489268576091,-2.7743502728594422,-2.7785236862314413,0.039901211407971315,0.05024620421543158,0.03146745865542437,0.013136417420440161,0.031469410461199096,0.013135523720713593,0.6419082425678996,1.4295180306000042,1.3985385499704739,0.013237206097632482,0.0502462042154314,0.4106999999999999,126292.0,0.06239,183945.2,0,2.0,0
1392,2023-01-21 16:10:59.999,0.4051180032811412,0.41095,0.062152118732296,0.062429998,-0.8892837263876281,-0.9035768881881897,-2.773709381944365,-2.778170370982257,0.03968442242975112,0.05033082125324384,0.03147849856928219,0.013132224475963489,0.03148039764909252,0.013131298062669963,0.6247687579327164,1.435577248810201,1.4295180306000042,0.013237206097632482,0.0503307950645979,0.41095,258771.0,0.06243,1032051.3,0,2.0,0
1393,2023-01-21 16:11:59.999,0.4052559166921162,0.41085,0.0622024410710707,0.062429998,-0.8895270946049402,-0.9032365183690056,-2.773709381944365,-2.777361034491482,0.0393631770049887,0.05008745303593176,0.03149069746602149,0.013125026291411492,0.03149251937750933,0.013124053777643446,0.599712387714143,1.4168928242131802,1.435577248810201,0.013237206097632482,0.0500874268472859,0.41085,104893.0,0.06243,95471.1,0,2.0,0
1394,2023-01-21 16:12:59.999,0.4053504098675006,0.41085,0.0621979219894051,0.06244,-0.8895270946049402,-0.9030033764042409,-2.7735491833349055,-2.7774336883255453,0.03965571192274031,0.04995649410440517,0.0315025981098371,0.013118455010621996,0.031504484967928494,0.013117523194240479,0.6213998507272153,1.4067126029418844,1.4168928242131802,0.013237206097632482,0.0499564941044057,0.41085,150559.0,0.0624399999999999,118430.2,0,2.0,0
1395,2023-01-21 16:13:59.999,0.4054079024926209,0.4108,0.0621919762503688,0.06244,-0.8896488009277339,-0.9028615520791857,-2.7735491833349055,-2.7775292867483268,0.039875685910550795,0.049834787781611434,0.03151448278408121,0.013111799431936596,0.03151641779984758,0.013110899005721259,0.6375816110745299,1.397238044452327,1.4067126029418844,0.013237206097632482,0.0498347877816118,0.4108,444183.0,0.0624399999999999,243378.3,0,2.0,0
1396,2023-01-21 16:14:59.999,0.4053636386125357,0.4108,0.062177762565205,0.06242,-0.8896488009277339,-0.9029707416051743,-2.7738695421395034,-2.777757858189596,0.03995334864143951,0.050096674241780326,0.03152623254952625,0.013105701540943624,0.031528182819392465,0.013104811875999272,0.6429062776152679,1.4169742561463048,1.397238044452327,0.013237206097632482,0.0500966742417803,0.4108,99413.0,0.06242,155556.1,0,2.0,0
1397,2023-01-21 16:15:59.999,0.4052698842500815,0.4109,0.0621519658444033,0.062429998,-0.889405403092773,-0.9032020529443382,-2.773709381944365,-2.778172830883607,0.040061268590261156,0.05020914454809888,0.031537621608469665,0.013100553197413078,0.031539594218278,0.01309967882502067,0.6505254430899922,1.4252469081470713,1.4169742561463048,0.013237206097632482,0.050209118359453,0.4109,149246.0,0.06243,153849.1,0,2.0,0
1398,2023-01-21 16:16:59.999,0.4052195451312386,0.41075,0.0621717439377547,0.062429998,-0.8897705220647596,-0.9033262720077405,-2.773709381944365,-2.7778546599803593,0.039676951629175616,0.04984402557611234,0.03154852114691999,0.013096191113498233,0.03155040229259975,0.013095259319779177,0.6205718526170358,1.397009578635057,1.4252469081470713,0.013237206097632482,0.0498439993874662,0.4107499999999999,188632.0,0.06243,101660.4,0,2.0,0
1399,2023-01-21 16:17:59.999,0.4051989582087765,0.4111,0.0621789790017234,0.06245,-0.8889187850783042,-0.9033770776652661,-2.7733890424105505,-2.7777382945293856,0.03953101970821038,0.050433891855851565,0.03155975464964154,0.013091571547218189,0.03156159942285574,0.013090618132619736,0.6087886916123627,1.441701413625973,1.397009578635057,0.013237206097632482,0.0504338918558515,0.4111,143743.0,0.06245,104810.5,0,2.0,0
1400,2023-01-21 16:18:59.999,0.4053481734607928,0.41099998,0.0621995793119396,0.062455,-0.8891621131477041,-0.9030088936377818,-2.7733089815642646,-2.7774070427335156,0.03962841248850557,0.05012511575964251,0.03157095798066333,0.013086744657840368,0.03157282270052167,0.013085804222363223,0.6155976087596631,1.4177825168968392,1.441701413625973,0.013237206097632482,0.0501251644214442,0.411,151657.0,0.062455,91599.5,0,2.0,0
1401,2023-01-21 16:19:59.999,0.405401957045324,0.41105,0.0621886118278464,0.062455,-0.8890404173839945,-0.9028762175330577,-2.7733089815642646,-2.7775833855844105,0.039905245096295006,0.050246811523352086,0.03158236862058165,0.013081532277919269,0.03158429476649133,0.013080631126114647,0.6361275881552405,1.4267780338144898,1.4177825168968392,0.013237206097632482,0.050246811523352,0.41105,53777.0,0.062455,30644.8,0,2.0,0
1402,2023-01-21 16:20:59.999,0.4054186951517778,0.41099998,0.0621738554795518,0.062475,-0.8891621131477041,-0.9028349307049266,-2.772988802261121,-2.777820697511125,0.04014052934092027,0.04986337603806734,0.03159405253557893,0.013075312574390263,0.031596030428845616,0.013074445809676562,0.6535266608203588,1.3972379932447128,1.4267780338144898,0.013237206097632482,0.049863424699869,0.411,112031.0,0.062475,134484.9,0,2.0,0
1403,2023-01-21 16:21:59.999,0.4053636336205564,0.41095,0.0621954446722136,0.0625,-0.8892837263876281,-0.9029707539199922,-2.772588722239781,-2.777473518700079,0.03972089488494113,0.04941470595104214,0.03160719289669024,0.013064686579546013,0.03160907063378542,0.013063757720602316,0.6209411124000622,1.363026425925228,1.3972379932447128,0.013237206097632482,0.0494147059510421,0.41095,70245.0,0.0625,56389.5,0,2.0,0
1404,2023-01-21 16:22:59.999,0.405300944345028,0.4108,0.0622377999517892,0.062495,-0.8896488009277339,-0.9031254153603887,-2.772668725439952,-2.7767927475550467,0.03900971761667038,0.04911503231328118,0.0316219253161372,0.013048526858456075,0.03162363505747035,0.01304750081864268,0.5660917490533177,1.3406193041483148,1.363026425925228,0.013237206097632482,0.0491150323132811,0.4108,224664.0,0.0624949999999999,74679.2,0,2.0,0
1405,2023-01-21 16:23:59.999,0.4052594160695764,0.41025,0.0622594504773846,0.062455,-0.8909885490119368,-0.9032278834244987,-2.7733089815642646,-2.776444940262291,0.03862292454131211,0.04829867989540981,0.03163497010998798,0.013037018552837275,0.03163658731767865,0.013035943261845652,0.5359287842316309,1.2781840969149554,1.3406193041483148,0.013237206097632482,0.0482986798954097,0.41025,45736.0,0.062455,28795.1,0,2.0,0
1406,2023-01-21 16:24:59.999,0.4051700945847038,0.4098,0.0622297977817078,0.0624,-0.8920860431773376,-0.903448313416398,-2.7741900036067553,-2.776921329936938,0.03879193290342031,0.04792140237686615,0.031647609807864546,0.013026328434141652,0.03164926320362839,0.013025274363145184,0.5483699997907144,1.2493000350235635,1.2781840969149554,0.013237206097632482,0.0479214023768661,0.4098,298045.0,0.0624,279432.9,0,2.0,0
1407,2023-01-21 16:25:59.999,0.4051320107749406,0.40995,0.0621519311779625,0.06239,-0.8917200779399503,-0.9035423124558657,-2.7743502728594422,-2.7781733886527777,0.039721465043082604,0.048418384295105366,0.03166007335649474,0.013016606887695539,0.031661938987526124,0.013015678225291611,0.6192167565955565,1.2874561768053454,1.2493000350235635,0.013237206097632482,0.0484183842951053,0.40995,472568.0,0.06239,547207.9,0,2.0,0
1408,2023-01-21 16:26:59.999,0.4051345566843624,0.4098,0.062118358063386,0.062365,-0.8920860431773376,-0.9035360283278416,-2.7747510584044646,-2.7787137127414763,0.04016945253902515,0.04838005265531642,0.03167236653029203,0.013007310998142974,0.03167433299314988,0.013006447993940611,0.6531467738027278,1.2844842510038936,1.2874561768053454,0.013237206097632482,0.0483800526553164,0.4098,110131.0,0.062365,321416.9,0,2.0,0
1409,2023-01-21 16:27:59.999,0.405156601264768,0.41015,0.0620764974472539,0.062429998,-0.8912323325333781,-0.9034816168235452,-2.773709381944365,-2.7793878246850863,0.0407749361166837,0.04838221510749385,0.03168450376993045,0.012998431595981935,0.031686607549691326,0.012997662940583236,0.69922790031856,1.2845943154191763,1.2844842510038936,0.013237206097632482,0.0483821889188478,0.41015,171463.0,0.06243,236937.0,0,2.0,0
1410,2023-01-21 16:28:59.999,0.4052005406662015,0.41025,0.0621597969044885,0.062445,-0.8909885490119368,-0.9033731722891468,-2.7734691096670887,-2.7780468402303913,0.03978715458536708,0.04842958118927243,0.031696891111795335,0.012988881274230464,0.031698763424564035,0.012987961206880715,0.6227606498022189,1.2882318133644222,1.2845943154191763,0.013237206097632482,0.0484295811892723,0.41025,88341.0,0.062445,391156.4,0,2.0,0
1411,2023-01-21 16:29:59.999,0.4051643538085565,0.4102,0.0622022197391795,0.062475,-0.8911104333438568,-0.903462482321987,-2.772988802261121,-2.777364592748701,0.03914012185106053,0.04791505584191469,0.03170905762159186,0.012979447682483193,0.031710777377257096,0.012978437927996722,0.5724374932500204,1.2485892016957028,1.2882318133644222,0.013237206097632482,0.0479150558419148,0.4102,36844.0,0.062475,131594.4,0,2.0,0
1412,2023-01-21 16:30:59.999,0.4051225859181005,0.4102,0.0622655268822362,0.062505,-0.8911104333438568,-0.9035655763950744,-2.7725087254396104,-2.776347346912181,0.038205451097624965,0.047522603324331114,0.03172115273556441,0.01296982916724146,0.031722653383183495,0.01296870336759176,0.4998801754261499,1.218323725394719,1.2485892016957028,0.013237206097632482,0.0475226033243312,0.4102,125726.0,0.062505,199951.8,0,2.0,0
1413,2023-01-21 16:31:59.999,0.405107165694171,0.41045,0.0623430601548201,0.062575,-0.890501160187862,-0.9036036402254897,-2.771389441664299,-2.775102917704962,0.037150093047941146,0.0472168859708294,0.03173312464183338,0.012960253916534607,0.031734378279511255,0.012959016104623551,0.41791095286143354,1.1947112632756325,1.218323725394719,0.013237206097632482,0.0472168859708297,0.41045,99868.0,0.0625749999999999,713718.4,0,2.0,0
1414,2023-01-21 16:32:59.999,0.4051553882138082,0.4105,0.0624164263434449,0.06259,-0.8903793500896542,-0.9034846108578815,-2.7711497580455267,-2.773926795565619,0.03630766776102401,0.04714275984509109,0.031745440268868566,0.012949608255656197,0.03174649609564296,0.012948295682872247,0.35226038832388423,1.1890181750862772,1.1947112632756325,0.013237206097632482,0.047142759845091,0.4105,102217.0,0.06259,248750.6,0,2.0,0
1415,2023-01-21 16:33:59.999,0.4051695155151098,0.41035,0.0623897429617539,0.06257,-0.8907448249064164,-0.9034497426186405,-2.771469348971865,-2.774354392730825,0.03669208752301634,0.04703854376446992,0.03175800385779594,0.012938105873364063,0.03175914574246736,0.012936826375209718,0.3813100398411282,1.181049224379307,1.1890181750862772,0.013236407247595195,0.04703854376447,0.41035,166299.0,0.06257,252593.9,0,2.0,0
1416,2023-01-21 16:34:59.999,0.4051337829275773,0.4105,0.0623211078534132,0.06256,-0.8903793500896542,-0.9035379382057112,-2.771629182745081,-2.7754551007257056,0.03750369714286239,0.04753467926694532,0.03177071414195819,0.012926622620652688,0.031772040914233336,0.01292542091915652,0.44344058615021786,1.2194960422068224,1.181049224379307,0.013234190283416665,0.0475346792669453,0.4105,14024.0,0.06256,212957.8,0,2.0,0
1417,2023-01-21 16:35:59.999,0.4052026422894693,0.4107,0.0622900253892747,0.062595,-0.8898922580196241,-0.9033679856775638,-2.7710698762705115,-2.775953972118242,0.03808146634779774,0.04756455027523987,0.031783587486446926,0.012914647586662586,0.03178504499139054,0.012913508428245036,0.4875840977991214,1.2219429669215676,1.2194960422068224,0.01323201895341151,0.0475645502752397,0.4106999999999999,37703.0,0.062595,252796.1,0,2.0,0
1418,2023-01-21 16:36:59.999,0.4053182016173247,0.4108,0.0623394170674468,0.062595,-0.8896488009277339,-0.9030828373571791,-2.7710698762705115,-2.7751613555457157,0.03771866759923714,0.04780800736713009,0.031797024748107736,0.012901107362138403,0.031798395181537764,0.012899928913678338,0.45893837534421333,1.2410549086670402,1.2219429669215676,0.013230191835850565,0.04780800736713,0.4108,158368.0,0.062595,365210.5,0,2.0,0
1419,2023-01-21 16:37:59.999,0.4054233426844675,0.41075,0.0623610302599521,0.06261,-0.8897705220647596,-0.9028234672324551,-2.770830269224918,-2.7748147137623875,0.03769466549170275,0.047490412603091725,0.03181070058834523,0.012886413818134379,0.03181206230204654,0.012885233434953024,0.4565383482846971,1.216763037105114,1.2410549086670402,0.013227768118471957,0.0474904126030915,0.4107499999999999,616181.0,0.06261,619406.2,0,2.0,0
1420,2023-01-21 16:38:59.999,0.405454402779414,0.41085,0.0623878994182105,0.06262,-0.8895270946049402,-0.9027468586557974,-2.7706705630838777,-2.7743839419915477,0.03741912737350872,0.04760328371376754,0.031824088360811874,0.012872763987887309,0.0318253832089981,0.012871555705080726,0.4345818246587417,1.2257814536025968,1.216763037105114,0.013222223585281186,0.0476032837137672,0.41085,171844.0,0.06262,159508.5,0,2.0,0
1421,2023-01-21 16:39:59.999,0.4054230082218572,0.4108,0.0623861420963276,0.06262,-0.8896488009277339,-0.9028242922040665,-2.7706705630838777,-2.7744121100601893,0.0373647206179496,0.047481577390973806,0.031837647811226416,0.0128583907685465,0.03183892693013563,0.012857177661784422,0.42978279006273395,1.2166319923963367,1.2257814536025968,0.01321284517727455,0.0474815773909733,0.4108,80799.0,0.06262,37789.9,0,2.0,0
1422,2023-01-21 16:40:59.999,0.4052843609899312,0.41105,0.0623752208341554,0.062605,-0.8890404173839945,-0.9031663323496062,-2.770910131861226,-2.7745871844893806,0.03716580006790382,0.04828580327825538,0.03185135874657568,0.012844335274638572,0.03185258865662459,0.012843103330152485,0.41370152327631765,1.279509151721528,1.2166319923963367,0.013205379948844468,0.0482858032782553,0.41105,333685.0,0.062605,81990.5,0,2.0,0
1423,2023-01-21 16:41:59.999,0.4052094413652194,0.41135,0.062364233794634,0.062635,-0.8883108453671977,-0.9033512063725968,-2.770431051685982,-2.77476334430317,0.03712493291906571,0.0486237375144416,0.03186460857707766,0.012832101341748534,0.03186582596294713,0.012830865895720233,0.4098793486628808,1.306031529133817,1.279509151721528,0.013199334905716554,0.0486237375144416,0.41135,126900.0,0.062635,181387.3,0,2.0,0
1424,2023-01-21 16:42:59.999,0.4052463320919398,0.4113,0.0624113028212734,0.06264,-0.8884324037457586,-0.9032601693834013,-2.770351227299589,-2.774008885053406,0.03659921563328372,0.04843692440996861,0.03187687627278682,0.012822602635097147,0.031877969153916295,0.012821320014772344,0.3682340409511459,1.2914732374108484,1.306031529133817,0.013192683097453112,0.0484369244099687,0.4113,251015.0,0.06264,155648.6,0,2.0,0
1425,2023-01-21 16:43:59.999,0.4053161549058287,0.41145,0.0624274547160303,0.06263,-0.8880677729304152,-0.9030878870111434,-2.7705108824448157,-2.773750120945758,0.03655996389067395,0.04893206988647014,0.03188983063495415,0.012811552828425226,0.03189091143413391,0.012810267232128207,0.364477365845268,1.3302243279756114,1.2914732374108484,0.013186886240584852,0.0489320698864701,0.41145,195881.0,0.0626299999999999,49471.6,0,2.0,0
1426,2023-01-21 16:44:59.999,0.4054521863406232,0.4114,0.0624135450288858,0.06263,-0.8881893017632803,-0.9027523252257342,-2.7705108824448157,-2.773972959391949,0.037077691332294216,0.04881054105360505,0.03190317221282881,0.01279915058761787,0.03190436974097495,0.012797911503294134,0.4042317053050158,1.3209758510953638,1.3302243279756114,0.01318127833129679,0.048810541053605,0.4114,358622.0,0.0626299999999999,195739.4,0,2.0,0
1427,2023-01-21 16:45:59.999,0.4054966848437336,0.4112,0.0623986451259711,0.06263,-0.8886755648411817,-0.9026425809379345,-2.7705108824448157,-2.7742117165673017,0.03738261449639013,0.0483242779757036,0.031916271885114596,0.012786985112323174,0.03191753694936159,0.012785775762791579,0.42743417751253626,1.2831801981826154,1.3209758510953638,0.01317581407528858,0.0483242779757036,0.4112,174183.0,0.0626299999999999,171458.1,0,2.0,0
1428,2023-01-21 16:46:59.999,0.4054290884525941,0.41095,0.0623827643405587,0.06264,-0.8892837263876281,-0.9028092950652244,-2.770351227299589,-2.7744662542514975,0.037423979473332425,0.04758560176809912,0.03192930800533604,0.012774240102612086,0.03193057962567115,0.012773035310045798,0.430077872198537,1.225614489550863,1.2831801981826154,0.013170071369299867,0.0475856017680991,0.41095,173108.0,0.06264,81100.6,0,2.0,0
1429,2023-01-21 16:47:59.999,0.4052905410602532,0.41099998,0.0623949322612746,0.06266,-0.8891621131477041,-0.9031510837394988,-2.7700319934580917,-2.774271220666396,0.03692275502116382,0.047446248181090445,0.031942141963115456,0.012761966345655918,0.03194329461598702,0.012760714417534189,0.3902179958149243,1.214868132233594,1.225614489550863,0.013164690083551664,0.0474462968428921,0.411,235668.0,0.06266,806925.8,0,2.0,0
1430,2023-01-21 16:48:59.999,0.4052302079989348,0.4109,0.0624251587309906,0.06264,-0.889405403092773,-0.9032999585499213,-2.770351227299589,-2.7737869000723867,0.036377958500048546,0.04746392506295416,0.03195495435122583,0.012749753079176607,0.03195597795783282,0.012748455196845886,0.3468640297147353,1.2164134172181098,1.214868132233594,0.013159291865376163,0.0474639250629542,0.4109,61354.0,0.06264,200172.8,0,2.0,0
1431,2023-01-21 16:49:59.999,0.4052201541527082,0.4109,0.062409481944249,0.062635,-0.889405403092773,-0.9033247690668799,-2.770431051685982,-2.7740380609158706,0.03655846659237716,0.04752917978886628,0.03196778105071865,0.012737536113586452,0.03196884346347998,0.01273625354403803,0.36035896372725934,1.221696142753159,1.2164134172181098,0.0131540105211249,0.0475291797888663,0.4109,274463.0,0.062635,252961.3,0,2.0,0
1432,2023-01-21 16:50:59.999,0.4053000657566785,0.41105,0.0624018913270416,0.06265,-0.8890404173839945,-0.9031275831058975,-2.7701915976400597,-2.774159694337855,0.036855085270252164,0.047698416944585986,0.03198035191429253,0.01272625194683506,0.03198148006364591,0.01272499529609946,0.38299465683104356,1.235089883176676,1.221696142753159,0.013148200334203762,0.0476984169445859,0.41105,93193.0,0.06265,48708.1,0,2.0,0
1433,2023-01-21 16:51:59.999,0.405402111796681,0.41115,0.0624006211130959,0.06268,-0.8887971675652325,-0.9028758358098696,-2.769712861494317,-2.774180049920782,0.03712347281927464,0.04755031021948508,0.03199314425491759,0.012714115596564973,0.0319943315561359,0.012712883827419554,0.4034600907841257,1.2236136950627254,1.235089883176676,0.013142120752898065,0.0475503102194849,0.41115,72620.0,0.06268,153407.7,0,2.0,0
1434,2023-01-21 16:52:59.999,0.4054278853855928,0.41155,0.0624155614601915,0.062675,-0.8878247595634841,-0.9028122624615474,-2.76979263493778,-2.7739406523225068,0.03699134375928026,0.04858793130239181,0.0320066264783448,0.01270081788626906,0.032007780081048084,0.012699574489610113,0.3924197367643595,1.3055304762674513,1.2236136950627254,0.013139855678255007,0.0485879313023915,0.4115499999999999,155338.0,0.062675,85270.5,0,2.0,0
1435,2023-01-21 16:53:59.999,0.4054535042231475,0.4116,0.0624098308308646,0.06268,-0.8877032750222424,-0.902749074829197,-2.769712861494317,-2.774032470649303,0.037129590906893495,0.048644202762475164,0.032019999810039494,0.012687906882697218,0.032021182312029044,0.01268667670481265,0.4026593184113057,1.3102399872674402,1.3055304762674513,0.013136545123023036,0.0486442027624751,0.4115999999999999,63532.0,0.06268,53881.0,0,2.0,0
1436,2023-01-21 16:54:59.999,0.4054128745039624,0.41155,0.0624384115335264,0.06268,-0.8878247595634841,-0.9028492879352895,-2.769712861494317,-2.773574623544373,0.03665509760032626,0.04852271822123355,0.032033305303955185,0.012675060608116307,0.03203437491568774,0.012673788827635214,0.36458889661811533,1.3009336544489254,1.3102399872674402,0.01313235447718087,0.0485227182212333,0.4115499999999999,133714.0,0.06268,59189.5,0,2.0,0
1437,2023-01-21 16:55:59.999,0.405393285977352,0.41145,0.0624635349253821,0.06264,-0.8880677729304152,-0.9028976065780648,-2.770351227299589,-2.773172333701712,0.036277915628857405,0.04880155522531204,0.03204647560164472,0.012662912008181863,0.03204745487496737,0.012661610244812237,0.33411712034204755,1.3231616560899577,1.3009336544489254,0.013125864848900076,0.048801555225312,0.41145,72088.0,0.06264,119370.4,0,2.0,0
1438,2023-01-21 16:56:59.999,0.4053968602345011,0.41095,0.0624289240397898,0.06256,-0.8892837263876281,-0.902888789852391,-2.771629182745081,-2.773726584723192,0.036739820691661595,0.04863030296897142,0.03205913920492159,0.012652130942972833,0.03206022244525641,0.012650867178851817,0.36990335763132287,1.3097527870001757,1.3231616560899577,0.013119155840091221,0.0486303029689714,0.41095,79512.0,0.06256,133242.1,0,2.0,0
1439,2023-01-21 16:57:59.999,0.4053552720552984,0.41075,0.062322781620285,0.062555,-0.8897705220647596,-0.9029913814524198,-2.771709109212774,-2.7754282439438938,0.03802829905233707,0.04820884546702797,0.03207161877733362,0.012641461501451847,0.03207299731940143,0.01264032336734338,0.47113523601155044,1.276531727588699,1.3097527870001757,0.013112555052851064,0.0482088454670279,0.41075,110407.0,0.062555,232039.5,0,2.0,0
1440,2023-01-21 16:58:59.999,0.4052923231968485,0.4108,0.0622917276004056,0.06255,-0.8896488009277339,-0.9031466865663685,-2.771789042069217,-2.775926645305283,0.03828042637478257,0.048395910001908016,0.03208363992930761,0.012632284155547386,0.03208507403864467,0.01263117404607482,0.49048111549560436,1.2913159545605202,1.276531727588699,0.013106333658429769,0.048395910001908,0.4108,62913.0,0.06255,109437.9,0,2.0,0
1441,2023-01-21 16:59:59.999,0.4053510039130324,0.41075,0.0622705597383319,0.06254,-0.8897705220647596,-0.903001910894198,-2.771948926952442,-2.776266521245742,0.03870304334760011,0.04840489133193304,0.03209505118993969,0.012624754571943857,0.03209658046375539,0.012623693797277728,0.523338334241709,1.2918936403119397,1.2913159545605202,0.01310096208776532,0.048404891331933,0.41075,73472.0,0.06254,46904.5,0,2.0,0
1442,2023-01-21 17:00:59.999,0.4053181067697188,0.41030002,0.0622676779793312,0.062495,-0.890866630789177,-0.90308307136497,-2.772668725439952,-2.776312800349317,0.03865971505262955,0.04789720245183804,0.032106776295044645,0.012615900594167308,0.03210829282796702,0.01261483448024059,0.5193427020326298,1.2516289296139318,1.2918936403119397,0.01309636419608955,0.0478971537070185,0.4103,105051.0,0.062495,176600.8,0,2.0,0
1443,2023-01-21 17:01:59.999,0.4051756107217845,0.41030002,0.0622469527810398,0.062459998,-0.890866630789177,-0.9034346991353704,-2.773228959147698,-2.776645696144072,0.038580222463289515,0.04835518150683282,0.032118451272840964,0.01260759180919493,0.0321199467070438,0.012606516027869764,0.5124552843913184,1.2878534203613838,1.2516289296139318,0.013091778429409597,0.0483551065859453,0.4103,371852.0,0.06246,208774.8,0,2.0,0
1444,2023-01-21 17:02:59.999,0.4051446454744439,0.4108,0.0622534109611816,0.06247,-0.8896488009277339,-0.9035111263186202,-2.7730688374766586,-2.7765419505813527,0.038418985504909964,0.04944211533225906,0.03213084457589131,0.012598296970671472,0.03213229982720559,0.012597202217364304,0.4990541208458688,1.3740961017721653,1.2878534203613838,0.013087007699927352,0.049442115332259,0.4108,144252.0,0.06247,102673.6,0,2.0,0
1445,2023-01-21 17:03:59.999,0.405233263090241,0.41115,0.0623091674867702,0.062529996,-0.8887971675652325,-0.9032924194283811,-2.7721089013722273,-2.7756467133438587,0.037905855130888844,0.04950902149273084,0.03214387621695767,0.012587144610791768,0.032145209699696364,0.012585993191376509,0.45770288793255315,1.3795936896510206,1.3740961017721653,0.013081924400176791,0.0495089691992007,0.41115,145327.0,0.06253,93356.9,0,2.0,0
1446,2023-01-21 17:04:59.999,0.4052981089008092,0.41095,0.0623685208778112,0.06256,-0.8892837263876281,-0.9031324112832373,-2.771629182745081,-2.7746946040081264,0.03728753428975229,0.04863030296897142,0.032156304204244784,0.012576907257847087,0.03215749171410026,0.012575694064609429,0.40793315655547113,1.3098608765241582,1.3795936896510206,0.013075992138786083,0.0486303029689714,0.41095,39172.0,0.06256,72453.1,0,2.0,0
1447,2023-01-21 17:05:59.999,0.4052630602144351,0.41115,0.062356404512315,0.06257,-0.8887971675652325,-0.9032188913361474,-2.771469348971865,-2.7748888934093254,0.037359881660337546,0.04898620110565377,0.032168071572435404,0.012568864322864397,0.03216927310219423,0.01256765797197693,0.41301319384385005,1.338078692012293,1.3098608765241582,0.013066429742870877,0.0489862011056536,0.41115,84624.0,0.06257,311093.8,0,2.0,0
1448,2023-01-21 17:06:59.999,0.4053007296899199,0.4113,0.0623253602701496,0.062605,-0.8884324037457586,-0.9031259449795962,-2.770910131861226,-2.775386869081407,0.03785991246139264,0.048893816916491306,0.0321797895569268,0.012560852395079532,0.03218110409590029,0.012559696029935542,0.45214536657233867,1.3306443570749946,1.338078692012293,0.01305156504413259,0.0488938169164914,0.4113,69488.0,0.062605,99800.9,0,2.0,0
1449,2023-01-21 17:07:59.999,0.4053638482756646,0.4112,0.0623491583373076,0.06261,-0.8886755648411817,-0.9029702243829701,-2.770830269224918,-2.775005105947884,0.037703549874330666,0.04858536982666961,0.032191460032745575,0.012552665634096087,0.03219273568417848,0.012551493076089394,0.4390564657722112,1.3060102349411902,1.3306443570749946,0.01303883265104491,0.0485853698266696,0.4112,153916.0,0.06261,225971.0,0,2.0,0
1450,2023-01-21 17:08:59.999,0.4054147215362881,0.4107,0.0623624000288047,0.062584996,-0.8898922580196241,-0.902844732016535,-2.7712297101152306,-2.774792748862136,0.03765544487219008,0.04769521101940499,0.032203419837528946,0.012542814451533366,0.03220468158828911,0.012541637178759403,0.43461337672344863,1.2351128402431375,1.3060102349411902,0.0130279415878203,0.047695158771831,0.4106999999999999,73271.0,0.062585,189512.3,0,2.0,0
1451,2023-01-21 17:09:59.999,0.4054056561019546,0.4107,0.0623526827587875,0.062575,-0.8898922580196241,-0.9028670931573842,-2.771389441664299,-2.774948580375369,0.03776047265525262,0.04782578813906724,0.03221538328033656,0.012533058299447793,0.03221666656878249,0.012531891816898183,0.4423758333913145,1.2455383582966715,1.2351128402431375,0.013018077259755005,0.0478257881390675,0.4106999999999999,66536.0,0.0625749999999999,67972.2,0,2.0,0
1452,2023-01-21 17:10:59.999,0.4054461111018656,0.41105,0.0623503849959816,0.0626,-0.8890404173839945,-0.9027673091978965,-2.7709900008760844,-2.7749854321200376,0.037890382126584576,0.04835109448698205,0.03222738205931492,0.01252368438681672,0.03222869263558598,0.01252253141042198,0.4521202068047205,1.287457582741389,1.2455383582966715,0.013008755551778361,0.048351094486982,0.41105,112191.0,0.0626,207147.6,0,2.0,0
1453,2023-01-21 17:11:59.999,0.4054597142453451,0.4112,0.0623670702205968,0.062685,-0.8886755648411817,-0.9027337587089111,-2.7696330944141487,-2.774717863724166,0.037705201183680814,0.04760670506423481,0.032238873337348234,0.01251501262525649,0.032240138398178214,0.012513840622508812,0.4367214630872411,1.2279517557875113,1.287457582741389,0.01299985920392258,0.0476067050642348,0.4112,85800.0,0.0626849999999999,1246020.8,0,2.0,0
1454,2023-01-21 17:12:59.999,0.405363124438672,0.4112,0.0624549292036778,0.06272,-0.8886755648411817,-0.9029720100321885,-2.769074902939985,-2.7733101151222233,0.036316145534506905,0.04715039549144584,0.032249494306743114,0.012508191727246834,0.03225043544333829,0.012506897243231868,0.3250774362417331,1.1912913960411886,1.2279517557875113,0.012990386640306346,0.0471503954914458,0.4112,50720.0,0.06272,111729.2,0,2.0,0
1455,2023-01-21 17:13:59.999,0.4052414000164324,0.4112,0.0625035813311131,0.062665,-0.8886755648411817,-0.90327234001921,-2.7699522009186515,-2.7725314225836284,0.03537925107800399,0.04786756779590218,0.03225975483638219,0.012502817739820501,0.03226047677487828,0.012501460957944162,0.24947278671008907,1.248343636155738,1.1912913960411886,0.01298081874771772,0.0478675677959021,0.4112,178898.0,0.062665,779428.4,0,2.0,0
1456,2023-01-21 17:14:59.999,0.4052164600880569,0.4113,0.0624508052305489,0.06266,-0.8884324037457586,-0.9033338853002445,-2.7700319934580917,-2.773376148489692,0.03600825112981776,0.048175957583035944,0.03226990649390137,0.012497931728407253,0.032270771651188086,0.012496614835625216,0.2990793529120307,1.272694669389241,1.248343636155738,0.012971137007693001,0.048175957583036,0.4113,76822.0,0.06266,282750.7,0,2.0,0
1457,2023-01-21 17:15:59.999,0.405316913686676,0.41135,0.0624558758641762,0.06267,-0.8883108453671977,-0.9030860149413336,-2.769872414745553,-2.773294957738554,0.03618974978890721,0.048167063782523556,0.032280082267883814,0.012492974239775122,0.032280987074067805,0.012491670106710826,0.31290953743163014,1.271673278894531,1.272694669389241,0.012961437920365604,0.0481670637825235,0.41135,273514.0,0.06267,197626.3,0,2.0,0
1458,2023-01-21 17:16:59.999,0.4054349789881191,0.41085,0.0624693553319018,0.0626,-0.8895270946049402,-0.902794766031909,-2.7709900008760844,-2.7730791571729063,0.036304586358702484,0.04786441726603641,0.03229079770133213,0.012486482760320158,0.03229172660405311,0.012485187096456568,0.3214096611966884,1.247238302702383,1.271673278894531,0.012950975788310073,0.0478644172660365,0.41085,92444.0,0.0626,85045.6,0,2.0,0
1459,2023-01-21 17:17:59.999,0.4053994161278815,0.4104,0.0623642969053339,0.062545,-0.8906229851255774,-0.90288248520237,-2.7718689813154325,-2.7747623323342236,0.03759282682635656,0.04748707442542144,0.03230115765352878,0.012480518827472977,0.032302382293466936,0.012479334161162162,0.4239364428075339,1.2167696697403618,1.247238302702383,0.01293969370212535,0.0474870744254214,0.4104,337323.0,0.062545,396639.9,0,2.0,0
1460,2023-01-21 17:18:59.999,0.405275320515494,0.41035,0.0622874787392016,0.062529996,-0.8907448249064164,-0.9031886390955347,-2.7721089013722273,-2.77599485670798,0.038294235206125404,0.04756136415154699,0.032311895563884786,0.012473686363326887,0.03231328004424633,0.012472574853539609,0.47952850410689113,1.2225310259921416,1.2167696697403618,0.012928272283169819,0.0475613118580171,0.41035,74058.0,0.06253,105916.2,0,2.0,0
1461,2023-01-21 17:19:59.999,0.4051648979342956,0.4101,0.0622684788630016,0.062515,-0.8913542465841234,-0.9034611393475407,-2.772348751035174,-2.7762999384834828,0.03827113277026095,0.047148014435341445,0.03232270862429185,0.01246629367686777,0.032324085255660974,0.012465179464042023,0.47709281135945697,1.1892312338637716,1.2225310259921416,0.012916486550972908,0.0471480144353413,0.4101,181255.0,0.062515,155432.6,0,2.0,0
1462,2023-01-21 17:20:59.999,0.4050309581388104,0.41045,0.0622586211494551,0.06251,-0.890501160187862,-0.9037917749480597,-2.772428735038416,-2.7764582608657773,0.038069922325753014,0.04806648604086983,0.03233403697487022,0.012458357017299746,0.03233536441883016,0.012457220869687275,0.46034006837568503,1.262802875543977,1.1892312338637716,0.012903323792320013,0.0480664860408697,0.41045,41588.0,0.06251,95225.3,0,2.0,0
1463,2023-01-21 17:21:59.999,0.4051247474451194,0.4106,0.062260209139108,0.06249,-0.8901357743973038,-0.9035602409205103,-2.7727487350411466,-2.7764327548495498,0.03828060573141556,0.04869346497875615,0.03234526421699324,0.012451238326614256,0.03234663782067628,0.01245012480842635,0.47661915057454857,1.3129779009063685,1.262802875543977,0.012888907304634352,0.048693464978756,0.4105999999999999,24294.0,0.06249,377886.5,0,2.0,0
1464,2023-01-21 17:22:59.999,0.4052404116045393,0.4108,0.06223593463061,0.062515,-0.8896488009277339,-0.9032747790915715,-2.772348751035174,-2.7768227188768777,0.03888485479905135,0.04885346009173097,0.03235646330696408,0.012444322048483402,0.0323579741589641,0.012443278233827052,0.5245306355317139,1.3256645657749906,1.3129779009063685,0.0128749751375488,0.0488534600917309,0.4108,341063.0,0.062515,44810.0,0,2.0,0
1465,2023-01-21 17:23:59.999,0.4053566448495945,0.4109,0.0622463114518852,0.06252,-0.889405403092773,-0.902987994813424,-2.772268773428861,-2.7766559991778714,0.03903534929465968,0.04903147794677698,0.032367691698897735,0.01243747726254564,0.032369234780961084,0.012436451553401279,0.5360141906294376,1.339804358723192,1.3256645657749906,0.012860772172608498,0.0490314779467775,0.4109,27194.0,0.0625199999999999,78943.8,0,2.0,0
1466,2023-01-21 17:24:59.999,0.4053835865616527,0.4109,0.0622337502003989,0.062505,-0.889405403092773,-0.9029215328049426,-2.7725087254396104,-2.7768578186718886,0.03926679441620917,0.04922763357541482,0.03237900674979088,0.012430573743771158,0.03238060077609646,0.012429576836160673,0.5540167401418762,1.3554182753685549,1.339804358723192,0.01284662191306047,0.0492276335754149,0.4109,56649.0,0.062505,89642.0,0,2.0,0
1467,2023-01-21 17:25:59.999,0.4053369664673574,0.4108,0.062217552972604,0.062475,-0.8896488009277339,-0.9030365418402323,-2.772988802261121,-2.777118116916638,0.03936457362000356,0.04937668825803754,0.03239058172418001,0.012423112787737816,0.03239219570055026,0.012422128137205142,0.5612869101366408,1.3672987458202583,1.3554182753685549,0.012833925254328296,0.0493766882580375,0.4108,95005.0,0.062475,124585.1,0,2.0,0
1468,2023-01-21 17:26:59.999,0.405263289845481,0.41105,0.0622036943962375,0.062429998,-0.8890404173839945,-0.90321832471411,-2.773709381944365,-2.7773408855629405,0.039364899342423265,0.0505741302568774,0.03240254820113138,0.012415722466180643,0.03240415948350612,0.012414737428728709,0.5606836148470954,1.4635944146821778,1.3672987458202583,0.012823706485009316,0.0505741040682314,0.41105,116204.0,0.06243,199638.6,0,2.0,0
1469,2023-01-21 17:27:59.999,0.4053004651150192,0.41105,0.0621792110002117,0.062395,-0.8890404173839945,-0.9031265977664472,-2.7742701350223196,-2.777734563396144,0.039778449485530776,0.051032533885891684,0.03241429818015282,0.012409327230228416,0.032416002450299866,0.012408396834287424,0.5933439374606939,1.500342070147518,1.4635944146821778,0.012813030427789241,0.0510325338858916,0.41105,95691.0,0.062395,236424.1,0,2.0,0
1470,2023-01-21 17:28:59.999,0.4053230687971018,0.4113,0.0621550924906972,0.062435,-0.8884324037457586,-0.9030708291361452,-2.7736292634150286,-2.77812252567429,0.040151368967454526,0.051116648713646184,0.032426173527855345,0.012402670355172831,0.03242796135369187,0.01240179182067528,0.6227654620751497,1.5069718577173608,1.500342070147518,0.012801000435502653,0.0511166487136462,0.4113,70298.0,0.062435,203138.4,0,2.0,0
1471,2023-01-21 17:29:59.999,0.4054189747026163,0.4111,0.0621843514111621,0.062455,-0.8889187850783042,-0.9028342411690334,-2.7733089815642646,-2.777651895919374,0.040003227191552804,0.050368443829042375,0.03243755825576481,0.012396560575022995,0.03243930916271593,0.012395660256272572,0.6102069492433294,1.4464403626119742,1.5069718577173608,0.012788809697917219,0.0503684438290423,0.4111,48323.0,0.062455,58543.1,0,2.0,0
1472,2023-01-21 17:30:59.999,0.4053550274483147,0.41095,0.062180509213975,0.062445,-0.8892837263876281,-0.9029919848911175,-2.7734691096670887,-2.777713685031974,0.039895994745399066,0.05013440381358114,0.03244901717191432,0.012390032724811597,0.0324507406103715,0.012389116804156696,0.6009511616299874,1.4273882107067435,1.4464403626119742,0.012776220423232244,0.0501344038135811,0.41095,140459.0,0.062445,338190.5,0,2.0,0
1473,2023-01-21 17:31:59.999,0.4053766726703797,0.4109,0.0621559871515344,0.062405,-0.889405403092773,-0.9029385881334308,-2.77410987861172,-2.77810813177087,0.040271843262463025,0.05053654199439295,0.03246082244991773,0.012382963015846085,0.03246263013814095,0.01238210010596088,0.6306856718564756,1.4597249076286745,1.4273882107067435,0.012763794640662091,0.050536541994393,0.4109,81983.0,0.062405,68562.6,0,2.0,0
1474,2023-01-21 17:32:59.999,0.405344738979063,0.41105,0.0621231553654609,0.06239,-0.8890404173839945,-0.9030173665914173,-2.7743502728594422,-2.778636487312634,0.040624984141660936,0.051098044851061175,0.032472696361461065,0.012376233259476867,0.032474583028385434,0.012375422364756077,0.6585957935857609,1.504928688649117,1.4597249076286745,0.012751520002017961,0.0510980448510611,0.41105,82142.0,0.06239,92775.0,0,2.0,0
1475,2023-01-21 17:33:59.999,0.4053225995510514,0.41105,0.0621329873013976,0.062395,-0.8890404173839945,-0.9030719868455335,-2.7742701350223196,-2.7784782345977788,0.04044099568317305,0.051032533885891684,0.032484862904630145,0.012368635849563752,0.032486704175812404,0.012367796659692343,0.6431453981843293,1.4995728879766257,1.504928688649117,0.012739303957239993,0.0510325338858916,0.41105,220276.0,0.062395,116021.5,0,2.0,0
1476,2023-01-21 17:34:59.999,0.4052954731357607,0.41125,0.0621917020299334,0.06239,-0.8885539769025554,-0.9031389145793574,-2.7743502728594422,-2.77753369601551,0.03960192789184802,0.05158448533250026,0.03249708460792138,0.012361415158074488,0.03249872886695492,0.012360457150272721,0.5746712227982906,1.5441112915062134,1.4995728879766257,0.012727809858084103,0.0515844853325002,0.41125,159158.0,0.06239,60666.5,0,2.0,0
1477,2023-01-21 17:35:59.999,0.405320178441111,0.41125,0.0622266213579604,0.06239,-0.8885539769025554,-0.9030779601546312,-2.7743502728594422,-2.776972374692525,0.039204014159419986,0.05158448533250026,0.03250903893072407,0.01235489548731326,0.03251058833485013,0.012353885517160932,0.5418073378834489,1.5439585402696439,1.5441112915062134,0.012715911694589532,0.0515844853325002,0.41125,65974.0,0.06239,92297.0,0,2.0,0
1478,2023-01-21 17:36:59.999,0.4053166391278168,0.4113,0.0622217431675236,0.0624,-0.8884324037457586,-0.90308669233461,-2.7741900036067553,-2.77705077171217,0.039259369863614,0.05157504180844519,0.03252124236873789,0.012347683341497316,0.032522801759502735,0.012346679882541145,0.5456177829342711,1.543107230137048,1.5439585402696439,0.012702901824062474,0.0515750418084453,0.4113,59331.0,0.0624,36203.1,0,2.0,0
1479,2023-01-21 17:37:59.999,0.4053301474236903,0.4112,0.0621885549393282,0.062435,-0.8886755648411817,-0.9030533651294725,-2.7736292634150286,-2.777584300358716,0.03972884530827936,0.05087348761822308,0.032533245183730145,0.012340313008612762,0.03253491044642965,0.012339370418713698,0.58300663791886,1.4862056109672905,1.543107230137048,0.012689901151012015,0.050873487618223,0.4112,75056.0,0.062435,163274.4,0,2.0,0
1480,2023-01-21 17:38:59.999,0.405310039731237,0.41105,0.0621873753914583,0.062465,-0.8890404173839945,-0.9031029745437996,-2.7731488790983443,-2.7776032678207776,0.03969474138787443,0.05011593118710911,0.03254488185627251,0.012333183578399977,0.03254653653332218,0.012332235938683201,0.5796357521939787,1.424696974559763,1.4862056109672905,0.012677010796929573,0.0501159311871091,0.41105,23069.0,0.062465,33892.4,0,2.0,0
1481,2023-01-21 17:39:59.999,0.4053155708442554,0.4114,0.0621924900247989,0.062529996,-0.8881893017632803,-0.9030893280146343,-2.7721089013722273,-2.7775210256777045,0.03964115672683366,0.05011688729468311,0.032556694687431574,0.012325566964372786,0.0325583342296763,0.012324611764439336,0.5746892991464195,1.4246965399652207,1.424696974559763,0.012664654890517981,0.0501168350011531,0.4114,394901.0,0.06253,228115.9,0,2.0,0
1482,2023-01-21 17:40:59.999,0.405450309356422,0.41145,0.062272941945032,0.06256,-0.8880677729304152,-0.902756954596617,-2.771629182745081,-2.7762282662317395,0.03891672699071691,0.04984625642618434,0.032568411607004306,0.012317936033006996,0.03256988078436689,0.012316889130008847,0.515296203396568,1.4026574559960798,1.4246965399652207,0.012653552945341921,0.0498462564261843,0.41145,267093.0,0.06256,200807.3,0,2.0,0
1483,2023-01-21 17:41:59.999,0.405537339522815,0.41135,0.0623295033542651,0.062515,-0.8883108453671977,-0.9025423269956977,-2.772348751035174,-2.775320396197854,0.03838919028694032,0.050191415652267146,0.03258013338535725,0.0123106047060542,0.032581477763256254,0.012309497262706913,0.4718074507623658,1.4305781630896564,1.4026574559960798,0.01264295932022049,0.0501914156522671,0.41135,105480.0,0.062515,178746.0,0,2.0,0
1484,2023-01-21 17:42:59.999,0.4055573923034964,0.4113,0.0622865125232751,0.062485,-0.8884324037457586,-0.9024928807845496,-2.7728287510443903,-2.7760103690298816,0.03900267450796657,0.05046224699888435,0.0325920095380386,0.012303100537586214,0.03259349314483562,0.012302063288752626,0.5209842619644675,1.452498693825335,1.4305781630896564,0.01263346137639196,0.0504622469988844,0.4113,138125.0,0.062485,118019.1,0,2.0,0
1485,2023-01-21 17:43:59.999,0.4055026103231135,0.41155,0.0622486176590806,0.062495,-0.8878247595634841,-0.9026279681524109,-2.772668725439952,-2.7766189501637126,0.039365089180246504,0.05093907367753103,0.03260366821051057,0.012296615683809348,0.03260523299203562,0.012295622859763392,0.5497774505049327,1.4910936422256607,1.452498693825335,0.012625563859477001,0.0509390736775308,0.4115499999999999,16337.0,0.0624949999999999,228009.4,0,2.0,0
1486,2023-01-21 17:44:59.999,0.4054269518854714,0.41145,0.0622534825162709,0.0625,-0.8880677729304152,-0.9028145649701557,-2.772588722239781,-2.776540801165649,0.03911460723065929,0.05063065940825506,0.03261551026817397,0.012289335135603567,0.03261701434060222,0.012288310660422849,0.5287620951009947,1.4659173129626197,1.4910936422256607,0.012617049309499875,0.050630659408255,0.41145,34622.0,0.0625,107117.7,0,2.0,0
1487,2023-01-21 17:45:59.999,0.4052913896967272,0.4116,0.0622610389114791,0.062525,-0.8877032750222424,-0.9031489898451205,-2.772188802218454,-2.776419427447454,0.038680961941086056,0.05066823126590947,0.03262725719678011,0.012282329986668434,0.032628658193018086,0.012281253883583136,0.49280829184374547,1.4688559979019866,1.4659173129626197,0.01260859564096247,0.0506682312659094,0.4115999999999999,54671.0,0.062525,77737.5,0,2.0,0
1488,2023-01-21 17:46:59.999,0.4052969108257871,0.4117,0.062297490229524,0.062529996,-0.887460350206278,-0.9031353673216854,-2.7721089013722273,-2.7758341392405868,0.03821612389320206,0.050845838851685365,0.03263886276274624,0.0122758507128284,0.03264015349663433,0.01227472331415447,0.45426444685216305,1.4831539186048128,1.4688559979019866,0.012599530669990668,0.0508457865581553,0.4116999999999999,135660.0,0.06253,78994.9,0,2.0,0
1489,2023-01-21 17:47:59.999,0.4053920679344129,0.41155,0.0623096910389144,0.062515,-0.8878247595634841,-0.9029006111783163,-2.772348751035174,-2.7756383108893603,0.03829079455439499,0.05067750145598082,0.03265053397029881,0.012269025311266451,0.032651839284018803,0.012267905529731941,0.4596510183999926,1.4693072210983324,1.4831539186048128,0.012588795447873457,0.0506775014559806,0.4115499999999999,67128.0,0.062515,119152.1,0,2.0,0
1490,2023-01-21 17:48:59.999,0.405469483548754,0.4112,0.0622905147194197,0.062455,-0.8886755648411817,-0.9027096646118286,-2.7733089815642646,-2.7759461164749033,0.03873336559338403,0.05061166406616491,0.0326623085433263,0.01226184673944159,0.03266371355537214,0.01226077556852363,0.49504633732911224,1.4638378626200337,1.4693072210983324,0.0125782688463012,0.0506116640661649,0.4112,82124.0,0.062455,96626.2,0,2.0,0
1491,2023-01-21 17:49:59.999,0.4054619107162188,0.41095,0.0622070743742142,0.062425,-0.8892837263876281,-0.9027283414877986,-2.7737894428163,-2.7772865497846,0.039810464233899556,0.050396269301021146,0.032673868309402436,0.012255018519814325,0.03267551991688322,0.012254081195131323,0.5822504521882166,1.4461341664204372,1.4638378626200337,0.012569666995135054,0.0503962693010211,0.41095,125188.0,0.062425,71450.9,0,2.0,0
1492,2023-01-21 17:50:59.999,0.4053831223075816,0.41095,0.0621589515766632,0.062425,-0.8892837263876281,-0.902922678027276,-2.7737894428163,-2.778060439592284,0.040248766034265304,0.050396269301021146,0.032685355985787264,0.01224836434742656,0.03268710636996881,0.012247487318609555,0.6174049801061529,1.4459819134099348,1.4461341664204372,0.01256168651544589,0.0503962693010211,0.41095,85200.0,0.062425,35872.3,0,2.0,0
1493,2023-01-21 17:51:59.999,0.4052913647368309,0.4112,0.0621560084847288,0.062445,-0.8886755648411817,-0.9031490514301866,-2.7734691096670887,-2.7781077885506633,0.04006109939054048,0.050742565360027525,0.032696819367889894,0.012242083308057974,0.032698523667825705,0.01224117919078871,0.601459680310455,1.4740747581957374,1.4459819134099348,0.01255354381455093,0.0507425653600275,0.4112,67511.0,0.062445,53862.1,0,2.0,0
1494,2023-01-21 17:52:59.999,0.4052721006888723,0.4114,0.0621871842815925,0.06244,-0.8881893017632803,-0.9031965839153872,-2.7735491833349055,-2.7776063409551277,0.03960364423778662,0.05129428694606508,0.03270852971309405,0.012235670029934417,0.03271012543503913,0.012234703665110454,0.5634397850113564,1.5189815668043682,1.4740747581957374,0.0125441011530919,0.0512942869460655,0.4114,1118044.0,0.0624399999999999,1224999.4,0,2.0,0
1495,2023-01-21 17:53:59.999,0.4053210769973776,0.4098,0.0621878456106167,0.06226,-0.8920860431773376,-0.9030757432522454,-2.776436113968675,-2.777595706521113,0.0397157914789279,0.049757549482515095,0.03272023089236662,0.012227795689371539,0.032721849860333885,0.01222684372688486,0.5720152947743546,1.393327057709788,1.5189815668043682,0.012534328157363488,0.049757549482515,0.4098,4158174.0,0.0622599999999999,1960812.8,0,2.0,0
1496,2023-01-21 17:54:59.999,0.4050659419294541,0.4097,0.0619966699673965,0.062255,-0.8923300944293117,-0.9037054055503679,-2.776516425577761,-2.7806746055827722,0.04160306320884688,0.04957915125056822,0.032731807235718786,0.012220075779501323,0.03273386029194955,0.0122194067712349,0.7258292552937905,1.3786611735346326,1.393327057709788,0.012524871512041031,0.0495791512505681,0.4097,423836.0,0.062255,375784.6,0,2.0,0
1497,2023-01-21 17:55:59.999,0.4051320107749406,0.4104,0.0619801798526211,0.062325,-0.8906229851255774,-0.9035423124558657,-2.7753926495725154,-2.780940624841958,0.041983621349181766,0.05036759774306554,0.03274358281342244,0.012212552033084365,0.032745721216231,0.01221194762789417,0.7564641132139995,1.443106639947067,1.3786611735346326,0.012516013319487103,0.0503675977430655,0.4104,116712.0,0.062325,153945.6,0,2.0,0
1498,2023-01-21 17:56:59.999,0.405287890319267,0.4107,0.0620414998975143,0.062365,-0.8898922580196241,-0.9031576241084097,-2.7747510584044646,-2.7799517646682603,0.041559937687581594,0.05057383781302993,0.03275530319004007,0.012205360214918588,0.03275734082820197,0.012204682645530613,0.7212475010649425,1.4598942029756974,1.443106639947067,0.012508633088051105,0.0505738378130298,0.4106999999999999,65146.0,0.062365,94926.7,0,2.0,0
1499,2023-01-21 17:57:59.999,0.4052979841013277,0.41055,0.0620821716325041,0.062365,-0.8902575548273393,-0.9031327192035014,-2.7747510584044646,-2.7792964225253143,0.041049114429092204,0.0502085410053148,0.032766958532993905,0.012197978109096475,0.03276887525502494,0.012197217164297737,0.6788629785410567,1.4298748789616267,1.4598942029756974,0.012502820029266089,0.0502085410053148,0.4105499999999999,77517.0,0.062365,120677.7,0,2.0,0
1500,2023-01-21 17:58:59.999,0.4052118624751598,0.41075,0.062097389311126,0.06238,-0.8897705220647596,-0.9033452314310969,-2.77451056780248,-2.779051331004899,0.040636245133803484,0.05049897785245938,0.032778724663225206,0.012190559353050695,0.03278054311276712,0.012189734619631569,0.6444522597222714,1.4536046030406038,1.4298748789616267,0.012497826366204952,0.0504989778524593,0.41075,96417.0,0.06238,115599.7,0,2.0,0
1501,2023-01-21 17:59:59.999,0.4052403417168296,0.4107,0.0621327321919488,0.062365,-0.8898922580196241,-0.9032749515514588,-2.7747510584044646,-2.7784823404678427,0.04024138743807082,0.05057383781302993,0.03279049235354539,0.01218319278145089,0.03279221669862397,0.012182310142294959,0.6114743962710787,1.459662157407537,1.4536046030406038,0.012492906288939423,0.0505738378130298,0.4106999999999999,70201.0,0.062365,84435.5,0,2.0,0
1502,2023-01-21 18:00:59.999,0.4052538450207239,0.4106,0.0621272980051348,0.06234,-0.8901357743973038,-0.9032416303898353,-2.775152004642946,-2.7785698052271677,0.040346209166809754,0.05065808639640912,0.03280217103413727,0.012176131494804697,0.03280391693511683,0.012175263249467069,0.6194767272915488,1.466468670274348,1.459662157407537,0.012486807849020133,0.050658086396409,0.4105999999999999,58158.0,0.06234,36179.4,0,2.0,0
1503,2023-01-21 18:01:59.999,0.4052876057764493,0.41075,0.0620852453902538,0.06237,-0.8897705220647596,-0.9031583261844509,-2.774670888444106,-2.7792469126325576,0.04098303417139393,0.05063003654266773,0.03281364199172942,0.012169577395464941,0.03281553261708921,0.012168803618969172,0.6711836109815202,1.4640109489404036,1.466468670274348,0.012480797394985763,0.0506300365426677,0.41075,69968.0,0.06237,113404.7,0,2.0,0
1504,2023-01-21 18:02:59.999,0.4053051675594807,0.41025,0.0620954928790384,0.06234,-0.8909885490119368,-0.9031149954674451,-2.775152004642946,-2.7790818711140313,0.04089144698245328,0.04980531178177616,0.032824759416261055,0.012163155758531661,0.032826626272906785,0.012162367198851373,0.6630963017058183,1.3960646975686681,1.4640109489404036,0.012474264680445248,0.049805311781776,0.41025,81086.0,0.06234,126045.7,0,2.0,0
1505,2023-01-21 18:03:59.999,0.4052606091526192,0.4097,0.0620469487508994,0.062285,-0.8923300944293117,-0.9032249394305054,-2.776034652644081,-2.7798639425792917,0.041420829689041705,0.04918531219761946,0.03283569202300168,0.012156629092730445,0.03283767886347056,0.012155923781957895,0.7060879106786154,1.3449139601038504,1.3960646975686681,0.01246702831141642,0.0491853121976193,0.4097,576501.0,0.062285,101141.0,0,2.0,0
1506,2023-01-21 18:04:59.999,0.4051203395274342,0.4093,0.0619957975286367,0.06229,-0.8933068954837797,-0.9035711213757112,-2.775954379716083,-2.7806886780305176,0.041748851308081036,0.04814288974408565,0.03284644534493332,0.012149616583478549,0.032848505610141174,0.01214896532169002,0.7326011279371857,1.2590063475709135,1.3449139601038504,0.012459210518275962,0.0481428897440856,0.4093,184617.0,0.06229,75552.1,0,2.0,0
1507,2023-01-21 18:05:59.999,0.4049683387509916,0.4099,0.0620302213043371,0.06231,-0.8918420514718453,-0.9039463908549723,-2.7756333524260066,-2.780133572304989,0.04091979478943886,0.04934530082329247,0.03285746224070493,0.012142992509612472,0.03285932808947807,0.012142206641726215,0.6638387022883724,1.3578068642911258,1.2590063475709135,0.012451898823741581,0.049345300823292,0.4099,324597.0,0.06231,112538.2,0,2.0,0
1508,2023-01-21 18:06:59.999,0.4050712733633022,0.4102,0.0621081821296907,0.062344998,-0.8911104333438568,-0.9036922437458057,-2.7750718346131453,-2.778877541400026,0.04014716353995773,0.049617890167862444,0.03286851271380627,0.01213651670550574,0.03287019719675609,0.012135617309637893,0.5996370977702473,1.380081110625243,1.3578068642911258,0.012444989877476876,0.0496178639435114,0.4102,66922.0,0.062345,75365.8,0,2.0,0
1509,2023-01-21 18:07:59.999,0.4051208237494222,0.41015,0.0621826305334862,0.06234,-0.8912323325333781,-0.90356992612173,-2.775152004642946,-2.77767957010828,0.03929016529546203,0.049561528260334886,0.03287953737600647,0.012130042019375467,0.03288102097422898,0.012129030306077246,0.5284135796100495,1.3752624152234647,1.380081110625243,0.012438158223507722,0.0495615282603347,0.41015,27439.0,0.06234,10421.4,0,2.0,0
1510,2023-01-21 18:08:59.999,0.4051035215493122,0.4099,0.0621724705996866,0.06232,-0.8918420514718453,-0.9036126357742185,-2.775472877419644,-2.777842972071362,0.039381033247466224,0.04921411594321845,0.03289040490529042,0.012123639243966148,0.03289190701784357,0.012122638328072404,0.5352899306247367,1.3464365533684313,1.3752624152234647,0.012431295515470824,0.0492141159432186,0.4099,67153.0,0.06232,36707.3,0,2.0,0
1511,2023-01-21 18:09:59.999,0.4050496481091543,0.40965,0.0621077047994675,0.062305,-0.8924521423943134,-0.9037456314650457,-2.775713599587306,-2.7788852268939674,0.0401000585473793,0.048800810236166,0.032901159009348396,0.012117140996063362,0.032902825035624264,0.012116233625644362,0.5940157423608838,1.3121619391887174,1.3464365533684313,0.012423990311944026,0.0488008102361658,0.4096499999999999,322347.0,0.062305,287687.1,0,2.0,0
1512,2023-01-21 18:10:59.999,0.4049866842747667,0.4096,0.0620488918493496,0.062295,-0.892574205256839,-0.9039010907500116,-2.7758741132313105,-2.7798326264861664,0.04071907813424569,0.048809963839159365,0.03291188170750987,0.012110716912780144,0.03291368851066348,0.012109897750869274,0.644546286364963,1.3127284079171762,1.3121619391887174,0.012416585105847817,0.0488099638391594,0.4096,178547.0,0.062295,334203.0,0,2.0,0
1513,2023-01-21 18:11:59.999,0.4050117639785615,0.41025,0.062007013011114,0.062355,-0.8909885490119368,-0.9038391654368042,-2.7749114176094265,-2.780507787251364,0.041332932909995734,0.04960863703562712,0.032922544379690125,0.012105133727841862,0.03292449077833171,0.012104408974878437,0.694659454180287,1.3784310880894204,1.3127284079171762,0.012409981982897746,0.049608637035627,0.41025,94654.0,0.062355,104841.0,0,2.0,0
1514,2023-01-21 18:12:59.999,0.4052390687621187,0.4096,0.062074817902642,0.06231,-0.892574205256839,-0.9032780927903217,-2.7756333524260066,-2.7794148810977752,0.04100057818768943,0.048613147038298776,0.03293262483138501,0.012100062755631674,0.032934491980969906,0.012099284919694087,0.666658092627466,1.2959042050931229,1.3784310880894204,0.012403443074078317,0.0486131470382984,0.4096,383579.0,0.06231,54933.9,0,2.0,0
1515,2023-01-21 18:13:59.999,0.4051931774967952,0.40935,0.062044381656515,0.0623,-0.8931847431596799,-0.9033913441215327,-2.7757938531887296,-2.7799053168538093,0.04128824758113048,0.04813381507080494,0.03294244778715958,0.012095173609783587,0.03294437923816489,0.012094440213934925,0.6898928925500808,1.255985881125122,1.2959042050931229,0.01239719314737325,0.048133815070805,0.40935,568509.0,0.0623,131078.9,0,2.0,0
1516,2023-01-21 18:14:59.999,0.4051857893674926,0.40955,0.0620532460432006,0.062325,-0.892696283020526,-0.9034095778852528,-2.7753926495725154,-2.779762455352506,0.04115322760041329,0.04829429984811695,0.032952418107115515,0.01209007078340532,0.032954316003318544,0.012089315301410513,0.6781948681690966,1.2689654192975868,1.255985881125122,0.012390752667185666,0.0482942998481168,0.4095499999999999,132080.0,0.062325,46832.5,0,2.0,0
1517,2023-01-21 18:15:59.999,0.4051722910555775,0.40985,0.0620838453993759,0.062325,-0.8919640398830975,-0.9034428923230117,-2.7753926495725154,-2.779269462380954,0.04071690196909594,0.04902654298554543,0.032962406027089136,0.012085522289869957,0.0329642006338797,0.01208469940643049,0.641530341341456,1.3292050250837066,1.2689654192975868,0.012383854280509834,0.0490265429855454,0.40985,46218.0,0.062325,15055.5,0,2.0,0
1518,2023-01-21 18:16:59.999,0.4050927488580724,0.4092,0.0620787360993339,0.06228,-0.8935512449046656,-0.9036392285681719,-2.7761149320163394,-2.779351762539073,0.04058784434019913,0.04802978838937633,0.0329721226781077,0.01208075734843143,0.032973885168656666,0.012079914816184362,0.6302990780482555,1.2464173625028332,1.3292050250837066,0.012377091800057277,0.0480297883893763,0.4092,298933.0,0.06228,778251.6,0,2.0,0
1519,2023-01-21 18:17:59.999,0.4047831163525837,0.40925,0.0620325564002331,0.062275,-0.8934290627308927,-0.9044038704938686,-2.776195217833893,-2.7800959285259363,0.04043154216755629,0.04821760249915075,0.032982053573543085,0.012075651205024285,0.032983777593120496,0.012074785504785421,0.6168030538914443,1.2616751400759774,1.2464173625028332,0.012369703085958276,0.0482176024991507,0.40925,186040.0,0.062275,152466.9,0,2.0,0
1520,2023-01-21 18:18:59.999,0.4047643864464058,0.40945,0.0620365461520143,0.06229,-0.8929404832659399,-0.9044501430254162,-2.775954379716083,-2.780031613532106,0.0403326935062811,0.04850930196192549,0.03299209482709211,0.012070522176606684,0.032993793646504094,0.01206964185932007,0.6080461993252911,1.285545638191739,1.2616751400759774,0.012362292027627626,0.0485093019619253,0.40945,129726.0,0.06229,39205.6,0,2.0,0
1521,2023-01-21 18:19:59.999,0.4049183390867383,0.4096,0.062055543361565,0.062295,-0.892574205256839,-0.904069864090636,-2.7758741132313105,-2.7797254343103113,0.04046267748608445,0.048809963839159365,0.033002280006958866,0.01206530023994147,0.03300400655115677,0.012064437753326863,0.6182360991394644,1.3101774110742879,1.285545638191739,0.01235552842543888,0.0488099638391592,0.4095999999999999,88105.0,0.062295,64779.7,0,2.0,0
1522,2023-01-21 18:20:59.999,0.4050884507639308,0.40995,0.0620580949004952,0.062315,-0.8917200779399503,-0.9036498387727624,-2.775553111703797,-2.7796843181369995,0.040849091213048916,0.04940167928366357,0.03301248282231079,0.012060526726570452,0.033014296432213756,0.012059720209650305,0.6496663806980929,1.3589121630356216,1.3101774110742879,0.012348481291196093,0.0494016792836635,0.40995,70361.0,0.062315,190803.0,0,2.0,0
1523,2023-01-21 18:21:59.999,0.4052318653360486,0.40995,0.0620579726790693,0.062325,-0.8917200779399503,-0.9032958686926205,-2.7753926495725154,-2.77968628760684,0.04120467129259664,0.04927050492869256,0.033022538258785296,0.012055967976063486,0.03302443183273434,0.012055215324620583,0.6785643590418207,1.347711498750393,1.3589121630356216,0.01234119778467056,0.0492705049286925,0.40995,83633.0,0.062325,48003.8,0,2.0,0
1524,2023-01-21 18:22:59.999,0.4051918096944783,0.4098,0.0620520473843442,0.062315,-0.8920860431773376,-0.9033947198067649,-2.775553111703797,-2.779781772157186,0.04118387675293045,0.04903571404627627,0.03303254482067537,0.012051314046377739,0.033034431266389844,0.01205055735185824,0.6762712502491788,1.3279190272542076,1.347711498750393,0.012334019558690824,0.0490357140462762,0.4098,40390.0,0.0623149999999999,14318.8,0,2.0,0
1525,2023-01-21 18:23:59.999,0.4050511806467867,0.4097,0.0620394274665735,0.062315,-0.8923300944293117,-0.9037418478924878,-2.775553111703797,-2.7799851691726434,0.041003021370259796,0.04879166279430225,0.03304255768369631,0.012046432902997135,0.03304439995717156,0.012045647497110165,0.6607051563643686,1.3073666899923202,1.3279190272542076,0.012326517808000302,0.0487916627943021,0.4096999999999999,52541.0,0.062315,40985.6,0,2.0,0
1526,2023-01-21 18:24:59.999,0.4049471527910185,0.4097,0.0620473816369677,0.06233,-0.8923300944293117,-0.9039987073255156,-2.775312428161378,-2.7798569658533294,0.0406413584700096,0.048594909154195176,0.03305249577820474,0.012041548923504524,0.03305425205283835,0.012040708813320596,0.6301212440896886,1.2907320706601453,1.3073666899923202,0.012318819788616469,0.048594909154195,0.4096999999999999,41623.0,0.0623299999999999,64759.7,0,2.0,0
1527,2023-01-21 18:25:59.999,0.4049619590014993,0.4101,0.0620755934531442,0.06236,-0.8913542465841234,-0.9039621446785053,-2.774831234792561,-2.77940238737353,0.04030631294757048,0.04917739172829505,0.03306258656018745,0.012036791312733925,0.033064262960647385,0.012035902766349782,0.6017039292782059,1.3387957595525872,1.2907320706601453,0.012311345229532396,0.0491773917282949,0.4101,20419.0,0.06236,86162.9,0,2.0,0
1528,2023-01-21 18:26:59.999,0.4051471015282391,0.41035,0.06210849190545,0.062374998,-0.8907448249064164,-0.9035050641717348,-2.774590756974583,-2.778872553732119,0.040330265802358545,0.04959022794121848,0.03307245670417721,0.01203285727840839,0.03307413636376947,0.012031971315742483,0.6030707062187927,1.372722276585176,1.3387957595525872,0.012303921782241198,0.04959020172948,0.41035,29754.0,0.062375,31342.7,0,2.0,0
1529,2023-01-21 18:27:59.999,0.4052819348880115,0.4104,0.0621095456763616,0.06239,-0.8906229851255774,-0.9031723185395873,-2.7743502728594422,-2.778855587260387,0.040649141707313485,0.049515477109478345,0.03308221995719968,0.012029083360979274,0.033083971154087,0.012028242068434494,0.6289506405162592,1.3661271319796437,1.372722276585176,0.0122972329670107,0.0495154771094783,0.4104,34365.0,0.06239,63551.9,0,2.0,0
1530,2023-01-21 18:28:59.999,0.4053007147139821,0.4102,0.0621121558815761,0.062385,-0.8911104333438568,-0.9031259819297841,-2.7744304171191523,-2.7788135623133425,0.04066112382314846,0.049093545106695724,0.03309191352058687,0.012025108589588064,0.03309366524710911,0.012024268272307667,0.6293487807043929,1.330684996887584,1.3661271319796437,0.012290138710257983,0.0490935451066958,0.4102,22785.0,0.0623849999999999,35237.4,0,2.0,0
1531,2023-01-21 18:29:59.999,0.4052099804989793,0.41015,0.0621066754728411,0.06238,-0.8912323325333781,-0.90334987586707,-2.77451056780248,-2.7789018002830415,0.0405093625358951,0.049037167383840896,0.03310150218125603,0.012021303618165462,0.033103216566897,0.012020440658323488,0.6161293233347277,1.3256187272821551,1.330684996887584,0.012283018077793063,0.0490371673838407,0.41015,63116.0,0.06238,41936.6,0,2.0,0
1532,2023-01-21 18:30:59.999,0.4051400079257127,0.41025,0.0621163554097683,0.06238,-0.8909885490119368,-0.9035225730335784,-2.77451056780248,-2.7787459525810814,0.040209263211537505,0.04928095090528217,0.03311125255725632,0.01201733977852355,0.03311289523502865,0.012016434179903878,0.590555223809799,1.3455305954586618,1.3256187272821551,0.012276355956511636,0.049280950905282,0.41025,15377.0,0.06238,27046.1,0,2.0,0
1533,2023-01-21 18:31:59.999,0.4051486590257677,0.41030002,0.0621367623879109,0.062415,-0.890866630789177,-0.9035012199025075,-2.773949647879123,-2.7784174782749584,0.039962095633789496,0.04894432910648505,0.033120774941147284,0.012013583211525687,0.03312235821369823,0.012012643740749729,0.5693781958162347,1.3171385994277578,1.3455305954586618,0.012269609975837573,0.0489442803616655,0.4103,83169.0,0.062415,108095.4,0,2.0,0
1534,2023-01-21 18:32:59.999,0.4051842218860054,0.41035,0.0621874660575342,0.062445,-0.8907448249064164,-0.90341344644274,-2.7734691096670887,-2.7776018098719697,0.0393830776470151,0.04867330529479286,0.03313019213954889,0.012009825234424723,0.03313163923177463,0.012008812112608866,0.5205709238032508,1.2941997782525176,1.3171385994277578,0.012262558058825708,0.0486733052947929,0.41035,166075.0,0.062445,34308.8,0,2.0,0
1535,2023-01-21 18:33:59.999,0.405250969640671,0.41045,0.0622061574912995,0.062425,-0.890501160187862,-0.9032487256716916,-2.7737894428163,-2.7773012890997193,0.039302129124376806,0.04917883550078728,0.033139755426558684,0.012006151522020031,0.03314118157182548,0.01200512811180516,0.5131929867947848,1.3359051853386923,1.2941997782525176,0.0122557547884794,0.0491788355007871,0.41045,41214.0,0.062425,442380.3,0,2.0,0
1536,2023-01-21 18:34:59.999,0.4052281113676462,0.41035,0.0621590200206617,0.06237,-0.8907448249064164,-0.9033051324897489,-2.774670888444106,-2.778059338480391,0.03986541143640754,0.04965573370101095,0.03314940881657812,0.01200266135677956,0.03315096308702937,0.012001707183213257,0.5594577710385772,1.375222077319496,1.3359051853386923,0.012249135787739996,0.049655733701011,0.41035,41121.0,0.06237,170164.1,0,2.0,0
1537,2023-01-21 18:35:59.999,0.4052601099546933,0.4104,0.062085018725064,0.062335,-0.8906229851255774,-0.9032261712261008,-2.7752322131851987,-2.779250563509705,0.04091817364360406,0.05023644443323394,0.033159041975953374,0.011999671028874505,0.033160837655580234,0.011998862891936976,0.6465059279272721,1.4231558862061837,1.375222077319496,0.012242756222743921,0.0502364444332339,0.4104,58127.0,0.062335,175236.0,0,2.0,0
1538,2023-01-21 18:36:59.999,0.4052436913349121,0.4102,0.0620564580222719,0.062385,-0.8911104333438568,-0.9032666858288881,-2.7744304171191523,-2.7797106950313255,0.04125380670300027,0.049093545106695724,0.033168255889754965,0.011996620631038214,0.03317012711188254,0.011995862873232144,0.6738722905174125,1.327481272162438,1.4231558862061837,0.012236322546530018,0.0490935451066958,0.4102,392448.0,0.062385,712902.5,0,2.0,0
1539,2023-01-21 18:37:59.999,0.4051468718971932,0.4101,0.062139684146651,0.062435,-0.8913542465841234,-0.9035056309562683,-2.7736292634150286,-2.778370457961422,0.0399192464809619,0.048194805875281355,0.033177669056885836,0.011992452938389677,0.03317922924606058,0.011991503636641405,0.5620660627001297,1.252215613898585,1.327481272162438,0.012228808711441259,0.0481948058752812,0.4101,57088.0,0.062435,17685.8,0,2.0,0
1540,2023-01-21 18:38:59.999,0.4050940268047626,0.41025,0.0622264555812628,0.062435,-0.8909885490119368,-0.9036360738716783,-2.7736292634150286,-2.776975038776076,0.03864807827360728,0.048560503447467984,0.03318697159522053,0.011988794725384092,0.03318823544772652,0.011987695191004266,0.45545392495280507,1.2823250547193705,1.252215613898585,0.01222126601014739,0.0485605034474678,0.41025,361043.0,0.062435,74463.6,0,2.0,0
1541,2023-01-21 18:39:59.999,0.4051110494540341,0.4107,0.062269342857372,0.062455,-0.8898922580196241,-0.9035940532777007,-2.7733089815642646,-2.7762860632709816,0.03812687615111021,0.04939497088772249,0.033196107353879324,0.01198610462295294,0.033197248471397774,0.011984952266563193,0.41131809039119843,1.3514702268510947,1.2823250547193705,0.012213812413729352,0.0493949708877223,0.4106999999999999,30172.0,0.062455,393048.2,0,2.0,0
1542,2023-01-21 18:40:59.999,0.4052012545192354,0.41075,0.0622854636412205,0.062465,-0.8897705220647596,-0.9033714105629558,-2.7731488790983443,-2.776027208805358,0.03813791088527796,0.049385826506344044,0.03320487406181244,0.011984092536782657,0.03320601570421546,0.011982940668614994,0.4115763665574865,1.3502025618433409,1.3514702268510947,0.012206498891121503,0.049385826506344,0.41075,32343.0,0.062465,61914.4,0,2.0,0
1543,2023-01-21 18:41:59.999,0.4052153518686615,0.41085,0.0622508860887443,0.062475,-0.8895270946049402,-0.9033366201864595,-2.772988802261121,-2.7765825093812895,0.038626647587185814,0.04949839458083127,0.03321394733152347,0.011981586788649197,0.03321519998143221,0.01198048317880763,0.4516885942735564,1.3591227553211014,1.3502025618433409,0.012199083534605956,0.0494983945808313,0.41085,47127.0,0.062475,87861.0,0,2.0,0
1544,2023-01-21 18:42:59.999,0.4052333928817018,0.41095,0.0622222747196157,0.06251,-0.8892837263876281,-0.9032920991401623,-2.772428735038416,-2.777042228881408,0.039046979476914156,0.049283919841103696,0.03322325948818716,0.011978439514819202,0.03322460725953378,0.011977380951724325,0.4861139710632781,1.34079738291845,1.3591227553211014,0.012191605255798111,0.0492839198411036,0.41095,83726.0,0.06251,152224.3,0,2.0,0
1545,2023-01-21 18:43:59.999,0.4052883445893795,0.41095,0.0622347737492852,0.062529996,-0.8892837263876281,-0.9031565032511899,-2.7721089013722273,-2.7768413719614458,0.03901837913648909,0.049022462670335276,0.033232829952337055,0.011974541614762675,0.03323416888989414,0.011973479327818497,0.48308516582613104,1.318600179111003,1.34079738291845,0.01218416626162911,0.0490224103768053,0.41095,112771.0,0.06253,68407.7,0,2.0,0
1546,2023-01-21 18:44:59.999,0.405360149219034,0.4109,0.0622656659924409,0.06252,-0.889405403092773,-0.9029793496997044,-2.772268773428861,-2.7763451127698513,0.03878985142949942,0.04903147794677698,0.03324221750846373,0.011971026477277718,0.03324350138578866,0.011969938632514358,0.46335659805682045,1.318956270649217,1.318600179111003,0.012177024972674042,0.0490314779467775,0.4109,94250.0,0.0625199999999999,140532.3,0,2.0,0
1547,2023-01-21 18:45:59.999,0.4054349989560362,0.4109,0.0622753792624842,0.062515,-0.889405403092773,-0.9027947167813075,-2.772348751035174,-2.7761891277282436,0.0388469699178271,0.04909685792669183,0.03325157889475044,0.011967608137010985,0.033252873824401695,0.011966525917458722,0.46747870952786935,1.324013858954684,1.318956270649217,0.012170418526593646,0.0490968579266919,0.4109,29013.0,0.062515,56488.4,0,2.0,0
1548,2023-01-21 18:46:59.999,0.4054746153034317,0.41095,0.062279713012024,0.062515,-0.8892837263876281,-0.902697008364166,-2.772348751035174,-2.7761195400548306,0.03888779190263103,0.049218534631836786,0.033260637260961144,0.011964880202434431,0.03326193954160027,0.011963801814537694,0.47023951485008414,1.3337281360852047,1.324013858954684,0.012163976303880823,0.0492185346318367,0.41095,88086.0,0.062515,177091.1,0,2.0,0
1549,2023-01-21 18:47:59.999,0.4054346694854051,0.4111,0.0622725721696637,0.06254,-0.8889187850783042,-0.9027955294165408,-2.771948926952442,-2.7762342042275145,0.038883006355138194,0.049256628318388396,0.03326939742426936,0.01196273454163801,0.03327069657005295,0.011961654984334205,0.4691917458274381,1.3364194313995006,1.3337281360852047,0.012157534636181265,0.0492566283183883,0.4111,94375.0,0.06254,121589.8,0,2.0,0
1550,2023-01-21 18:48:59.999,0.4053365271731827,0.41135,0.0622922831523413,0.06256,-0.8883108453671977,-0.9030376256160758,-2.771629182745081,-2.7759177267942743,0.03838219663337383,0.04960318398940178,0.033278596230043,0.01196001195135262,0.03327977734561886,0.011958879903179585,0.4266636448450625,1.3649307229590641,1.3364194313995006,0.012150704936756988,0.0496031839894017,0.41135,95305.0,0.06256,204228.5,0,2.0,0
1551,2023-01-21 18:49:59.999,0.4052640785782039,0.4111,0.0623185852031837,0.062555,-0.8889187850783042,-0.9032163784930356,-2.771709109212774,-2.77549557980854,0.037858347638629386,0.049060582453483326,0.033287849757326904,0.011956754006613914,0.03328890749810017,0.011955572500129498,0.3822017005442207,1.3191483815282716,1.3649307229590641,0.012143896311717165,0.0490605824534833,0.4111,31604.0,0.062555,32665.8,0,2.0,0
1552,2023-01-21 18:50:59.999,0.4051877362394034,0.4113,0.0623230282853445,0.06255,-0.8884324037457586,-0.9034047730098483,-2.771789042069217,-2.775424286088276,0.03761167203272453,0.04961230718388332,0.03329720072975974,0.011953720520224925,0.033298199218837025,0.011952517398653538,0.36088404392311707,1.3648559397485889,1.3191483815282716,0.012137264642659974,0.0496123071838834,0.4113,22428.0,0.06255,69721.0,0,2.0,0
1553,2023-01-21 18:51:59.999,0.4053096503568548,0.41135,0.0623253802700193,0.062555,-0.8883108453671977,-0.9031039352270571,-2.771709109212774,-2.7753865481868885,0.03788165988953662,0.049668522164589834,0.033306518710217385,0.01195078908670481,0.03330757752557941,0.011949608782497729,0.38278093008841824,1.3691149041007755,1.3648559397485889,0.012130677056967408,0.0496685221645898,0.41135,39966.0,0.062555,155239.7,0,2.0,0
1554,2023-01-21 18:52:59.999,0.4054282897359127,0.4116,0.062328568249247,0.062584996,-0.8877032750222424,-0.9028112651198923,-2.7712297101152306,-2.7753353989169893,0.03813251656425698,0.049884194016786676,0.033315736574153106,0.011948214478583657,0.03331685131148014,0.011947056491835497,0.40308382705546064,1.3866889879095639,1.3691149041007755,0.012124236322573614,0.0498841417692128,0.4115999999999999,471987.0,0.062585,178233.2,0,2.0,0
1555,2023-01-21 18:53:59.999,0.4055242255933028,0.4114,0.0623453272511592,0.062584996,-0.8881893017632803,-0.9025746646876248,-2.7712297101152306,-2.775066553511207,0.03814934163638928,0.04939816727574886,0.03332469329453036,0.011945763980113858,0.033325809852813595,0.011944607057773704,0.40382507019655084,1.3455375485382142,1.3866889879095639,0.012117834801251372,0.049398115028175,0.4114,28251.0,0.062585,105378.8,0,2.0,0
1556,2023-01-21 18:54:59.999,0.4054582765553186,0.41165,0.0623325006680684,0.06258,-0.887581805237702,-0.9027373045422576,-2.771309540741401,-2.775272309151165,0.03815490260981236,0.05007092362812382,0.033333742816959167,0.01194363866206587,0.03333485856789479,0.011942481699818519,0.40360489243963554,1.4013468830335205,1.3455375485382142,0.012111481719563047,0.0500709236281236,0.4116499999999999,359558.0,0.06258,243549.0,0,2.0,0
1557,2023-01-21 18:55:59.999,0.4054177067398847,0.4116,0.0623258660446319,0.062565,-0.8877032750222424,-0.9028373687106471,-2.771549262665119,-2.7753787540472072,0.03814185486372035,0.050145421381001754,0.03334280831964399,0.011941532687088433,0.03334391895295667,0.011940373947129969,0.4018245937696889,1.4070734052024396,1.4013468830335205,0.012105781168876147,0.0501454213810017,0.4115999999999999,55149.0,0.062565,116960.9,0,2.0,0
1558,2023-01-21 18:56:59.999,0.4053425175482929,0.4119,0.0623156145558733,0.06258,-0.8869746775401021,-0.9030228469557678,-2.771309540741401,-2.7755432496666805,0.03809084826376352,0.05067805132572378,0.03335202227831121,0.011939548369037583,0.03335311897490586,0.011938384329884704,0.39684844765785976,1.4511460996584733,1.4070734052024396,0.012100565933490175,0.0506780513257236,0.4119,22190.0,0.06258,28153.0,0,2.0,0
1559,2023-01-21 18:57:59.999,0.4054064797785323,0.41185,0.0623414486097651,0.062584996,-0.8870960735948793,-0.9028650614251463,-2.7712297101152306,-2.7751287676693415,0.037909803640417516,0.05049139544414982,0.03336105892349504,0.011937743597037134,0.033362111629978944,0.011936562689747712,0.3809884075207493,1.4349727300983757,1.4511460996584733,0.012095651390374716,0.0504913431965761,0.41185,31150.0,0.062585,15593.8,0,2.0,0
1560,2023-01-21 18:58:59.999,0.4054670873987099,0.4118,0.0623448885873508,0.062595,-0.8872174843884479,-0.9027155741986691,-2.7710698762705115,-2.7750735895694163,0.03801418395220779,0.050239323906416056,0.03337010528507691,0.011935722842197932,0.033371180054497684,0.011934550697945363,0.3890388515848729,1.4133386678265665,1.4349727300983757,0.012090596529541616,0.050239323906416,0.4118,29034.0,0.062595,79035.9,0,2.0,0
1561,2023-01-21 18:59:59.999,0.4055237813071489,0.4122,0.0623372721925335,0.062584996,-0.8862466105257784,-0.9025757602729666,-2.7712297101152306,-2.775195762537532,0.038253871662207284,0.051340858513250764,0.033379678541840874,0.011933547179663507,0.03338080656616866,0.011932396560669618,0.40838946906112206,1.5050998417317478,1.4133386678265665,0.012085853380175496,0.051340806265677,0.4122,325788.0,0.062585,21837.2,0,2.0,0
1562,2023-01-21 19:00:59.999,0.4055938437360421,0.4126,0.0623051968459756,0.06261,-0.8852766783449856,-0.9024030049859297,-2.770830269224918,-2.7757104401993815,0.038847364912600435,0.05198425632286574,0.033389535004986565,0.011931324921812411,0.033390798099156335,0.011930233077227015,0.4573730268405107,1.5584791663736344,1.5050998417317478,0.012081110963745895,0.0519842563228656,0.4125999999999999,319225.0,0.06261,128434.2,0,2.0,0
1563,2023-01-21 19:01:59.999,0.4056156287335263,0.41275,0.0623336642160425,0.0626,-0.8849131961818997,-0.9023492950670279,-2.7709900008760844,-2.775253642530992,0.03852765252291934,0.052478315689076904,0.03339960753784619,0.011929068199514382,0.03340079431058053,0.011927942811529046,0.4298191476390553,1.5993460538692692,1.5584791663736344,0.012076067832635156,0.0524783156890769,0.41275,102318.0,0.0625999999999999,157770.0,0,2.0,0
1564,2023-01-21 19:02:59.999,0.4055953413298196,0.41265,0.062342697046075,0.0626,-0.8851555029434438,-0.9023993126443526,-2.7709900008760844,-2.775108742087045,0.03835918193666332,0.05223600892753277,0.03340966640590554,0.011926626157860285,0.033410811861941364,0.011925483651526785,0.4149408291787338,1.5785136779205293,1.5993460538692692,0.01207092777068641,0.0522360089275326,0.4126499999999999,211070.0,0.0626,145794.3,0,2.0,0
1565,2023-01-21 19:03:59.999,0.4055712899737521,0.4129,0.0623728399607799,0.0626,-0.8845498460900926,-0.9024586132988579,-2.7709900008760844,-2.774625355397379,0.03790472301825987,0.052841665780884006,0.03341995400098337,0.01192421558137274,0.033420991901704805,0.011923030859546558,0.3760563206934098,1.6287622147858527,1.5785136779205293,0.012065738779825166,0.0528416657808841,0.4129,96109.0,0.0626,57884.6,0,2.0,0
1566,2023-01-21 19:04:59.999,0.4056278490987511,0.41295,0.0623856114331186,0.062584996,-0.884428758725411,-0.9023191675761828,-2.7712297101152306,-2.774420616203511,0.037876798835783765,0.053158710313618074,0.033430311386756645,0.011921923619949145,0.033431340428054734,0.011920735882806862,0.3729181194376316,1.6547999765616335,1.6287622147858527,0.012060899595569444,0.0531586580660441,0.41295,116957.0,0.062585,117549.8,0,2.0,0
1567,2023-01-21 19:05:59.999,0.4056738451956391,0.4133,0.0623551009652531,0.062584996,-0.8835815574644503,-0.9022057791850067,-2.7712297101152306,-2.7749097984101425,0.03839008320182824,0.05400591157457879,0.03344090500851644,0.0119198690634102,0.03344205038648296,0.011918727441316541,0.41514774456481096,1.725271180133151,1.6547999765616335,0.012056341545878015,0.0540058593270049,0.4133,431443.0,0.062585,39788.1,0,2.0,0
1568,2023-01-21 19:06:59.999,0.4056725572649904,0.4133,0.0623302100163273,0.062575,-0.8835815574644503,-0.9022089539834522,-2.771389441664299,-2.7753090587409788,0.03871329517105637,0.054136488694241036,0.03345125707397988,0.011918418581229186,0.03345247485646011,0.01191730816829327,0.4414436750568388,1.7355684799356843,1.725271180133151,0.012051721845048826,0.054136488694241,0.4133,137820.0,0.062575,109164.9,0,2.0,0
1569,2023-01-21 19:07:59.999,0.4057136761981428,0.4135,0.0623027364175629,0.062575,-0.8830977645183911,-0.9021075992118484,-2.771389441664299,-2.775749930917967,0.039175053503172075,0.054620281640300306,0.033461437755443094,0.011917712704830077,0.033462760045595306,0.011916650506076858,0.47935394720721247,1.7754114744083265,1.7355684799356843,0.012046874960797184,0.0546202816403003,0.4135,222443.0,0.062575,235419.9,0,2.0,0
1570,2023-01-21 19:08:59.999,0.4057256220045084,0.4138,0.0623102119244093,0.06254,-0.8823725136706944,-0.9020781557121488,-2.771948926952442,-2.775629951301806,0.03910641623681255,0.05580289972599828,0.03347174349268371,0.01191777835291518,0.03347304751322158,0.011916707447752792,0.47272862477238076,1.873768379645372,1.7754114744083265,0.012041943484267988,0.0558028997259982,0.4138,298457.0,0.06254,1434651.8,0,2.0,0
1571,2023-01-21 19:09:59.999,0.4057305540800158,0.41405,0.0623015213143692,0.06234,-0.8817685395024281,-0.9020659996015594,-2.775152004642946,-2.7757694343156176,0.03923259672324675,0.059025321291284905,0.03348279387798151,0.011919335255509403,0.033484124542838084,0.011918276852463688,0.48232410201315035,2.1429489871506906,1.873768379645372,0.012037104278092485,0.0590253212912852,0.41405,427225.0,0.06234,1900691.9,0,2.0,0
1572,2023-01-21 19:10:59.999,0.4057445266299604,0.41405,0.0621365223894747,0.062335,-0.8817685395024281,-0.9020315621917654,-2.7752322131851987,-2.7784213407050316,0.041434910798377134,0.05909089005638324,0.03349369253228768,0.011921220124306823,0.03349553035183549,0.011920452630251698,0.6660301158693509,2.1471961139199203,2.1429489871506906,0.012032954178394308,0.0590908900563835,0.41405,10158.0,0.062335,242641.0,0,2.0,0
1573,2023-01-21 19:11:59.999,0.4057335392836124,0.4135,0.0621695097300902,0.06234,-0.8830977645183911,-0.9020586420274633,-2.775152004642946,-2.7778905966883918,0.040973959098448476,0.057696096275321906,0.03350410548476867,0.01192270950748689,0.03350583421738003,0.011921871274326834,0.6264222041342359,2.029068205961223,2.1471961139199203,0.01202917438026149,0.0576960962753219,0.4135,254196.0,0.06234,187760.6,0,2.0,0
1574,2023-01-21 19:12:59.999,0.4056615499507254,0.4128,0.0621696323959576,0.06234,-0.8847920648147841,-0.9022360878464757,-2.775152004642946,-2.7778886236030815,0.04079490032446165,0.05600179597892885,0.03351398707293963,0.011923661366728093,0.03351567207947781,0.011922795937749782,0.6105303053905713,1.8859818485569737,2.029068205961223,0.012025261721339374,0.0560017959789287,0.4128,116902.0,0.06234,94170.4,0,2.0,0
1575,2023-01-21 19:13:59.999,0.4055647454889443,0.41285,0.0621258015704409,0.062365,-0.8846709481186995,-0.90247474988883,-2.7747510584044646,-2.778593892106273,0.0411327801755047,0.05579514771395455,0.033523624052613,0.011924841690848892,0.03352538502371295,0.011924023493686734,0.6379889435658646,1.8676578053386395,1.8859818485569737,0.012021397561819533,0.0557951477139546,0.41285,108014.0,0.062365,87081.3,0,2.0,0
1576,2023-01-21 19:14:59.999,0.4055739357227592,0.41285,0.0621117772173768,0.06238,-0.8846709481186995,-0.9024520898085548,-2.77451056780248,-2.778819658790726,0.04133999968404223,0.05559855179851947,0.03353323265552791,0.011925901658861326,0.03353503935930678,0.011925112842257982,0.6544978171676238,1.8502013327098266,1.8676578053386395,0.01201743579950878,0.0555985517985195,0.41285,70355.0,0.06238,177847.4,0,2.0,0
1577,2023-01-21 19:15:59.999,0.4056036979030984,0.4127,0.0620994568532098,0.06239,-0.8850343422236009,-0.9023787096286315,-2.7743502728594422,-2.7790180364060775,0.041575549314954774,0.055104120011454816,0.03354271104591461,0.011926770175507159,0.03354457006888824,0.011926015951371417,0.6734000087550632,1.8078162527034154,1.8502013327098266,0.012013591350538266,0.0551041200114548,0.4127,63394.0,0.06239,40078.6,0,2.0,0
1578,2023-01-21 19:16:59.999,0.4056427501568378,0.4129,0.0621110683331069,0.06239,-0.8845498460900926,-0.9022824324643667,-2.7743502728594422,-2.778831071897015,0.041518986998135055,0.05558861614496313,0.033552252919419816,0.011927914725365413,0.033554096644038814,0.011927150050177715,0.6677949317806698,1.847461499593193,1.8078162527034154,0.012009770019644081,0.0555886161449632,0.4129,21187.0,0.06239,127591.5,0,2.0,0
1579,2023-01-21 19:17:59.999,0.4057370137011764,0.4129,0.0621319686413684,0.062374998,-0.8845498460900926,-0.9020500787652446,-2.774590756974583,-2.7784946295664406,0.04147630629913701,0.05578520675754228,0.033562000091015225,0.011928874181571505,0.033563831682361704,0.011928101270611047,0.6633473708234178,1.8629760301151388,1.847461499593193,0.012006049112006086,0.0557851805458038,0.4129,25174.0,0.062375,110205.9,0,2.0,0
1580,2023-01-21 19:18:59.999,0.4057666061542208,0.41285,0.0621326401925482,0.062374998,-0.8846709481186995,-0.901977146365848,-2.774590756974583,-2.7784838211603127,0.04154040305805695,0.05566410472893535,0.03357147778879235,0.011930165609490914,0.03357332202051401,0.01192940089630659,0.667852569193948,1.8518290242817288,1.8629760301151388,0.012002562415361233,0.0556640785171969,0.41285,15382.0,0.062375,14165.7,0,2.0,0
1581,2023-01-21 19:19:59.999,0.4057208846161921,0.41285,0.0621337357409654,0.06237,-0.8846709481186995,-0.9020898321154056,-2.774670888444106,-2.778466188902045,0.04141330331507653,0.05572961048872782,0.03358115034085837,0.011931187602157575,0.0335829629196536,0.011930401761657087,0.6563350130075863,1.8563500035708291,1.8518290242817288,0.011999573964756047,0.0557296104887279,0.41285,15666.0,0.0623699999999999,109466.2,0,2.0,0
1582,2023-01-21 19:20:59.999,0.4056203112100708,0.41245,0.0621230789215145,0.06237,-0.8856402926753963,-0.9023377510110658,-2.774670888444106,-2.778637717835987,0.04130560564849406,0.05476026593203098,0.03359047777140653,0.011931990609554187,0.033592263267328094,0.011931186994631806,0.6464857507167079,1.7742042257117916,1.8563500035708291,0.011996612877908352,0.0547602659320309,0.41245,204719.0,0.0623699999999999,300724.6,0,2.0,0
1583,2023-01-21 19:21:59.999,0.405453978461177,0.41215,0.0621243273578244,0.062374998,-0.8863679182229005,-0.9027479051815132,-2.774590756974583,-2.7786176218621983,0.04087902344996175,0.05396713462473435,0.03359945780505414,0.011932724575067876,0.03360114249971855,0.011931857516371434,0.6099537260026262,1.7068756336030952,1.7742042257117916,0.011992593445789089,0.0539671084129957,0.41215,35192.0,0.062375,118946.3,0,2.0,0
1584,2023-01-21 19:22:59.999,0.4053792385477185,0.41215,0.0621357766165563,0.062374998,-0.8863679182229005,-0.9029322585407548,-2.774590756974583,-2.7784333429440564,0.04054402602268381,0.05396713462473435,0.03360836035067401,0.011933570355536703,0.03360996545728636,0.011932655767466108,0.581099522228981,1.7060086518545288,1.7068756336030952,0.01198864730241355,0.0539671084129957,0.41215,56693.0,0.062375,19840.7,0,2.0,0
1585,2023-01-21 19:23:59.999,0.4054512927763359,0.41225,0.062143273456597,0.062374998,-0.8861253175424287,-0.9027545290990935,-2.774590756974583,-2.7783126976696457,0.04062313053692601,0.05420973530520612,0.033617275978612214,0.011934570787503597,0.03361889732889185,0.011933665530720155,0.5869305780360242,1.7254461591660903,1.7060086518545288,0.011985637997673462,0.0542097090934676,0.41225,105876.0,0.062375,94025.6,0,2.0,0
1586,2023-01-21 19:24:59.999,0.4055663728741825,0.412,0.0621382237117225,0.062374998,-0.8867319296326107,-0.9024707372570832,-2.774590756974583,-2.7783939606893604,0.04097335315677142,0.05360312321502414,0.03362592924625444,0.011935506393237335,0.03362762964521545,0.011934648514173122,0.6154955885657191,1.6737617416960868,1.7254461591660903,0.011983443568102044,0.0536030970032856,0.412,104075.0,0.062375,67352.6,0,2.0,0
1587,2023-01-21 19:25:59.999,0.4055752486133042,0.41225,0.0621198807201313,0.06239,-0.8861253175424287,-0.902448852696146,-2.7743502728594422,-2.7786892008559203,0.0412365902293621,0.05401314469262697,0.0336346014160088,0.011936705920847142,0.03363636072839329,0.011935884735739786,0.6367545991971036,1.7072166652801242,1.6737617416960868,0.011981097551259472,0.054013144692627,0.41225,111726.0,0.06239,147890.1,0,2.0,0
1588,2023-01-21 19:26:59.999,0.4055861860398596,0.4126,0.0621206602706074,0.062425,-0.8852766783449856,-0.9024218853722847,-2.7737894428163,-2.7786766518043806,0.041253298972410146,0.05440331734366366,0.033643213385599155,0.011938266036882975,0.033644974571802995,0.011937445791683899,0.6373494408583965,1.7389547103345395,1.7072166652801242,0.011978156508495152,0.0544033173436639,0.4125999999999999,29890.0,0.0624249999999999,163648.8,0,2.0,0
1589,2023-01-21 19:27:59.999,0.4055651997590568,0.4125,0.0621570280336411,0.062415,-0.8855190732074014,-0.902473629796753,-2.773949647879123,-2.778091385622364,0.040723111981466165,0.05429188668826068,0.033651682187794754,0.011939934265667994,0.033653318714014065,0.011939037119373585,0.5921577424346793,1.7286698604208093,1.7389547103345395,0.011974454733794954,0.0542918866882606,0.4125,29142.0,0.062415,55743.1,0,2.0,0
1590,2023-01-21 19:28:59.999,0.4054894265058917,0.4126,0.0621544631614645,0.062445,-0.8852766783449856,-0.9026604809678869,-2.7734691096670887,-2.778132650869081,0.040569994265557074,0.054141451856223655,0.03366010928447511,0.011941545496788709,0.033661708424716046,0.011940626216074297,0.5785530604367463,1.7151333198250038,1.7286698604208093,0.011970823806340392,0.0541414518562235,0.4125999999999999,19077.0,0.062445,211487.2,0,2.0,0
1591,2023-01-21 19:29:59.999,0.405512159979435,0.41285,0.0621941220141651,0.062485,-0.8846709481186995,-0.9026044182574604,-2.7728287510443903,-2.7774947850825225,0.040104615359561,0.05422370262594345,0.03366861003897467,0.011943109866922853,0.03367009951023609,0.011942129078807354,0.5388080975228847,1.7210837726526587,1.7151333198250038,0.01196737909622263,0.0542237026259435,0.41285,16584.0,0.062485,12370.6,0,2.0,0
1592,2023-01-21 19:30:59.999,0.405612224203672,0.413,0.0622379657284868,0.062485,-0.8843076860211043,-0.9023576885901102,-2.7728287510443903,-2.7767900839570894,0.0397752669526773,0.054586964723538633,0.033677109237690225,0.01194492856433643,0.03367852052158631,0.011943906488574527,0.5104482722569121,1.7505216019690781,1.7210837726526587,0.011964482840267951,0.0545869647235388,0.413,90459.0,0.062485,5240.3,0,2.0,0
1593,2023-01-21 19:31:59.999,0.4056899842645818,0.4132,0.0622209702836707,0.06248,-0.8838235417366536,-0.9021659966155628,-2.7729087734507063,-2.777063193232587,0.04019021990951299,0.05513652561094706,0.033685614176636444,0.011947124562156245,0.03368711952394792,0.01194615177145804,0.5443678022827731,1.795487384659787,1.7505216019690781,0.011962191691885077,0.055136525610947,0.4132,63903.0,0.06248,79653.7,0,2.0,0
1594,2023-01-21 19:32:59.999,0.4057241194187516,0.413,0.0621987042065306,0.062485,-0.8843076860211043,-0.9020818591719691,-2.7728287510443903,-2.777421112146441,0.04056694839799613,0.054586964723538633,0.03369402338060656,0.011949048266521888,0.03369561396728034,0.011948122894766704,0.5750974015948098,1.748502548229606,1.795487384659787,0.01195957367346824,0.0545869647235388,0.413,74782.0,0.062485,37131.4,0,2.0,0
1595,2023-01-21 19:33:59.999,0.4056618744293772,0.4126,0.0622048188333553,0.062475,-0.8852766783449856,-0.9022352879715009,-2.772988802261121,-2.7773228090328277,0.040333158908892774,0.053748810840785866,0.03370222431413184,0.01195065187493319,0.03370375889746782,0.011949694620063754,0.5547756844174134,1.6774471163955726,1.748502548229606,0.01195639935089202,0.0537488108407857,0.4125999999999999,241570.0,0.062475,166561.0,0,2.0,0
1596,2023-01-21 19:34:59.999,0.4055600081006279,0.41215,0.0622109992375293,0.062435,-0.8863679182229005,-0.9024864309238261,-2.7736292634150286,-2.777223458254528,0.04000079882355756,0.05318113423650428,0.03371021663912073,0.01195213077898407,0.03371167245540966,0.011951130728920215,0.526236931952306,1.6290750124337725,1.6774471163955726,0.011953281174022529,0.0531811342365042,0.41215,50473.0,0.062435,120966.1,0,2.0,0
1597,2023-01-21 19:35:59.999,0.4054782694322489,0.41175,0.0621917086965566,0.062374998,-0.8873389099243874,-0.9026879964255294,-2.774590756974583,-2.777533588820778,0.040052758416278866,0.0529961429232475,0.03371814739464668,0.011953558308835136,0.03371961340043739,0.011952563428045567,0.5298566331789003,1.6127411629683552,1.6290750124337725,0.011952528906001545,0.0529961167115087,0.4117499999999999,342577.0,0.062375,230184.6,0,2.5,0
1598,2023-01-21 19:36:59.999,0.4054308356453345,0.412,0.0621395437031217,0.062405,-0.8867319296326107,-0.90280498558417,-2.77410987861172,-2.7783727180901936,0.04062173945991532,0.05321001545455528,0.033726187656379816,0.011954984782295064,0.033727783479523425,0.011954061511388048,0.5767040744958823,1.6297660058112637,1.6127411629683552,0.011952528906001545,0.0532100154545553,0.412,57948.0,0.062405,69375.5,0,2.5,0
1599,2023-01-21 19:37:59.999,0.4055170670950461,0.412,0.0621572849208562,0.062435,-0.8867319296326107,-0.9025923172987099,-2.7736292634150286,-2.7780872527561,0.04060104594987057,0.05281712282679407,0.03373401549113099,0.011956411386986323,0.03373560471363937,0.011955484097799746,0.5742503758166261,1.5960564351636182,1.6297660058112637,0.011952528906001545,0.0528171228267941,0.412,116976.0,0.062435,107578.5,0,2.5,0
1600,2023-01-21 19:38:59.999,0.4054801863522843,0.4119,0.0621664621943919,0.06242,-0.8869746775401021,-0.9026832688836394,-2.7738695421395034,-2.777939617670039,0.04038940584466266,0.05277079762941217,0.0337418026158668,0.011957852415186022,0.03374334105678993,0.011956896212240631,0.5558352828277423,1.5913388418625454,1.5960564351636182,0.011952528906001545,0.0527707976294125,0.4119,20423.0,0.06242,90106.4,0,2.5,0
1601,2023-01-21 19:39:59.999,0.4055097089176191,0.41195,0.0621365766113436,0.0624,-0.8868532962205381,-0.9026104626365578,-2.7741900036067553,-2.778420468080637,0.0408552970018351,0.05315414933366569,0.03374963274648586,0.011959486285315972,0.03375127719551509,0.011958590779532194,0.5940515849475291,1.6225209113709986,1.5913388418625454,0.011952528906001545,0.053154149333666,0.41195,22855.0,0.0624,19073.4,0,2.5,0
1602,2023-01-21 19:40:59.999,0.4054987615071052,0.4121,0.0621261935678867,0.062385,-0.8864892406373653,-0.902637459667819,-2.7744304171191523,-2.77858758238955,0.04096491233825872,0.05371473781318714,0.033757548439423836,0.011961381251000129,0.03375921642458904,0.011960499528046323,0.602457773337389,1.668468628745917,1.6225209113709986,0.011952528906001545,0.0537147378131872,0.4121,17722.0,0.0623849999999999,29671.7,0,2.5,0
1603,2023-01-21 19:41:59.999,0.4054800665447821,0.41265,0.0621361015033282,0.062355,-0.8851555029434438,-0.9026835643543527,-2.7749114176094265,-2.778428114298979,0.04078844590374109,0.05544168310412012,0.0337655816626202,0.011964287807078193,0.03376720694941518,0.011963380237144071,0.5868942401852503,1.8117335349184867,1.668468628745917,0.011952528906001545,0.05544168310412,0.41265,488817.0,0.062355,125295.4,0,2.5,0
1604,2023-01-21 19:42:59.999,0.4055454165452553,0.41335002,0.0621497160812846,0.06236,-0.8834605388983079,-0.9025224103537025,-2.774831234792561,-2.778209029317676,0.040770502625321,0.05707109941411059,0.03377382670452221,0.011968071991755995,0.033775445930608945,0.0119671602838735,0.5845210165805447,1.9466186972835988,1.8117335349184867,0.011952528906001545,0.057071051028966,0.41335,225909.0,0.06236,171430.9,0,2.5,0
1605,2023-01-21 19:43:59.999,0.4056368246774579,0.4137,0.062193191798004,0.062395,-0.8826142055147712,-0.9022970402014868,-2.7742701350223196,-2.7775097418515466,0.0404242202538142,0.057458745755115004,0.0337818327028245,0.01197234443161309,0.03378336993669421,0.011971385364260264,0.5547269689392665,1.9776338032650806,1.9466186972835988,0.011952528906001545,0.057458745755115,0.4137,29006.0,0.062395,45800.4,0,2.5,0
1606,2023-01-21 19:44:59.999,0.4056850871329293,0.41395,0.0622256542531508,0.062415,-0.8820100853973222,-0.9021780678063727,-2.773949647879123,-2.7769879164703646,0.04011661157813329,0.05780087449833993,0.03378968238168475,0.011976972308622375,0.033791146609686705,0.01197597301953629,0.5281796275031609,2.0047797972588794,1.9776338032650806,0.011952528906001545,0.05780087449834,0.41395,120272.0,0.062415,57016.7,0,2.5,0
1607,2023-01-21 19:45:59.999,0.4057223372821563,0.41375,0.0622033846204782,0.062445,-0.8824933522908643,-0.9020862516653507,-2.7734691096670887,-2.777345865597224,0.04050104346252925,0.05692477791034489,0.03379701879509631,0.01198143371696535,0.03379857029351506,0.011980481217958612,0.5594494116786609,1.9302998006407504,2.0047797972588794,0.011952528906001545,0.056924777910345,0.41375,45741.0,0.062445,59811.3,0,2.5,0
1608,2023-01-21 19:46:59.999,0.4056997086401774,0.41395,0.0621966971084974,0.062465,-0.8820100853973222,-0.9021420269356887,-2.7731488790983443,-2.777453381796479,0.04053316038191579,0.057146263173781464,0.0338039042129447,0.011986302112160663,0.03380546155063713,0.011985352145107495,0.5613267553448528,1.9474195412741058,1.9302998006407504,0.011952528906001545,0.0571462631737815,0.41395,144562.0,0.062465,41228.3,0,2.5,0
1609,2023-01-21 19:47:59.999,0.4057531078423058,0.41385,0.0621910735895837,0.062465,-0.8822516896507323,-0.9020104131163247,-2.7731488790983443,-2.7775438009572366,0.04073868992827845,0.05690465892037133,0.03381106076016925,0.011990862210252702,0.033812664006910305,0.011989937689125393,0.577653203957006,1.9259330776444135,1.9474195412741058,0.011952528906001545,0.0569046589203714,0.41385,38941.0,0.062465,210538.3,0,2.5,0
1610,2023-01-21 19:48:59.999,0.4057956295216298,0.41395,0.0621935566845154,0.062495,-0.8820100853973222,-0.9019056216789034,-2.772668725439952,-2.77750387488395,0.04081084265606738,0.056753747843692914,0.033817961940181954,0.011995484425082846,0.03381958028795235,0.011994567951502208,0.5828690450863167,1.9120349867281459,1.9259330776444135,0.011952528906001545,0.056753747843693,0.41395,397001.0,0.0624949999999999,212900.3,0,2.5,0
1611,2023-01-21 19:49:59.999,0.4058651178729083,0.4137,0.062251075420844,0.06249,-0.8826142055147712,-0.9017343965662653,-2.7727487350411466,-2.776579467949694,0.04022638490220276,0.05621503386128879,0.03382457238052452,0.011999955703629545,0.03382605393861794,0.011998962204214779,0.5334070442639303,1.86587867770145,1.9120349867281459,0.011952528906001545,0.0562150338612887,0.4136999999999999,621312.0,0.06249,63218.2,0,2.5,0
1612,2023-01-21 19:50:59.999,0.4058617183350333,0.4136,0.0622563393865449,0.06248,-0.8828559557879176,-0.9017427726300428,-2.7729087734507063,-2.776494911287552,0.04014888557846141,0.05610411155968298,0.03383056383002106,0.01200461567071015,0.03383202606601931,0.012003611243294826,0.5262465923303438,1.8554153119626107,1.86587867770145,0.011952937948881187,0.0561041115596832,0.4135999999999999,95122.0,0.0624799999999999,32996.8,0,2.5,0
1613,2023-01-21 19:51:59.999,0.4058134808394583,0.41365,0.0622422448117161,0.06248,-0.8827350733459451,-0.901861631739403,-2.7729087734507063,-2.7767213327361135,0.04021512115299619,0.05622499400165548,0.03383664252461678,0.01200930439173479,0.033838118682596036,0.012008306629921379,0.5310492700536502,1.8642504800233992,1.8554153119626107,0.011954417157990973,0.0562249940016559,0.41365,35663.0,0.0624799999999999,23899.0,0,2.5,0
1614,2023-01-21 19:52:59.999,0.405729765347293,0.4136,0.0622369119575752,0.06249,-0.8828559557879176,-0.902067943585027,-2.7727487350411466,-2.7768070154203888,0.040078853066309206,0.05597328358814235,0.03384287229564974,0.012013804816553777,0.03384431547564758,0.012012789076286468,0.5189916805389312,1.842081807588484,1.8642504800233992,0.011955837126409968,0.0559732835881421,0.4135999999999999,347229.0,0.06249,18217.8,0,2.5,0
1615,2023-01-21 19:53:59.999,0.40563290597374,0.41355,0.0622491629888606,0.06249,-0.8829768528442217,-0.9023067008693753,-2.7727487350411466,-2.7766101896897966,0.03967919496351868,0.05585238653183833,0.03384944598162645,0.012018075909506334,0.03385079514825036,0.012017012355656163,0.48501238434068966,1.8308205669434559,1.842081807588484,0.011957319854063522,0.0558523865318383,0.41355,67769.0,0.06249,67112.8,0,2.5,0
1616,2023-01-21 19:54:59.999,0.4056070824650357,0.41365,0.0622577855993438,0.06251,-0.8827350733459451,-0.9023703651588114,-2.772428735038416,-2.7764716815889274,0.03950230326868376,0.055832572882786646,0.033856371801070206,0.01202212067828614,0.033857678427190924,0.012021036245723801,0.4695622512161359,1.827980409596865,1.8308205669434559,0.011959067966660726,0.0558325728827866,0.4136499999999999,535434.0,0.06251,427857.9,0,2.5,0
1617,2023-01-21 19:55:59.999,0.4056815827634898,0.4135,0.062285925860431,0.06252,-0.8830977645183911,-0.9021867059956638,-2.772268773428861,-2.776019787852403,0.03931654898249792,0.05533911652115897,0.03386306270308944,0.012026030942147464,0.03386432479202242,0.012024925407441605,0.45341022964694666,1.785797319280354,1.827980409596865,0.01196121970532076,0.0553391165211594,0.4135,92259.0,0.0625199999999999,72395.3,0,2.5,0
1618,2023-01-21 19:56:59.999,0.405743398442648,0.4136,0.0622948938019974,0.062495,-0.8828559557879176,-0.9020343427317526,-2.772668725439952,-2.775875817992417,0.039351219969931184,0.05590787745309744,0.03386932092702557,0.012030465886492814,0.03387058959146502,0.012029362721162977,0.45560438283436383,1.8318955170984383,1.785797319280354,0.011964325248826428,0.0559078774530972,0.4135999999999999,920708.0,0.0624949999999999,252822.2,0,2.5,0
1619,2023-01-21 19:57:59.999,0.4057970572276977,0.41385,0.0622495300975797,0.062455,-0.8822516896507323,-0.9019021033966634,-2.7733089815642646,-2.776604292299069,0.04007897144564199,0.05703553925661431,0.03387569008627147,0.012035444387664806,0.03387712569871289,0.012034421559758455,0.5153422386055735,1.9243036172456995,1.8318955170984383,0.011968216553970191,0.0570355392566144,0.41385,348252.0,0.062455,108790.8,0,2.5,0
1620,2023-01-21 19:58:59.999,0.4058067716193348,0.4141,0.0621919531394083,0.062459998,-0.8816477884306154,-0.9018781646440547,-2.773228959147698,-2.777529658355183,0.04085937712632648,0.05757402386539445,0.03388222927428325,0.012040643122050434,0.03388384398102985,0.01203971754190218,0.5793768102133191,1.9676519228215994,1.9243036172456995,0.01197253227807927,0.0575739976893263,0.4141,80276.0,0.06246,16236.4,0,2.5,0
1621,2023-01-21 19:59:59.999,0.4057757115243883,0.4138,0.0621939629040908,0.062459998,-0.8823725136706944,-0.9019547066976519,-2.773228959147698,-2.777497343367336,0.04075641826240206,0.056849298625315514,0.03388891493629038,0.012045374472388976,0.03389050426823348,0.012044433580658844,0.5700487240175398,1.9061577323026446,1.9676519228215994,0.01197710006914187,0.0568492724492475,0.4138,121329.0,0.06246,25199.5,0,2.5,0
1622,2023-01-21 20:00:59.999,0.4056850771489707,0.41385,0.0622026437364168,0.06249,-0.8822516896507323,-0.9021780924164928,-2.7727487350411466,-2.777357776339351,0.04041893948792863,0.05657754972532769,0.033895607530295316,0.012049945921575739,0.03389711721137784,0.01204896007857523,0.5412767769184924,1.8823273019358346,1.9061577323026446,0.011981698949745833,0.0565775497253278,0.41385,489380.0,0.06249,39718.0,0,2.5,0
1623,2023-01-21 20:01:59.999,0.4056954654578077,0.4135,0.0622425541430339,0.062459998,-0.8830977645183911,-0.9021524859142609,-2.773228959147698,-2.776716362951523,0.03992020428569587,0.05612404777761881,0.033902424244873754,0.012054188472559681,0.03390381692713268,0.012053141141291607,0.499155140393426,1.8434773592042855,1.8823273019358346,0.011986498531111969,0.0561240216015508,0.4135,112251.0,0.06246,145199.0,0,2.5,0
1624,2023-01-21 20:02:59.999,0.4057009965708261,0.4129,0.0622075477044634,0.06241,-0.8845498460900926,-0.9021388523497156,-2.7740297600361856,-2.777278940867878,0.04039373324555706,0.055326603777840044,0.03390949642285682,0.01205779304465512,0.03391099705623398,0.012056801148224269,0.5376829317847596,1.7762045903148769,1.8434773592042855,0.011991095254719596,0.0553266037778401,0.4129,185613.0,0.06241,247971.5,0,2.5,0
1625,2023-01-21 20:03:59.999,0.4056723525938408,0.4127,0.0621388872629545,0.06239,-0.8850343422236009,-0.902209458506614,-2.7743502728594422,-2.77838328211425,0.041225902400839676,0.055104120011454816,0.0339166994756135,0.012061157260451857,0.03391839102917176,0.012060274015942882,0.6059158657595897,1.7566656398150264,1.7762045903148769,0.01199566651468035,0.0551041200114545,0.4126999999999999,85801.0,0.06239,48212.9,0,2.5,0
1626,2023-01-21 20:04:59.999,0.4056511616418884,0.4128,0.0621060052549859,0.06242,-0.8847920648147841,-0.9022616964895774,-2.7738695421395034,-2.7789125917392967,0.04160636369770632,0.054953410354730114,0.03392366781606297,0.012064612644831593,0.0339254458063156,0.012063782549668008,0.6366923359043877,1.7430930571713097,1.7566656398150264,0.01200012446398479,0.05495341035473,0.4128,80025.0,0.06242,67812.1,0,2.5,0
1627,2023-01-21 20:05:59.999,0.4056286428234532,0.4128,0.0621357703943746,0.062405,-0.8847920648147841,-0.9023172107975068,-2.77410987861172,-2.778433443082533,0.04115915562699102,0.05514988027238188,0.03393066248132456,0.012068156958223957,0.0339323353563872,0.012067261357883415,0.598878242235353,1.758281555709904,1.7430930571713097,0.012004785089951463,0.0551498802723817,0.4128,32631.0,0.062405,101318.8,0,2.5,0
1628,2023-01-21 20:06:59.999,0.4055864506147603,0.4128,0.0621355743956517,0.062429998,-0.8847920648147841,-0.9024212330452984,-2.773709381944365,-2.7784365974496676,0.04105771200676067,0.054822482826087815,0.033937230491901754,0.012071803710450406,0.0339388783700584,0.012070892683006165,0.5897520443309401,1.7300854814352196,1.758281555709904,0.012009427241512651,0.0548224566374417,0.4128,85041.0,0.06243,159988.2,0,2.5,0
1629,2023-01-21 20:07:59.999,0.4055779942018963,0.41275,0.0621841363014526,0.06245,-0.8849131961818997,-0.9024420831033066,-2.7733890424105505,-2.7776553551511047,0.040398213105117264,0.05443948075225613,0.03394330402227853,0.012075516338592876,0.033944797868398144,0.012074518163304623,0.5344656531580315,1.6973333607667467,1.7300854814352196,0.012013844896128893,0.0544394807522561,0.41275,17703.0,0.06245,201955.2,0,2.5,0
1630,2023-01-21 20:08:59.999,0.405589246123145,0.41245,0.0622217867227954,0.062445,-0.8856402926753963,-0.9024143405597469,-2.7734691096670887,-2.7770500717115865,0.039931149402995025,0.05377783752581289,0.03394919826195984,0.012078981471345094,0.03395058265241137,0.012077926439478918,0.495165025267506,1.6415820581306815,1.6973333607667467,0.012018018328173072,0.0537778375258128,0.41245,156618.0,0.062445,389738.7,0,2.5,0
1631,2023-01-21 20:09:59.999,0.4055836950422096,0.4125,0.0622008428592621,0.062385,-0.8855190732074014,-0.9024280271132642,-2.7744304171191523,-2.7773867285368192,0.04019267259238635,0.05468490524315106,0.03395538624336025,0.01208275472814727,0.03395682972550535,0.012081729027847972,0.5161382822365567,1.7156285521132486,1.6415820581306815,0.012022008536153253,0.054684905243151,0.4125,174697.0,0.0623849999999999,351571.8,0,2.5,0
1632,2023-01-21 20:10:59.999,0.4055681250589023,0.4128,0.0621100683396227,0.062365,-0.8847920648147841,-0.9024664169261781,-2.7747510584044646,-2.7788471721116967,0.041348164116934316,0.05567403101786994,0.033961820706795945,0.012086916813169,0.033963530112815415,0.012086040346592096,0.6110052417788882,1.7963398480097088,1.7156285521132486,0.012026034735871948,0.0556740310178698,0.4128,69334.0,0.062365,95687.1,0,2.5,0
1633,2023-01-21 20:11:59.999,0.4056535927357873,0.41285,0.062073453467088,0.06237,-0.8846709481186995,-0.9022557034422403,-2.774670888444106,-2.7794368618396574,0.04204093632139738,0.05572961048872782,0.033968213953246694,0.012091123889515712,0.033970082206514034,0.012090348284634742,0.6675452125014755,1.7997827773769293,1.7963398480097088,0.012030627430811847,0.0557296104887279,0.41285,79608.0,0.0623699999999999,29345.2,0,2.5,0
1634,2023-01-21 20:12:59.999,0.4056452361625085,0.41275,0.0620900009148231,0.062355,-0.8849131961818997,-0.9022763039237927,-2.7749114176094265,-2.7791703188715124,0.04180244267315669,0.05568398986566425,0.03397493921895496,0.012095120101493204,0.03397675072172149,0.012094306532268099,0.6470558630671335,1.794860279562598,1.7997827773769293,0.012035745555294386,0.0556839898656642,0.41275,189049.0,0.062355,134502.8,0,2.5,0
1635,2023-01-21 20:13:59.999,0.4055932846343651,0.4128,0.0621009252880861,0.06234,-0.8847920648147841,-0.9024043834636138,-2.775152004642946,-2.778994390184527,0.04153054520039412,0.05600179597892885,0.03398196031434615,0.012099100318907924,0.03398370726757135,0.012098245086708148,0.6237960860219451,1.8199564499991043,1.794860279562598,0.012040896551591346,0.0560017959789287,0.4128,43840.0,0.06234,130360.2,0,2.5,0
1636,2023-01-21 20:14:59.999,0.405579821266305,0.41285,0.0621436236765372,0.06236,-0.8846709481186995,-0.9024375782723751,-2.774831234792561,-2.7783070620001054,0.04093547432451994,0.055860690193718976,0.0339889172760214,0.012103037389605392,0.03399052490320227,0.012102098106118142,0.5738632558107168,1.8071309055429337,1.8199564499991043,0.01204556520513794,0.055860690193719,0.41285,32872.0,0.06236,297774.2,0,2.5,0
1637,2023-01-21 20:15:59.999,0.40557547824435,0.4132,0.0622023135163462,0.06238,-0.8838235417366536,-0.9024482865102618,-2.77451056780248,-2.77736308513215,0.040153085218550655,0.056445958180565414,0.03399584865948827,0.012107321434676072,0.033997273615877774,0.012106282654423825,0.5084807432959986,1.854258982236874,1.8071309055429337,0.012050005344254325,0.0564459581805654,0.4132,708951.0,0.06238,200019.8,0,2.5,0
1638,2023-01-21 20:16:59.999,0.4056260420022595,0.41345,0.0622190498517395,0.06239,-0.8832186908139614,-0.9023236226463192,-2.7743502728594422,-2.777094058414532,0.0400578255038162,0.05691977142109428,0.03400311031627345,0.012111660090235727,0.03400451154635619,0.012110608718485091,0.49983564808105013,1.8921156087674524,1.854258982236874,0.012054056143024773,0.0569197714210942,0.41345,29087.0,0.06239,53469.8,0,2.5,0
1639,2023-01-21 20:17:59.999,0.4056654686544433,0.4133,0.0621861762881604,0.062374998,-0.8835815574644503,-0.9022264278607286,-2.774590756974583,-2.777622550108398,0.040587050928017954,0.05675349538318453,0.03401046496603163,0.012115825408175804,0.0340119869715771,0.012114836381719457,0.5427282506565441,1.8771342150412482,1.8921156087674524,0.012057669365153921,0.0567534691714459,0.4133,217185.0,0.062375,70115.7,0,2.5,0
1640,2023-01-21 20:18:59.999,0.4056472579141083,0.41265,0.0621316041992986,0.06233,-0.8851555029434438,-0.9022713198974038,-2.775312428161378,-2.7785004951964316,0.04125986019384442,0.05576950064006303,0.03401772512985254,0.012119464255096623,0.03401940116203583,0.012118562481345421,0.5974684739179352,1.794780285033076,1.8771342150412482,0.012061151149374163,0.0557695006400629,0.4126499999999999,139925.0,0.0623299999999999,324875.4,0,2.5,0
1641,2023-01-21 20:19:59.999,0.4055801607208945,0.41295,0.0620523749377655,0.062325,-0.884428758725411,-0.902436741311487,-2.7753926495725154,-2.779776493482741,0.04213754004492698,0.056561824143231854,0.034025140560942545,0.012123454806141016,0.03402701799660188,0.012122679925340888,0.6690370527205878,1.8589324530556732,1.794780285033076,0.012064652251721859,0.0565618241432319,0.41295,47412.0,0.062325,56002.3,0,2.5,0
1642,2023-01-21 20:20:59.999,0.4056859956731543,0.41265,0.0620459158687406,0.062285,-0.8851555029434438,-0.9021758282879964,-2.776034652644081,-2.779880589501933,0.042483549334206616,0.05635990368348731,0.034032462028005236,0.0121273896835382,0.03403441784547948,0.012126667661151044,0.696739757765008,1.8410756344202819,1.8589324530556732,0.012068169189164103,0.0563599036834872,0.4126499999999999,75683.0,0.062285,316623.1,0,2.5,0
1643,2023-01-21 20:21:59.999,0.4057091584569138,0.41215,0.0620204147015686,0.06225,-0.8863679182229005,-0.9021187345682522,-2.7765967436373202,-2.7802916787541725,0.042876699711477784,0.05560698575012979,0.03403984448841534,0.012130813206557288,0.034041889583352414,0.012130154200450756,0.7283345275031268,1.777880913214983,1.8410756344202819,0.01207179905308078,0.0556069857501297,0.41215,246153.0,0.06225,131969.2,0,2.5,0
1644,2023-01-21 20:22:59.999,0.4056689929917998,0.4115,0.0620058912406455,0.0622,-0.8879462588650127,-0.9022177401061141,-2.7774002792370034,-2.7805258784407494,0.0429691474004662,0.05468551824776102,0.03404714390108922,0.01213374643705323,0.03404920870171393,0.012133101329463127,0.7351738402688316,1.700907007884037,1.777880913214983,0.012075370232348196,0.054685518247761,0.4115,504909.0,0.0622,532019.4,0,2.5,0
1645,2023-01-21 20:23:59.999,0.4055238861387133,0.41195,0.0619563968964757,0.06221,-0.8868532962205381,-0.9025755017639575,-2.7772395204552085,-2.781324417214818,0.043264174084466256,0.0556470640318244,0.03405460615664885,0.012137114766157949,0.03405673750770828,0.012136518758859984,0.7586554892469719,1.779043725892915,1.700907007884037,0.01207887708657118,0.0556470640318242,0.41195,428454.0,0.06221,50447.5,0,2.5,0
1646,2023-01-21 20:24:59.999,0.4054837905613089,0.41195,0.0619565946729648,0.0622,-0.8868532962205381,-0.9026743801804978,-2.7774002792370034,-2.7813212250315513,0.04316268612648699,0.05577848089223558,0.0340621428144582,0.012140492890932757,0.034064248934178636,0.012139877244449595,0.7494669846409034,1.7887525879609416,1.779043725892915,0.012082806857534004,0.0557784808922359,0.41195,102417.0,0.0622,170451.8,0,2.5,0
1647,2023-01-21 20:25:59.999,0.4053730584773965,0.4116,0.061952086702338,0.062175,-0.8877032750222424,-0.9029475038144217,-2.777802289292669,-2.781393987820708,0.042949044514005275,0.055257136699349285,0.03406969082046153,0.012143531191534686,0.034071745750730804,0.01214287710684671,0.7310704609098813,1.7447516331705577,1.7887525879609416,0.012087117331102758,0.0552571366993492,0.4115999999999999,229736.0,0.062175,237096.0,0,2.5,0
1648,2023-01-21 20:26:59.999,0.4052828833640707,0.41155,0.0619328792719349,0.062165,-0.8878247595634841,-0.9031699782552872,-2.777963138577236,-2.7817040727516105,0.04298005786164516,0.05526714300259683,0.0340771862498742,0.012146619188697982,0.03407924662284615,0.012145968538963606,0.7328202119284017,1.7445147841993078,1.7447516331705577,0.012091337846543081,0.0552671430025966,0.4115499999999999,50347.0,0.062165,51098.2,0,2.5,0
1649,2023-01-21 20:27:59.999,0.4053506345065673,0.4119,0.0619252597660268,0.06217,-0.8869746775401021,-0.9030028222195183,-2.777882710700891,-2.781827108766472,0.043247793203938345,0.05605147695995838,0.034084805128329426,0.012150077127061456,0.034086925699511016,0.01214947060841562,0.754013717937787,1.8079450526864005,1.7445147841993078,0.012095291170878111,0.0560514769599587,0.4119,42755.0,0.06217,61649.8,0,2.5,0
1650,2023-01-21 20:28:59.999,0.4055165079933692,0.4118,0.0619229051147026,0.06217,-0.8872174843884479,-0.9025936960373814,-2.777882710700891,-2.7818651335741347,0.04368800385178828,0.0558086701116125,0.03409247316193332,0.012153331374327177,0.03409469383554819,0.01215280150421091,0.7893908258861991,1.786851380976306,1.8079450526864005,0.012099208341560646,0.0558086701116125,0.4118,67151.0,0.06217,99130.3,0,2.5,0
1651,2023-01-21 20:29:59.999,0.4055502837250323,0.41165,0.0619045016790608,0.062165,-0.887581805237702,-0.9025104088604743,-2.777963138577236,-2.782162376910708,0.04401428108892391,0.05551009732837886,0.03410024821170289,0.01215628640610096,0.034102542595613385,0.012155815118362407,0.8153906913521572,1.7612162465940961,1.786851380976306,0.012103144243194563,0.0555100973283786,0.4116499999999999,112752.0,0.062165,74523.4,0,2.5,0
1652,2023-01-21 20:30:59.999,0.4054951423221428,0.41165,0.0618907346576533,0.062165,-0.887581805237702,-0.9026463849752605,-2.777963138577236,-2.7823847929239838,0.04406012530048942,0.05551009732837886,0.03410807830096405,0.012159180048403813,0.03411038148240342,0.012158715388674506,0.8183219608342752,1.7601531470227996,1.7612162465940961,0.012107364170439141,0.0555100973283786,0.4116499999999999,123814.0,0.062165,106504.0,0,2.5,0
1653,2023-01-21 20:31:59.999,0.4054117363326915,0.4115,0.0618881297857373,0.062165,-0.8879462588650127,-0.9028520953766416,-2.777963138577236,-2.7824268820468414,0.043888821855429305,0.055145643701068225,0.03411592309605772,0.012161817807749466,0.03411818481759426,0.012161319023458189,0.803419186602069,1.7291593195558683,1.7601531470227996,0.012111665634293682,0.0551456437010682,0.4115,161870.0,0.062165,30064.9,0,2.5,0
1654,2023-01-21 20:32:59.999,0.4053173479888715,0.41175,0.061896482175759,0.06219,-0.8873389099243874,-0.9030849434292694,-2.7775610638663393,-2.782291931669698,0.04354565476033634,0.0554243051786083,0.034123873196903166,0.012164518692931982,0.03412605366012081,0.012163955296703877,0.7743863628607713,1.7510295737456052,1.7291593195558683,0.012115767906625947,0.0554243051786083,0.41175,242415.0,0.0621899999999999,113643.5,0,2.5,0
1655,2023-01-21 20:33:59.999,0.4053729885896869,0.41205,0.0619310650615338,0.06226,-0.8866105777727444,-0.9029476762178762,-2.776436113968675,-2.7817333663513097,0.0432263067892954,0.0552330148871083,0.03413182329127473,0.012167088800593933,0.03413392800858508,0.01216646730287947,0.7473310497089326,1.7342843421019103,1.7510295737456052,0.012119591842344287,0.0552330148871083,0.41205,41937.0,0.0622599999999999,339665.4,0,2.5,0
1656,2023-01-21 20:34:59.999,0.4054937445679504,0.41185,0.0620062214607161,0.062265,-0.8870960735948793,-0.9026498320118722,-2.776355808809025,-2.7805205528308004,0.04253270192265768,0.05468187131722313,0.03413969328601923,0.01216938282880463,0.034141635662468355,0.012168644295347428,0.6895645937647773,1.6880213499883552,1.7342843421019103,0.012123676859293428,0.0546818713172232,0.41185,37891.0,0.062265,25647.5,0,2.5,0
1657,2023-01-21 20:35:59.999,0.4055248545826894,0.41185,0.0620004139430013,0.062255,-0.8870960735948793,-0.9025731136362718,-2.776516425577761,-2.7806142174593123,0.042685989125622825,0.05481317208500058,0.034147645896116234,0.012171664525063861,0.03414962190704646,0.012170948991577443,0.7013723600751032,1.6978389559069715,1.6880213499883552,0.012127539295975973,0.0548131720850006,0.41185,48668.0,0.062255,97006.5,0,2.5,0
1658,2023-01-21 20:36:59.999,0.4055326820061668,0.41195,0.0619763163222396,0.062305,-0.8868532962205381,-0.9025538118651284,-2.775713599587306,-2.7810029617182326,0.04302308100091978,0.054399656409941266,0.03415575596614464,0.012173483544388141,0.034157808112646564,0.012172822116730648,0.7282841072727543,1.6629504915319715,1.6978389559069715,0.012130890982703849,0.0543996564099416,0.41195,303444.0,0.062305,185121.6,0,2.5,0
1659,2023-01-21 20:37:59.999,0.4055081763799867,0.41175,0.0620311528538228,0.062305,-0.8873389099243874,-0.90261424193085,-2.775713599587306,-2.780118554746268,0.04223966718100658,0.053914042706092014,0.03416383926429922,0.012175006898073774,0.03416570823627717,0.01217421776659667,0.6632014556929111,1.6221923820772126,1.6629504915319715,0.012133955686812341,0.053914042706092,0.41175,25690.0,0.062305,41886.0,0,2.5,0
1660,2023-01-21 20:38:59.999,0.4054274361074595,0.41165,0.0620470914166365,0.06228,-0.887581805237702,-0.9028133706201089,-2.7761149320163394,-2.779861643262791,0.041830518857453924,0.05399922805633994,0.03417220188647207,0.012176221181328632,0.034173974234764364,0.01217536942908179,0.6288552201464479,1.628339849827236,1.6221923820772126,0.012137358380257387,0.0539992280563397,0.4116499999999999,160981.0,0.06228,165098.0,0,2.5,0
1661,2023-01-21 20:39:59.999,0.4053993662080889,0.4114,0.062039606132076,0.06222,-0.8881893017632803,-0.9028826083396851,-2.777078787512646,-2.779982289306524,0.041859906694201254,0.05417966275168995,0.03418028376075511,0.01217791133149241,0.03418206103984177,0.012177062410956578,0.6305170652201944,1.6422667604103753,1.628339849827236,0.012140627210048873,0.0541796627516899,0.4114,540613.0,0.06222,147577.8,0,2.5,0
1662,2023-01-21 20:40:59.999,0.4053754546274406,0.41095,0.0619821687285508,0.06221,-0.8892837263876281,-0.902941592856818,-2.7772395204552085,-2.7809085364545947,0.04255810937894389,0.05321663386473441,0.03418796806858193,0.012179447352093708,0.03418990515289352,0.012178703459283631,0.6871178244898821,1.562358721710091,1.6422667604103753,0.012143649964875934,0.0532166338647344,0.41095,245360.0,0.06221,134034.4,0,2.5,0
1663,2023-01-21 20:41:59.999,0.4053415491043167,0.4112,0.0619543133544962,0.06224,-0.8886755648411817,-0.9030252361577173,-2.776757399112001,-2.78135804694667,0.0428419312760937,0.05343067154090675,0.034195447008996065,0.012181341251210518,0.03419744804678063,0.012180641697721607,0.7096902974274355,1.5790727913479305,1.562358721710091,0.01214684405632661,0.0534306715409067,0.4112,37387.0,0.06224,37420.4,0,2.5,0
1664,2023-01-21 20:42:59.999,0.4053704077364102,0.41115,0.0619609266447384,0.062215,-0.8887971675652325,-0.9029540428519762,-2.7771591507545423,-2.7812513080136947,0.04282586779064368,0.053637492178480906,0.034202981582582705,0.012183297887534392,0.034204977159117786,0.012182594123704319,0.7076399774947578,1.595176509291712,1.5790727913479305,0.012150303332364443,0.0536374921784807,0.41115,211455.0,0.062215,176839.4,0,2.5,0
1665,2023-01-21 20:43:59.999,0.4054094150623363,0.4111,0.0619208677946441,0.062205,-0.8889187850783042,-0.9028578211038287,-2.7773198966156825,-2.7818980350274876,0.04345077501865613,0.05364728096346183,0.03421053716410025,0.012185232918557632,0.034212675613036744,0.012184633523011225,0.7581762215640562,1.5951064644616006,1.595176509291712,0.012153554907748785,0.0536472809634622,0.4111,84597.0,0.0622049999999999,66724.6,0,2.5,0
1666,2023-01-21 20:44:59.999,0.4053784448230164,0.41099998,0.0619151882760954,0.062215,-0.8891621131477041,-0.9029342165233145,-2.7771591507545423,-2.781989761439534,0.043449363976094,0.05327254659600933,0.03421756882511962,0.01218746604130778,0.034219705320178866,0.012186864758374348,0.7573448002344383,1.563489711996359,1.5951064644616006,0.012156540185940432,0.053272595257811,0.411,124312.0,0.062215,251840.3,0,2.5,0
1667,2023-01-21 20:45:59.999,0.4053108584158354,0.4109,0.0619555315687807,0.06222,-0.889405403092773,-0.903100954648679,-2.777078787512646,-2.7813383840331176,0.0427501387745135,0.05296356142219716,0.03422410492315321,0.012189946028729389,0.034226078085349776,0.012189225346890483,0.6993111085060254,1.5372878973277326,1.563489711996359,0.012159366297370426,0.0529635614221972,0.4109,44500.0,0.06222,98329.5,0,2.5,0
1668,2023-01-21 20:46:59.999,0.4052639537787224,0.4109,0.0620177302746154,0.062265,-0.889405403092773,-0.903216686439156,-2.776355808809025,-2.7803349626480767,0.04181413149663116,0.05237254181932938,0.03423017437031616,0.012192452924941631,0.034231929509665,0.012191587797402438,0.6219207959591314,1.48799979468447,1.5372878973277326,0.012161978091769611,0.0523725418193294,0.4109,169715.0,0.062265,209946.4,0,2.5,0
1669,2023-01-21 20:47:59.999,0.4052502208437822,0.41099998,0.0621051679271085,0.06228,-0.8891621131477041,-0.9032505734096038,-2.7761149320163394,-2.778926074067109,0.04062850829185416,0.052418920146337866,0.034235898639135356,0.012195185776452948,0.034237378067428055,0.012194162242266287,0.5241139241426324,1.4909999601901238,1.48799979468447,0.012164583298247775,0.0524189688081395,0.411,126288.0,0.06228,181301.2,0,2.5,0
1670,2023-01-21 20:48:59.999,0.4052661901854302,0.41145,0.0621144096446688,0.06236,-0.8880677729304152,-0.9032111680590575,-2.774831234792561,-2.7787772775930266,0.04054627571229252,0.052463865382003316,0.03424147633657154,0.01219801077703613,0.03424293544311533,0.012196976250836888,0.5167953220163639,1.4938820253985254,1.4909999601901238,0.012167011550996459,0.0524638653820033,0.41145,61482.0,0.06236,175121.0,0,2.5,0
1671,2023-01-21 20:49:59.999,0.4053555665820746,0.41175,0.0621544204950758,0.062374998,-0.8873389099243874,-0.9029906548634508,-2.774590756974583,-2.778133337326677,0.04024038153437304,0.0529961429232475,0.03424716981757855,0.012201022782630898,0.034248556814041584,0.01219995147843156,0.4911351271293556,1.536672247867578,1.4938820253985254,0.012169220469404931,0.0529961167115089,0.41175,87650.0,0.062375,21873.1,0,2.5,0
1672,2023-01-21 20:50:59.999,0.4054094799580666,0.41185,0.06213173664288,0.062365,-0.8870960735948793,-0.90285766102929,-2.7747510584044646,-2.778498363536676,0.04067177647577136,0.05337002223777476,0.034252921780248274,0.012204178964668211,0.03425440728237637,0.01220315729166423,0.5258777740887256,1.5664388823591964,1.536672247867578,0.012171417272865744,0.0533700222377748,0.41185,75564.0,0.062365,23111.0,0,2.5,0
1673,2023-01-21 20:51:59.999,0.4054598789806606,0.4115,0.0620920449015048,0.06233,-0.8879462588650127,-0.9027333524163098,-2.775312428161378,-2.7791373996734356,0.04131848344139277,0.052978744718494175,0.034258319668252525,0.012207302821363755,0.03425995358720025,0.01220636261372645,0.578266440016699,1.5335431031889708,1.5664388823591964,0.012173171029197153,0.0529787447184941,0.4115,318407.0,0.0623299999999999,40038.7,0,2.5,0
1674,2023-01-21 20:52:59.999,0.405465699628476,0.41145,0.0620518602744523,0.062325,-0.8880677729304152,-0.9027189968503515,-2.7753926495725154,-2.7797847875318897,0.041862064713570346,0.05292280993822773,0.034263485411753385,0.012210477821634478,0.03426524393508174,0.01220961190607763,0.6222000205188424,1.5281404052357253,1.5335431031889708,0.01217450568221795,0.0529228099382277,0.41145,35387.0,0.062325,147998.8,0,2.5,0
1675,2023-01-21 20:53:59.999,0.4055352079476716,0.41145,0.06206773972654,0.062305,-0.8880677729304152,-0.9025475831843087,-2.775713599587306,-2.779528914129555,0.04182430735441567,0.0531851797000642,0.03426885924717392,0.012213695201440795,0.03427060778874005,0.012212822578060327,0.618505633517139,1.548779475900038,1.5281404052357253,0.012175792674550486,0.0531851797000642,0.41145,30340.0,0.062305,533360.5,0,2.5,0
1676,2023-01-21 20:54:59.999,0.4055715146128188,0.4116,0.0620642250827741,0.062295,-0.8877032750222424,-0.9024580594159523,-2.7758741132313105,-2.779585541667389,0.04196012292190032,0.05368089407375587,0.03427412684397416,0.012217158538001526,0.034275905597984324,0.012216304203203864,0.6290132593375274,1.5884845211279588,1.548779475900038,0.012177472673038342,0.0536808940737558,0.4115999999999999,91331.0,0.062295,47252.9,0,2.5,0
1677,2023-01-21 20:55:59.999,0.405550258765136,0.4116,0.0620576784587642,0.06229,-0.8877032750222424,-0.902510470406226,-2.775954379716083,-2.7796910286737786,0.04199394529965195,0.05374651020562293,0.034279278345612826,0.012220675767224643,0.034281063734863934,0.012219825044640151,0.6311777408115209,1.5929750719858253,1.5884845211279588,0.012179188018893125,0.0537465102056229,0.4115999999999999,158282.0,0.06229,20404.7,0,2.5,0
1678,2023-01-21 20:56:59.999,0.4054334963702793,0.4115,0.0620461594227092,0.062275,-0.8879462588650127,-0.9027984228958391,-2.776195217833893,-2.779876664126875,0.04185774581634172,0.05370040636503082,0.03428481530119692,0.012224054620582393,0.034286567888680175,0.012223182843350102,0.6194113288406354,1.5883102347352633,1.5929750719858253,0.012181129804217285,0.0537004063650308,0.4115,66337.0,0.062275,14681.4,0,2.5,0
1679,2023-01-21 20:57:59.999,0.4052986630105069,0.41125,0.0620324910673255,0.062265,-0.8885539769025554,-0.9031310441184104,-2.776355808809025,-2.7800969817300247,0.041705229514795494,0.053223968009546985,0.034290455843151546,0.01222717014847018,0.03429217182872702,0.012226275443208047,0.6063218287942779,1.5484786697569866,1.5883102347352633,0.012183103973531045,0.0532239680095469,0.41125,36832.0,0.062265,50694.0,0,2.5,0
1680,2023-01-21 20:58:59.999,0.4052238681852765,0.4112,0.0620313524080781,0.06227,-0.8886755648411817,-0.9033156036403581,-2.7762755100977765,-2.780115337750853,0.04153567564665972,0.05303673759459948,0.034296278495081066,0.012230106292811222,0.034297953893635,0.01222918681093113,0.5918399861677835,1.5323218499363278,1.5484786697569866,0.012185191331852006,0.0530367375945994,0.4112,11986.0,0.06227,28384.2,0,2.5,0
1681,2023-01-21 20:59:59.999,0.4052942950286556,0.4111,0.0620389488030257,0.062245,-0.8889187850783042,-0.9031418213693302,-2.7766770681483877,-2.7799928846757345,0.041609355151915994,0.05312178246184618,0.03430250691938607,0.012232840253581189,0.03430419792800272,0.012231929624143987,0.5972203444903734,1.5384224065993772,1.5323218499363278,0.012187454905503381,0.0531217824618461,0.4111,88362.0,0.0622449999999999,196094.6,0,2.5,0
1682,2023-01-21 21:00:59.999,0.4053862722464938,0.41085,0.0620072107876031,0.06221,-0.8895270946049402,-0.9029149077810545,-2.7772395204552085,-2.7805045976738616,0.04225458315446251,0.05297326564742233,0.03430878401854281,0.01223546162384075,0.034310622898231745,0.012234642735622117,0.6493005499131826,1.5254415569014455,1.5384224065993772,0.012189815959518471,0.0529732656474224,0.41085,749070.0,0.06221,453471.9,0,2.5,0
1683,2023-01-21 21:01:59.999,0.4053963859964715,0.41055,0.061948446281614,0.06222,-0.8902575548273393,-0.9028899596648724,-2.777078787512646,-2.7814527514214347,0.0430546266483397,0.05211140968763095,0.03431455681460377,0.012237976341076106,0.03431657951070044,0.01223728233017018,0.7140512821295464,1.4542316782630968,1.5254415569014455,0.0121922314086184,0.0521114096876309,0.4105499999999999,265434.0,0.06222,62176.4,0,2.5,0
1684,2023-01-21 21:02:59.999,0.4053028612650632,0.4108,0.0619468600697272,0.062185,-0.8896488009277339,-0.9031206857501354,-2.7776414658764326,-2.781478357103096,0.04284483265932104,0.05318014109617564,0.03432053119025574,0.012240884565096458,0.0343225039515307,0.012240154838498865,0.6962598774473937,1.5407064583956627,1.4542316782630968,0.012194865744408936,0.0531801410961756,0.4108,128113.0,0.062185,257179.4,0,2.5,0
1685,2023-01-21 21:03:59.999,0.4052579833715292,0.41115,0.0619084896530758,0.06219,-0.8887971675652325,-0.9032314186923367,-2.7775610638663393,-2.7820979575961684,0.043240609847388534,0.05396604753776313,0.03432698346220646,0.012243891550434762,0.03432904632413314,0.012243225457341973,0.7278771067563197,1.6039887314143448,1.5407064583956627,0.012197720057735556,0.053966047537763,0.41115,15834.0,0.0621899999999999,74106.7,0,2.5,0
1686,2023-01-21 21:04:59.999,0.4052593012540534,0.4111,0.0619216869004181,0.062185,-0.8889187850783042,-0.9032281667381854,-2.7776414658764326,-2.7818848068479487,0.04306961563089473,0.0539101569456053,0.034333406914095116,0.012246884330795023,0.03433542871662156,0.012246188126344235,0.7132167842076522,1.5985086086168119,1.6039887314143448,0.012200752931739728,0.0539101569456053,0.4111,70021.0,0.062185,28821.0,0,2.5,0
1687,2023-01-21 21:05:59.999,0.4052591415107172,0.41099998,0.0619258410955723,0.062195,-0.8891621131477041,-0.9032285609138828,-2.777480668320209,-2.781817721210908,0.04301438038399663,0.053535380318529446,0.034339939460340765,0.012249598236631142,0.03434194696807593,0.012248891401397155,0.7080178223256588,1.5670261577058684,1.5985086086168119,0.012203958622179784,0.0535354289803311,0.411,43581.0,0.062195,292766.7,0,2.5,0
1688,2023-01-21 21:06:59.999,0.4053171233498048,0.4112,0.0619374294645088,0.062215,-0.8886755648411817,-0.9030854976595042,-2.7771591507545423,-2.781630605709793,0.04300448072452179,0.05375909490253172,0.034346963502510555,0.012252031382087742,0.034348967093628814,0.01225132135437904,0.7064963346014262,1.5844010511107056,1.5670261577058684,0.012207174936814245,0.0537590949025317,0.4112,28052.0,0.062215,111303.4,0,2.5,0
1689,2023-01-21 21:07:59.999,0.4054263428640019,0.41105,0.0619469991799319,0.06222,-0.8890404173839945,-0.9028160671444045,-2.777078787512646,-2.781476111467912,0.0431476155063939,0.05332854713097568,0.03435395474517623,0.0122542434746954,0.03435598984370926,0.012253555494068995,0.7174754843147355,1.5484099385638403,1.5844010511107056,0.012210414574073304,0.0533285471309756,0.41105,30897.0,0.06222,35034.0,0,2.5,0
1690,2023-01-21 21:08:59.999,0.4054077377573054,0.4109,0.0619383499029558,0.06222,-0.889405403092773,-0.902861958423877,-2.777078787512646,-2.7816157450412793,0.04321587168197849,0.05296356142219716,0.03436058954936414,0.012256557926357506,0.034362638908802375,0.012255879805800776,0.7223661551401501,1.5177974097301545,1.5484099385638403,0.01221369298434621,0.0529635614221972,0.4109,48493.0,0.06222,54845.0,0,2.5,0
1691,2023-01-21 21:09:59.999,0.4053341410070971,0.41105,0.0619421796557796,0.062215,-0.8890404173839945,-0.9030435125099262,-2.7771591507545423,-2.7815539152632076,0.04298377307684664,0.0533942423597189,0.03436737678026896,0.012258977544409263,0.03436937085485738,0.012258259608237093,0.7027426810410103,1.5520760610355464,1.5177974097301545,0.012217184413562936,0.0533942423597189,0.41105,53960.0,0.062215,376303.2,0,2.5,0
1692,2023-01-21 21:10:59.999,0.4053096503568548,0.41105,0.0619560631208728,0.062185,-0.8890404173839945,-0.9031039352270571,-2.7776414658764326,-2.7813298044955297,0.04274014460794473,0.053788524639915014,0.034374230417509956,0.012261556750381741,0.034376166523548,0.012260798231886517,0.682172394179412,1.583346602526684,1.5520760610355464,0.012220664494317638,0.053788524639915,0.41105,44783.0,0.062185,7742.9,0,2.5,0
1693,2023-01-21 21:11:59.999,0.4052978243579914,0.41095,0.0619423005438808,0.062185,-0.8892837263876281,-0.9031331133415778,-2.7776414658764326,-2.7815519636369666,0.04289257683254999,0.05354521563628145,0.034381110901062585,0.012263972624962243,0.0343830806918359,0.012263236870919998,0.6939029417993866,1.5626343372792604,1.583346602526684,0.012223955993314588,0.0535452156362814,0.41095,84045.0,0.062185,18671.0,0,2.5,0
1694,2023-01-21 21:12:59.999,0.405301079128468,0.4109,0.0619449605265488,0.06218,-0.889405403092773,-0.9031250828089366,-2.7777218743515295,-2.781509021648494,0.042865503209499556,0.05348927113705215,0.03438783911293267,0.012266480563346354,0.03438980108101796,0.012265738963057628,0.6910062372930815,1.5572055835800815,1.5626343372792604,0.012227003285138817,0.0534892711370522,0.4109,27534.0,0.06218,149203.3,0,2.5,0
1695,2023-01-21 21:13:59.999,0.405343176489555,0.4111,0.06192350422191,0.062205,-0.8889187850783042,-0.903021221316468,-2.7773198966156825,-2.781855458570869,0.043252569464785506,0.05364728096346183,0.034394826496171614,0.012268851827445974,0.03439687642511599,0.012268171953585011,0.7218429178506665,1.5692140338855187,1.5572055835800815,0.012229872514234345,0.0536472809634622,0.4111,125500.0,0.0622049999999999,41619.7,0,2.5,0
1696,2023-01-21 21:14:59.999,0.405351073800742,0.41105,0.0619238828861094,0.0622,-0.8890404173839945,-0.9030017384813932,-2.7774002792370034,-2.7818493435577345,0.04326705340761616,0.05359135972877915,0.03440198792568456,0.012271025518802364,0.03440403954926288,0.012270346485893192,0.7223116208285391,1.5637952813064846,1.5692140338855187,0.012232607902013519,0.0535913597287791,0.41105,49344.0,0.0622,41717.7,0,2.5,0
1697,2023-01-21 21:15:59.999,0.4053904804850087,0.41115,0.0619044487905165,0.062195,-0.8887971675652325,-0.9029045270233411,-2.777480668320209,-2.7821632312680724,0.04362086134490073,0.05390032590100102,0.03440920748530466,0.012273320120101227,0.03441133931910693,0.01227269974127549,0.7504071817890547,1.5880884899085972,1.5637952813064846,0.012235302634259133,0.0539003259010009,0.41115,55709.0,0.062195,34037.0,0,2.5,0
1698,2023-01-21 21:16:59.999,0.4053854585538746,0.4113,0.0619043532355836,0.062225,-0.8884324037457586,-0.90291691498626,-2.776998430728481,-2.782164774856757,0.043609735232665314,0.053870870819525574,0.03441655938235081,0.012275463140952599,0.034418686939826006,0.012274839169291096,0.7487713823439135,1.5848128265134502,1.5880884899085972,0.012238000457252351,0.0538708708195256,0.4113,49832.0,0.062225,73328.7,0,2.5,0
1699,2023-01-21 21:17:59.999,0.405363798355872,0.4114,0.0619670959378737,0.06225,-0.8881893017632803,-0.9029703475310897,-2.7765967436373202,-2.78115174549326,0.04272817288386066,0.05378560220975004,0.034423981594389294,0.01227747844799893,0.03442590341602537,0.012276707534770736,0.6762618922313796,1.5770030220265985,1.5848128265134502,0.012240922493209643,0.05378560220975,0.4114,42211.0,0.06225,143786.7,0,2.5,0
1700,2023-01-21 21:18:59.999,0.4053558261649961,0.4112,0.0620466251974521,0.06225,-0.8886755648411817,-0.9029900144803902,-2.7765967436373202,-2.779869157248142,0.04166001751923565,0.05329933913184859,0.034431362272128355,0.012279239349579673,0.03443303518470579,0.012278310733917741,0.5885974456214045,1.5365753791879704,1.5770030220265985,0.01224396612459254,0.0532993391318485,0.4112,54500.0,0.06225,129197.7,0,2.5,0
1701,2023-01-21 21:19:59.999,0.4053059113643902,0.41115,0.062086749380454,0.06228,-0.8887971675652325,-0.9031131602965997,-2.7761149320163394,-2.779222688326537,0.041008397207996095,0.05278386572880944,0.034438800760680746,0.012280621443693155,0.03444032114865744,0.012279606938998421,0.5348767344074592,1.4938222020962955,1.5365753791879704,0.012246863945107465,0.0527838657288093,0.41115,9600.0,0.06228,250889.6,0,2.5,0
1702,2023-01-21 21:20:59.999,0.4052928623306084,0.4112,0.0621115483299793,0.06229,-0.8886755648411817,-0.9031453563329284,-2.775954379716083,-2.7788233438860406,0.040649745646148094,0.05277422038668367,0.034446311315538596,0.01228191111141458,0.03444774696338183,0.012280852356933297,0.5050136995796434,1.4922684999821774,1.4938222020962955,0.012249498889642626,0.0527742203866836,0.4112,53806.0,0.06229,72256.1,0,2.5,0
1703,2023-01-21 21:21:59.999,0.4053064604821086,0.41105,0.0620785321006631,0.06227,-0.8890404173839945,-0.9031118054746466,-2.7762755100977765,-2.7793550486724383,0.041117953777356386,0.05267188505178666,0.03445360609465487,0.012283375219297774,0.03445514841071197,0.012282372115525735,0.5424689387339265,1.483165549523391,1.4922684999821774,0.012251879889301528,0.0526718850517866,0.41105,64469.0,0.06227,559384.1,0,2.5,0
1704,2023-01-21 21:22:59.999,0.4052755850903947,0.4109,0.0620124014204485,0.062235,-0.889405403092773,-0.9031879862681826,-2.7768377365291963,-2.780420891028501,0.041913076277880545,0.05276650740691868,0.03446082146548789,0.012284975272870546,0.03446254612524544,0.012284076678426539,0.6065193459529461,1.4900873249501814,1.483165549523391,0.012254136572001941,0.0527665074069187,0.4109,181516.0,0.062235,156413.4,0,2.5,0
1705,2023-01-21 21:23:59.999,0.4052804822220474,0.4108,0.0619410685519082,0.062245,-0.8896488009277339,-0.9031759028803696,-2.7766770681483877,-2.781571853182781,0.0428660465713957,0.05239176661241651,0.034467905761950954,0.01228648910725946,0.034469849326128094,0.012285731450729228,0.6834104488560381,1.4588269027866767,1.4900873249501814,0.012256474756409855,0.0523917666124165,0.4108,30929.0,0.0622449999999999,24948.5,0,2.5,0
1706,2023-01-21 21:24:59.999,0.4053333023545817,0.4106,0.0619495324967586,0.062245,-0.8901357743973038,-0.9030455815519786,-2.7766770681483877,-2.781435217396177,0.04288467107119198,0.05190479314284657,0.034474948485083805,0.012287762186129599,0.03447689472960732,0.012287006146322428,0.6842819350343662,1.4184718416374904,1.4588269027866767,0.012258894264149448,0.0519047931428464,0.4105999999999999,114591.0,0.0622449999999999,13181.1,0,2.5,0
1707,2023-01-21 21:25:59.999,0.4053813651308827,0.41065,0.0619720350168026,0.062225,-0.8900140087959357,-0.9029270126441127,-2.776998430728481,-2.781072043805932,0.04270635334878281,0.05228926576934845,0.0344819154530322,0.012289328200686006,0.03448381881750703,0.012288542879662703,0.6691220116002456,1.4490092562848327,1.4184718416374904,0.012261407891644887,0.0522892657693483,0.41065,17877.0,0.062225,74958.0,0,2.5,0
1708,2023-01-21 21:26:59.999,0.4054318390331655,0.4107,0.061975394550468,0.06222,-0.8898922580196241,-0.9028025107191594,-2.777078787512646,-2.7810178347968715,0.04278654057007125,0.05247670649534608,0.03448890157725646,0.012290977377109732,0.03449082188250821,0.012290203164160681,0.6749862941040788,1.463496707071437,1.4490092562848327,0.012263862393954406,0.0524767064953461,0.4107,96495.0,0.06222,40105.5,0,2.5,0
1709,2023-01-21 21:27:59.999,0.4053907300839716,0.4107,0.06197534921743,0.062225,-0.8898922580196241,-0.902903911323422,-2.776998430728481,-2.7810185662654634,0.042685737925713396,0.05241101654566005,0.03449570777882264,0.012292758856075274,0.03449760318038405,0.012291967644810888,0.6661370239439254,1.4573871477177303,1.463496707071437,0.012266347210689473,0.0524110165456601,0.4107,94813.0,0.062225,63148.0,0,2.5,0
1710,2023-01-21 21:28:59.999,0.4052592313663438,0.41085,0.0619703572499569,0.06223,-0.8895270946049402,-0.903228339190034,-2.7769180804010105,-2.781099117139198,0.04242715867285285,0.0527104952888674,0.034502684435085876,0.012294541785593997,0.03450451837959821,0.012293710007124845,0.6444466551320192,1.480967015388596,1.4573871477177303,0.012268715586662055,0.0527104952888675,0.41085,114821.0,0.06223,74173.0,0,2.5,0
1711,2023-01-21 21:29:59.999,0.4051619626504917,0.4111,0.0619818305085323,0.062245,-0.8889187850783042,-0.9034683840384097,-2.7766770681483877,-2.7809139932004334,0.04203577897018329,0.05312178246184618,0.03450984498066416,0.012296375526972584,0.03451158669183971,0.012295485511890813,0.6119475535201135,1.5136116687682482,1.480967015388596,0.012270934799738765,0.0531217824618461,0.4111,35991.0,0.0622449999999999,73842.7,0,2.5,0
1712,2023-01-21 21:30:59.999,0.4051896831113142,0.4111,0.0620070725662815,0.062245,-0.8889187850783042,-0.9033999681575307,-2.7766770681483877,-2.780506826793248,0.04177134503533364,0.05312178246184618,0.03451698794590529,0.012298222395486707,0.03451866680660638,0.012297294325019949,0.5897783721392301,1.5128035514115123,1.5136116687682482,0.012273234598279392,0.0531217824618461,0.4111,24066.0,0.0622449999999999,10830.4,0,2.5,0
1713,2023-01-21 21:31:59.999,0.4052717312824072,0.41115,0.0620094076621775,0.062255,-0.8887971675652325,-0.9031974954181352,-2.776516425577761,-2.780469168961128,0.04194303330366078,0.053112078114647354,0.03452393713900137,0.012300245899662457,0.034525654124922374,0.012299340250570221,0.6030713052592007,1.5112007619421721,1.5128035514115123,0.012275306260661006,0.0531120781146472,0.41115,49818.0,0.062255,174202.6,0,2.5,0
1714,2023-01-21 21:32:59.999,0.4053933608570409,0.4114,0.0620154822892629,0.06229,-0.8881893017632803,-0.9028974218693275,-2.775954379716083,-2.7803712107675325,0.04216302812762307,0.05326048346458512,0.03453072254220916,0.012302494587027337,0.03453248887074084,0.012301618762222456,0.6202874113051824,1.5224360222134141,1.5112007619421721,0.012277108334557488,0.0532604834645851,0.4114,50715.0,0.06229,13060.4,0,2.5,0
1715,2023-01-21 21:33:59.999,0.4054922669420898,0.4114,0.0620333532839296,0.062325,-0.8881893017632803,-0.9026534760349247,-2.7753926495725154,-2.7800830823911915,0.04217143518653055,0.05280128110536264,0.034537272437378135,0.012304687634466568,0.034539039195709345,0.012303811724830702,0.6203277619583555,1.484313069177419,1.5224360222134141,0.012278634785187911,0.0528012811053626,0.4114,44127.0,0.062325,67664.0,0,2.5,0
1716,2023-01-21 21:34:59.999,0.4054601934753539,0.41145,0.0620539922605606,0.06235,-0.8880677729304152,-0.9027325767672564,-2.7749916068560916,-2.7797504299884706,0.04182039824091277,0.052594966108517216,0.03454372688714622,0.012306844852077831,0.03454541091199088,0.012305918485205961,0.5911779228562096,1.4667641819116055,1.484313069177419,0.01227991829348214,0.0525949661085172,0.41145,230967.0,0.06235,126955.0,0,2.5,0
1717,2023-01-21 21:35:59.999,0.405383052419872,0.41135,0.0620782756578896,0.06237,-0.8883108453671977,-0.9029228504264505,-2.774670888444106,-2.7793591796222934,0.04131028578856755,0.052089713240229596,0.03454997425701423,0.012308899857973553,0.03455153878178432,0.012307905042120055,0.5491387026186404,1.4249639842388793,1.4667641819116055,0.012281232296581407,0.0520897132402295,0.41135,18558.0,0.0623699999999999,39686.1,0,2.5,0
1718,2023-01-21 21:36:59.999,0.4052961670208776,0.41155,0.0621097505639155,0.06234,-0.8878247595634841,-0.903137202533285,-2.775152004642946,-2.7788522884564153,0.040681561012034684,0.05296910123022891,0.03455635806362391,0.012311299295629283,0.03455777560654185,0.012310227211095327,0.49745510789381747,1.495597070988424,1.4249639842388793,0.012282798256250935,0.0529691012302286,0.4115499999999999,15975.0,0.06234,205418.1,0,2.5,0
1719,2023-01-21 21:37:59.999,0.4053441848693653,0.41175,0.0620884213695596,0.06232,-0.8873389099243874,-0.9030187336008371,-2.775472877419644,-2.7791957588027745,0.0410808095949553,0.05371725749067635,0.03456283560908725,0.012314017153264372,0.03456434405018558,0.012312991333542739,0.5292349655942444,1.5554974175516214,1.495597070988424,0.012284490371502211,0.0537172574906763,0.41175,41126.0,0.06232,86315.4,0,2.5,0
1720,2023-01-21 21:38:59.999,0.4054517121025937,0.41175,0.0620680472800916,0.062344998,-0.8873389099243874,-0.9027534948785881,-2.7750718346131453,-2.779523959014531,0.04161434495975047,0.053389413587331847,0.03456924604198299,0.012316607710038415,0.034570876474502736,0.012315648665047474,0.5719120995419029,1.528031742864542,1.5554974175516214,0.012286050124627527,0.0533893873629807,0.41175,32907.0,0.062345,38992.2,0,2.5,0
1721,2023-01-21 21:39:59.999,0.4055173017180713,0.41155,0.062081132083722,0.06235,-0.8878247595634841,-0.9025917387214406,-2.7749916068560916,-2.7793131673887483,0.04160378347830873,0.05283797947544833,0.03457539646231109,0.012319094646074688,0.03457702302723032,0.012318133010316108,0.5704403780340483,1.4824614582335696,1.528031742864542,0.012287390329657496,0.0528379794754481,0.4115499999999999,13997.0,0.06235,20511.7,0,2.5,0
1722,2023-01-21 21:40:59.999,0.405491902527604,0.4116,0.0620740054634912,0.06235,-0.8877032750222424,-0.9026543747318402,-2.7749916068560916,-2.7794279692468016,0.04163499552763128,0.05295946401668994,0.034581497306492355,0.012321671179145002,0.03458312968284532,0.012320712468523594,0.572358608546523,1.4915157565073756,1.4824614582335696,0.012288957950787199,0.0529594640166899,0.4115999999999999,214223.0,0.06235,2294.9,0,2.5,0
1723,2023-01-21 21:41:59.999,0.405457742413538,0.41155,0.0620740232411532,0.06236,-0.8878247595634841,-0.9027386219210444,-2.774831234792561,-2.7794276828522095,0.04155051421698308,0.05270687874893443,0.034587463794579776,0.01232420574312538,0.034589075238787695,0.012323234741694734,0.5649035439243791,1.4702298332257169,1.4915157565073756,0.012290644284323233,0.0527068787489342,0.4115499999999999,89678.0,0.06236,154860.6,0,2.5,0
1724,2023-01-21 21:42:59.999,0.405399715646637,0.41165,0.062098918190053,0.062355,-0.887581805237702,-0.9028817463787976,-2.7749114176094265,-2.779026710644474,0.04107960356886198,0.0530153808098619,0.03459335180106126,0.012326931957308288,0.034594852900752954,0.012325900353073517,0.5261076661626607,1.4944536947718563,1.4702298332257169,0.012292403235389377,0.0530153808098616,0.4116499999999999,295032.0,0.062355,69331.8,0,2.5,0
1725,2023-01-21 21:43:59.999,0.4054070838080225,0.41175,0.0621122736585865,0.06236,-0.8873389099243874,-0.9028635714907957,-2.774831234792561,-2.7788116661160993,0.04092198416150994,0.05319272838803113,0.03459920687276461,0.012329757536547852,0.03460067013989923,0.012328705866157422,0.5127313515494646,1.5080200450131827,1.4944536947718563,0.012294153883316337,0.0531927283880311,0.41175,65762.0,0.06236,26281.8,0,2.5,0
1726,2023-01-21 21:44:59.999,0.4054457067515457,0.4115,0.0621277197801644,0.062355,-0.8879462588650127,-0.9027683064957137,-2.7749114176094265,-2.7785630163660477,0.04081398331239372,0.052650927182551266,0.03460504963388161,0.012332329666651433,0.03460648655442744,0.012331264236050197,0.5033949998264404,1.4632983415508714,1.5080200450131827,0.012295937715173098,0.0526509271825512,0.4115,15192.0,0.062355,12310.9,0,2.5,0
1727,2023-01-21 21:45:59.999,0.4054492760167155,0.41145,0.0621070701369362,0.062365,-0.8880677729304152,-0.9027595032221809,-2.7747510584044646,-2.778895445686887,0.041094540434553295,0.05239832290223889,0.034610774022320524,0.012334847911610651,0.03461227454683157,0.012333814835575782,0.525568607453406,1.4420566031604778,1.4632983415508714,0.012297805806407517,0.0523983229022388,0.41145,33379.0,0.062365,68480.3,0,2.5,0
1728,2023-01-21 21:46:59.999,0.4054141324827356,0.41155,0.0620963079848384,0.06238,-0.8878247595634841,-0.9028461849829645,-2.77451056780248,-2.7790687445502105,0.041149526782202406,0.05244474035373492,0.034616759329091744,0.012337226651962008,0.03461827119381128,0.012336199206055509,0.5294382393877938,1.4450558077254716,1.4420566031604778,0.01229990987848328,0.0524447403537347,0.4115499999999999,21085.0,0.06238,74127.6,0,2.5,0
1729,2023-01-21 21:47:59.999,0.4054769415657662,0.41155,0.0620983341938582,0.062395,-0.8878247595634841,-0.9026912712462956,-2.7742701350223196,-2.779036114978042,0.04127776654260007,0.05224819170640216,0.0346228368048695,0.01233944372560887,0.03462437694135127,0.012338431056613518,0.5392411377686886,1.4283751596478844,1.4450558077254716,0.012302167002874518,0.0522481917064019,0.4115499999999999,21862.0,0.062395,126654.6,0,2.5,0
1730,2023-01-21 21:48:59.999,0.4054566441781011,0.4116,0.0621264300107905,0.06241,-0.8877032750222424,-0.9027413305557782,-2.7740297600361856,-2.7785837765479187,0.04085793025629314,0.05217317484569017,0.03462892513626688,0.01234161278487473,0.03463036670190446,0.01234054834832213,0.5046423690917595,1.421552435263944,1.4283751596478844,0.012304338414924516,0.0521731748456901,0.4115999999999999,43659.0,0.06241,76454.7,0,2.5,0
1731,2023-01-21 21:49:59.999,0.4054199231786755,0.4114,0.0621692137320189,0.062435,-0.8881893017632803,-0.9028319016757957,-2.7736292634150286,-2.7778953578450625,0.04020459159370304,0.05135975069612453,0.0346349222533748,0.01234344656163669,0.03463621123031078,0.012342308942077456,0.4511619656844367,1.3549561185552772,1.421552435263944,0.012306415124434485,0.0513597506961245,0.4114,22516.0,0.062435,20916.9,0,2.5,0
1732,2023-01-21 21:50:59.999,0.4053593554943319,0.41125,0.0622324124313378,0.062429998,-0.8885539769025554,-0.90298130777447,-2.773709381944365,-2.7768793147802744,0.03922459205480633,0.05106057073831649,0.03464089428805116,0.012345150969936835,0.03464195508364633,0.012343919290935588,0.3712465111891271,1.330050680647881,1.3549561185552772,0.012308485584363872,0.0510605445496705,0.41125,78963.0,0.06243,166093.9,0,2.5,0
1733,2023-01-21 21:51:59.999,0.405318960398172,0.41115,0.0622696886328967,0.062405,-0.8887971675652325,-0.9030809652968225,-2.77410987861172,-2.7762805103849413,0.0386354247666022,0.05114477752193347,0.03464685754930613,0.012346899592635522,0.034647780615081954,0.012345619877736812,0.32300072341537683,1.3361994117509266,1.330050680647881,0.01231091824170718,0.0511447775219333,0.41115,45168.0,0.062405,139355.4,0,2.5,0
1734,2023-01-21 21:52:59.999,0.4052965014834879,0.41115,0.0622367679585135,0.06238,-0.8887971675652325,-0.9031363773034914,-2.77451056780248,-2.776809329147464,0.03901231077016487,0.05147233235198645,0.03465292490523302,0.012348725994856015,0.03465393378879353,0.012347475049971402,0.3529771847063936,1.3620358451357426,1.3361994117509266,0.012313655666418923,0.0514723323519863,0.41115,33823.0,0.06238,69105.2,0,2.5,0
1735,2023-01-21 21:53:59.999,0.4053005649546043,0.41125,0.0621660510859595,0.06239,-0.8885539769025554,-0.9031263514317366,-2.7743502728594422,-2.7779462307179306,0.039951729321554885,0.05158448533250026,0.034658988177526634,0.012350607309962463,0.03466021306554886,0.012349440513833514,0.4284822660653015,1.3704182094204298,1.3620358451357426,0.012316269751364631,0.0515844853325002,0.41125,46919.0,0.06239,55173.2,0,2.5,0
1736,2023-01-21 21:54:59.999,0.4053185760157691,0.41135,0.0621372459403157,0.062385,-0.8883108453671977,-0.9030819136427494,-2.7744304171191523,-2.778409696238935,0.04037504024580174,0.05189313308335475,0.0346648808707806,0.01235275557509176,0.03466620236103171,0.01235163150173973,0.4621930215426147,1.3946889912817018,1.3704182094204298,0.01231877787486798,0.0518931330833547,0.41135,18143.0,0.0623849999999999,26900.0,0,2.5,0
1737,2023-01-21 21:55:59.999,0.4053717056510175,0.41155,0.0621027528317337,0.0624,-0.8878247595634841,-0.9029508410580004,-2.7741900036067553,-2.7789649620117807,0.0409600307051855,0.052182685990719735,0.03467079828781526,0.012355022753428884,0.03467225379173041,0.012353963430453243,0.5089683929252496,1.4173901620735103,1.3946889912817018,0.012321343036816378,0.0521826859907195,0.4115499999999999,24218.0,0.0624,146944.0,0,2.5,0
1738,2023-01-21 21:56:59.999,0.405475663619076,0.4117,0.0621201553850083,0.06244,-0.887460350206278,-0.9026944229636266,-2.7735491833349055,-2.7786847793363263,0.04098740546432922,0.05202323850306734,0.0346766347017808,0.012357263043165066,0.03467809519027016,0.01235620593466499,0.5106187374522843,1.403757752885347,1.4173901620735103,0.01232390114453943,0.0520232385030676,0.4117,47644.0,0.0624399999999999,64243.4,0,2.5,0
1739,2023-01-21 21:57:59.999,0.4055773053087587,0.4118,0.0621867202846158,0.062455,-0.8872174843884479,-0.902443781651385,-2.7733089815642646,-2.77761380227876,0.040362545974025,0.052069744518898675,0.03468248188102777,0.012359515295017118,0.03468379640639065,0.012358387063517655,0.45950572177806215,1.406791627571413,1.403757752885347,0.012326601731344493,0.0520697445188986,0.4118,21463.0,0.062455,129058.1,0,2.5,0
1740,2023-01-21 21:58:59.999,0.4056272550532194,0.41185,0.0622178716371943,0.062459998,-0.8870960735948793,-0.902320632085999,-2.773228959147698,-2.777112995150207,0.04007629643989585,0.052125738701130575,0.0346885502964898,0.012361642292394748,0.03468979717132049,0.012360483482056987,0.4357838652828299,1.410588333830745,1.406791627571413,0.012329345458630616,0.0521257125250627,0.41185,5834.0,0.06246,118447.4,0,2.5,0
1741,2023-01-21 21:59:59.999,0.4055910681955744,0.41185,0.0622218827221699,0.06248,-0.8870960735948793,-0.9024098481617012,-2.7729087734507063,-2.7770485288548876,0.03993438054873988,0.05186399375272133,0.034694731287647405,0.01236355290332961,0.03469594388872611,0.012362379101507323,0.4237401730687139,1.3886997208100345,1.410588333830745,0.012331901885931593,0.0518639937527218,0.41185,393949.0,0.0624799999999999,371150.7,0,2.5,0
1742,2023-01-21 22:00:59.999,0.4054783842477719,0.41155,0.0622371510671283,0.062465,-0.8878247595634841,-0.902687713264839,-2.7731488790983443,-2.7768031735026866,0.039455942701075664,0.05133158900761958,0.03470058378056119,0.012365442697166275,0.03470168430333845,0.012364223346952159,0.3845173501260929,1.3449583354480008,1.3886997208100345,0.012334410928195714,0.0513315890076193,0.4115499999999999,56147.0,0.062465,90440.5,0,2.5,0
1743,2023-01-21 22:01:59.999,0.4053099348996726,0.41165,0.062222378718938,0.06248,-0.887581805237702,-0.9031032331892012,-2.7729087734507063,-2.777040557466535,0.039234479082021045,0.0513782621098986,0.034706519551020686,0.012367292324585763,0.03470756744723243,0.012366052979632928,0.3660757108387375,1.3480511433966065,1.3449583354480008,0.012336757168695011,0.0513782621098983,0.4116499999999999,75099.0,0.06248,232849.0,0,2.5,0
1744,2023-01-21 22:02:59.999,0.4053055968696969,0.4117,0.0622469887808052,0.062455,-0.887460350206278,-0.9031139362409086,-2.7733089815642646,-2.7766451178064444,0.03890051257912974,0.05182687870106861,0.03471276803974227,0.012369121421484683,0.0347137372007095,0.012367854100346565,0.33852076071166814,1.3836157054453195,1.3480511433966065,0.012338960379540671,0.0518268787010685,0.4117,37260.0,0.062455,81503.8,0,2.5,0
1745,2023-01-21 22:03:59.999,0.405390929763142,0.4113,0.0622271684655066,0.062425,-0.8884324037457586,-0.9029034187637593,-2.7737894428163,-2.7769635825529364,0.039371368164519915,0.051247591942890636,0.03471910050999823,0.01237058221850274,0.03472017717457923,0.0123693531149513,0.37602540300338066,1.3361126534667596,1.3836157054453195,0.012340988496760961,0.0512475919428907,0.4113,83603.0,0.062425,145882.9,0,2.5,0
1746,2023-01-21 22:04:59.999,0.4054240315776052,0.4112,0.0621898740418442,0.06244,-0.8886755648411817,-0.9028217680393404,-2.7735491833349055,-2.7775630892447496,0.039943102767118877,0.05080802386816363,0.03472518759941995,0.012372027696440312,0.034726395170622835,0.012370850612442913,0.4216935245543217,1.2999353592920784,1.3361126534667596,0.012342711529291988,0.050808023868164,0.4112,96667.0,0.0624399999999999,42144.2,0,2.5,0
1747,2023-01-21 22:05:59.999,0.4054608024968234,0.41115,0.0621894273780879,0.062435,-0.8887971675652325,-0.9027310747184192,-2.7736292634150286,-2.7775702715291204,0.04003966745165766,0.05075188489417226,0.034731636369972105,0.012373119187581987,0.03473286479651264,0.012371950824534527,0.4289382273182995,1.294762321555791,1.2999353592920784,0.012344344437635895,0.0507518848941721,0.41115,6638.0,0.062435,285890.5,0,2.5,0
1748,2023-01-21 22:06:59.999,0.4054191893577245,0.41099998,0.0621694332861439,0.06245,-0.8891621131477041,-0.902833711704295,-2.7733890424105505,-2.777891826294249,0.040199894598065056,0.0501905637864517,0.03473812569650256,0.012373873764341152,0.03473938970226547,0.012372720779250642,0.44133420556592423,1.2487955174134517,1.294762321555791,0.01234608367079546,0.0501906124482534,0.411,28883.0,0.06245,296130.0,0,2.5,0
1749,2023-01-21 22:07:59.999,0.405300520026791,0.41099998,0.0621830389752693,0.062425,-0.8891621131477041,-0.9031264622823489,-2.7737894428163,-2.777673001707455,0.039728259607874294,0.050517882540945136,0.03474477978971372,0.01237462855201559,0.03474593310603359,0.012373428753242835,0.4026633685133502,1.2746324210808153,1.2487955174134517,0.01234796641593693,0.0505179312027468,0.411,164897.0,0.062425,79647.0,0,2.5,0
1750,2023-01-21 22:08:59.999,0.4052303577583126,0.41065,0.062163610212975,0.062529996,-0.8900140087959357,-0.9032995889838149,-2.7721089013722273,-2.777985495249971,0.039810589683311415,0.04829218026202764,0.03475133419500349,0.012374303627811408,0.03475250504792833,0.012373110987954544,0.4087965136906332,1.0942713605791057,1.2746324210808153,0.012349988260810067,0.0482921279684975,0.4106499999999999,168942.0,0.06253,1706489.1,0,2.5,0
1751,2023-01-21 22:09:59.999,0.4051672591404849,0.41035,0.0622890427290109,0.06249,-0.8907448249064164,-0.9034553115985894,-2.7727487350411466,-2.7759697478063834,0.03800703671388772,0.04808441446964362,0.03475757374972981,0.012374229264191036,0.0347583257661529,0.012372896037971528,0.2625667376307667,1.0769834981544646,1.0942713605791057,0.012352214483918107,0.0480844144696437,0.41035,93146.0,0.06249,53499.0,0,2.5,0
1752,2023-01-21 22:10:59.999,0.4051867178756346,0.41045,0.0622416150380418,0.06244,-0.890501160187862,-0.9034072863264112,-2.7735491833349055,-2.776731450894003,0.03867773794331553,0.04898242852148338,0.034764128096194495,0.01237426326371515,0.034765033814742774,0.012372974514376267,0.3162298705154971,1.1490219758764122,1.0769834981544646,0.01235452405650618,0.0489824285214832,0.41045,39440.0,0.06244,292055.3,0,2.5,0
1753,2023-01-21 22:11:59.999,0.4052872463539426,0.41055,0.0621702812806185,0.06244,-0.8902575548273393,-0.9031592130180499,-2.7735491833349055,-2.7778781863325106,0.03986324290777832,0.04922603388200608,0.03477108202158174,0.012373947406224786,0.03477226048973406,0.012372757937771294,0.411467066894004,1.168176280848963,1.1490219758764122,0.012356751216878157,0.0492260338820065,0.4105499999999999,43308.0,0.0624399999999999,279622.2,0,2.5,0
1754,2023-01-21 22:12:59.999,0.4053159152908243,0.4105,0.062156056484416,0.06244,-0.8903793500896542,-0.9030884781918115,-2.7735491833349055,-2.7781070163056327,0.040121041335145935,0.049104238619691154,0.03477802375422601,0.012373574643140855,0.03477926027761896,0.012372409702056891,0.4317494478572684,1.1578072851733843,1.168176280848963,0.012358911168152489,0.0491042386196916,0.4105,31213.0,0.0624399999999999,54479.5,0,2.5,0
1755,2023-01-21 22:13:59.999,0.4052573094543293,0.41055,0.0621567929240619,0.062429998,-0.8902575548273393,-0.9032330816275234,-2.773709381944365,-2.7780951681395036,0.03996675227743007,0.049356992813532674,0.03478469011384788,0.01237366961117703,0.034785889387664956,0.012372488816920135,0.41874055951297123,1.1776864226697759,1.1578072851733843,0.012360957386919572,0.0493569666248867,0.4105499999999999,17007.0,0.06243,57290.5,0,2.5,0
1756,2023-01-21 22:14:59.999,0.4052108640793081,0.41045,0.0621618608910399,0.06244,-0.890501160187862,-0.9033476953201734,-2.7735491833349055,-2.77801363625631,0.039785488016810366,0.04898242852148338,0.034791339796047115,0.012373578843007958,0.03479249558133311,0.012372380180717303,0.4035595707977815,1.1468863540199885,1.1776864226697759,0.012362840162868531,0.0489824285214832,0.41045,21877.0,0.06244,3941.3,0,2.5,0
1757,2023-01-21 22:15:59.999,0.4051770633877487,0.41055,0.0621952820066068,0.06247,-0.8902575548273393,-0.9034311138668555,-2.7730688374766586,-2.777476134097724,0.03926267296962693,0.04883336143265371,0.03479828748830056,0.012373035042226284,0.034799320671702855,0.012371789597989964,0.36076852605456816,1.1343275030301554,1.1468863540199885,0.012364680755122351,0.0488333614326537,0.4105499999999999,29429.0,0.06247,630414.1,0,2.5,0
1758,2023-01-21 22:16:59.999,0.4052223506235819,0.41065,0.0622439110230816,0.062435,-0.8900140087959357,-0.9033193486431957,-2.7736292634150286,-2.776694563311764,0.03873552081824061,0.04953504366346906,0.03480570340912621,0.012372264634472177,0.03480661287855669,0.012370977328338797,0.3175907477159284,1.1905128680567723,1.1343275030301554,0.012366503259811337,0.0495350436634689,0.4106499999999999,53823.0,0.062435,25370.1,0,2.5,0
1759,2023-01-21 22:17:59.999,0.4052961320770228,0.41045,0.0621897638203402,0.062435,-0.890501160187862,-0.9031372887513625,-2.7736292634150286,-2.777564861584755,0.039629030905085294,0.049047892271542826,0.034812868833094215,0.012371547212301428,0.03481398342741775,0.012370332493924212,0.38924155676757244,1.150625964090754,1.1905128680567723,0.01236822885399775,0.0490478922715427,0.41045,102650.0,0.062435,24293.1,0,2.5,0
1760,2023-01-21 22:18:59.999,0.4052564957617102,0.4102,0.0621644653185143,0.062395,-0.8911104333438568,-0.9032350894714709,-2.7742701350223196,-2.777971739619384,0.039863844262317594,0.04896251792602946,0.03482089545093287,0.01236947617183044,0.03482206253003757,0.012368282643169444,0.4076379783465263,1.1432676920710625,1.150625964090754,0.012368550261114908,0.0489625179260295,0.4102,43147.0,0.062395,295263.6,0,2.0,0
1761,2023-01-21 22:19:59.999,0.4052589218636298,0.41025,0.0621071385809347,0.06239,-0.8909885490119368,-0.9032291029057207,-2.7743502728594422,-2.7788943436551756,0.04062403986369678,0.0491499132231189,0.03482942978914406,0.012366640546500891,0.034830770823644074,0.01236552361328243,0.4685017166462621,1.1579930200224657,1.1432676920710625,0.012368550261114908,0.0491499132231187,0.41025,12918.0,0.06239,139383.2,0,2.0,0
1762,2023-01-21 22:20:59.999,0.4052425331957241,0.41025,0.0621128123217433,0.062374998,-0.8909885490119368,-0.9032695437162969,-2.774590756974583,-2.7788029937428416,0.0405089224566465,0.04934650383569805,0.03483770975063843,0.012364382779153247,0.034839022227543315,0.01236325292531769,0.4586090944958558,1.1734345615312012,1.1579930200224657,0.012368550261114908,0.0493464776239593,0.41025,20391.0,0.062375,19586.5,0,2.0,0
1763,2023-01-21 22:21:59.999,0.405186897586888,0.40975,0.0621229695888936,0.06236,-0.892208061358198,-0.9034068427994998,-2.774831234792561,-2.7786394777731793,0.040237952571014035,0.048323576954220515,0.03484559462074605,0.012362119093329012,0.03484684256287757,0.01236096068263052,0.43614004983544635,1.0902647217456112,1.1734345615312012,0.012368550261114908,0.0483235769542205,0.40975,195201.0,0.06236,64941.8,0,2.0,0
1764,2023-01-21 22:22:59.999,0.4050463883466985,0.4096,0.0621633497702275,0.062355,-0.892574205256839,-0.9037536793070524,-2.7749114176094265,-2.7779896848923067,0.03935992430293478,0.04802298079072498,0.03485337080169101,0.012359839863443021,0.03485441374395003,0.012358599686217027,0.36456481101249183,1.0655162311597601,1.0902647217456112,0.012368550261114908,0.0480229807907248,0.4095999999999999,40390.0,0.062355,13529.2,0,2.0,0
1765,2023-01-21 22:23:59.999,0.4049935682141642,0.40965,0.0621966228867588,0.06236,-0.8924521423943134,-0.9038840929543825,-2.774831234792561,-2.777454575136099,0.03879206989279815,0.04807949591810512,0.03486136907318692,0.012357216078791524,0.03486227874706324,0.01235593075497564,0.3180489777471774,1.0696686665214379,1.0655162311597601,0.012368550261114908,0.0480794959181052,0.40965,23370.0,0.06236,125037.1,0,2.0,0
1766,2023-01-21 22:24:59.999,0.4049976416692391,0.4095,0.0621971122169037,0.062325,-0.892818375689013,-0.9038740349314678,-2.7753926495725154,-2.777446707695757,0.03879569645176617,0.04817220717962989,0.034869368486960074,0.012354644614443583,0.03487027714883575,0.012353359296554612,0.3177612832831013,1.0767479848928811,1.0696686665214379,0.012368550261114908,0.04817220717963,0.4095,80256.0,0.062325,144260.3,0,2.0,0
1767,2023-01-21 22:25:59.999,0.4049633118278783,0.4094,0.0621170194054418,0.06227,-0.8930626057549479,-0.9039588040582586,-2.7762755100977765,-2.778735263091651,0.03976429375823354,0.0486496966808333,0.03487728238594573,0.012352519275286463,0.03487841337677477,0.01235131353202838,0.395575771660975,1.114947808455711,1.0767479848928811,0.012368550261114908,0.0486496966808331,0.4094,33607.0,0.06227,113909.3,0,2.0,0
1768,2023-01-21 22:26:59.999,0.4049342834684901,0.4094,0.0620148609599781,0.06223,-0.8930626057549479,-0.9040304880824346,-2.7769180804010105,-2.7803812297559274,0.04103815222290663,0.04917498413885968,0.03488527142011573,0.012350603050704095,0.034886695368461666,0.01234952847934509,0.49811269027262367,1.157005262016684,1.114947808455711,0.012368550261114908,0.0491749841388595,0.4094,60550.0,0.06223,60572.4,0,2.0,0
1769,2023-01-21 22:27:59.999,0.4049716534252193,0.4091,0.0619379601277178,0.06219,-0.8937956540467841,-0.9039382058677886,-2.7775610638663393,-2.781622038015907,0.042144768610019256,0.048967561056211584,0.03489298774018772,0.012348985520700255,0.03489466600467969,0.012348049190685736,0.5871455882122978,1.1397351865407128,1.157005262016684,0.012368550261114908,0.0489675610562114,0.4091,225477.0,0.06219,227916.4,0,2.0,0
1770,2023-01-21 22:28:59.999,0.4049821865014548,0.40875,0.0618885586718317,0.06218,-0.8946515567706739,-0.9039121967899453,-2.7777218743515295,-2.78241995204896,0.04282305531730879,0.04824311745915133,0.03490051045797565,0.012347217134787767,0.03490234395597597,0.012346376453211655,0.6415413778568538,1.0806165353311428,1.1397351865407128,0.012368550261114908,0.0482431174591513,0.40875,204703.0,0.06218,115431.6,0,2.0,0
1771,2023-01-21 22:29:59.999,0.4050011560226371,0.4087,0.0619019785843897,0.062195,-0.8947738884119054,-0.90386535750279,-2.777480668320209,-2.7822031355958123,0.04269265179856574,0.04792360505432813,0.03490794173806381,0.012345392052348877,0.03490974333724468,0.012344531379506845,0.630474193150942,1.054293234356046,1.0806165353311428,0.012368550261114908,0.0479236050543281,0.4087,107530.0,0.062195,225772.9,0,2.0,0
1772,2023-01-21 22:30:59.999,0.4050417158541126,0.40865,0.0619443547527181,0.062185,-0.8948962350199983,-0.9037652150710309,-2.7776414658764326,-2.781518800923314,0.04223336529508326,0.04793270700391128,0.0349158130856746,0.012342853350377757,0.03491750657149025,0.012341926956874647,0.5927647075822271,1.054609785008771,1.054293234356046,0.012368550261114908,0.047932707003911,0.4086499999999999,84835.0,0.062185,35560.2,0,2.0,0
1773,2023-01-21 22:31:59.999,0.4049672405155547,0.4086,0.0619389894543442,0.062175,-0.8950185965986153,-0.9039491027630918,-2.777802289292669,-2.781605419482275,0.0421202864194673,0.04794181512297646,0.03492368799798511,0.01234030885061829,0.03492535349171838,0.012339366396067563,0.5830877126755776,1.0549271726160319,1.054609785008771,0.012368550261114908,0.0479418151229762,0.4085999999999999,76163.0,0.062175,72109.2,0,2.0,0
1774,2023-01-21 22:32:59.999,0.4047881832115311,0.4089,0.0619179633691244,0.06218,-0.8942846516115405,-0.9043913531060852,-2.7777218743515295,-2.781944941567107,0.041955588107726705,0.04861002261828473,0.03493144333881854,0.012338379918667855,0.03493306892196339,0.012337414767083128,0.5692050821295044,1.1086203674739035,1.0549271726160319,0.012368550261114908,0.0486100226182848,0.4089,25897.0,0.06218,30721.3,0,2.0,0
1775,2023-01-21 22:33:59.999,0.4047095595382095,0.4093,0.0619289810751127,0.06219,-0.8933068954837797,-0.9045856060839917,-2.7775610638663393,-2.781767017015689,0.041615885620459925,0.04945631961921593,0.034939478546071524,0.012336533401045817,0.034941023653008434,0.012335523852027993,0.5411089182365065,1.176735846385643,1.1086203674739035,0.012368550261114908,0.0494563196192159,0.4093,86381.0,0.0621899999999999,59595.8,0,2.0,0
1776,2023-01-21 22:34:59.999,0.4047877688772526,0.4099,0.0619490578331847,0.062215,-0.8918420514718453,-0.9043923766895487,-2.7771591507545423,-2.781442879526515,0.041544139561038085,0.05059260827186818,0.034947515512917096,0.012335418844923856,0.03494904215583497,0.012334399530403616,0.5346914042265749,1.2683065695324314,1.176735846385643,0.012368550261114908,0.0505926082718681,0.4099,195403.0,0.062215,282218.1,0,2.0,0
1777,2023-01-21 22:35:59.999,0.4050373678401784,0.40965,0.061979807855045,0.062245,-0.8924521423943134,-0.9037759498598231,-2.7766770681483877,-2.7809466267395537,0.04175489036793911,0.049588425145837056,0.03495498679936198,0.012334509807674263,0.03495656048683446,0.012333516172176033,0.55120776477688,1.1863818323262811,1.2683065695324314,0.012368550261114908,0.0495884251458369,0.4096499999999999,40730.0,0.0622449999999999,33512.3,0,2.0,0
1778,2023-01-21 22:36:59.999,0.4051085634483633,0.40925,0.0620064299038023,0.06222,-0.8934290627308927,-0.9036001898995035,-2.777078787512646,-2.780517191188518,0.04157959596447258,0.04893990178407748,0.034962323951745075,0.012333399175751254,0.03496385537317825,0.012332382721231525,0.5364527472784821,1.1333110712749632,1.1863818323262811,0.012368550261114908,0.0489399017840774,0.40925,380095.0,0.06222,283562.7,0,2.0,0
1779,2023-01-21 22:37:59.999,0.4050820410625628,0.40945,0.0619586799927106,0.062215,-0.8929404832659399,-0.9036656618653899,-2.7771591507545423,-2.7812875678451934,0.04214389041273747,0.049494176477773544,0.03496966780010931,0.012332604511177493,0.034971328115455905,0.012331660234867281,0.5816380082384554,1.1777324623116017,1.1333110712749632,0.012368550261114908,0.0494941764777734,0.40945,59761.0,0.062215,27640.3,0,2.0,0
1780,2023-01-21 22:38:59.999,0.4050859797341978,0.40975,0.0619409245528465,0.062315,-0.892208061358198,-0.9036559387671339,-2.775553111703797,-2.78157417796071,0.042387911140788326,0.04891369586541594,0.03497675413808485,0.012331819577055468,0.03497846928666219,0.012330907844070963,0.6008837263096404,1.1301610147834231,1.1777324623116017,0.012368550261114908,0.0489136958654157,0.4097499999999999,230170.0,0.0623149999999999,754549.8,0,2.0,0
1781,2023-01-21 22:39:59.999,0.4050484100982982,0.40995,0.062043799882528,0.062415,-0.8917200779399503,-0.9037486879119624,-2.773949647879123,-2.7799146936369934,0.04093856911008842,0.04809088195571176,0.03498354450166808,0.012330962505884483,0.034984922660568435,0.012329868294856505,0.48286375062121234,1.062961423148331,1.1301610147834231,0.012368550261114908,0.0480908819557117,0.40995,20080.0,0.062415,52627.8,0,2.0,0
1782,2023-01-21 22:40:59.999,0.4050176145782524,0.40985,0.0621615435597743,0.062415,-0.8919640398830975,-0.9038247200355732,-2.773949647879123,-2.778018741188354,0.039312636474001184,0.04784692001256463,0.034990219284747354,0.01233011940174358,0.0349912196127245,0.01232886786705869,0.35051205900446136,1.0427069121487367,1.062961423148331,0.012368550261114908,0.0478469200125646,0.40985,22397.0,0.062415,12481.8,0,2.0,0
1783,2023-01-21 22:41:59.999,0.405007545756088,0.4095,0.062169951949431,0.062385,-0.892818375689013,-0.9038495805526485,-2.7744304171191523,-2.7778834835911526,0.03917720576864414,0.04738560276153947,0.03499691991653904,0.012328988279218,0.034997887351357865,0.012327725550574962,0.33901780179486185,1.0048418057046133,1.0427069121487367,0.012368550261114908,0.0473856027615395,0.4095,263604.0,0.062385,371751.1,0,2.0,0
1784,2023-01-21 22:42:59.999,0.4050174797948125,0.409,0.0621386041536881,0.062295,-0.8940401229393353,-0.903825052819772,-2.7758741132313105,-2.7783878381969838,0.03961403258771812,0.04734404615666299,0.03500367010676439,0.01232776363464366,0.03500473707331865,0.012326536546288434,0.3739327342348523,1.0010230902886144,1.0048418057046133,0.012368550261114908,0.0473440461566632,0.409,20025.0,0.062295,99207.8,0,2.0,0
1785,2023-01-21 22:43:59.999,0.4049924200589347,0.40895,0.0620313092972479,0.06225,-0.894162379801154,-0.9038869279546076,-2.7765967436373202,-2.7801160327356227,0.04096491946757186,0.047812524171876314,0.035010450359226716,0.012326751660966159,0.03501182838956885,0.01232565798878574,0.48298363328102334,1.038560211542883,1.0010230902886144,0.012368550261114908,0.0478125241718763,0.40895,40878.0,0.06225,57584.5,0,2.0,0
1786,2023-01-21 22:44:59.999,0.404990842593489,0.4089,0.0619702096953627,0.06223,-0.8942846516115405,-0.9038908230115018,-2.7769180804010105,-2.781101498193244,0.04176662131206166,0.0479529382822671,0.035017184725023666,0.012325873631764747,0.03501874673302807,0.012324874881109926,0.5475004528748532,1.049479650992606,1.038560211542883,0.012368550261114908,0.0479529382822669,0.4089,110994.0,0.06223,360376.9,0,2.0,0
1787,2023-01-21 22:45:59.999,0.4049189730681042,0.4089,0.0619519684808861,0.06222,-0.8942846516115405,-0.9040682983900777,-2.777078787512646,-2.7813958960948435,0.0418298099115767,0.04808431290342974,0.03502407428155043,0.012324857552265443,0.0350256493187247,0.012323866118259412,0.5521125049200876,1.0596664964682445,1.049479650992606,0.012368550261114908,0.0480843129034296,0.4089,46077.0,0.06222,60553.9,0,2.0,0
1788,2023-01-21 22:46:59.999,0.4048514914924876,0.409,0.061960555980487,0.06223,-0.8940401229393353,-0.9042349667948322,-2.7769180804010105,-2.7812572902573467,0.041549834203823854,0.048197466954472246,0.035030763002491805,0.012324164183103642,0.035032271697516416,0.012323136994807757,0.5288882618974011,1.0683648608018317,1.0596664964682445,0.012368550261114908,0.0481974669544724,0.409,112562.0,0.0622299999999999,15230.2,0,2.0,0
1789,2023-01-21 22:47:59.999,0.4048621044403911,0.40915,0.061989015350606,0.062225,-0.8936734420087463,-0.9042087527162804,-2.776998430728481,-2.780798081398236,0.04120065487702951,0.048629832556537855,0.03503740663306251,0.012323757448496819,0.0350388329807237,0.012322687955000432,0.5000387836490979,1.102944940313903,1.0683648608018317,0.012368550261114908,0.0486298325565379,0.40915,30222.0,0.062225,23857.2,0,2.0,0
1790,2023-01-21 22:48:59.999,0.404928682467762,0.4093,0.0619867869206816,0.062245,-0.8933068954837797,-0.9040443200539255,-2.7766770681483877,-2.7808340308316546,0.041394475431110744,0.04873367205637069,0.03504414475026616,0.012323286441741188,0.035045614394024746,0.012322238995511733,0.5152359923710711,1.1108665996544265,1.102944940313903,0.012368550261114908,0.0487336720563706,0.4093,32141.0,0.062245,174996.4,0,2.0,0
1791,2023-01-21 22:49:59.999,0.4050302143339009,0.40935,0.0619902726757468,0.062255,-0.8931847431596799,-0.9037936113647027,-2.776516425577761,-2.7807777985725988,0.041599215453138605,0.0487245025202,0.03505080743508882,0.012322900204242449,0.035052322919471614,0.01232187680239691,0.5313226741881933,1.1096166371941958,1.1108665996544265,0.012368550261114908,0.0487245025202001,0.40935,67231.0,0.062255,122502.7,0,2.0,0
1792,2023-01-21 22:50:59.999,0.4050587385033841,0.4093,0.0619767012086207,0.062265,-0.8933068954837797,-0.9037231890502271,-2.776355808809025,-2.780996751520389,0.04184862711211612,0.0484710494283227,0.03505730131653806,0.01232257885551377,0.03505887301887446,0.012321585926005067,0.5510454688232693,1.0885503975316517,1.1096166371941958,0.012368550261114908,0.0484710494283227,0.4093,57624.0,0.062265,22567.9,0,2.0,0
1793,2023-01-21 22:51:59.999,0.4051018442442814,0.40915,0.0619749807753863,0.062265,-0.8936734420087463,-0.9036167762183616,-2.776355808809025,-2.781024511260426,0.04197773293680429,0.048104502903356106,0.03506369768443582,0.01232217804299787,0.035065297785165365,0.012321200964642006,0.5610195930961156,1.0583198176016275,1.0885503975316517,0.012368550261114908,0.0481045029033562,0.40915,65604.0,0.062265,11247.4,0,2.0,0
1794,2023-01-21 22:52:59.999,0.4050373728321577,0.40905,0.061981822953026,0.062265,-0.8939178810224298,-0.9037759375350856,-2.776355808809025,-2.780914115099169,0.04172832512311242,0.04786006388967268,0.035070034695208016,0.012321717887483558,0.03507157560944729,0.012320708287207785,0.5402895157071957,1.0380069817583484,1.0583198176016275,0.012368550261114908,0.0478600638896726,0.40905,34312.0,0.062265,123806.9,0,2.0,0
1795,2023-01-21 22:53:59.999,0.4049491495827219,0.40905,0.0620106289875529,0.062265,-0.8939178810224298,-0.9039937763443577,-2.776355808809025,-2.780449473347283,0.04113065163503138,0.04786006388967268,0.035076526255716355,0.012321067230941181,0.03507792734930102,0.012319985607657059,0.4912931295933088,1.037534930566223,1.0380069817583484,0.012368550261114908,0.0478600638896726,0.40905,17482.0,0.062265,23266.8,0,2.0,0
1796,2023-01-21 22:54:59.999,0.4049103419359662,0.409,0.0620726703610794,0.062255,-0.8940401229393353,-0.9040896143191961,-2.776516425577761,-2.779449477714958,0.04021733865224797,0.047869122740544556,0.035083003970542,0.012320435005402775,0.03508419219888769,0.012319256832626834,0.41667663261678567,1.037797672273387,1.037534930566223,0.012368550261114908,0.0478691227405447,0.409,45705.0,0.062255,413381.3,0,2.0,0
1797,2023-01-21 22:55:59.999,0.4048753731212603,0.40905,0.0621022617238226,0.062255,-0.8939178810224298,-0.9041759799195702,-2.776516425577761,-2.7789728700324487,0.039741356481109436,0.04799136465745013,0.035089451094922494,0.012319900900069625,0.03509052767566449,0.01231867846247024,0.37754283623962054,1.047241667540907,1.037797672273387,0.012368550261114908,0.0479913646574501,0.40905,10547.0,0.062255,61746.1,0,2.0,0
1798,2023-01-21 22:56:59.999,0.4048788225789279,0.409,0.0620968644256572,0.062255,-0.8940401229393353,-0.9041674601547183,-2.776516425577761,-2.779059783657949,0.03982092627298095,0.047869122740544556,0.035096174221338754,0.012318948243690125,0.03509726766083231,0.012317732347279698,0.3834844335769186,1.0368538179181181,1.047241667540907,0.012368550261114908,0.0478691227405447,0.409,13502.0,0.062255,33447.9,0,2.0,0
1799,2023-01-21 22:57:59.999,0.4048667270131846,0.40895,0.0620531282661903,0.062255,-0.894162379801154,-0.904197335133964,-2.776516425577761,-2.7797643533534906,0.0403670219268486,0.0477468658787259,0.03510300773336187,0.01231777601237048,0.03510422597316597,0.012316610866455484,0.4272925410037882,1.0264724843726716,1.0368538179181181,0.012368550261114908,0.0477468658787259,0.40895,12347.0,0.062255,12467.9,0,2.0,0
1800,2023-01-21 22:58:59.999,0.4048488607194183,0.40805,0.0620089369985776,0.06221,-0.8963655630668851,-0.9042414649346987,-2.7772395204552085,-2.7804767591866093,0.040905268633834146,0.046134797185477416,0.035109578034741185,0.012316088567757521,0.03511091931930473,0.012314978891473895,0.47051232207479066,0.8951883619609008,1.0264724843726716,0.012368550261114908,0.0461347971854775,0.40805,404606.0,0.06221,268658.8,0,2.0,0
1801,2023-01-21 22:59:59.999,0.4046322886912669,0.4055,0.0619267010899687,0.06204,-0.9026344054266694,-0.9047765534502904,-2.779975940673799,-2.7818038338189943,0.041455035202189294,0.04210291973596203,0.03511535526355468,0.0123135138190727,0.035116822442434255,0.012312466534277679,0.5147801004867362,0.5674712007537721,0.8951883619609008,0.012368550261114908,0.0421029197359619,0.4054999999999999,1928575.0,0.06204,2466340.8,0,2.0,0
1802,2023-01-21 23:00:59.999,0.403832094384044,0.4047,0.0617325232440881,0.06194,-0.9046092271003171,-0.9067560953701992,-2.78158910443708,-2.7849443679202484,0.042042812634871085,0.041446824882289124,0.0351212027983053,0.012310520652408565,0.035122804652005034,0.012309546332997447,0.5621659641766009,0.513838712641793,0.5674712007537721,0.012368550261114908,0.0414468248822892,0.4047,711691.0,0.0619399999999999,1234915.7,0,2.0,0
1803,2023-01-21 23:01:59.999,0.4036439966055831,0.4065,0.0616461406958313,0.062015,-0.9001713499942718,-0.9072219860237111,-2.7803789877148444,-2.786344651561085,0.042721623861463054,0.044895457490511825,0.035127808382524654,0.012308107354727588,0.03512956580337143,0.012307225121718429,0.6168781332108728,0.7935947279689092,0.513838712641793,0.012368550261114908,0.0448954574905118,0.4065,240336.0,0.062015,302617.0,0,2.0,0
1804,2023-01-21 23:02:59.999,0.4044356845801495,0.4071,0.0617487858047906,0.06203,-0.8986964234732039,-0.9052625549272546,-2.7801371399971107,-2.7846809667476853,0.04332102826171291,0.04617267868309127,0.035135086923292376,0.01230533922503567,0.0351369813785894,0.012304545283030729,0.6651238786052647,0.8969758214663848,0.7935947279689092,0.012368550261114908,0.0461726786830913,0.4071,277077.0,0.06203,48071.1,0,2.0,0
1805,2023-01-21 23:03:59.999,0.4045566502215419,0.407,0.061770898105155,0.06202,-0.8989420935395421,-0.9049635022982242,-2.780298365309834,-2.7843229298761414,0.043327393417969984,0.04605880685620456,0.03514282166702785,0.012301701041707873,0.03514471580536409,0.012300907496175448,0.6652092632311903,0.887355752848081,0.8969758214663848,0.012366213370754183,0.0460588068562046,0.407,146370.0,0.06202,297632.3,0,2.0,0
1806,2023-01-21 23:04:59.999,0.4043252220631171,0.40735,0.0617561070904197,0.06206,-0.8980825122254863,-0.9055357197570874,-2.779653619961903,-2.784562408114646,0.04295094428908308,0.04639132265978696,0.03515076706343213,0.012297878447486131,0.03515257224214669,0.01229702773490658,0.6341672325256111,0.9140239631049996,0.887355752848081,0.012363820597308875,0.0463913226597869,0.40735,133783.0,0.06206,286129.0,0,2.0,0
1807,2023-01-21 23:05:59.999,0.4042554292011038,0.4074,0.0617980028174341,0.062065,-0.8979597751894316,-0.9057083503093458,-2.7795730560142258,-2.7838842319106916,0.042223919217694195,0.0464482003944221,0.03515842230844693,0.012294615120181665,0.0351600574616312,0.012293662162716205,0.5745937754403265,0.9182701512504406,0.9140239631049996,0.012361533743302313,0.0464482003944222,0.4074,126844.0,0.0620649999999999,100236.5,0,2.0,0
1808,2023-01-21 23:06:59.999,0.4042336491955989,0.40715,0.0618132013850694,0.062034998,-0.8985736110689967,-0.9057622286018104,-2.7800565693271673,-2.7836383226857158,0.04196901540157427,0.04622962629057026,0.03516606023908282,0.012291240958355426,0.0351676346327793,0.012290254247468043,0.5533962627499062,0.9001179042028761,0.9182701512504406,0.0123591899353204,0.0462295999351716,0.40715,123200.0,0.062035,271180.9,0,2.0,0
1809,2023-01-21 23:07:59.999,0.4042714185106688,0.40695,0.0617841900185471,0.062034998,-0.8990649512090867,-0.9056687985996844,-2.7800565693271673,-2.7841077721898784,0.04244621031700613,0.045738286150480256,0.03517394459123218,0.0122870951743628,0.03517562759649155,0.012286171289483845,0.5917696041514346,0.8597916276656444,0.9001179042028761,0.012356597987785987,0.0457382597950817,0.40695,196718.0,0.062035,125303.5,0,2.0,0
1810,2023-01-21 23:08:59.999,0.4043742732513113,0.40765,0.0617784398337921,0.062125,-0.8973463158732172,-0.9054144109432731,-2.778606794565344,-2.784200845391153,0.042776683321684494,0.04627176167501712,0.035182039897292995,0.012282883047034454,0.03518379750974946,0.012282004964599589,0.6182122409020352,0.9028598363477537,0.8597916276656444,0.01235400216115987,0.046271761675017,0.4076499999999999,78501.0,0.062125,247949.0,0,2.0,0
1811,2023-01-21 23:09:59.999,0.4046857477971464,0.40805,0.0618654770444499,0.062175,-0.8963655630668851,-0.9046444444312224,-2.777802289292669,-2.7827929762904056,0.042395747002647144,0.046594848654706644,0.03518990344242157,0.012279312509575065,0.03519157107573799,0.012278380780075268,0.5867366435319976,0.9287934648940495,0.9028598363477537,0.012351824973159939,0.0465948486547067,0.40805,99930.0,0.0621749999999999,203610.9,0,2.0,0
1812,2023-01-21 23:10:59.999,0.4047510378938684,0.40760002,0.0619100038654317,0.06216,-0.897468928565855,-0.9044831221438794,-2.778043572922745,-2.7820734990146923,0.04196891202943043,0.045688727354648906,0.03519741931175829,0.01227579914459416,0.03519898642416692,0.01227481074344104,0.5515299377532946,0.8546334066984652,0.9287934648940495,0.012349974742515913,0.0456886782869365,0.4075999999999999,44301.0,0.06216,165535.7,0,2.0,0
1813,2023-01-21 23:11:59.999,0.4044802929068036,0.40760002,0.0618926510896106,0.062135,-0.897468928565855,-0.9051522633075046,-2.7784458417241793,-2.78235382863995,0.04152893432935145,0.0460175734825905,0.03520508255668557,0.01227221767854617,0.03520654607248577,0.012271174553637427,0.5152227465456104,0.8810543627177442,0.8546334066984652,0.012348419012850574,0.0460175244148781,0.4075999999999999,56777.0,0.0621349999999999,208646.8,0,2.0,0
1814,2023-01-21 23:12:59.999,0.404381411781651,0.40755,0.0618763298626236,0.0621,-0.8975916544416706,-0.9053967578238652,-2.779009290042704,-2.7826175655949776,0.0415000391240653,0.046355454537218566,0.035212928711225264,0.012268508133492291,0.03521438372404934,0.01226746118232754,0.5123843724951868,0.9082217417759927,0.8810543627177442,0.012346794637580176,0.0463554545372184,0.4075499999999999,19482.0,0.0621,190574.8,0,2.0,0
1815,2023-01-21 23:13:59.999,0.4043870527182131,0.40755,0.0618465700565336,0.06211,-0.8975916544416706,-0.9053828083765021,-2.7788482724109254,-2.78309863751753,0.04190725456279676,0.04622382607249109,0.03522062089745916,0.012264991445921277,0.03522216837111464,0.012263993903261924,0.5450986232065926,0.8971229391840344,0.9082217417759927,0.012344992647933047,0.0462238260724909,0.4075499999999999,151135.0,0.06211,315809.6,0,2.0,0
1816,2023-01-21 23:14:59.999,0.4045086972687846,0.4074,0.0618568531006421,0.06217,-0.8979597751894316,-0.9050820414322069,-2.777882710700891,-2.7829323843311635,0.04207211308864234,0.045066379310628846,0.035228106192848635,0.01226112995949617,0.03522969008706196,0.012260153089244778,0.558102574394678,0.8023953053495309,0.8971229391840344,0.012342578062532696,0.0450663793106289,0.4074,106400.0,0.06217,141068.2,0,2.0,0
1817,2023-01-21 23:15:59.999,0.4045839164122519,0.4075,0.0619068972190074,0.062155,-0.8977143463012197,-0.9048961068620178,-2.7781240137384584,-2.7821236803130085,0.04159694944770287,0.045509068262961194,0.03523583065370283,0.012257092447964923,0.03523730279413189,0.01225605600078713,0.5188983024524805,0.8381463754859788,0.8023953053495309,0.012340006536269335,0.045509068262961,0.4075,201441.0,0.062155,231769.2,0,2.0,0
1818,2023-01-21 23:16:59.999,0.4046290938245415,0.4074,0.0618747743172038,0.06211,-0.8979597751894316,-0.9047844492100399,-2.7788482724109254,-2.782642705498661,0.042132899070615126,0.045855705324730045,0.03524344047634891,0.012253477852554895,0.035245034889353835,0.012252508037554514,0.5621595317586949,0.8660614542318233,0.8381463754859788,0.012337902674329236,0.0458557053247301,0.4074,50905.0,0.06211,108842.6,0,2.0,0
1819,2023-01-21 23:17:59.999,0.4045275020546514,0.4072,0.0618307217153543,0.062075,-0.898450813745824,-0.9050355545484657,-2.779411947587907,-2.7833549229041035,0.04246401620432072,0.045825459150710124,0.03525093439253243,0.012250047302671225,0.03525260370098227,0.012249121114207687,0.588728973785227,0.8632231775849415,0.8660614542318233,0.012335996580791776,0.0458254591507101,0.4072,62601.0,0.062075,121363.0,0,2.0,0
1820,2023-01-21 23:18:59.999,0.4043841673542017,0.4066,0.0618118329495415,0.06205,-0.8999253777878907,-0.905389943556241,-2.779814767331521,-2.783660461171425,0.04235939818496981,0.04468019162001513,0.03525835372954539,0.012246049175094417,0.035259997109423985,0.012245108458418566,0.5797744543997857,0.7693777605949471,0.8632231775849415,0.01233468061080971,0.044680191620015,0.4065999999999999,191425.0,0.06205,152758.3,0,2.0,0
1821,2023-01-21 23:19:59.999,0.4041560339020875,0.40645,0.0618015059057196,0.06206,-0.9002943587895558,-0.9059542530557904,-2.779653619961903,-2.7838275474089063,0.041931678105311065,0.044179476095717485,0.03526535481598867,0.012242501409766874,0.035266897589256274,0.012241504681470144,0.5444412831163811,0.7281290792923469,0.7693777605949471,0.012333737011732928,0.0441794760957174,0.40645,126203.0,0.06206,168098.9,0,2.0,0
1822,2023-01-21 23:20:59.999,0.4041374487633081,0.405,0.0618135973824892,0.06197,-0.9038682118755978,-0.9060002391714309,-2.781104882008121,-2.7836319163494885,0.0417257677893218,0.04179199864414085,0.03527161027930382,0.0122389301350828,0.035273103951488506,0.012237907627644092,0.5272685522856402,0.5327580346378796,0.7281290792923469,0.012332666083967651,0.0417919986441408,0.405,1333735.0,0.06197,1135217.4,0,2.0,0
1823,2023-01-21 23:21:59.999,0.4036566512730034,0.40475,0.0616995034592395,0.061915,-0.9044856864243925,-0.9071906354544912,-2.781992802315075,-2.7854793957654223,0.04204564635286978,0.04190037992563023,0.03527796625363928,0.012235240655679429,0.03527953248370159,0.012234257892385287,0.5530465295634713,0.5412573285934443,0.5327580346378796,0.012331840856458342,0.0419003799256301,0.40475,375375.0,0.061915,1368031.1,0,2.0,0
1824,2023-01-21 23:22:59.999,0.403710170282634,0.40375,0.0616230732905791,0.0618,-0.9069594044452708,-0.9070580587662247,-2.783851914518492,-2.7867189121696416,0.043191501149193234,0.040946446305935136,0.03528426543142306,0.012231151691559094,0.035286095386460735,0.012230327729690675,0.6463772629363906,0.4629311300602735,0.5412573285934443,0.012331095941770042,0.0409464463059352,0.40375,568988.0,0.0618,815981.8,0,2.0,0
1825,2023-01-21 23:23:59.999,0.4033216595128815,0.4027,0.0614831070914644,0.061745,-0.9095634111247286,-0.9080208728348191,-2.7847422784123514,-2.7889928233411245,0.044087560752529065,0.03907029303671128,0.03529002284819989,0.012227077955450999,0.03529205884401204,0.012226395385761759,0.7193863465891034,0.3091720035060456,0.4629311300602735,0.01233012818216012,0.0390702930367112,0.4027,726357.0,0.061745,1458321.3,0,2.0,0
1826,2023-01-21 23:24:59.999,0.4026140264850699,0.40335,0.0614242976968788,0.061815,-0.9079506075991537,-0.9097769266290642,-2.7836092255232465,-2.789949794146504,0.04311381009186055,0.03975685009721941,0.03529577229900396,0.01222333682601764,0.03529758161115227,0.012222500870275467,0.6394950234544038,0.36496399156079473,0.3091720035060456,0.012329117974008144,0.0397568500972198,0.40335,217061.0,0.0618149999999999,318100.0,0,2.0,0
1827,2023-01-21 23:25:59.999,0.4028382512174246,0.4046,0.0615272588037792,0.061845,-0.904856354248492,-0.9092201593460003,-2.783124024155164,-2.7882749697864346,0.04230144433794214,0.04245446172325096,0.03530207228940262,0.012220010742397047,0.03530369213944857,0.01221906048079037,0.572691510079254,0.5853014031348835,0.36496399156079473,0.012328011129695894,0.0424544617232509,0.4046,216037.0,0.061845,222100.0,0,2.0,0
1828,2023-01-21 23:26:59.999,0.4034231564351657,0.40505,0.0616094213795326,0.06188,-0.9037447627056368,-0.9077692519484787,-2.782558253277272,-2.7869404756645446,0.04266143137778344,0.043103547693132294,0.035308319355506546,0.012217098860890714,0.03531002107085537,0.012216197126445087,0.6017756778837553,0.6380588735824816,0.5853014031348835,0.012326833797360066,0.0431035476931318,0.40505,181266.0,0.06188,95791.0,0,2.0,0
1829,2023-01-21 23:27:59.999,0.4035916357351405,0.40425,0.0616993594601778,0.061795,-0.9057217805249208,-0.9073517148622764,-2.783932823940438,-2.7854817296453023,0.04188647484189134,0.042250211945519145,0.035314016756326734,0.012214595563533645,0.0353155378065664,0.012213591253507922,0.5380020420642188,0.5678612241489387,0.6380588735824816,0.012325877628161412,0.042250211945519,0.40425,300275.0,0.061795,527387.1,0,2.0,0
1830,2023-01-21 23:28:59.999,0.403171725415852,0.4031,0.0615992827789274,0.06169,-0.908570608859017,-0.9083926901405992,-2.7856334357605896,-2.787105051709676,0.0421725305770797,0.04079159734461435,0.03531925972013223,0.012212084332883826,0.03532084575828473,0.01221111611543928,0.5611022574858622,0.4481084043734124,0.5678612241489387,0.012325070658028878,0.0407915973446146,0.4031,711476.0,0.0616899999999999,617380.7,0,2.0,0
1831,2023-01-21 23:29:59.999,0.4024569638416593,0.4035,0.0614480157645581,0.06179,-0.9075787912721335,-0.9101671099726212,-2.784013739909249,-2.7895637337345898,0.04240803063158527,0.040459348269461626,0.03532455355777362,0.012209354222886213,0.035326192872069805,0.012208416823060108,0.5800783068070544,0.4205623506330028,0.4481084043734124,0.012324118308972041,0.0404593482694615,0.4034999999999999,285950.0,0.06179,248918.3,0,2.0,0
1832,2023-01-21 23:30:59.999,0.4026802550738926,0.40375,0.0615093411427499,0.061815,-0.9069594044452708,-0.9096124436804361,-2.7836092255232465,-2.7885662272035567,0.04214725670281083,0.04074805325110231,0.03533000224509456,0.012206520788649476,0.03533157994804705,0.012205548751089349,0.5584080563485913,0.44386529952464865,0.4205623506330028,0.012323319275670671,0.0407480532511028,0.40375,147885.0,0.0618149999999999,120894.8,0,2.0,0
1833,2023-01-21 23:31:59.999,0.4028804184662213,0.404,0.0614997896494303,0.06182,-0.9063404010209869,-0.9091154894396873,-2.7835283422781667,-2.788721524509981,0.04277116316484886,0.04130093635518006,0.03533550216877853,0.012203856870061156,0.035337222988263854,0.012202968797031227,0.6091911157220654,0.4888154826722118,0.44386529952464865,0.012322800214952263,0.0413009363551801,0.404,175160.0,0.06182,138544.5,0,2.0,0
1834,2023-01-21 23:32:59.999,0.4031971994860082,0.4048,0.061504301620031,0.0619,-0.9043621610088812,-0.9083295079683256,-2.7822350992915865,-2.788648161574551,0.04349717200804615,0.04222197792905735,0.035341271387194235,0.012201219693954176,0.03534315889023077,0.012200438521903133,0.66833770795834,0.5639359600477135,0.4888154826722118,0.012322351235383907,0.0422219779290573,0.4048,435655.0,0.0619,133384.5,0,2.0,0
1835,2023-01-21 23:33:59.999,0.403790056926708,0.4047,0.0616175359933258,0.061915,-0.9046092271003171,-0.906860197164103,-2.781992802315075,-2.786808773738636,0.04346282265899126,0.041776839249705655,0.035346983950017404,0.012198454016082487,0.03534886218160938,0.012197667124438217,0.6652059278716856,0.5271041142763753,0.5639359600477135,0.012321967350675617,0.0417768392497057,0.4047,219026.0,0.061915,146451.0,0,2.0,0
1836,2023-01-21 23:34:59.999,0.4038322740952972,0.40385,0.0616526633199976,0.06184,-0.9067117570938318,-0.9067556503555119,-2.7832048747029705,-2.7862388496561197,0.0431014687387965,0.040665152468797205,0.0353524056511701,0.012195611190300019,0.03535419900064653,0.012194769572050039,0.6352944754205466,0.435627762703085,0.5271041142763753,0.012321658645103028,0.0406651524687973,0.40385,343157.0,0.06184,256460.1,0,2.0,0
1837,2023-01-21 23:35:59.999,0.4033152797633891,0.4036,0.0615750176037019,0.061865,-0.9073309905026832,-0.9080366909784768,-2.782800687316198,-2.787499049085168,0.04285061415362257,0.03971550452958916,0.035357572411763134,0.012192730112298152,0.035359306510754536,0.012191851933561348,0.6144519867606163,0.35742053483414815,0.435627762703085,0.012321297204982772,0.0397155045295889,0.4035999999999999,173268.0,0.061865,218733.4,0,2.0,0
1838,2023-01-21 23:36:59.999,0.4028673045367092,0.40395,0.0615929054871474,0.06189,-0.9064641710564195,-0.9091480403961192,-2.782396663230867,-2.7872085857385045,0.04150181717226542,0.04025204294092688,0.03536305885394598,0.012189598329019504,0.03536447953395484,0.012188545425813263,0.5035332292656302,0.4010783583690207,0.35742053483414815,0.012320831456566341,0.0402520429409269,0.40395,126391.0,0.06189,160203.7,0,2.0,0
1839,2023-01-21 23:37:59.999,0.4027869636225227,0.4039,0.0616145373461979,0.06193,-0.9065879564127699,-0.9093474830544107,-2.7817505640321674,-2.7868574404054742,0.041015320726307425,0.03960008533010129,0.03536854515275499,0.012186169979924544,0.03536985197422538,0.012185062524291542,0.4633106100873519,0.3472411909826731,0.4010783583690207,0.012320166277544741,0.0396000853301012,0.4039,111314.0,0.06193,146423.4,0,2.0,0
1840,2023-01-21 23:38:59.999,0.4027093682969283,0.40415,0.0616688898809347,0.061955,-0.9059691828022837,-0.9095401476830615,-2.781346963913681,-2.785975691098519,0.04010184492767899,0.039888924489474786,0.035373828894827604,0.012183179980604513,0.0353749230896975,0.012181982424785154,0.38802566554062734,0.3706007464254131,0.3472411909826731,0.012319439026384391,0.0398889244894746,0.40415,71623.0,0.0619549999999999,146041.7,0,2.0,0
1841,2023-01-21 23:39:59.999,0.4030497414106909,0.40415,0.0617052105331643,0.061955,-0.9059691828022837,-0.908695296833949,-2.781346963913681,-2.7853869021524273,0.040465373426147755,0.039888924489474786,0.03537930665082052,0.012179888526402647,0.03538048370862551,0.012178724788222172,0.41752234375472147,0.37025115861107055,0.3706007464254131,0.012318823055009389,0.0398889244894746,0.40415,123774.0,0.0619549999999999,104228.4,0,2.0,0
1842,2023-01-21 23:40:59.999,0.4032889320968627,0.4037,0.0617024052181099,0.06191,-0.907083251123242,-0.9081020208295943,-2.7820735614509964,-2.785432366365277,0.04109581545059193,0.0393688340904087,0.03538478132454649,0.012176364728409472,0.0353861030172394,0.012175265586000177,0.46895999048414105,0.3271955837990591,0.37025115861107055,0.012317968876077334,0.0393688340904088,0.4037,165170.0,0.06191,48856.4,0,2.0,0
1843,2023-01-21 23:41:59.999,0.4031591056922865,0.4032,0.0616422580544632,0.061855,-0.9083225622249782,-0.9084239917430672,-2.782962342667342,-2.786407636260517,0.041571106784660916,0.038856082593942354,0.035390064928376985,0.012172917189243583,0.03539149539397668,0.012171871657642457,0.507696068813229,0.2847318856837425,0.3271955837990591,0.012316891236661538,0.0388560825939423,0.4032,134771.0,0.061855,170864.2,0,2.0,0
1844,2023-01-21 23:42:59.999,0.4027597074157712,0.40315,0.061574066498788,0.06182,-0.9084465778511059,-0.909415154383067,-2.7835283422781667,-2.787514495483667,0.04148477784891946,0.03919475952506102,0.03539521019563661,0.012169826295175372,0.035396619491552664,0.012168770542528358,0.500310063049462,0.3122106460082106,0.2847318856837425,0.012315386885219293,0.039194759525061,0.40315,134913.0,0.06182,77411.8,0,2.0,0
1845,2023-01-21 23:43:59.999,0.4024946233331855,0.40315,0.0615277845781311,0.061815,-0.9084465778511059,-0.9100735403911614,-2.7836092255232465,-2.788266424434087,0.0414410776502917,0.03926087984526716,0.03540063318910644,0.012166327440156543,0.03540203111654481,0.012165266527330644,0.49641711672978917,0.3172893936274866,0.3122106460082106,0.012313094623576732,0.0392608798452676,0.40315,90920.0,0.0618149999999999,134314.6,0,2.0,0
1846,2023-01-21 23:44:59.999,0.4023250233338671,0.4026,0.0615373996265922,0.06179,-0.909811765776446,-0.9104950012800233,-2.784013739909249,-2.788110164992511,0.04089187801526428,0.038226373765149146,0.03540589596956514,0.012162630791139786,0.035407165578925405,0.012161509617168251,0.4509894420176404,0.23189701669137736,0.3172893936274866,0.012310276383317505,0.0382263737651489,0.4025999999999999,137105.0,0.06179,228002.9,0,2.0,0
1847,2023-01-21 23:45:59.999,0.4019882169892847,0.40265,0.0615283814631308,0.06172,-0.9096875807405831,-0.9113325017646194,-2.785147251487177,-2.788256723416757,0.040174185902976944,0.03927718023436588,0.03541145541127259,0.012158909543159287,0.03541255764003716,0.012157718354721847,0.3916547598826758,0.3179335128180296,0.23189701669137736,0.012307805424538184,0.0392771802343658,0.40265,285341.0,0.06172,197013.8,0,2.0,0
1848,2023-01-21 23:46:59.999,0.4022751859089397,0.4031,0.0614528006222696,0.06175,-0.908570608859017,-0.9106188824931242,-2.7846613034740506,-2.789485868381786,0.041892604853163484,0.039996900024972804,0.03541711588224061,0.012155350425454478,0.035418614491120715,0.012154342922699074,0.5326483219386665,0.3767710499848429,0.3179335128180296,0.012305215242702654,0.0399969000249726,0.4031,199368.0,0.06175,173810.2,0,2.0,0
1849,2023-01-21 23:47:59.999,0.4028041060792964,0.4029,0.0614637516620256,0.06171,-0.9090668867848355,-0.9093049243483351,-2.7853092866491616,-2.7893076818059104,0.04306089928921142,0.04003033446398785,0.03542347250570444,0.012150580058855482,0.0354252400194243,0.012149729407289193,0.6284633191259493,0.37914749221588595,0.3767710499848429,0.012301816942889269,0.0400303344639878,0.4029,97429.0,0.06171,275430.6,0,2.0,0
1850,2023-01-21 23:48:59.999,0.4027130723455381,0.40285,0.0614013076244561,0.06168,-0.9091909947589322,-0.909530949904547,-2.7857955497270632,-2.790324147240568,0.04366581245154255,0.04030373613955496,0.03542991134406015,0.012145793487593867,0.035431817361442124,0.01214503409902291,0.677972167304402,0.40127677129313133,0.37914749221588595,0.012297997675223797,0.0403037361395552,0.40285,164626.0,0.06168,141446.5,0,2.0,0
1851,2023-01-21 23:49:59.999,0.4025337504666137,0.40285,0.0613652865258302,0.06167,-0.9091909947589322,-0.9099763335479433,-2.7859576899787357,-2.7909109697375007,0.04370014362872665,0.040436282321997585,0.03543620730300698,0.01214133677601187,0.03543811980852091,0.012140582548212613,0.6805294381382146,0.4118224468387581,0.40127677129313133,0.0122945035557638,0.0404362823219979,0.40285,85109.0,0.06167,144835.6,0,2.0,0
1852,2023-01-21 23:50:59.999,0.4023851492280463,0.40285,0.0613664220739868,0.06168,-0.9091909947589322,-0.910345566374535,-2.7857955497270632,-2.790892465177113,0.043315783720415224,0.04030373613955496,0.035442232184107816,0.012137292221236575,0.03544405434368576,0.012136478627321616,0.6486007695023366,0.4005427130559637,0.4118224468387581,0.012291106226280085,0.0403037361395552,0.40285,51125.0,0.06168,162474.7,0,2.0,0
1853,2023-01-21 23:51:59.999,0.4023392030509509,0.40335,0.0613964538783045,0.061715,-0.9079506075991537,-0.9104597574687034,-2.785228265786245,-2.7904031999218994,0.04280162876094118,0.041080380829829455,0.0354484282786598,0.012133335955847611,0.035450130014480746,0.012132447461614439,0.6059369941406847,0.46417181323124557,0.4005427130559637,0.012287192028979894,0.0410803808298294,0.40335,38840.0,0.061715,76681.8,0,2.0,0
1854,2023-01-21 23:52:59.999,0.4027392602687283,0.4035,0.0614397127075483,0.061715,-0.9075787912721335,-0.9094659232800305,-2.785228265786245,-2.789698866137567,0.04321968516886099,0.04145219715684967,0.03545460274431184,0.01212960212167652,0.035456399801109935,0.012128773612508059,0.6400717513388986,0.4944592866586835,0.46417181323124557,0.012283046545820653,0.0414521971568495,0.4034999999999999,130940.0,0.061715,534379.2,0,2.0,0
1855,2023-01-21 23:53:59.999,0.4029856044611775,0.40305,0.0614354922906034,0.06169,-0.9086946552525271,-0.9088544386134683,-2.7856334357605896,-2.7897675605002195,0.04388732600535028,0.04066755095110419,0.03546063011854146,0.012125720999720176,0.035462580291160485,0.012124995336334994,0.6948246560510704,0.42941123523152896,0.4944592866586835,0.012279286826206348,0.0406675509511043,0.40305,143096.0,0.06169,83621.2,0,2.0,0
1856,2023-01-21 23:54:59.999,0.4028144893961541,0.403,0.0613884845968977,0.06167,-0.908818717035454,-0.9092791470961302,-2.7859576899787357,-2.7905330087000273,0.04408835502892561,0.04080856004547573,0.035466140223691725,0.012122741194811918,0.03546813564484545,0.012122047855092704,0.7111190689169434,0.4406940423730534,0.42941123523152896,0.012275703252599596,0.0408085600454757,0.403,101215.0,0.06167,50348.8,0,2.0,0
1857,2023-01-21 23:55:59.999,0.4028696707348778,0.4033,0.0613553061464163,0.06171,-0.9080745771028146,-0.9091421670199649,-2.7853092866491616,-2.791073621811103,0.04466727474261156,0.04102264414600876,0.0354716501407451,0.01211985576586629,0.03547377826492974,0.012119260457334293,0.7585856009982961,0.45800825624486247,0.4406940423730534,0.01227208360108833,0.0410226441460088,0.4033,73115.0,0.06171,102473.9,0,2.0,0
1858,2023-01-21 23:56:59.999,0.4029398579632525,0.40315,0.0614040196067853,0.06171,-0.9084465778511059,-0.9089679639954223,-2.7853092866491616,-2.790279980063284,0.044192692639367315,0.0406506433977174,0.03547712210714702,0.01211685607568024,0.03547913913342155,0.012116179216058202,0.719166772838523,0.42696894790672335,0.45800825624486247,0.012268389525155013,0.0406506433977174,0.40315,101752.0,0.06171,133587.1,0,2.0,0
1859,2023-01-21 23:57:59.999,0.4026720782118672,0.40275002,0.0614338989676519,0.06169,-0.9094392072664574,-0.9096327499779105,-2.7856334357605896,-2.7897934957300645,0.043130216135732646,0.03992299893717388,0.035482239367818746,0.012114064174510874,0.035484009323099454,0.012113220962856839,0.6312282122219188,0.3665788380664938,0.42696894790672335,0.012264860723028329,0.0399229492785779,0.40275,71771.0,0.06169,249026.5,0,2.0,0
1860,2023-01-21 23:58:59.999,0.4022694576127406,0.4032,0.0614354087355923,0.06172,-0.9083225622249782,-0.9106331223398383,-2.785147251487177,-2.78976892054577,0.04210975408708317,0.04064219874997077,0.03548746374396744,0.01211142139176787,0.03548899632678233,0.012110438787751542,0.546698420786954,0.4256094176945245,0.3665788380664938,0.012261113292749065,0.0406421987499707,0.4032,65543.0,0.06172,102286.1,0,2.0,0
1861,2023-01-21 23:59:59.999,0.4025185448977923,0.40325,0.0615118571263562,0.06172,-0.9081985619768188,-0.9100141089046767,-2.785147251487177,-2.7885253239504255,0.04171215394534755,0.040766198998130165,0.035493189126708034,0.012108068849981156,0.035494628368739664,0.012107037260807628,0.5135464145910403,0.43549553085257997,0.4256094176945245,0.012257080272901542,0.04076619899813,0.40325,107285.0,0.06172,138854.3,0,2.0,0
1862,2023-01-22 00:00:59.999,0.4025348886378847,0.40305,0.0615115753504144,0.061685,-0.9086946552525271,-0.9099735060343234,-2.785714489458709,-2.7885299048003684,0.041756501562400294,0.04073381061301917,0.03549908580875353,0.01210441617554383,0.03550053394940468,0.012103389705941768,0.5168773182544432,0.4324640468692788,0.43549553085257997,0.012253395028362668,0.0407338106130192,0.40305,116678.0,0.061685,634777.3,0,2.0,0
1863,2023-01-22 00:01:59.999,0.4023823337517445,0.4028,0.0614407713673169,0.06165,-0.9093151181377298,-0.9103525633677322,-2.7862820493717835,-2.789681635414941,0.04231895933452179,0.04057731579872781,0.03550439306121122,0.012101614956247035,0.035505970142042806,0.012100658526639548,0.5630263160868655,0.41919386427824423,0.4324640468692788,0.012249967845044393,0.0405773157987283,0.4028,230415.0,0.0616499999999999,517901.8,0,2.0,0
1864,2023-01-22 00:02:59.999,0.4021583686023112,0.4029,0.0613581639055734,0.06163,-0.9090668867848355,-0.9109093161946886,-2.7866065140079854,-2.7910270456828847,0.04286205058080328,0.041090790041173886,0.035509586228714314,0.012099197235334863,0.03551128779417419,0.012098314042834306,0.6075857148858576,0.4612871171452643,0.41919386427824423,0.012246111622365847,0.0410907900411738,0.4029,499897.0,0.06163,878334.7,0,2.0,0
1865,2023-01-22 00:03:59.999,0.4022754504838404,0.4037,0.0612834559479135,0.06171,-0.907083251123242,-0.9106182247970421,-2.7853092866491616,-2.7922453591231315,0.04414908711765986,0.04201397012558139,0.035514869439799104,0.012097053057408649,0.03551686763875255,0.012096366177818067,0.7136208801893578,0.5372466050152614,0.4612871171452643,0.01224240562570725,0.0420139701255815,0.4037,297440.0,0.06171,384335.8,0,2.0,0
1866,2023-01-22 00:04:59.999,0.4029837125010385,0.4043,0.0613777904443568,0.06176,-0.9055981023354119,-0.9088591334823651,-2.7844993732656165,-2.7907072284124745,0.04465078952555601,0.04283703207198297,0.03552047467179209,0.01209483433671657,0.03552258768147823,0.012094232144936134,0.754756625694486,0.6049324196181702,0.5372466050152614,0.012238806891100604,0.0428370320719828,0.4043,206060.0,0.0617599999999999,344087.3,0,2.0,0
1867,2023-01-22 00:05:59.999,0.4035157526584318,0.40485,0.0614631561103506,0.061775,-0.9042386508500138,-0.9075397519884965,-2.7842565271074635,-2.789317371330943,0.04483399262819909,0.04399796202523776,0.035526509452700854,0.012092558559024767,0.03552866346408143,0.012091988033049682,0.7695450192875188,0.7005508826926122,0.6049324196181702,0.012235170326199989,0.0439979620252377,0.40485,183997.0,0.061775,138534.7,0,2.0,0
1868,2023-01-22 00:06:59.999,0.4038648966797517,0.40495,0.0614983047702166,0.061775,-0.9039916762871382,-0.9066748711089017,-2.7842565271074635,-2.7887456692615036,0.045231519312785906,0.04424493658811335,0.03553259343894413,0.012090331540171924,0.03553483804109035,0.012089832617106324,0.8020525658870895,0.7206041554957497,0.7005508826926122,0.012231310270364329,0.0442449365881134,0.40495,211759.0,0.061775,88240.7,0,2.0,0
1869,2023-01-22 00:07:59.999,0.4038151166625857,0.40515,0.0614994536516196,0.06178,-0.9034979100754028,-0.9067981377897819,-2.7841755914917012,-2.7887269879226277,0.04509298103755832,0.04467253966773166,0.035538858306554545,0.012088053805431567,0.035541069397212036,0.012087528633164092,0.7902286671023115,0.7555956904388567,0.7206041554957497,0.012227378471743988,0.0446725396677316,0.40515,68497.0,0.06178,80808.1,0,2.0,0
1870,2023-01-22 00:08:59.999,0.4036562419307042,0.40535,0.0614939247987558,0.061825,-0.9030043875484209,-0.907191649540362,-2.7834474655746573,-2.78881689280917,0.04477296460582192,0.04457083485513336,0.03554502258140189,0.012085868003079642,0.0355471581847401,0.012085284597035123,0.7633917386889822,0.7468071198056747,0.7555956904388567,0.01222347449914704,0.0445708348551332,0.40535,172053.0,0.061825,265172.4,0,2.0,0
1871,2023-01-22 00:09:59.999,0.4035092231495617,0.40525,0.0615390285048676,0.06185,-0.9032511183663515,-0.9075559336658076,-2.78304318014364,-2.7880836956140893,0.04380930747963607,0.04399360935777652,0.0355509217603047,0.012083770632159064,0.0355528329812534,0.012083025287974784,0.6833118611942034,0.6986798950819977,0.7468071198056747,0.012219920578161644,0.0439936093577766,0.40525,56955.0,0.06185,33348.2,0,2.0,0
1872,2023-01-22 00:10:59.999,0.4034161227363904,0.40525,0.0615755496002355,0.061865,-0.9032511183663515,-0.9077866871402376,-2.782800687316198,-2.787490409311179,0.04309355516170377,0.043795376665920815,0.03555696419511122,0.012081365061230748,0.0355587083726087,0.012080510948558915,0.6237192136309349,0.681910730207695,0.6986798950819977,0.012216912965031407,0.0437953766659209,0.40525,46919.0,0.061865,55714.5,0,2.0,0
1873,2023-01-22 00:11:59.999,0.4035772488509175,0.4053,0.0616032360865017,0.061855,-0.9031277453478742,-0.9073873626294271,-2.782962342667342,-2.7870408759507375,0.04312539578006569,0.044050899471046345,0.03556346783249244,0.01207837315464675,0.03556521787367447,0.012077523187282243,0.6259708873382388,0.7026965908309144,0.681910730207695,0.012214242721742213,0.0440508994710464,0.4053,82100.0,0.061855,53651.5,0,2.0,0
1874,2023-01-22 00:12:59.999,0.4038060961560656,0.4056,0.0615879890747375,0.06188,-0.9023878267051636,-0.9068204762483991,-2.782558253277272,-2.787288410007195,0.04389463594967857,0.044460483693605446,0.03556990934915051,0.012075695705436122,0.03557183592323071,0.012074962272471306,0.6892609549118275,0.7362370302567877,0.7026965908309144,0.012211734899956441,0.0444604836936048,0.4055999999999999,195721.0,0.06188,197998.7,0,2.0,0
1875,2023-01-22 00:13:59.999,0.4040338252578598,0.4057,0.0616063756216005,0.0619,-0.9021413087697355,-0.9062566786400117,-2.7822350992915865,-2.786989913447797,0.04421441901502421,0.04444283016820305,0.035576391697522004,0.01207294038113843,0.03557839077813239,0.012072258346400116,0.7153614501189858,0.7344058854571248,0.7362370302567877,0.0122090916461549,0.0444428301682031,0.4057,119972.0,0.0619,121825.4,0,2.0,0
1876,2023-01-22 00:14:59.999,0.4040055456953603,0.40575,0.0616261337150823,0.06192,-0.9020180725874365,-0.9063266741464874,-2.7819120497006655,-2.7866692497891985,0.04388228783676473,0.04430198023015475,0.03558292670588041,0.012070020669586201,0.03558484740968297,0.012069284163619158,0.687484055773002,0.7223727086271223,0.7344058854571248,0.012206265769082039,0.0443019802301547,0.40575,42390.0,0.06192,142134.5,0,2.0,0
1877,2023-01-22 00:15:59.999,0.403859071039957,0.40575,0.0616479460174014,0.06194,-0.9020180725874365,-0.9066892959372529,-2.78158910443708,-2.7863153667572735,0.04323037424813203,0.044037979395169735,0.035589294675112085,0.012067222587867334,0.03559106303418939,0.012066385954096141,0.6331068178164274,0.7001349862023888,0.7223727086271223,0.012203613785545757,0.0440379793951699,0.40575,127843.0,0.0619399999999999,131466.0,0,2.0,0
1878,2023-01-22 00:16:59.999,0.403739967406828,0.4059,0.0616797520323809,0.06194,-0.9016484551372851,-0.9069842532819807,-2.78158910443708,-2.785799569962432,0.04251376407280061,0.04440759684532114,0.035595682158925786,0.012064585277920988,0.035597283196165744,0.012063648128290382,0.5733324449687048,0.7303951593364555,0.7001349862023888,0.012201071090685156,0.0444075968453212,0.4059,180486.0,0.0619399999999999,367417.7,0,2.0,0
1879,2023-01-22 00:17:59.999,0.403837850136129,0.4055,0.0616931163897455,0.06187,-0.9026344054266694,-0.9067418426370769,-2.7827198694392394,-2.7855829201011164,0.0425790680970598,0.044346022722435596,0.03560208221961651,0.012061891718665957,0.03560369688887767,0.012060962833929007,0.578342815928388,0.7249228153232139,0.7303951593364555,0.012198359973804446,0.0443460227224354,0.4054999999999999,163180.0,0.06187,172465.2,0,2.0,0
1880,2023-01-22 00:18:59.999,0.4038252354045428,0.4052,0.0616122386945088,0.06183,-0.9033745066076088,-0.9067730802454635,-2.7833665954116595,-2.786894748071279,0.043620221752861066,0.044134606170061264,0.03560840601951831,0.01205920184205247,0.03561026017729044,0.012058422183132987,0.6642628242669061,0.7070285631019669,0.7249228153232139,0.012195493960147083,0.0441346061700618,0.4052,135866.0,0.0618299999999999,225717.0,0,2.0,0
1881,2023-01-22 00:19:59.999,0.4038559560448996,0.40555,0.0615472408958014,0.06184,-0.9025111084657833,-0.9066970090413873,-2.7832048747029705,-2.7879502543945938,0.04455914676563988,0.04486580109684568,0.035614814518023306,0.012056763353329648,0.03561688448614356,0.012056135828378183,0.7417187734769619,0.7672860707071589,0.7070285631019669,0.01219258134318352,0.0448658010968454,0.4055499999999999,84144.0,0.06184,36126.1,0,2.0,0
1882,2023-01-22 00:20:59.999,0.4040218994194112,0.40545,0.0615393022808615,0.061825,-0.9027577175915708,-0.9062861960064142,-2.7834474655746573,-2.788079246805072,0.04507540833295842,0.044817504811983544,0.03562130619314494,0.012054166474434925,0.035623494136246034,0.012053629432272813,0.7841550339523048,0.7629062232002815,0.7672860707071589,0.012189372052750284,0.0448175048119834,0.40545,102587.0,0.061825,154309.8,0,2.0,0
1883,2023-01-22 00:21:59.999,0.4038892225946784,0.4057,0.0615210997327996,0.06186,-0.9021413087697355,-0.9066146401194121,-2.7828815117252135,-2.788375077923723,0.044988799822289205,0.04497125848552075,0.035627928412778016,0.012051442736439625,0.035630094779686025,0.012050889363870191,0.7765987023880198,0.7752872645273876,0.7629062232002815,0.012185933249671974,0.0449712584855208,0.4057,61719.0,0.06186,74034.7,0,2.0,0
1884,2023-01-22 00:22:59.999,0.4038962413175159,0.40605,0.0615804202351659,0.06192,-0.9012789742537172,-0.9065972624290445,-2.7819120497006655,-2.7874113122939668,0.044218319755708335,0.04504107856387407,0.03563434578423944,0.012049072044491353,0.03563633235539692,0.01204838524974389,0.7122935748169109,0.7807018453288476,0.7752872645273876,0.01218275244966175,0.0450410785638739,0.40605,51452.0,0.06192,120465.0,0,2.0,0
1885,2023-01-22 00:23:59.999,0.4040081365325955,0.40585,0.0616680169977334,0.061935,-0.9017716457749524,-0.9063202612916257,-2.7816698309759738,-2.785989845551122,0.04333330228090704,0.044350398423909865,0.0356404286234214,0.012046837460386402,0.035642208969095424,0.01204601176020584,0.638476324356518,0.7230088252729769,0.7807018453288476,0.012179539197362917,0.0443503984239099,0.40585,39561.0,0.061935,129480.7,0,2.0,0
1886,2023-01-22 00:24:59.999,0.4039691541665657,0.406,0.0616864244333491,0.061945,-0.9014021193804044,-0.9064167550087356,-2.781508384414435,-2.785691397671357,0.042992833815312714,0.044587945712839416,0.03564645584341087,0.012044798856445913,0.035648156000312486,0.012043923434182471,0.6098243529309498,0.7423527761647432,0.7230088252729769,0.012176130386555675,0.0445879457128395,0.406,88833.0,0.061945,23033.1,0,2.0,0
1887,2023-01-22 00:25:59.999,0.4041305598319313,0.40585,0.061683552896504,0.06196,-0.9017716457749524,-0.9060172853276655,-2.7812662634334693,-2.785737949302601,0.0434303584577157,0.044020490602964535,0.03565244467584573,0.012042528945196447,0.03565424470217804,0.012041716586538792,0.6457645552155273,0.6948744707362043,0.7423527761647432,0.012172720139731887,0.0440204906029646,0.40585,152867.0,0.06196,160974.0,0,2.0,0
1888,2023-01-22 00:26:59.999,0.4040894109469034,0.4059,0.0616830888995274,0.061965,-0.9016484551372851,-0.9061191112823589,-2.7811855694652996,-2.785745471546375,0.04333468177616939,0.044077715650244875,0.03565874520191877,0.012039814846655873,0.03566052162787903,0.012038987789292308,0.6374423068288101,0.6992607905979983,0.6948744707362043,0.012169545821306882,0.0440777156502449,0.4059,68143.0,0.061965,109096.5,0,2.0,0
1889,2023-01-22 00:27:59.999,0.4041772597978947,0.40615,0.0616767613852008,0.061985,-0.9010327294851742,-0.9059017353728556,-2.7808628586920268,-2.785848057830609,0.04363591977547365,0.04442963215817797,0.035665582262608415,0.012036406807933398,0.03566742682116265,0.012035624581169694,0.6620755657980635,0.7281284219965894,0.6992607905979983,0.012166142531130072,0.0444296321581778,0.40615,40008.0,0.061985,275531.1,0,2.0,0
1890,2023-01-22 00:28:59.999,0.4042108558183045,0.4062,0.0617001416773032,0.061979998,-0.9009096298358528,-0.905818616831699,-2.780943558891009,-2.785469051844854,0.04340920904218104,0.044618702491442175,0.035672408030067965,0.012033120633077382,0.03567419854175788,0.012032303684791247,0.642853663193372,0.7434725150832516,0.7281284219965894,0.012162448844708849,0.0446186761126559,0.4062,130105.0,0.06198,62375.0,0,2.0,0
1891,2023-01-22 00:29:59.999,0.4041266361362341,0.4057,0.0617234237478233,0.061965,-0.9021413087697355,-0.9060269943552294,-2.7811855694652996,-2.785091780766741,0.04289242049403319,0.043584862017794435,0.0356789204102281,0.012029787680749814,0.03568058981547776,0.012028896035741622,0.5995421904991796,0.6571971025072624,0.7434725150832516,0.012158666170333447,0.0435848620177945,0.4057,643564.0,0.061965,139707.8,0,2.0,0
1892,2023-01-22 00:30:59.999,0.4038599995480991,0.4057,0.0617428120659367,0.06197,-0.9021413087697355,-0.9066869968504147,-2.781104882008121,-2.784777714039996,0.04197567517753786,0.04351890175000317,0.03568543660508232,0.012026408118770038,0.035686892341849845,0.012025397065932256,0.522958435485181,0.6513553396458321,0.6571971025072624,0.012155186780704767,0.0435189017500032,0.4057,225069.0,0.06197,68598.9,0,2.0,0
1893,2023-01-22 00:31:59.999,0.4038191701497436,0.40555,0.0617912130838971,0.06195,-0.9025111084657833,-0.9067880998624077,-2.781427670906986,-2.7839941077359294,0.0412339907980509,0.043412975064131,0.03569199627248998,0.012022892458666013,0.0356932788447014,0.012021796726969944,0.4608888404276005,0.6421897907001402,0.6513553396458321,0.012150882786141664,0.0434129750641307,0.4055499999999999,97503.0,0.06195,164032.2,0,2.0,0
1894,2023-01-22 00:32:59.999,0.4037407311796546,0.40525,0.0617596732894051,0.061955,-0.9032511183663515,-0.9069823615393597,-2.781346963913681,-2.7845046632827644,0.04145709734373271,0.04260698892540693,0.035698232647515975,0.012019489926859516,0.03569956540953778,0.012018418263751947,0.47905904153459894,0.5747961286154256,0.6421897907001402,0.012146207926089482,0.042606988925407,0.40525,70601.0,0.0619549999999999,31890.1,0,2.0,0
1895,2023-01-22 00:33:59.999,0.403598539642455,0.40515,0.0617307272557904,0.061965,-0.9034979100754028,-0.9073346088381317,-2.7811855694652996,-2.7849734614082386,0.04148808247014235,0.04222826071212715,0.03570393164708515,0.012016747785587773,0.035705270261022444,0.012015679322857513,0.4812721822659849,0.5429363403022341,0.5747961286154256,0.012141695435915187,0.0422282607121271,0.40515,108027.0,0.061965,152723.2,0,2.0,0
1896,2023-01-22 00:34:59.999,0.4035308234438133,0.40545,0.0616976501379821,0.06201,-0.9027577175915708,-0.9075024039943917,-2.7804596166203503,-2.7855094340799784,0.0417584334916512,0.042375002296265785,0.03570927058896148,0.01201458668358908,0.03571067053409054,0.012013548727461111,0.5034118639512746,0.5548032473234504,0.5429363403022341,0.012137504607544366,0.0423750022962656,0.40545,47927.0,0.06201,295665.8,0,2.0,0
1897,2023-01-22 00:35:59.999,0.4037142637056259,0.40545,0.0617103411664006,0.06203,-0.9027577175915708,-0.9070479193084139,-2.7801371399971107,-2.7853037581212483,0.04204478248726973,0.04211138456472441,0.035714631867961505,0.012012274570726476,0.035716096841490616,0.012011270452756082,0.5268956078103249,0.5325180222196704,0.5548032473234504,0.012133455253041233,0.0421113845647243,0.40545,50212.0,0.06203,265468.6,0,2.0,0
1898,2023-01-22 00:36:59.999,0.4038499706617687,0.40545,0.0617259939532985,0.06203,-0.9027577175915708,-0.9067118297401915,-2.7801371399971107,-2.785050140951448,0.04217354545205931,0.04211138456472441,0.035719998018938624,0.012009952812511705,0.03572149154993449,0.012008964234214648,0.5372698074778446,0.5321741596792435,0.5325180222196704,0.012129692074784653,0.0421113845647243,0.40545,86806.0,0.06203,120513.7,0,2.0,0
1899,2023-01-22 00:37:59.999,0.4040120801962097,0.4054,0.0617482853636069,0.06203,-0.9028810449642375,-0.9063104999922605,-2.7801371399971107,-2.7846890712505528,0.042279708454190046,0.04198805719205767,0.03572534048106184,0.012007606370115954,0.035726857344744574,0.012006630778083586,0.5457693528318351,0.5215624594908632,0.5321741596792435,0.01212593990537826,0.0419880571920576,0.4054,99984.0,0.06203,443216.9,0,2.0,0
1900,2023-01-22 00:38:59.999,0.4040707060006217,0.40545,0.0617701043325493,0.06203,-0.9027577175915708,-0.9061654014812757,-2.7801371399971107,-2.784335780226876,0.042135999121369005,0.04211138456472441,0.03573086341183496,0.01200505508749455,0.0357323457390068,0.012004061240300425,0.5334572403599253,0.5314862036356606,0.5215624594908632,0.012122784725403277,0.0421113845647243,0.40545,179564.0,0.06203,291023.9,0,2.0,0
1901,2023-01-22 00:39:59.999,0.4040024806200956,0.4059,0.061774267860976,0.06204,-0.9016484551372851,-0.9063342608910862,-2.779975940673799,-2.7842683788818476,0.04191204055584097,0.04308887002534634,0.03573668292105951,0.012002526803607598,0.0357381120711717,0.01200150546751569,0.5144295023137015,0.6125532752050993,0.5314862036356606,0.012119957306773895,0.0430888700253464,0.4059,149672.0,0.06204,286114.7,0,2.0,0
1902,2023-01-22 00:40:59.999,0.4039544777475457,0.406,0.0617827095837489,0.062045,-0.9014021193804044,-0.9064530862124333,-2.779895350755554,-2.784131733862511,0.04168151085833782,0.043269325250424706,0.03574262565075652,0.011999899082626097,0.035744000074549066,0.011998850511226093,0.4948399663979176,0.6272302415080828,0.6125532752050993,0.012116949526377225,0.0432693252504248,0.406,188546.0,0.062045,233714.5,0,2.0,0
1903,2023-01-22 00:41:59.999,0.4037760644088464,0.40565,0.061783296246593,0.06204,-0.902264560141063,-0.9068948507175232,-2.779975940673799,-2.784122238324638,0.041231983954445495,0.04247276502156838,0.03574854724446932,0.011996906570213746,0.03574981626476786,0.011995808259428602,0.4570069453526569,0.5604959693354734,0.6272302415080828,0.01211396052615718,0.0424727650215683,0.40565,103677.0,0.06204,225676.8,0,2.0,0
1904,2023-01-22 00:42:59.999,0.4035760457839162,0.4055,0.0617858526743802,0.06204,-0.9026344054266694,-0.9073903436418551,-2.779975940673799,-2.7840808618514665,0.0407026666496455,0.04210291973596203,0.03575430955829138,0.011993978631852358,0.03575545474623199,0.011992826886334405,0.41251424291388405,0.5293164489063429,0.5604959693354734,0.012111134331527867,0.0421029197359619,0.4054999999999999,11488.0,0.06204,217732.8,0,2.0,0
1905,2023-01-22 00:43:59.999,0.4036628912470766,0.40545,0.0617930588496481,0.062034998,-0.9027577175915708,-0.9071751769557315,-2.7800565693271673,-2.783964237175182,0.04082249516119063,0.0420455197679962,0.03576005702255826,0.011991042617063278,0.03576122861203723,0.011989902288382115,0.42212742251099294,0.5241798354126198,0.5293164489063429,0.012107887642543606,0.0420454934125973,0.40545,81979.0,0.062035,177898.1,0,2.0,0
1906,2023-01-22 00:44:59.999,0.4038447190995887,0.40545,0.0617816695905253,0.062045,-0.9027577175915708,-0.9067248335700956,-2.779895350755554,-2.784148567083065,0.041423524297883874,0.04191372703925833,0.03576601268417872,0.011987707701472856,0.03576732199026845,0.01198662939515451,0.47187596455613245,0.5128348561855807,0.5241798354126198,0.012104301594658234,0.0419137270392582,0.40545,265079.0,0.062045,986837.2,0,2.0,0
1907,2023-01-22 00:45:59.999,0.4039475039525216,0.40565,0.0617838126876724,0.06204,-0.902264560141063,-0.9064703501755929,-2.779975940673799,-2.784113879448496,0.041649651294190404,0.04247276502156838,0.035772022439587416,0.011984560299383022,0.035773382686950204,0.011983506950406831,0.49036301573144286,0.5591145953286185,0.5128348561855807,0.012101341321465103,0.0424727650215683,0.40565,75875.0,0.06204,67244.0,0,2.0,0
1908,2023-01-22 00:46:59.999,0.4039610172403743,0.40545,0.0617709843268154,0.06205,-0.9027577175915708,-0.9064368976559091,-2.779814767331521,-2.7843215340473146,0.04185285700012009,0.0418478518163351,0.03577807319406241,0.011981027227292468,0.03577947906858359,0.011979997141315953,0.506959881533775,0.506615877513899,0.5591145953286185,0.012098900163785616,0.0418478518163349,0.40545,27003.0,0.0620499999999999,240926.7,0,2.0,0
1909,2023-01-22 00:47:59.999,0.4037036707256394,0.40555,0.0617830482482089,0.062065,-0.9025111084657833,-0.9070741584580175,-2.7795730560142258,-2.7841262523364647,0.04105595758263325,0.04189686711807039,0.03578424560670047,0.011977308732614043,0.035785465627986256,0.011976191167642395,0.4400808137471082,0.510350166955732,0.506615877513899,0.012096853144072127,0.0418968671180701,0.4055499999999999,38477.0,0.0620649999999999,230267.6,0,2.0,0
1910,2023-01-22 00:48:59.999,0.4036258857048332,0.4055,0.0618081285292344,0.062085,-0.9026344054266694,-0.9072668555305509,-2.7792508651133314,-2.783720393568489,0.04053147966141368,0.04151018599753942,0.03579052722791483,0.011973193372267113,0.0357916244166289,0.011972025022996463,0.39591090360070524,0.47770536997028196,0.510350166955732,0.012094765653156618,0.0415101859975393,0.4054999999999999,78943.0,0.062085,460216.7,0,2.0,0
1911,2023-01-22 00:49:59.999,0.4036378015593233,0.40565,0.0618346914672658,0.062095,-0.902264560141063,-0.9072373339388358,-2.779089808582141,-2.7832907214137967,0.040209753470921816,0.04174837101898232,0.03579687995275069,0.011969071539996661,0.03579790121484701,0.011967874712396012,0.36864124684603583,0.49723915897266785,0.47770536997028196,0.012092549061021295,0.0417483710189823,0.40565,41255.0,0.062095,1077763.4,0,2.0,0
1912,2023-01-22 00:50:59.999,0.4038624456179357,0.40575,0.0618445589585265,0.06208,-0.9020180725874365,-0.9066809401415754,-2.779331403107174,-2.7831311555812475,0.04063570561822427,0.04219235692148793,0.03580346608339237,0.011964760085409271,0.035804584398489527,0.011963601315771321,0.4038183062290781,0.533975674605181,0.49723915897266785,0.012090371471092164,0.0421923569214879,0.40575,36924.0,0.0620799999999999,761759.9,0,2.0,0
1913,2023-01-22 00:51:59.999,0.4040537931748938,0.40575,0.0618099738505439,0.062065,-0.9020180725874365,-0.9062072584618464,-2.7795730560142258,-2.7836905383729453,0.04156667074730658,0.042389902996417206,0.035810199693948386,0.011960278601859602,0.03581153190201443,0.011959215104497505,0.48123048168335164,0.5501296016169555,0.533975674605181,0.012088104629149651,0.0423899029964172,0.40575,8588.0,0.0620649999999999,98011.6,0,2.0,0
1914,2023-01-22 00:52:59.999,0.4040759026510299,0.4055,0.0617788847197822,0.062045,-0.9026344054266694,-0.906152540818736,-2.779895350755554,-2.7841936441023307,0.042032666546872766,0.04203703920415969,0.0358168021970535,0.01195584058656366,0.035818240721550106,0.011954830945606752,0.5198254875872069,0.5202676434224692,0.5501296016169555,0.012085845606067364,0.0420370392041595,0.4054999999999999,110144.0,0.062045,36344.0,0,2.0,0
1915,2023-01-22 00:53:59.999,0.4038864670221277,0.40565,0.0617603355073124,0.061995,-0.902264560141063,-0.9066214627375873,-2.780701542350332,-2.7844939408433187,0.04180923078095011,0.04306592884860372,0.03582371994921973,0.011951386393413864,0.03582510516348303,0.011950350198547597,0.5007489753893885,0.6059722831298473,0.5202676434224692,0.012083590115239868,0.0430659288486037,0.40565,133658.0,0.061995,546445.0,0,2.0,0
1916,2023-01-22 00:54:59.999,0.4038522619802484,0.40565,0.0617250086263854,0.061975,-0.902264560141063,-0.9067061560689124,-2.781024201060883,-2.785066103995774,0.042192268570121594,0.04332969543262166,0.035830729306995025,0.01194690610125775,0.03583220154473238,0.011945915517420216,0.532405156901922,0.6276910575899779,0.6059722831298473,0.012081139533412881,0.0433296954326216,0.40565,82093.0,0.061975,18721.8,0,2.0,0
1917,2023-01-22 00:55:59.999,0.4038216212115596,0.4057,0.0617201726578958,0.062,-0.9021413087697355,-0.9067820301793451,-2.7806208939370456,-2.7851444540527264,0.04218044395286602,0.043123251869685464,0.03583767919911201,0.011942412706799285,0.035839147091903896,0.011941420479670221,0.5310337134311552,0.6100586916097358,0.6276910575899779,0.01207827012760141,0.0431232518696855,0.4057,39165.0,0.062,422974.7,0,2.0,0
1918,2023-01-22 00:56:59.999,0.4038841507437518,0.40565,0.0617484724734989,0.062025,-0.902264560141063,-0.906627197728004,-2.7802177494042724,-2.7846860410512946,0.0419605335954647,0.04267043847880636,0.03584449661632198,0.011937904209588936,0.035845912037978815,0.011936885275080916,0.5122459851608514,0.5717872871690113,0.6100586916097358,0.012075602501174041,0.0426704384788063,0.40565,33370.0,0.062025,96603.1,0,2.0,0
1919,2023-01-22 00:57:59.999,0.4039711110224351,0.40545,0.0617639408171542,0.06202,-0.9027577175915708,-0.906411910947971,-2.780298365309834,-2.784435566733385,0.0419710629861606,0.04224318280417594,0.03585130244401833,0.011933168396274894,0.03585271872741156,0.011932150595397671,0.5127612335959736,0.5356398357835059,0.5717872871690113,0.012072934327917914,0.0422431828041758,0.40545,154042.0,0.06202,88314.6,0,2.0,0
1920,2023-01-22 00:58:59.999,0.4039655699254582,0.4054,0.0617361134429172,0.06201,-0.9028810449642375,-0.9064256276094562,-2.7804596166203503,-2.784886212279651,0.042325739405211005,0.04225167492359905,0.03585811763646371,0.011928413586210674,0.035859614424653644,0.011927438950102065,0.5421218257840699,0.5359939308716066,0.5356398357835059,0.012070027709314398,0.042251674923599,0.4054,102258.0,0.0620099999999999,61024.1,0,2.0,0
1921,2023-01-22 00:59:59.999,0.4040180955312162,0.40545,0.0617128273724231,0.06201,-0.9027577175915708,-0.9062956111052183,-2.7804596166203503,-2.7852634706119863,0.04276415651466592,0.042375002296265785,0.035864961376912,0.011923668423653855,0.03586655804322484,0.011922750472900326,0.5785240987068289,0.5459763462089684,0.5359939308716066,0.012067110506476896,0.0423750022962656,0.40545,43116.0,0.0620099999999999,38501.0,0,2.0,0
1922,2023-01-22 01:00:59.999,0.4039755239320996,0.40485,0.0617150660245031,0.061975,-0.9042386508500138,-0.9064009871827775,-2.781024201060883,-2.7852271959577144,0.042629126684299634,0.04135560472367095,0.03587129266339515,0.011919319873617154,0.03587285661480013,0.01191838385526184,0.5668780391325191,0.4601195469562873,0.5459763462089684,0.012064332584741821,0.0413556047236709,0.40485,257665.0,0.061975,205912.1,0,2.0,0
1923,2023-01-22 01:01:59.999,0.4036009357924991,0.40445,0.0617064260807995,0.061979998,-0.9052271595181755,-0.9073286718916469,-2.780943558891009,-2.785367203075929,0.04181589479539749,0.04030117280911949,0.035877254742368164,0.011915091799607517,0.0358786291094251,0.011914055434274753,0.498341284269323,0.3712869477763528,0.4601195469562873,0.01206163415751935,0.0403011464303331,0.40445,184235.0,0.06198,19525.1,0,2.0,0
1924,2023-01-22 01:02:59.999,0.4033124393271911,0.40445,0.061766704354703,0.06199,-0.9052271595181755,-0.9080437337223122,-2.780782197268309,-2.784390824191234,0.04030266414206696,0.04016926313918223,0.03588309320235747,0.011911013283808171,0.03588411601442405,0.011909824666886068,0.37100026668975083,0.35984931211951393,0.3712869477763528,0.012059057345831993,0.0401692631391821,0.40445,232519.0,0.06199,110057.9,0,2.0,0
1925,2023-01-22 01:03:59.999,0.4032631335480547,0.40465,0.0618203968937402,0.062,-0.9047327830404261,-0.9081659932621642,-2.7806208939370456,-2.783521922147689,0.0394700957948666,0.040531777598994845,0.035888792111003646,0.011907345916145442,0.035889620924631015,0.011906092613996716,0.30072627404446733,0.3899261448091189,0.35984931211951393,0.012056707417066884,0.0405317775989948,0.40465,110254.0,0.062,65665.6,0,2.0,0
1926,2023-01-22 01:04:59.999,0.4033486910805663,0.40465,0.0618228475444389,0.061985,-0.9047327830404261,-0.9079538527251174,-2.7808628586920268,-2.7834822814748783,0.03964983093105601,0.04072957860292603,0.03589444015860931,0.011903853449325914,0.035895309260847795,0.011902613001844487,0.3154367591071299,0.406182625222971,0.3899261448091189,0.012054256031299155,0.040729578602926,0.40465,44975.0,0.061985,62962.9,0,2.0,0
1927,2023-01-22 01:05:59.999,0.4033358966377268,0.40455002,0.0617706963286919,0.061965,-0.9049798912906428,-0.9079855737795057,-2.7811855694652996,-2.784326196411012,0.04030799225897086,0.04074627949688714,0.03590015600636521,0.011900252942760842,0.03590117610269768,0.011899064735478295,0.3703497925457791,0.40722861218424117,0.406182625222971,0.012051574380970848,0.0407462300592413,0.4045499999999999,134825.0,0.061965,29107.2,0,2.0,0
1928,2023-01-22 01:06:59.999,0.4032563494482424,0.40465,0.061705537642144,0.061965,-0.9047327830404261,-0.9081828164138809,-2.7811855694652996,-2.7853816010099495,0.04097352027579915,0.040993387747103815,0.03590590015514101,0.011896720565311054,0.03590707294387525,0.011895593622668434,0.425909584055494,0.4276378153150131,0.40722861218424117,0.012049011278275465,0.0409933877471035,0.4046499999999999,156453.0,0.061965,77129.1,0,2.0,0
1929,2023-01-22 01:07:59.999,0.4033556498996528,0.4048,0.0616671467811813,0.061979998,-0.9043621610088812,-0.9079366002604086,-2.780943558891009,-2.786003956961452,0.0417284990877802,0.04116617131841371,0.035911578570092244,0.011893375125576963,0.03591292476785148,0.01189232797916345,0.4890189986450246,0.44180837591016137,0.4276378153150131,0.012046605132590352,0.0411661449396274,0.4048,87846.0,0.06198,631725.2,0,2.0,0
1930,2023-01-22 01:08:59.999,0.4035798746320075,0.40485,0.0616792747021578,0.06197,-0.9042386508500138,-0.9073808563842026,-2.781104882008121,-2.7858073088403352,0.0421234873374855,0.04142155966972494,0.03591748574598878,0.01188977243756568,0.035918921987967825,0.011888771327475095,0.5218844890370503,0.4629250856262031,0.44180837591016137,0.012044445515688312,0.0414215596697249,0.40485,80497.0,0.06197,124699.3,0,2.0,0
1931,2023-01-22 01:09:59.999,0.4037817552652011,0.40435,0.0616893866362701,0.06193,-0.9054744394403059,-0.9068807567264401,-2.7817505640321674,-2.785643378486788,0.04248957744286952,0.040713602302565266,0.03592356258609057,0.011885512746956624,0.035925082145187255,0.011884557023180899,0.5523550675787223,0.4030149829001884,0.4629250856262031,0.012042268298449711,0.0407136023025653,0.40435,269741.0,0.06193,331831.8,0,2.0,0
1932,2023-01-22 01:10:59.999,0.4036394389285201,0.4041,0.0616643916880219,0.061885,-0.906092906897709,-0.907233277416207,-2.7824774549901514,-2.7860486347980227,0.042468345106308925,0.040689352632165665,0.03592964684417197,0.011881222589642176,0.035931160081446235,0.011880264027974676,0.5502558705319561,0.4006074082092457,0.4030149829001884,0.012039669988603929,0.0406893526321656,0.4041,229523.0,0.0618849999999999,114747.0,0,2.0,0
1933,2023-01-22 01:11:59.999,0.4034127082225776,0.4035,0.0616209870819502,0.06183,-0.9075787912721335,-0.9077951511754376,-2.7833665954116595,-2.78675276708521,0.042482084408231646,0.03993032150553655,0.035935675934328185,0.011876641909297865,0.03593719095596066,0.011875685021093199,0.5511171305609878,0.3363447009445554,0.4006074082092457,0.012036465383200348,0.0399303215055368,0.4034999999999999,227441.0,0.0618299999999999,116067.3,0,2.0,0
1934,2023-01-22 01:12:59.999,0.4027683085960336,0.40375,0.0615482284449223,0.061885,-0.9069594044452708,-0.9093937989985448,-2.7824774549901514,-2.7879342091392125,0.04184924015592273,0.039822855084603925,0.03594172519086265,0.011871964100180689,0.03594309235470553,0.011870930376374435,0.4975303210413593,0.32691556856057225,0.3363447009445554,0.012033133908885859,0.039822855084604,0.40375,300908.0,0.0618849999999999,700780.8,0,2.0,0
1935,2023-01-22 01:13:59.999,0.4026262817941496,0.40425,0.0616039249709019,0.061915,-0.9057217805249208,-0.9097464877427971,-2.781992802315075,-2.787029693412413,0.0407571291811627,0.04066428582510195,0.03594798665987782,0.011867319108757785,0.0359490996296814,0.011866171297983574,0.4051879440083869,0.3974190903608231,0.32691556856057225,0.012029747948004028,0.0406642858251018,0.40425,170420.0,0.061915,540595.1,0,2.0,0
1936,2023-01-22 01:14:59.999,0.4028813020465501,0.40455002,0.061647355799025,0.061935,-0.9049798912906428,-0.9091132962843008,-2.7816698309759738,-2.7863249408183726,0.0408142004909412,0.04114215290821943,0.03595432967629474,0.011862769704763184,0.03595545438604125,0.011861627290725422,0.4096188478876746,0.43731972895348836,0.3974190903608231,0.012026271808384597,0.0411421034705736,0.4045499999999999,39232.0,0.061935,81697.2,0,2.0,0
1937,2023-01-22 01:15:59.999,0.4032341451245005,0.40455002,0.0616787333723517,0.06193,-0.9049798912906428,-0.9082378804819559,-2.7817505640321674,-2.785816085405628,0.04127363789385152,0.041208150452228365,0.03596073445717563,0.011858134376584627,0.03596196401131511,0.011857037554420913,0.44797647457529977,0.44251615206979045,0.43731972895348836,0.012022696811710521,0.0412081010145826,0.4045499999999999,65807.0,0.06193,150161.5,0,2.0,0
1938,2023-01-22 01:16:59.999,0.4034596627794832,0.4047,0.061670431204225,0.061935,-0.9046092271003171,-0.9076787645977183,-2.7816698309759738,-2.785950697880187,0.04194279659242983,0.04151281709854515,0.03596701521912137,0.011853887076855436,0.035968398181716446,0.01185286388140657,0.5040468253487114,0.4678466939550899,0.44251615206979045,0.012019262879556446,0.0415128170985452,0.4047,83256.0,0.061935,87139.0,0,2.0,0
1939,2023-01-22 01:17:59.999,0.4036432178568188,0.405,0.0616663147866025,0.06193,-0.9038682118755978,-0.9072239153216124,-2.7817505640321674,-2.7860174487514047,0.04245221327584758,0.04231982986727334,0.03597325659341514,0.011850131473147459,0.03597475600482046,0.011849170008796202,0.546659155554237,0.5355698616711226,0.4678466939550899,0.012016364058081121,0.0423198298672733,0.405,56898.0,0.06193,47346.5,0,2.0,0
1940,2023-01-22 01:18:59.999,0.4037063564104804,0.40465,0.061658000618554,0.06192,-0.9047327830404261,-0.9070675058657762,-2.7819120497006655,-2.7861522829571945,0.04271884680655602,0.04158726977716509,0.035979434209702836,0.011846099623620928,0.035980993897876144,0.011845172389878991,0.5688269184192692,0.4733908835512682,0.5355698616711226,0.012014081376310212,0.041587269777165,0.40465,85723.0,0.06192,92746.8,0,2.0,0
1941,2023-01-22 01:19:59.999,0.4033482068585783,0.4044,0.0616450335919338,0.06187,-0.9053507918358208,-0.9079550532305098,-2.7827198694392394,-2.7863626107362474,0.04200323789564586,0.0416296363132842,0.03598560714917952,0.011842093586587693,0.03598699979688756,0.011841077006714258,0.5080820009317486,0.4766073771361753,0.4733908835512682,0.01201184002143234,0.0416296363132846,0.4044,76632.0,0.0618699999999999,164373.9,0,2.0,0
1942,2023-01-22 01:20:59.999,0.4030696144801191,0.4047,0.0615985854501378,0.061855,-0.9046092271003171,-0.9086459913079447,-2.782962342667342,-2.7871163721781165,0.041928483650182424,0.04256941771860345,0.035992015079090646,0.011838164160091183,0.03599338894360605,0.011837138670170465,0.5013960613245824,0.555610021162449,0.4766073771361753,0.012009540788850007,0.0425694177186035,0.4047,85560.0,0.061855,112447.1,0,2.0,0
1943,2023-01-22 01:21:59.999,0.4032761576219401,0.40465,0.0615947063643021,0.06186,-0.9047327830404261,-0.9081336970702015,-2.7828815117252135,-2.7871793477797886,0.042492259093255824,0.04237978421483013,0.035998425523243074,0.011834122750377393,0.03599992837757541,0.011833165579779531,0.5486554440490958,0.5392337755989182,0.555610021162449,0.012007214142116352,0.0423797842148299,0.4046499999999999,278619.0,0.06186,42529.7,0,2.0,0
1944,2023-01-22 01:22:59.999,0.4034376132070983,0.40495,0.0615986018944751,0.061855,-0.9039916762871382,-0.9077334173349293,-2.782962342667342,-2.787116105218494,0.042840839389424956,0.04318696853178239,0.03600493445306682,0.011830341352023677,0.03600651647226061,0.011829429343161129,0.5777390201088128,0.6070859550884404,0.5392337755989182,0.012004703624746215,0.0431869685317825,0.40495,155470.0,0.061855,365862.9,0,2.0,0
1945,2023-01-22 01:23:59.999,0.403748134284895,0.40495,0.0615711945175014,0.061845,-0.9039916762871382,-0.9069640254221518,-2.783124024155164,-2.787561139280812,0.043974037114816955,0.04331913968460477,0.03601140164469474,0.011826701031254864,0.036013244420781326,0.011825952698235014,0.6731629068010523,0.6179016465029087,0.6070859550884404,0.012002144410711874,0.0433191396846048,0.40495,128451.0,0.061845,19085.1,0,2.0,0
1946,2023-01-22 01:24:59.999,0.4037735684192171,0.40465,0.0615418920417648,0.06182,-0.9047327830404261,-0.9069010323552279,-2.7835283422781667,-2.788037164650801,0.04442617072449451,0.04290855433574081,0.036017685582330865,0.01182315155707647,0.03601963154047532,0.011822475245138034,0.7110642238372508,0.5828284210131417,0.6179016465029087,0.011999514250298493,0.0429085543357408,0.40465,64658.0,0.06182,24085.4,0,2.0,0
1947,2023-01-22 01:25:59.999,0.4035329450349982,0.40445,0.0615123833451497,0.06178,-0.9052271595181755,-0.907497146439121,-2.7841755914917012,-2.788516769233217,0.04422212311284124,0.04294329022495902,0.03602394416342295,0.011819659419425813,0.03602584145084471,0.011818949530640886,0.6934864761667259,0.585409935768877,0.5828284210131417,0.011996568822377974,0.0429432902249589,0.40445,124621.0,0.06178,205815.9,0,2.0,0
1948,2023-01-22 01:26:59.999,0.4033200870394151,0.4043,0.0614837724204626,0.06176,-0.9055981023354119,-0.908024771649809,-2.7844993732656165,-2.7889820020695617,0.04407481577984529,0.04283703207198297,0.036030131804911575,0.011816227187899838,0.03603199356931216,0.011815493476151023,0.6807013373387376,0.5760637603550702,0.585409935768877,0.011993572229607955,0.0428370320719828,0.4043,151783.0,0.06176,140500.8,0,2.0,0
1949,2023-01-22 01:27:59.999,0.4032029452541348,0.40425,0.0614829177593647,0.061755,-0.9057217805249208,-0.9083152575539024,-2.7845803350921594,-2.7889959027624514,0.04379569339441436,0.04277953844134308,0.03603638287659586,0.011812652540969557,0.036038178597613636,0.011811875262734911,0.6567555637227881,0.5708417767609847,0.5760637603550702,0.011990633437870189,0.0427795384413429,0.40425,73554.0,0.061755,7958.2,0,2.0,0
1950,2023-01-22 01:28:59.999,0.4032308304502728,0.40425,0.0614809115502146,0.061765,-0.9057217805249208,-0.9082461007378334,-2.78441841799336,-2.7890285336452325,0.043891525258151876,0.04264717468159385,0.03604258585247053,0.011809086098890597,0.03604440231611452,0.011808323117093629,0.6645416850660131,0.5592802672294672,0.5708417767609847,0.011987447618461412,0.0426471746815937,0.40425,54289.0,0.061765,296082.1,0,2.0,0
1951,2023-01-22 01:29:59.999,0.4033674958664332,0.4042,0.0614853826321929,0.061775,-0.9058454740126164,-0.9079072321510554,-2.7842565271074635,-2.7889558131975685,0.044170946436751124,0.042391138862635125,0.03604888013440144,0.011805221062848143,0.036050759807232345,0.01180450147581443,0.6878889926995873,0.5372418436274113,0.5592802672294672,0.01198428756159375,0.042391138862635,0.4042,178968.0,0.061775,48346.4,0,2.0,0
1952,2023-01-22 01:30:59.999,0.4034353218886186,0.4043,0.0614795408924789,0.061805,-0.9055981023354119,-0.9077390968375624,-2.7837710116423504,-2.7890508279310544,0.044416754259503644,0.04224161204761556,0.036055138315505185,0.011801335669525733,0.03605707342680905,0.011800655455526273,0.7084081781897749,0.5242180974553193,0.5372418436274113,0.011980874593588672,0.0422416120476154,0.4043,35073.0,0.061805,29437.9,0,2.0,0
1953,2023-01-22 01:31:59.999,0.4035606405359244,0.4045,0.0614996572058488,0.06183,-0.9051035424835906,-0.9074285162296083,-2.7833665954116595,-2.7887236780738363,0.04445989686724694,0.04240557029407943,0.03606132420778455,0.011797658477784044,0.03606326787190385,0.011796984977108932,0.7117605906624489,0.5377546822737421,0.5242180974553193,0.011977142661060786,0.0424055702940797,0.4044999999999999,26875.0,0.0618299999999999,65998.8,0,2.0,0
1954,2023-01-22 01:32:59.999,0.4035765699417383,0.4046,0.0615289459038974,0.06187,-0.904856354248492,-0.9073890448594145,-2.7827198694392394,-2.7882475497937196,0.04411014356786247,0.04212407390061301,0.03606738560833064,0.0117940445579803,0.03606924692699751,0.011793314301037066,0.6818182264639437,0.5135378506081855,0.5377546822737421,0.011973066559157947,0.042124073900613,0.4046,16111.0,0.06187,65776.8,0,2.0,0
1955,2023-01-22 01:33:59.999,0.4034903335000475,0.40485,0.0616005032154197,0.061894998,-0.9042386508500138,-0.9076027481884724,-2.782315910311152,-2.7870852393945413,0.04294627638599502,0.04241154936531988,0.03607338207465396,0.011790682720763704,0.03607497265422149,0.011789781814049735,0.5828185661235121,0.5375572764335554,0.5135378506081855,0.011968912290046124,0.0424115229503074,0.40485,165111.0,0.061895,55168.3,0,2.0,0
1956,2023-01-22 01:34:59.999,0.4035170405890805,0.405,0.0616710112004459,0.061894998,-0.9038682118755978,-0.9075365602206787,-2.782315910311152,-2.785941293154418,0.04207731280761695,0.04278198833973579,0.03607946429073986,0.011787364285965324,0.03608085236028786,0.011786353349000234,0.5087629964731828,0.568619403489236,0.5375572764335554,0.011964669664927494,0.0427819619247233,0.405,11479.0,0.061895,12260.3,0,2.0,0
1957,2023-01-22 01:35:59.999,0.403542115300896,0.40525,0.0617187997779523,0.06189,-0.9032511183663515,-0.9074744217475802,-2.782396663230867,-2.785166697918119,0.0415062362680908,0.04346509563099488,0.036085899956152245,0.011783804710144149,0.03608715437325753,0.011782729548229256,0.45991736232693764,0.6262150346475288,0.568619403489236,0.01196031165731596,0.0434650956309949,0.40525,96840.0,0.06189,194009.0,0,2.0,0
1958,2023-01-22 01:36:59.999,0.4036404373243717,0.4056,0.0617089798419374,0.06193,-0.9023878267051636,-0.9072308039348755,-2.7817505640321674,-2.7853258182728053,0.04187993156214298,0.04380021503770759,0.03609242765279573,0.011780265085978906,0.036093767042730776,0.011779230836529894,0.4912175166368317,0.6542965993257498,0.6262150346475288,0.01195592698532944,0.0438002150377074,0.4055999999999999,120070.0,0.06193,75801.0,0,2.0,0
1959,2023-01-22 01:37:59.999,0.4037845807254614,0.40575,0.06171744156458,0.06194,-0.9020180725874365,-0.9068737592572926,-2.78158910443708,-2.7851887046376627,0.04212488878018661,0.044037979395169735,0.03609897997141741,0.011776810098565483,0.036100374534900115,0.01177580401394415,0.5116010964646365,0.6741213755938347,0.6542965993257498,0.011951470385312385,0.0440379793951699,0.40575,36676.0,0.0619399999999999,60158.2,0,2.0,0
1960,2023-01-22 01:38:59.999,0.403834200999291,0.4057,0.0616842062255804,0.061935,-0.9021413087697355,-0.9067508788215849,-2.7816698309759738,-2.7857273577334416,0.04268810658289646,0.04398073542912673,0.03610557687882321,0.011773240849959718,0.036107100259916494,0.011772304254233765,0.5590244849994583,0.6689032060641538,0.6741213755938347,0.011947024187702061,0.0439807354291268,0.4057,93938.0,0.061935,88759.0,0,2.0,0
1961,2023-01-22 01:39:59.999,0.4038561157882359,0.4054,0.0616405749543189,0.061905,-0.9028810449642375,-0.9066966134961383,-2.7821543271094824,-2.7864349409566103,0.043320806035736625,0.04363706444509807,0.03611210720032865,0.01176959203664169,0.036113775494435424,0.011768740884159476,0.6123875622923894,0.6393558265522159,0.6689032060641538,0.011942544239107719,0.043637064445098,0.4054,45636.0,0.061905,55989.8,0,2.0,0
1962,2023-01-22 01:40:59.999,0.4038607183931123,0.40505,0.0616009641013055,0.061875,-0.9037447627056368,-0.9066852169158477,-2.7826390580932827,-2.7870777575699193,0.0438576914272637,0.043169603899254616,0.03611850038030086,0.01176592220136822,0.036120291445111544,0.011765149606578667,0.6576541940295999,0.599281841089669,0.6393558265522159,0.011938019076228242,0.0431696038992546,0.40505,96115.0,0.061875,148464.4,0,2.0,0
1963,2023-01-22 01:41:59.999,0.4038760936892285,0.40505,0.0615918588273006,0.061835,-0.9037447627056368,-0.9066471468517177,-2.7832857317881166,-2.7872255790712863,0.04401660240219196,0.04369824579201276,0.036125123204778856,0.011762134034271933,0.03612694951331795,0.01176138548127171,0.6708098209549491,0.6438561714368929,0.599281841089669,0.011933334265318483,0.0436982457920127,0.40505,62196.0,0.061835,344731.2,0,2.0,0
1964,2023-01-22 01:42:59.999,0.4039592400957583,0.40495,0.0615657901082712,0.06179,-0.9039916762871382,-0.9064412969628948,-2.784013739909249,-2.7876489180947908,0.04456852287414126,0.044046463254456936,0.03613168049412785,0.011758651603446277,0.0361336330149286,0.011757991250367882,0.7173750753513064,0.6731029226182181,0.6438561714368929,0.011928616861425967,0.044046463254457,0.40495,10666.0,0.06179,13199.1,0,2.0,0
1965,2023-01-22 01:43:59.999,0.4038227893347061,0.40489998,0.0615202366273123,0.06175,-0.9041152053389352,-0.906779137512396,-2.7846613034740506,-2.7883891074444165,0.04483577126193816,0.04445230354505458,0.036138440415710404,0.01175503836528151,0.03614045322081252,0.011754422573082826,0.7397486339343957,0.7072595487139508,0.6731029226182181,0.01192392259220076,0.0444523529399683,0.4049,55379.0,0.06175,25569.4,0,2.0,0
1966,2023-01-22 01:44:59.999,0.4035461388361784,0.4041,0.0614633969976699,0.06168,-0.906092906897709,-0.90746445125114,-2.7857955497270632,-2.789313452123689,0.044906089497581125,0.04340182400077808,0.036144912288507434,0.011751338505862886,0.03614693986943988,0.011750734350173176,0.7454129560857753,0.617539160211416,0.7072595487139508,0.011919475509671462,0.043401824000778,0.4041,847525.0,0.06168,864591.7,0,2.0,0
1967,2023-01-22 01:45:59.999,0.4028458440178769,0.4035,0.0613746846868156,0.061605,-0.9075787912721335,-0.9092013112627444,-2.7870122429055053,-2.790757830366342,0.0443499777584897,0.04291056023624684,0.03615125299881082,0.011747596801013255,0.03615315041254831,0.011746899374929943,0.697786461288239,0.5753778710598083,0.617539160211416,0.011915137539521524,0.0429105602362467,0.4035,319319.0,0.061605,601160.3,0,2.0,0
1968,2023-01-22 01:46:59.999,0.4024211413985001,0.4031,0.061296540751544,0.06159,-0.908570608859017,-0.9102561233100437,-2.7872557592831853,-2.792031869091601,0.044336665077174375,0.04211781207161247,0.0361576637094289,0.0117432938019643,0.036159556558623004,0.011742593933977903,0.6963630492995602,0.5075363405441342,0.5753778710598083,0.011910882358733239,0.0421178120716123,0.4031,418732.0,0.06159,179676.3,0,2.0,0
1969,2023-01-22 01:47:59.999,0.4023675375252222,0.40315,0.0612970967479213,0.061595,-0.9084465778511059,-0.9103893356048012,-2.7871745805681996,-2.7920227985331505,0.04419603779518955,0.0421754812189985,0.03616435488712835,0.011738484684537793,0.0361662136427192,0.01173776210569167,0.6841017972733205,0.5120870788193083,0.5075363405441342,0.011907025627219054,0.0421754812189985,0.40315,254200.0,0.061595,153144.1,0,2.0,0
1970,2023-01-22 01:48:59.999,0.4026736706532507,0.4036,0.0613137055285901,0.061635,-0.9073309905026832,-0.9096287953003431,-2.7865253879786542,-2.7917518798137224,0.04473510785002055,0.042760367532195476,0.03617123963132012,0.011733628266386636,0.03617322154944526,0.011732993595502252,0.7297273480024247,0.5615592850977945,0.5120870788193083,0.011903482904882544,0.0427603675321954,0.4036,158071.0,0.0616349999999999,92766.3,0,2.0,0
1971,2023-01-22 01:49:59.999,0.4030723251248564,0.40385,0.0613503284010727,0.061635,-0.9067117570938318,-0.9086392663266376,-2.7865253879786542,-2.791154754928823,0.04523650002167612,0.04337960094104687,0.03617841476207911,0.011728555677280638,0.03618051105582121,0.01172800781428543,0.772167712475785,0.6139874659006109,0.5615592850977945,0.011899951802069843,0.0433796009410469,0.40385,81153.0,0.061635,22185.5,0,2.0,0
1972,2023-01-22 01:50:59.999,0.4031229937143304,0.40385,0.061333130735352,0.061655,-0.9067117570938318,-0.9085135682771533,-2.7862009496596434,-2.791435113274673,0.04559138501317517,0.043114379565234784,0.036185631995808015,0.011723227413387282,0.03618780874957273,0.011722743884368694,0.8021651207565256,0.5910273105778464,0.6139874659006109,0.0118964614008709,0.0431143795652348,0.40385,66526.0,0.061655,102611.4,0,2.0,0
1973,2023-01-22 01:51:59.999,0.402906152119299,0.40395,0.0613416035690333,0.06168,-0.9064641710564195,-0.9090516173077213,-2.7857955497270632,-2.7912969783320087,0.04494041362604706,0.043030559842067606,0.036192964052570095,0.011717599707382714,0.03619498845654452,0.011716999258680862,0.7463877889232816,0.5835321192265563,0.5910273105778464,0.011893144390039696,0.0430305598420677,0.40395,140595.0,0.06168,44990.9,0,2.0,0
1974,2023-01-22 01:52:59.999,0.4028119035508982,0.40405,0.0613862841667909,0.061685,-0.9062166463026804,-0.9092855665612286,-2.785714489458709,-2.79056885368885,0.04411123807433415,0.043211819562865905,0.03620044457096956,0.011711761484422788,0.036202275349378116,0.011711024410112937,0.6753433728757602,0.5986610127965647,0.5835321192265563,0.011889660490397184,0.0432118195628659,0.40405,32562.0,0.061685,38478.7,0,2.0,0
1975,2023-01-22 01:53:59.999,0.4029228452979395,0.40425,0.0614159279736368,0.061715,-0.9057217805249208,-0.9090101862381114,-2.785228265786245,-2.7900860642194263,0.04399194834830766,0.04330920790406234,0.03620817683905085,0.01170542382738248,0.03620997822102476,0.011704668117194105,0.6648603829997731,0.6066445068311033,0.5986610127965647,0.011885610599254448,0.0433092079040622,0.40425,42414.0,0.061715,109843.7,0,2.0,0
1976,2023-01-22 01:54:59.999,0.4032361069723491,0.40425,0.0614497664198178,0.061695,-0.9057217805249208,-0.9082330152117405,-2.78555238863164,-2.78953524411942,0.044318835742357066,0.043574171386950966,0.03621598644864407,0.011699079462222123,0.03621786167412283,0.011698374939906445,0.6924871283275026,0.6289541807171622,0.6066445068311033,0.011881337276776233,0.0435741713869508,0.40425,74690.0,0.061695,172335.5,0,2.0,0
1977,2023-01-22 01:55:59.999,0.4034234659378797,0.40395,0.0614067262558159,0.06167,-0.9064641710564195,-0.9077684847575271,-2.7859576899787357,-2.7902359016886757,0.0453561387502488,0.043163106024510234,0.03622356225764749,0.011692977624287325,0.036225675790739965,0.011692449747966564,0.7808853710144628,0.5934796071488851,0.6289541807171622,0.011876829772813569,0.0431631060245103,0.40395,42655.0,0.06167,38723.5,0,2.0,0
1978,2023-01-22 01:56:59.999,0.4032979076755695,0.4042,0.0613634092047292,0.06168,-0.9058454740126164,-0.9080797651262662,-2.7857955497270632,-2.7909415627636873,0.045621721193960685,0.043649256885870735,0.03623120257132923,0.011687042365020663,0.036233375799429826,0.011686562891769267,0.8033453019059161,0.6347246876372891,0.5934796071488851,0.011872119037554127,0.0436492568858706,0.4042,15697.0,0.06168,59571.9,0,2.0,0
1979,2023-01-22 01:57:59.999,0.4033120449608296,0.4046,0.0613674145119646,0.061715,-0.904856354248492,-0.9080447115412829,-2.785228265786245,-2.790876292978713,0.045603418127909245,0.04417463418049117,0.036238747233147454,0.011681646314940829,0.0362409144793624,0.011681163068212236,0.8015044044736329,0.6793466206209061,0.6347246876372891,0.01186736106758129,0.0441746341804911,0.4045999999999999,76815.0,0.061715,50789.6,0,2.0,0
1980,2023-01-22 01:58:59.999,0.4034037426278293,0.4047,0.0614163199710826,0.06173,-0.9046092271003171,-0.907817375796017,-2.7849852425763326,-2.790079681572322,0.045179541113120725,0.04422309506050259,0.03624619521858825,0.01167647629309645,0.03624826264415976,0.011675915830145184,0.7649317277452412,0.6831598541959594,0.6793466206209061,0.01186276329253996,0.0442230950605027,0.4047,39666.0,0.06173,54214.7,0,2.0,0
1981,2023-01-22 01:59:59.999,0.4034188034292522,0.40455002,0.0614543708342606,0.061735,-0.9049798912906428,-0.9077800421803459,-2.78490424796243,-2.78946031719592,0.04471055761884268,0.043786219508343605,0.03625339189316361,0.011671539330439488,0.036255349117353765,0.011670897688387282,0.7244694219110478,0.6454013821068407,0.6831598541959594,0.01185818498849704,0.0437861700706978,0.4045499999999999,88965.0,0.061735,57036.1,0,2.0,0
1982,2023-01-22 02:00:59.999,0.4033930248483612,0.40435,0.0614636716625469,0.06173,-0.9054744394403059,-0.9078439445179077,-2.7849852425763326,-2.7893089833784406,0.04452294312730032,0.043357882720513774,0.036260506872558405,0.011666498414924347,0.03626241903091405,0.011665825375606958,0.7080959838177314,0.6083552746963101,0.6454013821068407,0.011853907299660155,0.0433578827205138,0.40435,96724.0,0.06173,31179.6,0,2.0,0
1983,2023-01-22 02:01:59.999,0.4034222728548369,0.40465,0.0614533766185165,0.061745,-0.9047327830404261,-0.907771442158144,-2.7847422784123514,-2.7894764954395983,0.04473238300868876,0.043900921121013736,0.03626779272704331,0.011661438358800727,0.036269751669482944,0.0116607997461686,0.7257333564952428,0.6545614836792248,0.6083552746963101,0.011850093476948794,0.0439009211210137,0.40465,18929.0,0.061745,188456.4,0,2.0,0
1984,2023-01-22 02:02:59.999,0.4036950645533977,0.40455002,0.0614528930661117,0.061715,-0.9049798912906428,-0.9070954767283244,-2.785228265786245,-2.789484364076504,0.04541478088061979,0.04405109713834032,0.03627491237039457,0.011656798189776479,0.036277027591063445,0.011656278383724628,0.7839340301202107,0.6670943977365764,0.6545614836792248,0.011846171794608295,0.0440510477006945,0.4045499999999999,105607.0,0.061715,70790.0,0,2.0,0
1985,2023-01-22 02:03:59.999,0.4037269183730463,0.40435,0.0614080058030341,0.061695,-0.9054744394403059,-0.9070165741957238,-2.78555238863164,-2.790215064657209,0.04609101548518979,0.04382151247156585,0.03628187556188432,0.011652318770099758,0.036284145670637695,0.011651925716455881,0.84165227733146,0.6470503475264072,0.6670943977365764,0.01184210085250544,0.0438215124715659,0.40435,12245.0,0.061695,4089.0,0,2.0,0
1986,2023-01-22 02:04:59.999,0.4035637505390025,0.4044,0.061390153919354,0.06169,-0.9053507918358208,-0.9074208098509818,-2.7856334357605896,-2.7905058163076606,0.0459244630758181,0.04401141436781053,0.03628893073020179,0.011647768868382325,0.036291160661316255,0.011647343184916267,0.8270815293720651,0.6630011056084133,0.6470503475264072,0.011838123254306413,0.0440114143678109,0.4044,14961.0,0.0616899999999999,95995.6,0,2.0,0
1987,2023-01-22 02:05:59.999,0.4034519102356947,0.4045,0.0614159421957663,0.0617,-0.9051035424835906,-0.9076979799468297,-2.785471348070795,-2.7900858326487517,0.04530396533552361,0.04412616050580709,0.03629616382532834,0.011642930466051417,0.0362982484820074,0.011642389436873572,0.7735282265162394,0.6725108170412541,0.6630011056084133,0.011834158852377265,0.0441261605058065,0.4044999999999999,60390.0,0.0617,277437.3,0,2.0,0
1988,2023-01-22 02:06:59.999,0.4034064482805874,0.40455002,0.0614538441710256,0.061705,-0.9049798912906428,-0.9078106687593717,-2.7853903140769902,-2.7894688872208766,0.04468693685163605,0.04418356814469537,0.03630348878858637,0.011637935185288028,0.03630542895245192,0.011637287137655519,0.720228675295254,0.6771028735467198,0.6725108170412541,0.01183036340231573,0.0441835187070498,0.40455,34390.0,0.0617049999999999,72018.4,0,2.0,0
1989,2023-01-22 02:07:59.999,0.4033819775982621,0.4046,0.061503825178691,0.06171,-0.904856354248492,-0.9078713307162066,-2.7853092866491616,-2.788655908076386,0.043961681859473134,0.04424086700033136,0.036310799308412724,0.01163299866200753,0.03631256993617275,0.011632234662116898,0.6575788870741672,0.6816873208984047,0.6771028735467198,0.011826821859466543,0.0442408670003313,0.4046,68427.0,0.06171,114529.6,0,2.0,0
1990,2023-01-22 02:08:59.999,0.4033873789198199,0.40435,0.0615090255892505,0.061695,-0.9054744394403059,-0.9078579407144317,-2.78555238863164,-2.7885713573887116,0.043905953485283145,0.04382151247156585,0.03631800703337985,0.01162800269246583,0.036319763095969966,0.01162722997837569,0.652450360354269,0.6452961558950939,0.6816873208984047,0.011823344608412278,0.0438215124715659,0.40435,30203.0,0.061695,59958.3,0,2.0,0
1991,2023-01-22 02:09:59.999,0.4032437496925938,0.40395,0.0614600499083678,0.06168,-0.9064641710564195,-0.9082140619293199,-2.7857955497270632,-2.7893679102337923,0.04420099715783243,0.043030559842067606,0.036325123434154075,0.011622700028553225,0.03632694613115099,0.011621972510064417,0.6775141672261448,0.5769258770716302,0.6452961558950939,0.011819830959265172,0.0430305598420677,0.40395,43879.0,0.06168,20920.1,0,2.0,0
1992,2023-01-22 02:10:59.999,0.4029879606753875,0.40405,0.0614002938532839,0.061655,-0.9062166463026804,-0.90884859173632,-2.7862009496596434,-2.79034065795639,0.044361667776268154,0.04360949035638617,0.03633250945897524,0.01161718709083529,0.03633436763030533,0.011616484783049334,0.6910266139784548,0.6263978397276297,0.5769258770716302,0.011816357489773489,0.0436094903563861,0.40405,82356.0,0.061655,120252.5,0,2.0,0
1993,2023-01-22 02:11:59.999,0.4030932814537837,0.40415,0.0613216263658681,0.061655,-0.9059691828022837,-0.9085872761926974,-2.7862009496596434,-2.791622702729653,0.04567102745861584,0.0438569538567829,0.03633998478853079,0.011611635175186385,0.03634214425223597,0.011611159002642807,0.8034411727766827,0.6473652465688539,0.6263978397276297,0.011812779816088938,0.0438569538567827,0.40415,265177.0,0.061655,5285.3,0,2.0,0
1994,2023-01-22 02:12:59.999,0.4033141465840975,0.40405,0.0613211001470747,0.061655,-0.9062166463026804,-0.9080395006436207,-2.7862009496596434,-2.791631284058662,0.04622581806033221,0.04360949035638617,0.036347561488045216,0.011605695852104865,0.03634984759232022,0.011605325595648277,0.8509860741619564,0.6257211080560842,0.6473652465688539,0.01180921115350395,0.0436094903563861,0.40405,198109.0,0.061655,43401.7,0,2.0,0
1995,2023-01-22 02:13:59.999,0.4034588440948848,0.40375,0.0613545532624331,0.061645,-0.9069594044452708,-0.9076807937607414,-2.786363155661621,-2.791085892772651,0.04613867925003734,0.042999332145704616,0.03635508747297481,0.01159946356872552,0.036357351669174094,0.011599075991967078,0.8432850675034191,0.572806202059552,0.6257211080560842,0.011805456886134229,0.0429993321457047,0.40375,256880.0,0.061645,80021.4,0,2.0,0
1996,2023-01-22 02:14:59.999,0.403401960491234,0.40335,0.0613632643167844,0.061635,-0.9079506075991537,-0.9078217935550597,-2.7865253879786542,-2.7909439239120934,0.045881622953409806,0.04214075043572496,0.03636276139774645,0.01159232041798703,0.03636496432798381,0.011591883258889936,0.8209760582369192,0.4984324819915427,0.572806202059552,0.011801616960598312,0.0421407504357249,0.40335,426827.0,0.0616349999999999,6010.6,0,2.0,0
1997,2023-01-22 02:15:59.999,0.4030652764501434,0.4031,0.0613504990666273,0.061635,-0.908570608859017,-0.9086567538491137,-2.7865253879786542,-2.791151973112952,0.04521673842431606,0.04152074917586168,0.036370358467184484,0.01158494174934671,0.036372405766410855,0.011584382684837325,0.7634703461136051,0.44457631467742476,0.4984324819915427,0.011797902596713268,0.0415207491758615,0.4031,627093.0,0.0616349999999999,17058.4,0,2.0,0
1998,2023-01-22 02:16:59.999,0.402586974949468,0.4028,0.0613320582978954,0.0616,-0.9093151181377298,-0.9098441186359392,-2.787093408442663,-2.7914525988786183,0.044275128761045446,0.04124058445858292,0.036377955980779,0.011577368477789854,0.036379783606972076,0.011576651979891524,0.6820059174092362,0.42001154987270495,0.44457631467742476,0.011794231970055032,0.041240584458583,0.4028,208247.0,0.0616,204345.9,0,2.0,0
1999,2023-01-22 02:17:59.999,0.4020532250391787,0.40245,0.0612827750634612,0.061575,-0.9101844134423943,-0.9111707985323294,-2.7874993349755353,-2.7922564695969823,0.04360559595674163,0.0407031253989566,0.036385583870738133,0.011569357311103416,0.036387254783046864,0.011568539803047737,0.6239630322050747,0.37318767258357605,0.42001154987270495,0.011790664935796568,0.0407031253989567,0.40245,563078.0,0.061575,28368.2,0,2.0,0
2000,2023-01-22 02:18:59.999,0.4017154277867135,0.4024,0.0612655067315343,0.061605,-0.9103086601966076,-0.9120113321141387,-2.7870122429055053,-2.7925382904726117,0.042995444903712765,0.04018069131177271,0.03639319770142083,0.011561026296493323,0.03639472564569352,0.011560124675930417,0.5709903174109136,0.32760877046882025,0.37318767258357605,0.011787210465262609,0.0401806913117726,0.4024,451873.0,0.061605,62600.1,0,2.0,0
2001,2023-01-22 02:19:59.999,0.4019277291766093,0.4024,0.0613191414931703,0.061639998,-0.9103086601966076,-0.9114829846927864,-2.7864443009766857,-2.7916632255140668,0.042808445466723355,0.03971641095117262,0.03640048778852065,0.01155318746174095,0.0364019707687748,0.011552261730818766,0.5545645387221068,0.2870137071377787,0.32760877046882025,0.011783635498422,0.0397163844268835,0.4024,321340.0,0.06164,78570.0,0,2.0,0
2002,2023-01-22 02:20:59.999,0.4022303654231671,0.40225,0.0613659878545938,0.061639998,-0.9106814931096445,-0.9107303061762666,-2.7864443009766857,-2.7908995410488124,0.04293682829222112,0.03934357803813571,0.036407687691845964,0.01154532483085789,0.03640919871721055,0.011544416000405365,0.5654361012961903,0.25429257204117905,0.2870137071377787,0.011780105514454735,0.0393435515138467,0.40225,230441.0,0.06164,63161.0,0,2.0,0
2003,2023-01-22 02:21:59.999,0.4022580135002904,0.40245,0.0613597558952002,0.061675,-0.9101844134423943,-0.9106615716168658,-2.785876616566717,-2.791001100170942,0.04308858525840642,0.039376587860930345,0.03641481782059433,0.01153764224409815,0.03641636231664566,0.011536753734999553,0.5783449222391689,0.2567049642964141,0.25429257204117905,0.011776660719590586,0.0393765878609304,0.40245,153781.0,0.061675,236027.5,0,2.0,0
2004,2023-01-22 02:22:59.999,0.4022911003388159,0.4022,0.0613810788673744,0.06167,-0.9108058016435854,-0.9105793222228263,-2.7859576899787357,-2.7906536530897816,0.04288680410646084,0.03882147543734438,0.03642174336048184,0.011530102982737296,0.03642323955597964,0.011529188122519577,0.5606261674103605,0.20812754929035612,0.2567049642964141,0.011773179194161362,0.0388214754373443,0.4022,757858.0,0.06167,236350.4,0,2.0,0
2005,2023-01-22 02:23:59.999,0.4018362861005518,0.40175,0.061361960325281,0.061625,-0.9119252743645151,-0.9117105218174001,-2.7866876466192827,-2.7909651744986337,0.0420102665903449,0.03829872663324141,0.036428439830383456,0.011522788194282802,0.03642973162088565,0.011521767611487049,0.4843471208268022,0.16231200047449645,0.20812754929035612,0.011769631726678048,0.0382987266332413,0.40175,340694.0,0.061625,281988.7,0,2.0,0
2006,2023-01-22 02:24:59.999,0.401244896301754,0.4017,0.061332013409299,0.06159,-0.9120497376169006,-0.9131833241159912,-2.7872557592831853,-2.79145333077339,0.0409365215892914,0.03863868331372888,0.03643503234068149,0.011515901791236027,0.03643607411093111,0.011514772748748436,0.3908411895362372,0.19135722177870984,0.16231200047449645,0.011766047425973869,0.0386386833137288,0.4017,413459.0,0.06159,19841.8,0,2.0,0
2007,2023-01-22 02:25:59.999,0.4012735352867601,0.4019,0.0613233885766081,0.061605,-0.9115519775269817,-0.9131119513377697,-2.7870122429055053,-2.791593965960516,0.04112286062036086,0.038937373981398626,0.03644160614673705,0.01150922074630453,0.036442689519677024,0.011508109189459196,0.40668462765113633,0.21684941923309095,0.19135722177870984,0.011762326512598448,0.0389373739813987,0.4019,533806.0,0.061605,177331.5,0,2.0,0
2008,2023-01-22 02:26:59.999,0.4017400756843024,0.4018,0.0613347027251092,0.061639998,-0.911800826601303,-0.9119499773844986,-2.7864443009766857,-2.791409483250682,0.04213402391025278,0.038224244546477215,0.0364480495665925,0.011502423075781018,0.03644936545975234,0.01150141720734005,0.4942572161344232,0.15441920090946687,0.21684941923309095,0.011758839808093838,0.0382242180221883,0.4018,544737.0,0.06164,32718.0,0,2.0,0
2009,2023-01-22 02:27:59.999,0.401916851653805,0.4018,0.0613531470493735,0.06166,-0.911800826601303,-0.9115100484388498,-2.7861198565241327,-2.79110881249254,0.04232816095196135,0.03795901815662617,0.036454434302045806,0.011495602897658313,0.03645579364632952,0.011494619854917362,0.5108796445425421,0.1308834228161143,0.15441920090946687,0.01175531474240409,0.0379590181566262,0.4018,443506.0,0.06166,122033.9,0,2.0,0
2010,2023-01-22 02:28:59.999,0.4019576910361189,0.40155,0.0613578919073457,0.061639998,-0.9124232203476658,-0.9114084420806924,-2.7864443009766857,-2.791031478651756,0.04236654855189037,0.03760185080011447,0.03646075233406673,0.011488729295822226,0.03646211910014353,0.011487751060508554,0.5139760968571563,0.09932329648176892,0.1308834228161143,0.011751656405900588,0.0376018242758253,0.4015499999999999,466157.0,0.06164,30253.2,0,2.0,0
2011,2023-01-22 02:29:59.999,0.4015680296151473,0.40095,0.0613301445325874,0.061625,-0.9139185477290994,-0.912378321305469,-2.7866876466192827,-2.791483802709366,0.04176643455471685,0.036305453268657084,0.03646671042160612,0.011481971081492725,0.036467936925686915,0.01148092540233296,0.46150440346500815,-0.014044378948920761,0.09932329648176892,0.011747858118740752,0.0363054532686573,0.40095,1922445.0,0.061625,27353.3,3,2.0,0
2012,2023-01-22 02:30:59.999,0.4008054274077306,0.40085,0.0613236570193034,0.061625,-0.9141679864931764,-0.9142791878667128,-2.7866876466192827,-2.7915895884772426,0.03995204559261423,0.03605601450458007,0.036472443223710925,0.011475580215749319,0.036473248500815514,0.011474374326614379,0.30317967610048896,-0.03628824959624615,-0.014044378948920761,0.011743670294215913,0.03605601450458,0.40085,1341901.0,0.061625,146111.9,0,2.0,3
2013,2023-01-22 02:31:59.999,0.4006552761596034,0.4007,0.061341613791189,0.061645,-0.9145422613400381,-0.9146538818453835,-2.786363155661621,-2.7912968116889108,0.03933801286122196,0.035416475250937274,0.03647790710952879,0.011469455199303558,0.036478569017825875,0.011468210465741327,0.24933653353659876,-0.09254422639498784,-0.03628824959624615,0.011738970062763228,0.0354164752509373,0.4007,1341206.0,0.061645,54081.6,0,2.0,0
2014,2023-01-22 02:32:59.999,0.4006048621610716,0.4013,0.0613669745148316,0.061665,-0.9130460017092661,-0.9147797186271907,-2.7860387699641858,-2.7908834628866175,0.03887427228812235,0.03664755652290852,0.03648381016158908,0.011462976742512378,0.03648436338124345,0.011461707916124834,0.20851245943169305,0.014284802717269595,-0.09254422639498784,0.011734185723049607,0.0366475565229085,0.4013,225263.0,0.061665,47707.1,4,2.0,0
2015,2023-01-22 02:33:59.999,0.4014189191946954,0.40175,0.0613863432775168,0.061665,-0.9119252743645151,-0.9127497107094608,-2.7860387699641858,-2.7905678907588043,0.04064630675141656,0.03776828386765951,0.03648998861082292,0.01145647246592053,0.03649095049884435,0.011455321176657787,0.36274463094404324,0.11157843399345883,0.014284802717269595,0.011729254259589636,0.0377682838676594,0.40175,220289.0,0.061665,43098.4,0,2.0,4
2016,2023-01-22 02:34:59.999,0.402048914465089,0.40175,0.0613679465084982,0.0617,-0.9119252743645151,-0.9111815199914026,-2.785471348070795,-2.7908676239769004,0.04245952295451105,0.03730442862488259,0.036496029117457834,0.011450019090950747,0.03649740923637407,0.011449053442546488,0.5207516715732001,0.07060245934992858,0.11157843399345883,0.011724059866847877,0.037304428624882,0.40175,63403.0,0.0617,186152.7,0,2.0,0
2017,2023-01-22 02:35:59.999,0.4021440266459015,0.40205,0.0613961898800247,0.06174,-0.911178819987979,-0.9109449792898029,-2.7848232599081237,-2.790407499825733,0.042319922019115164,0.037521084811503846,0.03650192187624261,0.011443992877142546,0.036503268323857266,0.01144301078569698,0.5083149709627415,0.0890565859488466,0.07060245934992858,0.01171843541510282,0.0375210848115039,0.40205,30128.0,0.06174,38085.1,0,2.0,0
2018,2023-01-22 02:36:59.999,0.4022343265587088,0.4018,0.0614422958018284,0.061715,-0.911800826601303,-0.9107204582970962,-2.785228265786245,-2.7896568242746156,0.041930781829435215,0.03723016182768013,0.036507536468024245,0.011438397477792246,0.03650879155836477,0.01143737131637792,0.47405912784403026,0.06317540206649312,0.0890565859488466,0.011712518122254918,0.0372301618276802,0.4018,132639.0,0.061715,190921.4,0,2.0,0
2019,2023-01-22 02:37:59.999,0.4018162832396629,0.4015,0.0614461028881332,0.061675,-0.9125477455953206,-0.9117603016890913,-2.785876616566717,-2.789594864214161,0.04084028741530055,0.03701325570800407,0.03651317923466105,0.011432631368512138,0.03651418064826452,0.011431497864740356,0.3784374382275482,0.04374115260292001,0.06317540206649312,0.011706257190423813,0.0370132557080038,0.4014999999999999,166081.0,0.061675,13241.0,0,2.0,0
2020,2023-01-22 02:38:59.999,0.4013775531585698,0.4017,0.0614333296380282,0.061675,-0.9120497376169006,-0.9128527655623077,-2.785876616566717,-2.789802763125938,0.0399177764489399,0.0375112636864241,0.03651913911180993,0.01142643752110274,0.03651992565134641,0.011425232204888476,0.2973988393986133,0.08682711236830226,0.04374115260292001,0.01169994823422836,0.0375112636864241,0.4017,109883.0,0.061675,29610.4,0,2.0,0
2021,2023-01-22 02:39:59.999,0.4014715421440491,0.402,0.0614784284552829,0.06166,-0.9113031903631159,-0.912618626951556,-2.7861198565241327,-2.7890689225238967,0.039552016087543884,0.03845665439481327,0.03652543858602803,0.011420000578528884,0.03652613902053428,0.011418771853590162,0.26499146368864884,0.1691082058626321,0.08682711236830226,0.011693931045951535,0.0384566543948132,0.402,287416.0,0.06166,86145.5,0,2.0,0
2022,2023-01-22 02:40:59.999,0.40171168130628,0.4016,0.0614624592260024,0.061635,-0.9122987106046175,-0.9120206583626337,-2.7865253879786542,-2.7893287096406403,0.04036235507935493,0.03779264743026112,0.03653182481768808,0.011412991331080672,0.036532711309301524,0.011411819360235559,0.33558573345436776,0.11047258128896266,0.1691082058626321,0.011688034605818591,0.037792647430261,0.4016,174286.0,0.061635,120757.1,0,2.0,0
2023,2023-01-22 02:41:59.999,0.4013306884572908,0.4015,0.0614011618476282,0.06162,-0.9125477455953206,-0.9129695320258934,-2.786768785813615,-2.7903265214082626,0.04022917116142788,0.0377425849556734,0.03653819410044861,0.011405985322068882,0.03653904829555645,0.011404803605970595,0.32355865066712675,0.10559288138785078,0.11047258128896266,0.011682513024101494,0.0377425849556736,0.4014999999999999,116733.0,0.0616199999999999,44064.1,0,2.0,0
2024,2023-01-22 02:42:59.999,0.4011765735776323,0.40165,0.0613373378190505,0.061615,-0.9121742163623155,-0.91335361548244,-2.7868499315920507,-2.7913665216445978,0.04069526561964265,0.03818244912427937,0.036544449709565344,0.011399472822890529,0.03654541032421706,0.011398328538080664,0.36407577493150334,0.143690803966379,0.10559288138785078,0.011677227639661947,0.0381824491242794,0.40165,146859.0,0.061615,15563.8,0,2.0,0
2025,2023-01-22 02:43:59.999,0.4013660416543996,0.4014,0.0612799319708752,0.06161,-0.9127968426198994,-0.9128814459634853,-2.7869310839556576,-2.792302863686266,0.04193287469974072,0.037626163185533024,0.0365507308448294,0.011392589454219419,0.036551976423134167,0.011391565279661436,0.47235811273571315,0.09439753315303778,0.143690803966379,0.011672152223826757,0.037626163185533,0.4014,117475.0,0.06161,67812.3,0,2.0,0
2026,2023-01-22 02:44:59.999,0.4013772436558557,0.40045,0.0612721173551273,0.06152,-0.9151663642124459,-0.9128535366638081,-2.7883929537847485,-2.79243039506255,0.04206503816760743,0.036451688862715104,0.03655686252324607,0.011385403865180008,0.03655813726882449,0.011384394655300733,0.48372364675699725,-0.009237587157765747,0.09439753315303778,0.01166709345380204,0.0364516888627151,0.40045,2353175.0,0.06152,1788772.4,3,2.0,0
2027,2023-01-22 02:45:59.999,0.4007603897708603,0.4004,0.0612032680259602,0.06145,-0.9152912315410716,-0.9143915620122975,-2.7895314429700933,-2.7935546917725422,0.041446101295331106,0.03725751205487782,0.036563151463751456,0.011378283480865786,0.036564281514626616,0.011377209226508159,0.4290876333125848,0.06102507397482476,-0.009237587157765747,0.01166205615352819,0.0372575120548779,0.4004,848836.0,0.06145,411895.0,4,2.0,3
2028,2023-01-22 02:46:59.999,0.4008951432589647,0.4012,0.0611555376702966,0.06151,-0.9132952228943566,-0.9140553740018081,-2.78855551576186,-2.7943348621544444,0.04242006188054759,0.038455721114759256,0.036569829526006,0.011370923921277212,0.03657118343305403,0.011369956311082799,0.5144152085960434,0.16585209801855985,0.06102507397482476,0.01165740872433562,0.0384557211147593,0.4012,192729.0,0.06151,102155.8,0,2.0,4
2029,2023-01-22 02:47:59.999,0.4015240902137139,0.40135,0.0612139550674364,0.06152,-0.9129214144045512,-0.912487746862992,-2.7883929537847485,-2.7933800914796536,0.04320718444541327,0.038696638670609795,0.036576794923706295,0.011363005677391262,0.036578329380897154,0.011362138365353458,0.5834161538403255,0.1865566036916896,0.16585209801855985,0.011653013883273068,0.0386966386706097,0.40135,47792.0,0.06152,330950.8,0,2.0,0
2030,2023-01-22 02:48:59.999,0.4012270699438218,0.4016,0.0612005684879944,0.06155,-0.9122987106046175,-0.9132277527282916,-2.7879054263516747,-2.793598800487483,0.042645968508923215,0.03892079923761049,0.03658370438919176,0.011355351251110143,0.0365851073663081,0.01135441165559239,0.5337890968247534,0.20581440386445576,0.1865566036916896,0.01164848881780117,0.0389207992376103,0.4015999999999999,277876.0,0.06155,448406.0,0,2.0,0
2031,2023-01-22 02:49:59.999,0.4010587953149965,0.40175,0.0612267376508139,0.061545,-0.9119252743645151,-0.9136472406903252,-2.787986664419878,-2.793171295153201,0.04187700409395123,0.039360645858221965,0.03659071697136421,0.011347707181037307,0.036591940365745736,0.011346678937283099,0.46578067092739783,0.24409590789287147,0.20581440386445576,0.011643627873884246,0.0393606458582218,0.40175,209609.0,0.061545,432143.0,0,2.0,0
2032,2023-01-22 02:50:59.999,0.401125887516231,0.40185,0.0612375709135595,0.061515,-0.9116763943234096,-0.913479966986833,-2.788474231470005,-2.792994374009386,0.04189964855230377,0.040008101518352435,0.03659806444200959,0.011339638704254406,0.03659929137654102,0.011338613249407362,0.4674607960580881,0.30071831786523046,0.24409590789287147,0.011638562712460032,0.0400081015183526,0.40185,59960.0,0.061515,183809.3,0,2.0,0
2033,2023-01-22 02:51:59.999,0.4015009898296951,0.402,0.0612249105516078,0.061505,-0.9113031903631159,-0.9125452802691065,-2.7886368066613887,-2.7932011371232037,0.04300335968638502,0.040514207214985776,0.03660563567139407,0.01133132874237651,0.03660711628329293,0.011330435397948958,0.5645187654703845,0.34493497033358195,0.30071831786523046,0.011633497781001553,0.0405142072149857,0.402,108964.0,0.061505,134612.5,0,2.0,0
2034,2023-01-22 02:52:59.999,0.4019558614757206,0.4021,0.0612277434220382,0.06153,-0.9110544650789086,-0.9114129937153616,-2.788230418229738,-2.7931548682945757,0.04409782246387761,0.04043071866179837,0.036613264831474805,0.011322803343861187,0.03661499696700649,0.01132206546588637,0.6609063972838732,0.33714741079498217,0.34493497033358195,0.011628481149310992,0.0404307186617982,0.4021,94152.0,0.06153,69602.5,0,2.0,0
2035,2023-01-22 02:53:59.999,0.4021753413317901,0.40205,0.0612449424210835,0.06151,-0.911178819987979,-0.9108671129915359,-2.78855551576186,-2.792874005683619,0.044414104019765754,0.04057212402113686,0.036621093549764616,0.011313842500041695,0.0366228970698919,0.01131315430108142,0.6886856435016622,0.3492209186540895,0.33714741079498217,0.011623286877142236,0.0405721240211369,0.40205,93551.0,0.06151,36619.8,0,2.0,0
2036,2023-01-22 02:54:59.999,0.4020163368084479,0.40205,0.0612034475803459,0.06148,-0.911178819987979,-0.9112625523618659,-2.789043360311742,-2.7935517580383133,0.04457271268087559,0.040970926490267234,0.03662906366824896,0.011304772775859742,0.03663090205033937,0.01130411038508613,0.7025595433864572,0.3840734270475481,0.3492209186540895,0.011617856714803105,0.0409709264902673,0.40205,60057.0,0.06148,279287.7,0,2.0,0
2037,2023-01-22 02:55:59.999,0.4017354830633846,0.40205,0.0611596411991143,0.061475,-0.911178819987979,-0.9119614092715495,-2.7891246908798806,-2.7942677645324294,0.04445917574214586,0.04103741248749182,0.03663718667774367,0.011295326107090536,0.036638996904326496,0.01129464570369303,0.6923792957279208,0.3895616441729779,0.3840734270475481,0.011612490447744438,0.0410374124874919,0.40205,46909.0,0.061475,371780.5,0,2.0,0
2038,2023-01-22 02:56:59.999,0.4015316954941142,0.402,0.0611669055962251,0.06145,-0.9113031903631159,-0.9124688060109717,-2.7895314429700933,-2.794148993957936,0.04385468660232761,0.04124555323283352,0.03664535906959987,0.011285881610276136,0.03664702750920475,0.01128510841915465,0.6386876249136443,0.40760609778548756,0.3895616441729779,0.01160678394739691,0.0412455532328335,0.402,111792.0,0.06145,137761.1,0,2.0,0
2039,2023-01-22 02:57:59.999,0.4015673082741445,0.4021,0.0611742508816978,0.06145,-0.9110544650789086,-0.912380117617918,-2.7895314429700933,-2.7940289152257582,0.04384521320410184,0.041494278517040795,0.03665365043767717,0.011276279404873451,0.036655314766019326,0.011275505153809526,0.6376564366744444,0.4292752871369589,0.40760609778548756,0.011600638392887379,0.0414942785170406,0.4021,80217.0,0.06145,41170.4,0,2.0,0
2040,2023-01-22 02:58:59.999,0.4019301702544667,0.4019,0.0611741571045311,0.061425,-0.9115519775269817,-0.9114769112863818,-2.789938360574894,-2.7940304481785483,0.04474967269170549,0.041329412494076956,0.03666191959033659,0.011266602914460489,0.036663791322135104,0.011265970851250568,0.7177261042418567,0.4142768622607367,0.4292752871369589,0.011593681442159222,0.041329412494077,0.4019,58701.0,0.061425,194198.4,0,2.0,0
2041,2023-01-22 02:59:59.999,0.4020286570132579,0.4018,0.061139795995089,0.061414998,-0.911800826601303,-0.9112319068012179,-2.790101206556414,-2.7945922992098535,0.04545397835922771,0.04121368652123081,0.03667017908189352,0.011256853742803722,0.036672211898203945,0.011256344082822719,0.7801615157113772,0.4036214330528957,0.4142768622607367,0.011586257828350478,0.0412136598997672,0.4018,36831.0,0.061415,37604.4,0,2.0,0
2042,2023-01-22 03:00:59.999,0.4019893551605557,0.40195,0.0611218818895921,0.061425,-0.9114275762081673,-0.9113296704138197,-2.789938360574894,-2.794885344519472,0.04559577300974704,0.04145381381289137,0.03667828678800789,0.011247679062804128,0.03668035054320848,0.011247195452138639,0.7926796066163595,0.42457888407183136,0.4036214330528957,0.011578584656127974,0.0414538138128914,0.40195,41062.0,0.061425,64882.4,0,2.0,0
2043,2023-01-22 03:01:59.999,0.4019339966065683,0.4021,0.0611188041318685,0.06143,-0.9110544650789086,-0.9114673913892166,-2.789856963806301,-2.7949357002205795,0.04549921674130708,0.0417603848274718,0.03668656360750222,0.011238256012811042,0.03668860310140035,0.011237755043952545,0.7840190149586909,0.4514776326669972,0.42457888407183136,0.011570567847258684,0.0417603848274716,0.4021,79797.0,0.06143,41648.0,0,2.0,0
2044,2023-01-22 03:02:59.999,0.4018806623001704,0.40215,0.0611221805543127,0.06141,-0.910930125632059,-0.9116000943845781,-2.7901825906408293,-2.7948804581517477,0.045321354538047975,0.0421509172361092,0.03669487066135853,0.011229025055676547,0.03669686707049454,0.011228492362249837,0.7680895341345146,0.4858878262091422,0.4514776326669972,0.011562228457709748,0.0421509172361092,0.40215,122126.0,0.06141,1664263.3,0,2.0,0
2045,2023-01-22 03:03:59.999,0.4018737184570218,0.40235,0.0611183308016193,0.061359998,-0.9104329223899953,-0.9116173729047703,-2.790997154517661,-2.794943444679732,0.0453555661552123,0.043314008998242115,0.036703218814670306,0.011220533888388236,0.036705221209333706,0.011220007365550884,0.7709749792534006,0.5891689512575778,0.4858878262091422,0.01155422746709668,0.0433139823529167,0.40235,59254.0,0.06136,2175390.9,0,2.0,0
2046,2023-01-22 03:04:59.999,0.4021123924733403,0.4025,0.061070136448979,0.061305,-0.9100601821235189,-0.9110236461722188,-2.791893873297787,-2.7957322974450376,0.04659416312493314,0.044419797658343474,0.03671155113233095,0.011212893400424645,0.036713838244571764,0.011212603561463242,0.8811802563250526,0.6874449128108725,0.5891689512575778,0.011546377433008716,0.0444197976583433,0.4024999999999999,130992.0,0.061305,2265677.6,0,2.0,0
2047,2023-01-22 03:05:59.999,0.402405766102384,0.40265,0.0610117008297357,0.061265,-0.9096875807405831,-0.9102943310189925,-2.792546561580727,-2.796689616322418,0.0481060659531406,0.045325957730972366,0.036720121271334547,0.011205323111155454,0.03672275629671798,0.011205364939025566,1.0158803143284798,0.7680132356977982,0.6874449128108725,0.011538669301351006,0.0453259577309723,0.40265,95422.0,0.061265,416661.8,0,2.0,0
2048,2023-01-22 03:06:59.999,0.4025988808199996,0.40285,0.0609565825222108,0.061255,-0.9091909947589322,-0.9098145456610858,-2.792709800236003,-2.797593430162578,0.04932469976426268,0.04595598781648225,0.03672867521012212,0.011198263485761717,0.03673159028176159,0.01119860677036029,1.1245246610347708,0.8239949540473304,0.7680132356977982,0.011531079525639571,0.0459559878164825,0.40285,48126.0,0.061255,998784.9,0,2.0,0
2049,2023-01-22 03:07:59.999,0.4028112146577606,0.40305,0.0609295462539302,0.061244998,-0.9086946552525271,-0.9092872767731677,-2.792873098198216,-2.7980370617553683,0.050214627975999404,0.046585819908896986,0.036737034380368794,0.011192138613076658,0.036740153471689234,0.011192721084381133,1.2038604734922866,0.879973512570786,0.8239949540473304,0.011523622739245181,0.0465857932135391,0.40305,129353.0,0.061245,506074.3,0,2.0,0
2050,2023-01-22 03:08:59.999,0.4028236995978861,0.4031,0.0609193312093786,0.061244998,-0.908570608859017,-0.9092562827337943,-2.792873098198216,-2.7982047291937264,0.050382686554530376,0.046709866302407144,0.03674522562001668,0.011186483917431544,0.036748381709101274,0.01118711281893101,1.2187509919768498,0.8907750420901134,0.879973512570786,0.01151652146443309,0.0467098396070491,0.4031,101867.0,0.061245,169631.3,0,2.0,0
2051,2023-01-22 03:09:59.999,0.4026735408617899,0.4031,0.0609655411305047,0.061215,-0.908570608859017,-0.9096291176245753,-2.7933630214562584,-2.7974464739245852,0.049389994224247835,0.04711036807092939,0.03675357612483682,0.011180752364093171,0.03675650054467005,0.011181110787543446,1.1298961185191365,0.9263054585980511,0.8907750420901134,0.011509775079281505,0.0471103680709292,0.4031,81441.0,0.061215,1733294.4,0,2.0,0
2052,2023-01-22 03:10:59.999,0.4025448126926506,0.40315,0.0609225276329957,0.061145,-0.9084465778511059,-0.9099488524385366,-2.794507186340804,-2.798152260794964,0.04964722505775532,0.048169729362143476,0.03676209482456771,0.011175426506540881,0.036765076803330306,0.011175852040333592,1.1526770583516501,1.0207784491177119,0.9263054585980511,0.011503090202869836,0.0481697293621434,0.40315,135354.0,0.061145,2983768.7,0,2.0,0
2053,2023-01-22 03:11:59.999,0.40251660800984,0.40315,0.0609056041877105,0.06108,-0.9084465778511059,-0.910018920838529,-2.7955707986317053,-2.798430085713415,0.049804272577149256,0.049039209625705515,0.03677081342387991,0.011170307950585266,0.03677382973009451,0.011170774678539717,1.1664762043842545,1.0983042057656796,1.0207784491177119,0.011496319193023033,0.0490392096257055,0.40315,33666.0,0.06108,1306736.4,0,2.0,0
2054,2023-01-22 03:12:59.999,0.402497858135745,0.4033,0.0608450165824892,0.061045,-0.9080745771028146,-0.9100655035395534,-2.7961439818613183,-2.7994253596568144,0.05057130500451923,0.04987977538571842,0.03677966965684779,0.011165530142127629,0.03678286142619463,0.011166208890465688,1.2348366140721152,1.173263209370044,1.0983042057656796,0.011489468259110756,0.0498797753857185,0.4033,75448.0,0.061045,1016366.7,0,2.0,0
2055,2023-01-22 03:13:59.999,0.4025782339937864,0.40345,0.0607764716957829,0.06103,-0.9077027146876215,-0.9098658308400553,-2.7963897324257334,-2.800552543593372,0.05169242642609895,0.050452533622956874,0.03678857246799408,0.011161094684040132,0.03679202163576962,0.011162105516406165,1.3349098669985315,1.2242491925547099,1.173263209370044,0.011482631816876858,0.0504525336229568,0.40345,19467.0,0.06103,728129.3,0,2.0,0
2056,2023-01-22 03:14:59.999,0.4026373190602902,0.4035,0.0606815900917935,0.06105,-0.9075787912721335,-0.9097190749400091,-2.7960620784254235,-2.802114920300091,0.05311639181531913,0.050308606912056075,0.0367973546812994,0.011156802376257753,0.03680113136195991,0.01115827271482593,1.462167207266877,1.211032675411488,1.2242491925547099,0.011476012095544025,0.0503086069120559,0.4034999999999999,40682.0,0.06105,1481973.8,0,2.0,0
2057,2023-01-22 03:15:59.999,0.4027135316076299,0.40355,0.0606427507893083,0.061065,-0.9074548832117557,-0.9095298094850736,-2.795816408359085,-2.802755176056354,0.05382905263571358,0.050231684955841516,0.03680614955670847,0.011152413064194832,0.03681008913159368,0.011154128405413782,1.5257994964321513,1.2038233628770572,1.211032675411488,0.01146975143095959,0.0502316849558415,0.40355,12029.0,0.061065,1441687.4,0,2.0,0
2058,2023-01-22 03:16:59.999,0.4029229950573172,0.4035,0.0606433125634257,0.06098,-0.9075787912721335,-0.9090098145556623,-2.797209337422028,-2.8027459124344363,0.05434147475264861,0.051246466565686544,0.03681507341341105,0.01114853981537334,0.036819129511846425,0.011150437130938079,1.5714491759416827,1.2944648708501936,1.2038233628770572,0.011463333553528958,0.0512464665656864,0.4034999999999999,303389.0,0.06098,2296546.4,0,2.0,0
2059,2023-01-22 03:17:59.999,0.4031130247317511,0.4035,0.0605911209034978,0.06089,-0.9075787912721335,-0.9085382979651151,-2.798686321361654,-2.803606916386195,0.05551684362969822,0.05245386929700946,0.036824352215231414,0.011144870437520136,0.03682867817945601,0.011147207550533849,1.6764885165654981,1.402395583636394,1.2944648708501936,0.011456917861524548,0.0524538692970093,0.4034999999999999,200367.0,0.06089,3206184.3,0,2.0,0
2060,2023-01-22 03:18:59.999,0.4032230679225258,0.4034,0.0605392785746271,0.060825,-0.9078266534620257,-0.9082653517520894,-2.799754390312551,-2.804462891967213,0.056489531543861715,0.053079130594756774,0.03683377575346329,0.011141399106150389,0.03683832464394938,0.011144121226234349,1.7633698073609858,1.4581072526452765,1.402395583636394,0.011450620376074312,0.0530791305947566,0.4034,80470.0,0.060825,2165320.6,0,2.0,0
2061,2023-01-22 03:19:59.999,0.4030512340124892,0.40335,0.0604702870241646,0.060745,-0.9079506075991537,-0.9086915935713458,-2.8010705046754314,-2.805603158153549,0.056995432905638355,0.05403107175604216,0.036843419648445466,0.011138249347272896,0.03684808338676002,0.01114117809761868,1.8083679609416388,1.5431197104421928,1.4581072526452765,0.011444521449909357,0.0540310717560421,0.40335,18194.0,0.060745,4737645.6,0,2.0,0
2062,2023-01-22 03:20:59.999,0.4027008919161474,0.40325,0.0603474084914873,0.06076,-0.9081985619768188,-0.9095611962869842,-2.800823601254565,-2.8076372736781274,0.05778867605738591,0.053581279120878844,0.036853217854371234,0.011134350614152118,0.03685806290371236,0.011137615654317992,1.87927235086074,1.5023831964879664,1.5431197104421928,0.011438781183707685,0.0535812791208787,0.40325,140147.0,0.06076,1521277.7,0,2.0,0
2063,2023-01-22 03:21:59.999,0.4023249409662093,0.4033,0.0603506362482336,0.0607,-0.9080745771028146,-0.9104952060091887,-2.8018115809166844,-2.8075837888556676,0.05681094363854977,0.05451291620458576,0.036863551555825845,0.01113001904976311,0.036868167939089605,0.011132866606307442,1.791342374313672,1.5857443342952375,1.5023831964879664,0.011432966227649747,0.0545129162045858,0.4033,87018.0,0.0607,1268943.7,0,2.0,0
2064,2023-01-22 03:22:59.999,0.4023055221668937,0.40315,0.0603341199114068,0.06066,-0.9084465778511059,-0.9105434736306847,-2.802470776721702,-2.807857499263767,0.05698642841236701,0.05467979390588451,0.03687377253691047,0.011126100611132294,0.03687842716682841,0.011129018897712934,1.8068080780841234,1.6003829186263254,1.5857443342952375,0.011426798619851446,0.0546797939058845,0.40315,43294.0,0.06066,276352.1,0,2.0,0
2065,2023-01-22 03:23:59.999,0.4024235425405235,0.40365002,0.0603626850586144,0.06068,-0.9072070635932381,-0.9102501565885847,-2.8021411245018055,-2.807384161999404,0.056892802380479446,0.0556498245356567,0.03688400585230497,0.011123034567249527,0.036888636446271224,0.011125911039281481,1.7979800362937384,1.687113221656749,1.6003829186263254,0.01142038694141474,0.0556497749877822,0.40365,77278.0,0.06068,1487221.6,0,2.0,0
2066,2023-01-22 03:24:59.999,0.4030007101904138,0.404,0.0603989337113131,0.060745,-0.9063404010209869,-0.9088169547779156,-2.8010705046754314,-2.8067838279834048,0.057835243993169194,0.055641278334208955,0.03689428631859231,0.011119842049544528,0.03689913264066465,0.011123117102636018,1.882216213254016,1.6859045238313008,1.687113221656749,0.01141355748357421,0.055641278334209,0.404,34588.0,0.060745,967143.8,0,2.0,0
2067,2023-01-22 03:25:59.999,0.4033166375817474,0.404,0.0604558297850322,0.06075,-0.9063404010209869,-0.9080333243416525,-2.8009881967614794,-2.8058422667858736,0.057849168320173616,0.05557399337771851,0.03690465726796731,0.011116365762688452,0.03690950441239041,0.011119644192501391,1.883123555509448,1.6794460085519975,1.6859045238313008,0.011406557544536835,0.0555739933777186,0.404,63195.0,0.06075,232357.7,0,2.0,0
2068,2023-01-22 03:26:59.999,0.4032270465299948,0.404,0.0604143438331256,0.06074,-0.9063404010209869,-0.9082554847872327,-2.801152819364534,-2.8065287215545536,0.05818816994304743,0.055708568829240135,0.03691528628858318,0.011112387342902931,0.03692020942759138,0.011115812146396363,1.913306939282067,1.6912011758354994,1.6794460085519975,0.011399947305053146,0.0557085688292402,0.404,33931.0,0.06074,125155.1,0,2.0,0
2069,2023-01-22 03:27:59.999,0.4030138341038844,0.4042,0.0603540491148848,0.060755,-0.9058454740126164,-0.9087843898234376,-2.800905895621562,-2.807527239822101,0.05847553220072954,0.05600164096722626,0.036925983149971725,0.011108512930742873,0.036930970317074416,0.011112063169199533,1.9388444392012132,1.7172107496461158,1.6912011758354994,0.011393256094266243,0.0560016409672261,0.4042,58923.0,0.060755,89678.2,0,2.0,0
2070,2023-01-22 03:28:59.999,0.4029799385647191,0.40435,0.0603852920224223,0.06079,-0.9054744394403059,-0.9088684985109602,-2.800329977221506,-2.80700971325718,0.057968356632617346,0.055901874584569966,0.036936688760984424,0.01110450927705046,0.036941556075928104,0.01110783205399838,1.8929706944138056,1.7078814876385973,1.7172107496461158,0.011386187311390909,0.05590187458457,0.40435,45864.0,0.06079,263729.8,0,2.0,0
2071,2023-01-22 03:29:59.999,0.4031123707824682,0.40435,0.0604601870899741,0.060845,-0.9054744394403059,-0.908539920214393,-2.7994256321933735,-2.8057701951934346,0.057283655464501204,0.05516259189656558,0.036947224543641966,0.011100204135767837,0.03695193096135103,0.011103229537497657,1.831154119122386,1.6409939069704866,1.7078814876385973,0.011379005583706303,0.0551625918965661,0.40435,27268.0,0.0608449999999999,235704.4,0,2.0,0
2072,2023-01-22 03:30:59.999,0.4033093143481752,0.40445,0.0605280857586688,0.0609,-0.9052271595181755,-0.9080514820355747,-2.7985221042662856,-2.8046477942495387,0.05685455491527969,0.05467125709329246,0.03695787380496256,0.011095133930037512,0.036962478452291954,0.01109797745917428,1.7924055564326005,1.5965001774674397,1.6409939069704866,0.011371769539939139,0.0546712570932923,0.40445,50971.0,0.0608999999999999,197201.4,0,2.0,0
2073,2023-01-22 03:31:59.999,0.4035412716564014,0.40435,0.0605856662723726,0.060885,-0.9054744394403059,-0.9074765123481507,-2.7987684400231663,-2.803696944043406,0.056652224927898454,0.05462535137551228,0.036968633497667935,0.011089722437880296,0.03697318883009799,0.011092480644396866,1.7740879365645699,1.5921695043991804,1.5965001774674397,0.011364092851785794,0.0546253513755123,0.40435,78542.0,0.0608849999999999,10231.9,0,2.0,0
2074,2023-01-22 03:32:59.999,0.4035204900467481,0.4043,0.060564407744223,0.060895,-0.9055981023354119,-0.9075280117764325,-2.7986042094430634,-2.804047889406673,0.0568876158162851,0.054367433499249995,0.036979362825351116,0.011084127014899855,0.036983970150736664,0.011086980721272887,1.7952268670729061,1.5687361440846843,1.5921695043991804,0.011356343333032657,0.0543674334992494,0.4043,13113.0,0.060895,127239.5,0,2.0,0
2075,2023-01-22 03:33:59.999,0.4033830009540101,0.4044,0.0605618673163316,0.060915,-0.9053507918358208,-0.9078687937797377,-2.798275829175766,-2.8040898361748785,0.056581124397422466,0.05434630016474751,0.03699013253928422,0.011078391890556373,0.03699466644158881,0.011081117571919938,1.7675525802078522,1.5666685017938675,1.5687361440846843,0.011348612116860422,0.0543463001647475,0.4044,6698.0,0.060915,22589.5,0,2.0,0
2076,2023-01-22 03:34:59.999,0.4033184097343842,0.40435,0.0605760503350285,0.060925,-0.9054744394403059,-0.9080289304025527,-2.798111679470867,-2.8038556730154536,0.05622956440792082,0.054088463692852584,0.03700085599946089,0.011072515089649662,0.03700530605926381,0.011075096672779398,1.7358095298532958,1.5432453742478804,1.5666685017938675,0.011340629671376296,0.0540884636928526,0.40435,166209.0,0.060925,120291.7,0,2.0,0
2077,2023-01-22 03:35:59.999,0.4032541330094515,0.40425,0.060593613331702,0.060925,-0.9057217805249208,-0.9081883127808572,-2.798111679470867,-2.803565782026818,0.05583320235632794,0.0538411226082377,0.037011518448980596,0.011066546990066685,0.03701587431195383,0.011068969480739628,1.7000072208272758,1.5207638095571574,1.5432453742478804,0.011332479860813559,0.0538411226082375,0.40425,28695.0,0.060925,63622.2,0,2.0,0
2078,2023-01-22 03:36:59.999,0.4032556256112499,0.40435,0.0606015021691886,0.06092,-0.9054744394403059,-0.9081846113952696,-2.7981937509551758,-2.8034355979436536,0.05573048104267708,0.054155555373174624,0.0370222486576918,0.011060690387921259,0.03702657826481631,0.011063070992212149,1.690661010042093,1.54902687938839,1.5207638095571574,0.011324157948902017,0.0541555553731747,0.40435,56532.0,0.06092,33192.1,0,2.0,0
2079,2023-01-22 03:37:59.999,0.4034428298254234,0.40435,0.0606049861464876,0.060925,-0.9054744394403059,-0.9077204869971817,-2.798111679470867,-2.803378109646643,0.056147609989448344,0.054088463692852584,0.03703284206884673,0.011055114044992436,0.03703726575964066,0.011057658012124228,1.728245186173604,1.542781155815523,1.54902687938839,0.011315382092282658,0.0540884636928526,0.40435,68316.0,0.060925,32254.0,0,2.0,0
2080,2023-01-22 03:38:59.999,0.4035095825720683,0.40445,0.0606071132437389,0.060925,-0.9052271595181755,-0.9075550429244665,-2.798111679470867,-2.803343012535674,0.056284362925782094,0.054335743614983056,0.03704356612762456,0.011049421827514417,0.03704801898501825,0.011052019021396456,1.7405275817497892,1.5649848252058634,1.542781155815523,0.011306371364084952,0.0543357436149829,0.40445,30294.0,0.060925,50633.2,0,2.0,0
2081,2023-01-22 03:39:59.999,0.4036324900933922,0.40435,0.0605910151264093,0.060925,-0.9054744394403059,-0.9072504930157548,-2.798111679470867,-2.8036086621400162,0.05680607569541074,0.054088463692852584,0.03705429171999793,0.011043472068940944,0.03705886283408621,0.011046280711243923,1.7876797971668417,1.5424652560821128,1.5649848252058634,0.011297011874041306,0.0540884636928526,0.40435,44383.0,0.060925,39020.7,0,2.0,0
2082,2023-01-22 03:40:59.999,0.4035098022191557,0.40405,0.0605879942572039,0.0609,-0.9062166463026804,-0.9075544985829265,-2.7985221042662856,-2.803658520101744,0.0565428279439153,0.05368177030878751,0.03706487528194863,0.01103749193975492,0.03706938302382828,0.011040190921987434,1.7638684926457275,1.5054955525709632,1.5424652560821128,0.011287492740289246,0.0536817703087875,0.40405,76802.0,0.0608999999999999,62253.5,0,2.0,0
2083,2023-01-22 03:41:59.999,0.403211581378252,0.4039,0.0606053710328686,0.0609,-0.9065879564127699,-0.9082938389811155,-2.7985221042662856,-2.8033717589289324,0.05556906642982873,0.053310460198698006,0.03707525028576519,0.01103169111461887,0.03707953027098715,0.011034001061615499,1.6756873645011694,1.4716882247925156,1.5054955525709632,0.011277905970145807,0.053310460198698,0.4039,77459.0,0.0608999999999999,244854.5,0,2.0,0
2084,2023-01-22 03:42:59.999,0.4030206681234893,0.40385,0.060570409927336,0.060915,-0.9067117570938318,-0.9087674326842924,-2.798275829175766,-2.8039487901842812,0.055567183416981636,0.052985334906736514,0.03708566428179514,0.011025468962347977,0.03708994142114603,0.011027776882864831,1.675518301838868,1.4420856545185348,1.4716882247925156,0.011268354426890307,0.0529853349067366,0.40385,17452.0,0.060915,47944.5,0,2.0,0
2085,2023-01-22 03:43:59.999,0.4029368228398633,0.40385,0.0606651030881089,0.060925,-0.9067117570938318,-0.9089754964714487,-2.798111679470867,-2.8023866541785183,0.05408210690852666,0.052851146039326724,0.037095955327469024,0.01101942985080284,0.03709988639703187,0.011021183726669688,1.540870829546217,1.4297645999089352,1.4420856545185348,0.01125875077492968,0.0528511460393268,0.40385,20455.0,0.060925,50006.8,0,2.0,0
2086,2023-01-22 03:44:59.999,0.402918297604835,0.4039,0.0606854625110059,0.060964998,-0.9065879564127699,-0.9090214730609413,-2.7974553827756177,-2.802051106948268,0.05376182764625426,0.05243843823093064,0.0371060576914841,0.011013484136002283,0.037109912301517604,0.011015123602638604,1.5117320463610404,1.392146240927165,1.4297645999089352,0.01124948260980966,0.0524384114129663,0.4039,17083.0,0.060965,177481.2,0,2.0,0
2087,2023-01-22 03:45:59.999,0.4029310021920479,0.4039,0.060689726038781,0.061,-0.9065879564127699,-0.9089899421352032,-2.796881414808826,-2.8019808532526356,0.053735927680757634,0.05196923171337575,0.03711590104199058,0.011007759594621505,0.03711974738002316,0.011009388740563678,1.5092736474562645,1.3493509322862258,1.392146240927165,0.011240115145999069,0.0519692317133757,0.4039,39141.0,0.061,40079.2,0,2.0,0
2088,2023-01-22 03:46:59.999,0.4028984395113446,0.4041,0.0606465338757695,0.061,-0.906092906897709,-0.9090707599336998,-2.796881414808826,-2.802692794841511,0.054237106880256736,0.052464281228436604,0.0371258908792873,0.011002100015414585,0.0371298508922475,0.011003905499158374,1.5546531174152374,1.3941329680387677,1.3493509322862258,0.011230808032675513,0.0524642812284366,0.4041,784856.0,0.061,50431.5,0,2.0,0
2089,2023-01-22 03:47:59.999,0.403060883508396,0.40405,0.0605828302908514,0.06098,-0.9062166463026804,-0.9086676527430231,-2.797209337422028,-2.8037437545857857,0.05549935114866589,0.05260861153513963,0.03713594211583284,0.010996404254066998,0.03714019192120957,0.010998679234333725,1.6692148971983793,1.407066261099327,1.3941329680387677,0.011222128614725622,0.0526086115351396,0.40405,188869.0,0.06098,212253.2,0,2.0,0
2090,2023-01-22 03:48:59.999,0.4031987719594747,0.404,0.0605529255968165,0.061005,-0.9063404010209869,-0.9083256079650464,-2.7967994509548397,-2.8042374931095315,0.05624501659314829,0.05214978341032006,0.03714587379628052,0.010990583054328847,0.03715029387098472,0.010993150645874911,1.736965437595336,1.365160477826513,1.407066261099327,0.011214454512485152,0.0521497834103197,0.404,18638.0,0.061005,97892.9,0,2.0,0
2091,2023-01-22 03:49:59.999,0.4033743698218722,0.4042,0.0606148509710989,0.06106,-0.9058454740126164,-0.9078901908749509,-2.7958982916754054,-2.8032153504008352,0.05584485391479055,0.05190803201200345,0.037155641814518206,0.010984945391872315,0.03715996701981798,0.010987352504306817,1.7005813627667332,1.342964363609894,1.365160477826513,0.011207174594634986,0.0519080320120033,0.4042,8042.0,0.06106,142606.0,0,2.0,0
2092,2023-01-22 03:50:59.999,0.4035746230698275,0.40435,0.0607337164188137,0.061065,-0.9054744394403059,-0.907393868916983,-2.795816408359085,-2.8012562751799512,0.054739673846161296,0.05221212872729131,0.0371654655954076,0.01097942818155741,0.03716953275769659,0.010981411825161378,1.5999892698866616,1.3704414185392821,1.342964363609894,0.011200296312526609,0.0522121287272914,0.40435,103510.0,0.061065,65285.2,0,2.0,0
2093,2023-01-22 03:51:59.999,0.4035466180661872,0.40425,0.0607409963713787,0.061065,-0.9057217805249208,-0.9074632637048395,-2.795816408359085,-2.8011364156238923,0.05457229643880679,0.051964787642676424,0.0371753996960156,0.010973397621648163,0.03717942582347285,0.010975318390805221,1.5847258362823575,1.3477492073635,1.3704414185392821,0.011194192505875923,0.0519647876426763,0.40425,29072.0,0.061065,35081.0,0,2.0,0
2094,2023-01-22 03:52:59.999,0.4032164635339668,0.40425,0.0607039521683081,0.061075,-0.9057217805249208,-0.9082817308810919,-2.795652661838333,-2.8017464731794335,0.05425253824581622,0.05183092836966996,0.037185348068770746,0.010967196669913323,0.037189297892926514,0.010969000117816083,1.5555875804190418,1.3353987114206607,1.3477492073635,0.011188514885293542,0.0518309283696694,0.40425,55418.0,0.061075,92069.7,0,2.0,0
2095,2023-01-22 03:53:59.999,0.402935774524219,0.40435,0.0607026219547533,0.06108,-0.9054744394403059,-0.9089780981622066,-2.7955707986317053,-2.8017683865488614,0.05357408467479008,0.052011348036505534,0.037195338205337665,0.010961039289360472,0.03719912870440488,0.010962602190853961,1.4937106797550983,1.3516975388957224,1.3353987114206607,0.011182611295390337,0.0520113480365056,0.40435,92862.0,0.0610799999999999,121241.7,0,2.0,0
2096,2023-01-22 03:54:59.999,0.4029481346648631,0.40435,0.0607330679785943,0.061095,-0.9054744394403059,-0.908947423419842,-2.7953252492136516,-2.8012669520118543,0.0531948474246684,0.05181061664730169,0.03720523402419917,0.010954930352775307,0.03720893446701344,0.010956362544745277,1.4590529377217332,1.333224598676012,1.3516975388957224,0.011177166727136055,0.0518106166473018,0.40435,19660.0,0.061095,44974.4,0,2.0,0
2097,2023-01-22 03:55:59.999,0.4031350193923642,0.40445,0.0607883058408958,0.061105,-0.9052271595181755,-0.9084837374343234,-2.795161583092173,-2.80035784665253,0.0529153592534074,0.05192410302110961,0.03721523328739234,0.010948644591759756,0.037218866734734624,0.010949982139704306,1.4334719745119737,1.3434420681430799,1.333224598676012,0.011172044018988185,0.0519241030211095,0.40445,171008.0,0.061105,127755.3,0,2.0,0
2098,2023-01-22 03:56:59.999,0.4034183791110152,0.40435,0.0608109941375071,0.06108,-0.9054744394403059,-0.9077810939866984,-2.7955707986317053,-2.7999846817267677,0.05331294836800193,0.052011348036505534,0.037225207474601715,0.010942490790305051,0.03722893062685661,0.010943960763977993,1.4696706327827682,1.3512591278581843,1.3434420681430799,0.011167350337484195,0.0520113480365056,0.40435,1708.0,0.0610799999999999,293371.3,0,2.0,0
2099,2023-01-22 03:57:59.999,0.4034815076807184,0.40445,0.0607735041595634,0.06106,-0.9052271595181755,-0.9076246221099132,-2.7958982916754054,-2.800601371841987,0.05397355120350589,0.05252634650644439,0.037235190502386946,0.010936771625220209,0.037239064226224285,0.010938469572240062,1.5298746197320718,1.3981416571592313,1.3512591278581843,0.011163131359921046,0.0525263465064442,0.40445,35463.0,0.06106,155692.6,0,2.0,0
2100,2023-01-22 03:58:59.999,0.4034496289011736,0.40465,0.0607277035691035,0.061075,-0.9047327830404261,-0.9077036345017176,-2.795652661838333,-2.801355283568223,0.05451084549792362,0.05281992585416462,0.03724496487711909,0.01093182575037734,0.03724896068378902,0.010933715408847569,1.5787757563331373,1.4247355686681997,1.3981416571592313,0.011159230915220988,0.0528199258541641,0.40465,46817.0,0.061075,37319.5,0,2.0,0
2101,2023-01-22 03:59:59.999,0.4033565484559193,0.40465,0.0607150512070997,0.061095,-0.9047327830404261,-0.9079343725606952,-2.7953252492136516,-2.801563651075579,0.054450443412649374,0.052552273047181464,0.03725455367960577,0.010927079977086975,0.03725853328843082,0.010928946022431385,1.5730620399197321,1.3999823740334585,1.4247355686681997,0.011155164482766818,0.0525522730471814,0.40465,7555.0,0.061095,124243.3,0,2.0,0
2102,2023-01-22 04:00:59.999,0.4032171773870008,0.4045,0.0607538465098716,0.06109,-0.9051035424835906,-0.9082799604861138,-2.7954070923204615,-2.8009248817309946,0.05358267523147764,0.05224841859062612,0.0372640096618479,0.010922374991641151,0.037267786256518026,0.01092393158300592,1.493499739630397,1.3719002451614903,1.3999823740334585,0.011151359949557006,0.052248418590626,0.4044999999999999,112352.0,0.06109,58779.1,0,2.0,0
2103,2023-01-22 04:01:59.999,0.403178464587851,0.4042,0.0608005222057405,0.06107,-0.9058454740126164,-0.9083759748918582,-2.795734531747094,-2.8001569011366945,0.052858853141246276,0.051774161778603944,0.037273370453509716,0.010917476968548397,0.03727697736919768,0.01091878755525099,1.427070147963,1.3282181741137462,1.3719002451614903,0.011148014945634907,0.0517741617786038,0.4042,53718.0,0.06107,65043.4,0,2.0,0
2104,2023-01-22 04:02:59.999,0.40321287430088,0.40415,0.0607971071168815,0.061065,-0.9059691828022837,-0.9082906324250175,-2.795816408359085,-2.8002130714564437,0.05299011364122541,0.05171738536531356,0.03728275003214713,0.010912475176123197,0.03728638515448202,0.010913827949842974,1.4388836399944651,1.3227645515977733,1.3282181741137462,0.011144892807309223,0.0517173853653134,0.40415,59315.0,0.061065,23903.4,0,2.0,0
2105,2023-01-22 04:03:59.999,0.4033761968862808,0.40425,0.0607782254621335,0.06107,-0.9057217805249208,-0.9078856614342935,-2.795734531747094,-2.800523688001746,0.05364900700383879,0.05189785526629953,0.03729211165281633,0.010907660813599541,0.037295897094924875,0.010909236158503843,1.49901511630276,1.339035368176551,1.3227645515977733,0.011141913879772598,0.0518978552662994,0.40425,1896.0,0.06107,55393.3,0,2.0,0
2106,2023-01-22 04:04:59.999,0.4034554395650305,0.40435,0.060779462342963,0.06111,-0.9054744394403059,-0.9076892321535751,-2.795079760075313,-2.8005033374858406,0.053828800173744695,0.051609934535473356,0.03730143991307122,0.010902668808426101,0.03730526480551757,0.010904305501759528,1.5153221235007472,1.3123845981035258,1.339035368176551,0.011138506265143164,0.0516099345354734,0.40435,31652.0,0.06111,480662.3,0,2.0,0
2107,2023-01-22 04:05:59.999,0.4033923659070991,0.4045,0.0608084305986552,0.061135,-0.9051035424835906,-0.9078455780161582,-2.7946707453859836,-2.800026838460494,0.05328292656529976,0.05164647074540063,0.03731077526177139,0.010897680908827945,0.03731447166336905,0.010899127981710348,1.465113074066762,1.315481303184079,1.3123845981035258,0.01113405386831008,0.0516464707454005,0.4044999999999999,20596.0,0.0611349999999999,32523.0,0,2.0,0
2108,2023-01-22 04:06:59.999,0.4033539975545182,0.40455002,0.0608132643449371,0.061135,-0.9049798912906428,-0.907940696765613,-2.7946707453859836,-2.799947350236182,0.053122827895232705,0.0517701219383484,0.037320204401876174,0.010892564080594384,0.03732386157000702,0.010893955814044794,1.450250633920987,1.3265854971847664,1.315481303184079,0.011129980824861562,0.0517700725007028,0.40455,58634.0,0.0611349999999999,29251.1,0,2.0,0
2109,2023-01-22 04:07:59.999,0.403343664157453,0.40455002,0.060821422514002,0.061145,-0.9049798912906428,-0.9079663157739631,-2.794507186340804,-2.799813208088283,0.0529875505545111,0.05163641592260659,0.03732954287956484,0.01088753931831936,0.03733316657955904,0.010888884519493436,1.4376480847902608,1.3140593686737856,1.3265854971847664,0.011126688003889345,0.051636366484961,0.40455,8190.0,0.061145,181845.5,0,2.0,0
2110,2023-01-22 04:08:59.999,0.403395955140186,0.4044,0.0608509085440982,0.06116,-0.9053507918358208,-0.9078366804330045,-2.7942618979212757,-2.7993285287792404,0.052720970942921275,0.05106499734892811,0.03733866027281462,0.01088254493797448,0.03734222016882714,0.010883800950178173,1.4129944901135274,1.2613168293213877,1.3140593686737856,0.011123815586797384,0.0510649973489276,0.4044,62191.0,0.06116,167325.9,0,2.0,0
2111,2023-01-22 04:09:59.999,0.4034514559655822,0.40425,0.0608666533303967,0.061165,-0.9057217805249208,-0.9076991059059756,-2.7941801484832576,-2.7990698185957,0.05264705543688519,0.05062718024545021,0.03734760213041863,0.010877588842465535,0.03735114285092463,0.010878819539729561,1.4060268699282794,1.2208200095952153,1.2613168293213877,0.011120512420035047,0.0506271802454501,0.40425,25589.0,0.061165,17012.8,0,2.0,0
2112,2023-01-22 04:10:59.999,0.4034565877202599,0.40425,0.0608625182462291,0.06119,-0.9057217805249208,-0.9076863863533129,-2.793771501507688,-2.799137757679087,0.05271531373485505,0.05029312009678322,0.03735646941993532,0.010872523496936626,0.037360023885178305,0.010873775311880541,1.4121397039443848,1.1898480311854784,1.2208200095952153,0.011116770157922621,0.0502931200967831,0.40425,87534.0,0.06119,570538.7,0,2.0,0
2113,2023-01-22 04:11:59.999,0.4035351964176438,0.4043,0.0608749003877713,0.061205,-0.9055981023354119,-0.9074915672754049,-2.7935263934546612,-2.7989343339212347,0.05274383824837581,0.050216427703543176,0.03736530853916403,0.01086745180556814,0.03736886756015668,0.010868711818997942,1.4146083679709385,1.182532887589585,1.1898480311854784,0.01111300041349874,0.050216427703543,0.4043,58677.0,0.0612049999999999,16109.3,0,2.0,0
2114,2023-01-22 04:12:59.999,0.4034799501831898,0.40435,0.060890322065064,0.061205,-0.9054744394403059,-0.9076284822633652,-2.7935263934546612,-2.7986810320824254,0.05239985443331319,0.05034009059864919,0.03737414581595079,0.010862475459026607,0.03737762318429547,0.010863622967022231,1.382801234415021,1.1936454845496411,1.182532887589585,0.011108889832798669,0.0503400905986493,0.40435,46097.0,0.0612049999999999,16285.3,0,2.0,0
2115,2023-01-22 04:13:59.999,0.4033626286866562,0.40445,0.0609348071085402,0.06121,-0.9052271595181755,-0.9079192985897044,-2.7934447041191586,-2.797950722239864,0.0515120254550665,0.05052059123892072,0.03738294663559979,0.010857720364397855,0.03738621649878412,0.010858590972893415,1.3008878400102748,1.2099818527652344,1.1936454845496411,0.011104380166622838,0.0505205912389206,0.40445,79697.0,0.06121,96635.0,0,2.0,0
2116,2023-01-22 04:14:59.999,0.4033146757338988,0.40455002,0.0609089686102329,0.061215,-0.9049798912906428,-0.9080381886404126,-2.7933630214562584,-2.7983748472892103,0.051739848546772715,0.050701085639303534,0.03739169785665697,0.010853214809489864,0.0373950184191865,0.010854153315070971,1.3215982593196327,1.226308335020612,1.2099818527652344,0.011099290478755124,0.050701036201658,0.40455,83429.0,0.061215,8305.4,0,2.0,0
2117,2023-01-22 04:15:59.999,0.403317730825205,0.40445,0.0609665691238064,0.061235,-0.9052271595181755,-0.9080306137121519,-2.7930363575088863,-2.7974296121922726,0.05097471403171072,0.05018677663245008,0.037400331439807484,0.010848554027177775,0.037403472930803074,0.01084926363405942,1.2508905266439505,1.1786312867696487,1.226308335020612,0.011093854848091219,0.0501867766324499,0.40445,81630.0,0.061235,665010.5,0,2.0,0
2118,2023-01-22 04:16:59.999,0.4032480527787147,0.40435,0.0609891316434595,0.061255,-0.9054744394403059,-0.908203390807536,-2.792709800236003,-2.797059600462299,0.05049946027330687,0.04967254313510849,0.037408905491931384,0.01084361167019969,0.037411935011667875,0.010844185113260909,1.206870329577351,1.1309550743946246,1.1786312867696487,0.011088355702053881,0.0496725431351086,0.40435,21700.0,0.061255,22992.4,0,2.0,0
2119,2023-01-22 04:17:59.999,0.4031804214437203,0.40445,0.0609753161779232,0.06126,-0.9052271595181755,-0.9083711213312335,-2.792628177577508,-2.797286149523803,0.05051692875435099,0.04985309828240514,0.037417396711505874,0.010838989768493134,0.03742042830883122,0.010839567035183252,1.2082125054451824,1.1473118654514711,1.1309550743946246,0.011082583359258175,0.049853098282405,0.40445,41669.0,0.0612599999999999,79353.2,0,2.0,0
2120,2023-01-22 04:18:59.999,0.4032050618533404,0.40455002,0.0609152974578841,0.061265,-0.9049798912906428,-0.9083100081040286,-2.792546561580727,-2.7982709460245254,0.05138309202500546,0.05003364718091263,0.03742598780470408,0.010834276790845258,0.03742921786816632,0.010835103142659829,1.2878395316699967,1.1636825991802022,1.1473118654514711,0.011076601897564533,0.0500335977432671,0.40455,23296.0,0.061265,39432.4,0,2.0,0
2121,2023-01-22 04:19:59.999,0.4033052858209136,0.4046,0.0608656017816928,0.06127,-0.904856354248492,-0.9080614707644195,-2.7924649522445737,-2.799087095014394,0.052298813680635714,0.050090470338958415,0.03743433252361017,0.010830144353550819,0.03743777257942063,0.010831251307254909,1.372052099950905,1.1686028738110723,1.1636825991802022,0.01107050127874957,0.0500904703389584,0.4046,51740.0,0.06127,120243.8,0,2.0,0
2122,2023-01-22 04:20:59.999,0.4034841434457669,0.40465,0.0608658311135319,0.061275,-0.9047327830404261,-0.907618089576478,-2.792383349567961,-2.799083327181655,0.05273911474602633,0.050147333106951075,0.03744257016075328,0.010826276349505557,0.03744611020810003,0.010827523830194254,1.4124193839480963,1.1735117907624841,1.1686028738110723,0.011064545614344019,0.050147333106951,0.40465,23314.0,0.0612749999999999,63648.7,0,2.0,0
2123,2023-01-22 04:21:59.999,0.4036915701679168,0.40465,0.0609258720556484,0.061275,-0.9047327830404261,-0.9071041327682702,-2.792383349567961,-2.79809736598039,0.05244706939304089,0.050147333106951075,0.03745084257317991,0.010822326899194271,0.03745431311861381,0.0108234785110602,1.3852068222897487,1.1731756628712098,1.1735117907624841,0.011059011257146208,0.050147333106951,0.40465,83507.0,0.0612749999999999,29729.2,0,2.0,0
2124,2023-01-22 04:22:59.999,0.4037812460833167,0.40465,0.0609688077758864,0.06128,-0.9047327830404261,-0.9068820177596562,-2.7923017535498014,-2.797392893528056,0.05209329326278067,0.05008063011002073,0.037459160365245874,0.010818221302429223,0.03746254711204003,0.010819259580361488,1.3522871913802263,1.1666862224329535,1.1731756628712098,0.011053428769078399,0.0500806301100207,0.40465,20857.0,0.06128,53942.2,0,2.0,0
2125,2023-01-22 04:23:59.999,0.4036842718942408,0.40465,0.0609656331299052,0.061275,-0.9047327830404261,-0.9071222117676555,-2.792383349567961,-2.797444964886375,0.05189566647475685,0.050147333106951075,0.03746750808466928,0.010814094524436619,0.03747084716321362,0.010815070121565807,1.3337702991661053,1.1725276668914981,1.1666862224329535,0.011047715288782057,0.050147333106951,0.40465,232612.0,0.0612749999999999,67815.1,0,2.0,0
2126,2023-01-22 04:24:59.999,0.4034203659187601,0.40465,0.0609312542428012,0.06126,-0.9047327830404261,-0.9077761690676679,-2.792628177577508,-2.7980090299540974,0.051702820284445505,0.05034747476015444,0.03747592093772758,0.010809973700439748,0.0374792134393121,0.010810888909837404,1.3156741285344806,1.190710928547703,1.1725276668914981,0.011041713369301556,0.0503474747601544,0.40465,151230.0,0.06126,246214.4,0,2.0,0
2127,2023-01-22 04:25:59.999,0.4031543932638665,0.4045,0.0609035957563526,0.061225,-0.9051035424835906,-0.9084356805673922,-2.7931996761439057,-2.798463062391022,0.051414470575817606,0.05044390315262104,0.03748441979420371,0.010805732237458057,0.03748764359674516,0.010806559309708372,1.2887383097560843,1.1993156107915852,1.190710928547703,0.011035548526708483,0.0504439031526209,0.4044999999999999,116268.0,0.061225,135425.0,0,2.0,0
2128,2023-01-22 04:26:59.999,0.4030262291883833,0.40445,0.0608832985552725,0.06123,-0.9052271595181755,-0.908753634318682,-2.7931180134922737,-2.798796385633769,0.051369001435165096,0.05025352864966959,0.03749287743095594,0.01080142370378879,0.03749608875333599,0.0108022360442158,1.2842630567453248,1.1813860439747055,1.1993156107915852,0.011029332927552498,0.0502535286496694,0.40445,26709.0,0.06123,272531.1,0,2.0,0
2129,2023-01-22 04:27:59.999,0.4031831870002296,0.40445,0.0609218160820765,0.061275,-0.9052271595181755,-0.9083642620025626,-2.792383349567961,-2.798163940465887,0.05124136337451224,0.04965295662920177,0.03750122645048958,0.010796879332972482,0.03750440630166386,0.010797652830864271,1.2722169612253444,1.125485411474605,1.1813860439747055,0.011022832015718475,0.0496529566292016,0.40445,41079.0,0.0612749999999999,48385.5,0,2.0,0
2130,2023-01-22 04:28:59.999,0.4034123088642369,0.40445,0.060984914782047,0.06128,-0.9052271595181755,-0.9077961411257546,-2.7923017535498014,-2.7971287440471477,0.050963233354537674,0.049586253632271426,0.03750957877099623,0.010792267647548627,0.03751269232216113,0.010792959038723174,1.2462329361316435,1.1190118013815489,1.125485411474605,0.011016638633646375,0.0495862536322713,0.40445,5968.0,0.06128,97164.4,0,2.0,0
2131,2023-01-22 04:29:59.999,0.4035252973227741,0.4044,0.0609870721013236,0.061285,-0.9053507918358208,-0.9075160985093013,-2.7922201641890085,-2.7970933700349345,0.05121435847377376,0.04939592375995083,0.03751791884256319,0.010787527613235596,0.0375210885809643,0.010788291090334492,1.2692714516275532,1.1010868609795355,1.1190118013815489,0.01101082245608241,0.0493959237599508,0.4044,38360.0,0.061285,34989.7,0,2.0,0
2132,2023-01-22 04:30:59.999,0.4034182293516375,0.4043,0.0609766232805174,0.061265,-0.9055981023354119,-0.9077814652127337,-2.792546561580727,-2.797264713167808,0.051089061111025624,0.04941543613614352,0.0375263083312737,0.010782683014300113,0.03752944713080615,0.010783408859954323,1.257451530988032,1.1026131241271149,1.1010868609795355,0.0110052763095097,0.0494154361361434,0.4043,41772.0,0.061265,43794.3,0,2.0,0
2133,2023-01-22 04:31:59.999,0.4031629495163155,0.4043,0.0609311702433485,0.061275,-0.9055981023354119,-0.9084144575277889,-2.792383349567961,-2.7980104085489033,0.05106565879604663,0.049282013811965286,0.03753468703333386,0.010777750342785235,0.03753781847785195,0.010778468420389762,1.2550800160627549,1.0899609292300259,1.1026131241271149,0.010999985800539888,0.0492820138119651,0.4043,105013.0,0.0612749999999999,178650.1,0,2.0,0
2134,2023-01-22 04:32:59.999,0.4030152668019316,0.4044,0.0609547283120703,0.061275,-0.9053507918358208,-0.9087808348697873,-2.792383349567961,-2.7976238491635375,0.050383277437222485,0.04952932431155643,0.03754317204989766,0.010772760057736645,0.03754614360865428,0.010773283984190975,1.1915710982283383,1.1126352204466587,1.0899609292300259,0.010994532792989615,0.0495293243115564,0.4044,104377.0,0.0612749999999999,218740.3,0,2.0,0
2135,2023-01-22 04:33:59.999,0.4031176123606897,0.4043,0.0609983946942141,0.06126,-0.9055981023354119,-0.9085269175269932,-2.792628177577508,-2.796907731643404,0.05005178404767241,0.049482155465168653,0.037551646147747024,0.010767748652070216,0.03755453902853849,0.010768181429632227,1.1605715506189003,1.107985494732723,1.1126352204466587,0.01098880203969884,0.0494821554651685,0.4043,24075.0,0.0612599999999999,72030.4,0,2.0,0
2136,2023-01-22 04:34:59.999,0.4032601882802922,0.40455002,0.0609921756236254,0.0613,-0.9049798912906428,-0.9081732968767846,-2.791975436039971,-2.7970096915010862,0.05048875469739533,0.049566764285752685,0.037560035578094564,0.010762986910521667,0.037563027644541974,0.010763538118314384,1.2008808730709064,1.1155573083453811,1.107985494732723,0.010982896994947738,0.0495667148481069,0.4045499999999999,1469536.0,0.0613,917899.1,0,2.0,0
2137,2023-01-22 04:35:59.999,0.403567160060836,0.4044,0.0610239838608127,0.06129,-0.9053507918358208,-0.9074123613532507,-2.7921385814844966,-2.7964883140369494,0.050823475312723354,0.04932923164664205,0.03756844527885044,0.010757985113326311,0.03757151286275089,0.010758629609343984,1.2317518988164617,1.0932145977059484,1.1155573083453811,0.01097684174939426,0.049329231646642,0.4044,15305.0,0.06129,35765.3,0,2.0,0
2138,2023-01-22 04:36:59.999,0.4035226515737671,0.40445,0.0610035453273201,0.061295,-0.9052271595181755,-0.9075226551185104,-2.7920570054351797,-2.796823296377733,0.050987022435205254,0.04938617729145822,0.037576853666419385,0.010753021942660753,0.03757995715375305,0.010753712388303836,1.2467383167169563,1.0982330072430513,1.0932145977059484,0.010970579686063367,0.0493861772914581,0.40445,24150.0,0.061295,86912.5,0,2.0,0
2139,2023-01-22 04:37:59.999,0.4034373386482391,0.40455002,0.0609895560851383,0.061295,-0.9049798912906428,-0.9077340978836527,-2.7920570054351797,-2.7970526411862697,0.0509630641381148,0.04963344551899085,0.03758520061043332,0.010748381321280956,0.037588296621432545,0.01074906382530988,1.2442727789177195,1.1209357528749881,1.0982330072430513,0.010964201672594492,0.0496333960813453,0.40455,26550.0,0.061295,15979.0,0,2.0,0
2140,2023-01-22 04:38:59.999,0.4033737707843611,0.40465,0.0609780090492658,0.061315,-0.9047327830404261,-0.9078916759419277,-2.7917307677681475,-2.797241987196322,0.050960272386967875,0.049613861464933295,0.0375934837432352,0.01074385898825031,0.037596577191197175,0.010744539637150897,1.2437661963257756,1.1188138018977922,1.1209357528749881,0.010957922456272449,0.0496138614649337,0.40465,37206.0,0.0613149999999999,50591.5,0,2.0,0
2141,2023-01-22 04:39:59.999,0.4033891261125603,0.40465,0.0610189714490283,0.06131,-0.9047327830404261,-0.9078536094213673,-2.7918123172075404,-2.7965704558004703,0.050449376376679234,0.04968052638471954,0.037601782307731466,0.010739345670618605,0.037604755599578016,0.010739881043934656,1.1959742128014734,1.1247188094553915,1.1188138018977922,0.01095157724096455,0.0496805263847195,0.40465,22332.0,0.06131,143889.6,0,2.0,0
2142,2023-01-22 04:40:59.999,0.4034395101592165,0.40475,0.0610214460995705,0.061305,-0.9044856864243925,-0.9077287153745855,-2.791893873297787,-2.796529901194181,0.050541117901563015,0.049994293357469854,0.03761018384777002,0.010734839366408826,0.0376131764268151,0.010735399158999816,1.2042348200821225,1.1536371516141974,1.1247188094553915,0.010945466107909571,0.0499942933574697,0.40475,68397.0,0.061305,91723.9,0,2.0,0
2143,2023-01-22 04:41:59.999,0.4036126719357359,0.40489998,0.0610168234630242,0.06132,-0.9041152053389352,-0.9072995937316028,-2.791649224978524,-2.7966056583573247,0.051032169402578154,0.050164779682681626,0.03761865521194659,0.010730302599401224,0.03762175947350425,0.010731000737369515,1.2496886597326982,1.1692237338614417,1.1536371516141974,0.010939842370174545,0.0501648290775953,0.4049,41388.0,0.06132,54600.5,0,2.0,0
2144,2023-01-22 04:42:59.999,0.4037169194385915,0.40515,0.061018689228645,0.061355,-0.9034979100754028,-0.9070413410810155,-2.791078611553626,-2.7965750809363787,0.05126542566655867,0.050315610694798174,0.03762721939581341,0.01072566768049257,0.03763037565738961,0.010726432749158845,1.271163519879273,1.1829931410295247,1.1692237338614417,0.010934903949695693,0.0503156106947981,0.40515,77479.0,0.061355,202649.4,0,2.0,0
2145,2023-01-22 04:43:59.999,0.4038944442049828,0.40525,0.0610372886630097,0.06137,-0.9032511183663515,-0.9066017118800354,-2.7908341625811315,-2.796270312012645,0.051455912801016135,0.0503625706053169,0.037635609479419074,0.01072144944441186,0.0376388078833352,0.010722269738914476,1.2886361986897543,1.1870560218451864,1.1829931410295247,0.010930138369035431,0.050362570605317,0.40525,14365.0,0.06137,59471.4,0,2.0,0
2146,2023-01-22 04:44:59.999,0.4038692946134784,0.40535,0.0610525276748259,0.061375,-0.9030043875484209,-0.9066639815519801,-2.790752692867452,-2.796020675927467,0.05118957097703669,0.05054270167752428,0.0376441799840176,0.010716964401807432,0.03764731476554804,0.010717704872734928,1.26354069012846,1.20356112140592,1.1870560218451864,0.010925185192862286,0.0505427016775241,0.40535,54084.0,0.061375,146788.7,0,2.0,0
2147,2023-01-22 04:45:59.999,0.4037924281168558,0.4052,0.0611053148864288,0.061365,-0.9033745066076088,-0.9068543248471777,-2.7909156389326655,-2.795156429903114,0.0502927250704408,0.05030578753608672,0.03765283023708078,0.010712098359730825,0.03765575546152729,0.010712584240408305,1.1796378283072304,1.1811838235701086,1.20356112140592,0.010920073562189722,0.0503057875360868,0.4052,228351.0,0.061365,697636.7,0,2.0,0
2148,2023-01-22 04:46:59.999,0.403643667134952,0.40525,0.0610749697508193,0.061395,-0.9032511183663515,-0.9072228022646768,-2.7904268803696612,-2.7956531571177137,0.050330311510197956,0.05002962612206596,0.03766141378507384,0.010707154865548808,0.03766434572159898,0.010707650045383396,1.182889404763458,1.1551352803150268,1.1811838235701086,0.010915067851194978,0.0500296261220656,0.40525,290251.0,0.061395,159238.5,0,2.0,0
2149,2023-01-22 04:47:59.999,0.4036239338409431,0.40525,0.0611674024818764,0.061395,-0.9032511183663515,-0.9072716913666028,-2.7904268803696612,-2.7941408705515243,0.04904516053597119,0.05002962612206596,0.03766987297244677,0.01070248634158826,0.03767250553147559,0.010702646615715091,1.0626021219645532,1.154848766458224,1.1551352803150268,0.010910384106338626,0.050029626122066,0.40525,97966.0,0.061395,86099.3,0,2.0,0
2150,2023-01-22 04:48:59.999,0.4036086434084743,0.4054,0.0611670398175728,0.06142,-0.9028810449642375,-0.9073095749528245,-2.7900197639694606,-2.794146799614457,0.04901212383168707,0.05006689058809011,0.03767828002158449,0.010697955733365058,0.037680902989372066,0.01069810694666316,1.0591799931341424,1.1580353177072604,1.154848766458224,0.010905538165945607,0.0500668905880901,0.4054,62612.0,0.06142,387528.0,0,2.0,0
2151,2023-01-22 04:49:59.999,0.4036662907849516,0.4054,0.0611587843158087,0.061395,-0.9028810449642375,-0.9071667552661637,-2.7904268803696612,-2.7942817752311777,0.04926528319362711,0.05039969952418,0.03768675104880509,0.010693536189265685,0.03768943064430262,0.010693749139323881,1.0824877597658304,1.1888441999323232,1.1580353177072604,0.010900422361722643,0.0503996995241795,0.4054,41099.0,0.061395,179956.4,0,2.0,0
2152,2023-01-22 04:50:59.999,0.403647740590027,0.4053,0.0610677902420443,0.061365,-0.9031277453478742,-0.9072127106049959,-2.7909156389326655,-2.7957707164193653,0.0504365053806739,0.05055254879582127,0.03769537897039303,0.010688875840084953,0.03769832762265183,0.010689395963492615,1.1916648799919698,1.2028551942957226,1.1888441999323232,0.010895248855961182,0.0505525487958213,0.4053,61817.0,0.061365,363720.6,0,2.0,0
2153,2023-01-22 04:51:59.999,0.4036457687582199,0.40535,0.060981344138646,0.0614,-0.9030043875484209,-0.9072175956481289,-2.79034544382904,-2.7971872953782064,0.05158964329104199,0.050209784312537864,0.03770400143746193,0.010683942329497199,0.03770721496253797,0.010684793798524708,1.2992696527677323,1.1705213758547568,1.2028551942957226,0.010890152343131275,0.0502097843125382,0.40535,45101.0,0.0613999999999999,74884.9,0,2.0,0
2154,2023-01-22 04:52:59.999,0.4038066502657633,0.40555,0.0610246718563298,0.06143,-0.9025111084657833,-0.9068191040320736,-2.789856963806301,-2.796477039918229,0.051407516283355936,0.05030374144059713,0.03771258485767881,0.010679165290777332,0.03771575424703907,0.010679961270335032,1.2820048396942694,1.1790393949414948,1.1705213758547568,0.01088507184250699,0.0503037414405969,0.4055499999999999,131856.0,0.06143,142805.4,0,2.0,0
2155,2023-01-22 04:53:59.999,0.4040525801239341,0.4057,0.0611037540077104,0.061435,-0.9021413087697355,-0.906210260667991,-2.7897755736626024,-2.7951819743039117,0.05095767125007844,0.05060700643767635,0.037721164620933355,0.010674631355054379,0.03772422791800096,0.010675294930059389,1.2396325739736598,1.2071463068035244,1.1790393949414948,0.010880064892341714,0.0506070064376764,0.4057,15391.0,0.061435,37420.4,0,2.0,0
2156,2023-01-22 04:54:59.999,0.4041871938366191,0.4057,0.0611423253119417,0.061425,-0.9021413087697355,-0.9058771572542106,-2.789938360574894,-2.794550930662661,0.050774910005084495,0.05074008125132312,0.037729684072036515,0.010670330824725729,0.037732703101412364,0.010670941161303155,1.222217113422767,1.2193058859185864,1.2071463068035244,0.010875036368842796,0.0507400812513232,0.4057,55107.0,0.061425,107212.9,0,2.0,0
2157,2023-01-22 04:55:59.999,0.4041020406544274,0.4056,0.0611241329860354,0.06138,-0.9023878267051636,-0.9060878570356083,-2.790671229790547,-2.7948485155652385,0.05080747950680675,0.051092668200478975,0.037738178165402744,0.010666358997409253,0.03774120276650004,0.010666977299226874,1.224927772299069,1.2520195540315018,1.2193058859185864,0.010869977692218591,0.0510926682004786,0.4056,67428.0,0.06138,433707.4,0,2.0,0
2158,2023-01-22 04:56:59.999,0.4038299777848383,0.40545,0.0610388464306373,0.061359998,-0.9027577175915708,-0.9067613366691994,-2.790997154517661,-2.796244790765163,0.051275424938741154,0.050989213796666655,0.03774668152228293,0.010662276093472426,0.03774981245109952,0.010663028160065886,1.2684588547084978,1.2419986275248456,1.2520195540315018,0.01086489518001616,0.050989187151341,0.40545,13862.0,0.06136,222514.4,0,2.0,0
2159,2023-01-22 04:57:59.999,0.4035297651442105,0.4055,0.0610132345975198,0.061359998,-0.9026344054266694,-0.9075050265970012,-2.790997154517661,-2.796664477726298,0.05087482011131195,0.05111252596156801,0.03775518164145681,0.010658290321502164,0.03775821789197055,0.010658925267266467,1.2305745551685636,1.253235173484056,1.2419986275248456,0.010859848971425619,0.0511124993162424,0.4054999999999999,70658.0,0.06136,410989.4,0,2.0,0
2160,2023-01-22 04:58:59.999,0.4035075009167175,0.4056,0.0610338833518648,0.06124,-0.9023878267051636,-0.9075602018124094,-2.792954708192654,-2.7963261042376164,0.050543031817399386,0.05295936287849912,0.03776416855652709,0.010654738191445612,0.03776712594214636,0.01065527834994036,1.1990213165406924,1.4261443171050248,1.253235173484056,0.010855262729526582,0.052959362878499,0.4055999999999999,92054.0,0.06124,1531989.5,0,2.0,0
2161,2023-01-22 04:59:59.999,0.4037073298464358,0.40575,0.0609287827033498,0.06125,-0.9020180725874365,-0.9070650946211517,-2.7927914295573006,-2.7980495935303717,0.05244705458563048,0.0531956402095104,0.03777319426965747,0.010651291106158886,0.03777659021048505,0.010652397230677325,1.3771983955777265,1.4479414548096632,1.4261443171050248,0.010850486054312308,0.0531956402095104,0.40575,27899.0,0.06125,74372.1,0,2.0,0
2162,2023-01-22 05:00:59.999,0.403970142578459,0.4059,0.0609550776431274,0.06132,-0.9016484551372851,-0.9064143082608247,-2.791649224978524,-2.7976181181880126,0.05274511909646007,0.05263152988433173,0.03778199977490438,0.010647846518887522,0.03778546265833913,0.010649046930051377,1.40478829104463,1.3946040716389678,1.4479414548096632,0.010845454743460537,0.0526315298843318,0.4059,51293.0,0.06132,334588.2,0,2.0,0
2163,2023-01-22 05:01:59.999,0.4041274498288533,0.40575,0.0610273038391803,0.061335,-0.9020180725874365,-0.9060249808977454,-2.791404636497422,-2.79643391103259,0.05216638247756289,0.05206196659035012,0.03779068500805515,0.01064418799117007,0.037794011945678274,0.010645202369211341,1.3501265671992484,1.3407581296134345,1.3946040716389678,0.010840721554702667,0.0520619665903501,0.40575,98342.0,0.061335,254364.5,0,2.0,0
2164,2023-01-22 05:02:59.999,0.4040017517911238,0.4056,0.0610261589577512,0.061315,-0.9023878267051636,-0.9063360649137449,-2.7917307677681475,-2.796452671359465,0.051870634626907774,0.051958817800195845,0.03779930155545178,0.010640586760197236,0.03780255805465832,0.010641508188719702,1.3220002581177366,1.3307082178691432,1.3407581296134345,0.010836219115790684,0.0519588178001964,0.4056,8323.0,0.0613149999999999,229940.3,0,2.0,0
2165,2023-01-22 05:03:59.999,0.403769704627271,0.40555,0.0609834112362882,0.061295,-0.9025111084657833,-0.9069106016057561,-2.7920570054351797,-2.797153398739197,0.051868927557143896,0.052102228343850365,0.037807876165274215,0.010637183542518563,0.03781113028501314,0.01063810290795722,1.32145716146585,1.343809864842445,1.3307082178691432,0.010832214266106139,0.0521022283438503,0.40555,27014.0,0.061295,74638.0,0,2.0,0
2166,2023-01-22 05:04:59.999,0.4036256361058703,0.40565,0.0609757757304844,0.061329998,-0.902264560141063,-0.9072674739226038,-2.7914861919547134,-2.7972786128539133,0.05161441509679332,0.051882148876012835,0.03781632472459527,0.010633863969251268,0.03781951798781495,0.010634704697492956,1.297158454454349,1.3227387704121571,1.343809864842445,0.010828455699459418,0.0518821222176533,0.40565,192304.0,0.0613299999999999,179744.3,0,2.0,0
2167,2023-01-22 05:05:59.999,0.4037046591375326,0.4057,0.0610530534491779,0.06137,-0.9021413087697355,-0.9070717101010792,-2.7908341625811315,-2.7960120641286097,0.05077480246685018,0.0514723802019329,0.037824600416491896,0.010630576507173192,0.03782759745468915,0.01063117146272329,1.2178530896203283,1.2838231093329597,1.3227387704121571,0.010824489840843714,0.051472380201933,0.4057,112006.0,0.0613699999999999,68878.2,0,2.0,0
2168,2023-01-22 05:06:59.999,0.4038835017864481,0.40585,0.061100738027362,0.061375,-0.9017716457749524,-0.9066288045200107,-2.790752692867452,-2.795231333869977,0.05057947778595728,0.05177544345099283,0.03783290152476107,0.010627465295257854,0.03783585143826748,0.010628004188493077,1.1990610957311538,1.3119348347769386,1.2838231093329597,0.010820314313036166,0.0517754434509929,0.40585,313288.0,0.061375,9653.7,0,2.0,0
2169,2023-01-22 05:07:59.999,0.4040928853644673,0.40585,0.0610963505003948,0.06141,-0.9017716457749524,-0.9061105131787386,-2.7901825906408293,-2.79530314453293,0.051156472805896414,0.0513093970932158,0.037841037111435896,0.010624325844068,0.03784411867489215,0.010625027048379702,1.2529242580172417,1.2676907861687854,1.3119348347769386,0.010816117486264726,0.0513093970932159,0.40585,46472.0,0.06141,278609.2,0,2.0,0
2170,2023-01-22 05:08:59.999,0.4041144007950715,0.40615,0.0611207058972547,0.061455,-0.9010327294851742,-0.9060572708212945,-2.789450079315193,-2.7949045848244873,0.05088390113946495,0.051449501065831904,0.03784911725039875,0.010621398399583907,0.037852133863194186,0.010622019931551362,1.2268633800583966,1.2804701701017023,1.2676907861687854,0.010811934212769506,0.0514495010658317,0.40615,260824.0,0.0614549999999999,775712.6,0,2.0,0
2171,2023-01-22 05:09:59.999,0.4041418417050555,0.40605,0.0611534141285777,0.06148,-0.9012789742537172,-0.9059893693104824,-2.789043360311742,-2.7943695863784344,0.05051445288113743,0.05087077222452907,0.037857093705139774,0.010618235195895043,0.037860022971322606,0.010618752002244465,1.1917059469078928,1.2255971241266457,1.2804701701017023,0.01080764170974063,0.0508707722245289,0.40605,34463.0,0.06148,172507.2,0,2.0,0
2172,2023-01-22 05:10:59.999,0.4040131235198748,0.4057,0.0611759806482047,0.061465,-0.9021413087697355,-0.9063079175884933,-2.789287371862833,-2.7940006395701196,0.04989429849075078,0.05020791192441576,0.03786482588951409,0.010615063733162513,0.03786760984521907,0.010615412503915981,1.1329459539226676,1.1627896303948362,1.2255971241266457,0.010803316860588942,0.0502079119244158,0.4057,596170.0,0.061465,66925.4,0,2.0,0
2173,2023-01-22 05:11:59.999,0.4038428271394498,0.4057,0.0611785677424587,0.06147,-0.9021413087697355,-0.9067295184513908,-2.789206028063219,-2.7939583510849197,0.04943812769708855,0.05014141511074388,0.03787249803500581,0.010611956073577247,0.03787517464450873,0.010612186357425932,1.0895919712612838,1.156140959373786,1.1627896303948362,0.010798798634202153,0.0501414151107439,0.4057,130738.0,0.06147,22758.6,0,2.0,0
2174,2023-01-22 05:12:59.999,0.4038844203106317,0.40585,0.0611890414519916,0.061465,-0.9017716457749524,-0.9066265302920834,-2.789287371862833,-2.793787166739202,0.04940117632080987,0.0505775749191989,0.037880199296776516,0.01060910108793131,0.037882865572412716,0.010609320853555801,1.0856784244145747,1.1968380277634123,1.156140959373786,0.010794132486758447,0.050577574919199,0.40585,103024.0,0.061465,186235.8,0,2.0,0
2175,2023-01-22 05:13:59.999,0.4040497546636737,0.40575,0.0611802192872531,0.06144,-0.9020180725874365,-0.9062172534958515,-2.78969419014272,-2.793931355969414,0.0499283247239799,0.05066371333583497,0.037887863067823394,0.010606374440860163,0.03789064956670239,0.010606728393992656,1.13490934340275,1.2045445254877756,1.1968380277634123,0.010789458077431662,0.0506637133358354,0.40575,73393.0,0.0614399999999999,99667.4,0,2.0,0
2176,2023-01-22 05:14:59.999,0.4040428407724007,0.4059,0.0611398671057368,0.061435,-0.9016484551372851,-0.9062343651271477,-2.7897755736626024,-2.794591136127686,0.05045056923854119,0.05109986007012679,0.03789579185609067,0.010603445025813712,0.03789869738198339,0.010603937761943197,1.1836991255838563,1.2452620994300705,1.2045445254877756,0.010784629417549365,0.0510998600701269,0.4059,44224.0,0.061435,28174.8,0,2.0,0
2177,2023-01-22 05:15:59.999,0.4041677950052206,0.40605,0.0611208018966291,0.061435,-0.9012789742537172,-0.9059251530770112,-2.7897755736626024,-2.794903014173468,0.05101473491018571,0.05146934095369471,0.03790382355053916,0.01060058225029743,0.03790685778135602,0.01060123154512255,1.2364485270449932,1.2796955000066086,1.2452620994300705,0.010779703530280902,0.0514693409536946,0.40605,14837.0,0.061435,245741.5,0,2.0,0
2178,2023-01-22 05:16:59.999,0.4041659429809157,0.40625,0.0611215805582222,0.061465,-0.9007865453381898,-0.9059297354028943,-2.789287371862833,-2.794890274539677,0.050999738206581435,0.051562675355961485,0.037911814848184205,0.01059786324051377,0.037914843758935966,0.010598506757302485,1.2345979247151808,1.2880766809287025,1.2796955000066086,0.010774580093240671,0.0515626753559614,0.40625,114843.0,0.061465,206250.2,0,2.0,0
2179,2023-01-22 05:17:59.999,0.4041352672683721,0.40635,0.0611986809447378,0.061485,-0.9005404217829233,-0.9060056370894669,-2.7889620363577263,-2.793629642886689,0.049893297148405846,0.051542844105002206,0.03791981592596689,0.01059510323671806,0.03792258692370409,0.010595442614019008,1.1297980330583937,1.2857853174874005,1.2880766809287025,0.010769457068271914,0.0515428441050023,0.40635,60053.0,0.061485,74139.0,0,2.0,0
2180,2023-01-22 05:18:59.999,0.4041046115237455,0.40625,0.0612162888300077,0.061485,-0.9007865453381898,-0.9060814951247996,-2.7889620363577263,-2.7933419675243742,0.049582270666839734,0.051296720549735664,0.03792775550327319,0.010592272850586728,0.037930452683361954,0.010592530663180782,1.100003233786147,1.2621431901390212,1.2857853174874005,0.010764698946143845,0.0512967205497356,0.40625,155378.0,0.061485,25331.0,0,2.0,0
2181,2023-01-22 05:19:59.999,0.4040283141127584,0.4063,0.061275310223212,0.06148,-0.900663475988456,-0.9062703190392656,-2.789043360311742,-2.7923782867784595,0.04860565838614739,0.051486270489790265,0.037935613350316796,0.01058973664381827,0.03793808269654124,0.010589755011973883,1.007348675917835,1.2796028452117953,1.2621431901390212,0.010759856736586583,0.0514862704897902,0.4063,185619.0,0.06148,138820.2,0,2.0,0
2182,2023-01-22 05:20:59.999,0.4040335357230628,0.40625,0.0612672040538082,0.06144,-0.9007865453381898,-0.9062573952505594,-2.78969419014272,-2.792510586486254,0.04872673435190722,0.05189524058508166,0.03794356433449059,0.01058731987391501,0.03794605986099311,0.010587365324123165,1.0182584770500451,1.317772242337284,1.2796028452117953,0.010754941693563874,0.0518952405850821,0.40625,38718.0,0.0614399999999999,72053.4,0,2.0,0
2183,2023-01-22 05:21:59.999,0.4040082164042636,0.4062,0.0611837925973033,0.061365,-0.9009096298358528,-0.906320063593478,-2.7909156389326655,-2.7938729513781264,0.04977777012409357,0.05277066430784272,0.037951658984793094,0.010585284882203,0.03795439587697993,0.010585588516670073,1.1169312153494644,1.3999628246155909,1.317772242337284,0.010750225966058367,0.0527706643078427,0.4062,157659.0,0.061365,258060.3,0,2.0,0
2184,2023-01-22 05:22:59.999,0.4039785291036132,0.40605,0.0610322655846281,0.06134,-0.9012789742537172,-0.9063935482164098,-2.7913231202960316,-2.796352610640102,0.05173135382962202,0.05273442717563814,0.037959859517919456,0.010583011262253495,0.03796304662606842,0.010583859811318772,1.3008776995354059,1.3960646258041176,1.3999628246155909,0.010745670684190642,0.052734427175638,0.40605,32330.0,0.06134,16525.9,0,2.0,0
2185,2023-01-22 05:23:59.999,0.4039597193257672,0.40605,0.0609507265603673,0.061365,-0.9012789742537172,-0.906440110631015,-2.7909156389326655,-2.797689502529232,0.05277767189605187,0.052401319889978315,0.037967942906570226,0.010580702247307271,0.037971370291200984,0.010581875934378293,1.3992133055301017,1.3641227818391073,1.3960646258041176,0.010741045692238715,0.0524013198899782,0.40605,18999.0,0.061365,127060.2,0,2.0,0
2186,2023-01-22 05:24:59.999,0.4040849880532803,0.4059,0.0609797557045515,0.061325,-0.9016484551372851,-0.9061300566763942,-2.791567688837584,-2.7972133435869653,0.05269847611544354,0.05256487583574587,0.03797581628167752,0.010578906151354508,0.03797922351607552,0.01058005233692743,1.3912268229518663,1.379070704034972,1.3641227818391073,0.010736519630233527,0.0525648758357459,0.4059,122935.0,0.061325,261038.3,0,2.0,0
2187,2023-01-22 05:25:59.999,0.4041780135867627,0.40545,0.0609813699162558,0.06126,-0.9027577175915708,-0.905899870378854,-2.792628177577508,-2.7971868726652485,0.05290702300152905,0.05232254020900984,0.03798362234739336,0.010577047774516507,0.03798707603881991,0.010578259675639494,1.4104349316615903,1.3556635241984556,1.379070704034972,0.010732100342777091,0.0523225402090097,0.40545,128376.0,0.0612599999999999,283306.8,0,2.0,0
2188,2023-01-22 05:26:59.999,0.4040807748227861,0.40575,0.0609507212270687,0.061295,-0.9020180725874365,-0.9061404833256976,-2.7920570054351797,-2.797689590031041,0.053077370732223406,0.05259526422219718,0.0379915376159307,0.010575184761267809,0.037995028898762516,0.010576450625037587,1.4260305624418579,1.3809429278014531,1.3556635241984556,0.010727574746211513,0.0525952642221971,0.40575,57567.0,0.061295,9659.1,0,2.0,0
2189,2023-01-22 05:27:59.999,0.4041111560085535,0.4057,0.0609780392712911,0.06129,-0.9021413087697355,-0.9060653002296464,-2.7921385814844966,-2.7972414915747317,0.05278624293921608,0.05253871471272731,0.037999469996075855,0.010573241292112982,0.038002892068036774,0.010574410101350294,1.3980307865392463,1.375098166680153,1.3809429278014531,0.010723310491475568,0.0525387147127274,0.4057,126307.0,0.06129,291815.7,0,2.0,0
2190,2023-01-22 05:28:59.999,0.4038615969814618,0.4055,0.0609441817141235,0.06128,-0.9026344054266694,-0.906683041444568,-2.7923017535498014,-2.7977968875930173,0.05262252607178597,0.05217900772377748,0.03800721108382211,0.010571377772536894,0.038010593475626776,0.010572492056728692,1.3820708039084941,1.340581799732095,1.375098166680153,0.010718846089279815,0.0521790077237773,0.4054999999999999,36838.0,0.06128,50580.0,0,2.0,0
2191,2023-01-22 05:29:59.999,0.4035417608703687,0.40565,0.0609222040795483,0.061285,-0.902264560141063,-0.9074753000466957,-2.7922201641890085,-2.7981575717089915,0.052125119008045395,0.05248215545470858,0.038015066865831455,0.010569521692493934,0.03801833232571162,0.010570477758073953,1.334545798704199,1.3687552767076576,1.340581799732095,0.01071386439848996,0.0524821554547085,0.40565,1775.0,0.061285,42395.1,0,2.0,0
2192,2023-01-22 05:30:59.999,0.4035649136701697,0.40575,0.0609478616901454,0.06129,-0.9020180725874365,-0.9074179277053741,-2.7921385814844966,-2.7977365066867623,0.05183827971357047,0.052661950895026344,0.03802284348370317,0.010567936382239854,0.03802604076123843,0.010568802901714408,1.3068877412872841,1.3852380334087935,1.3687552767076576,0.010708883594139624,0.0526619508950263,0.40575,63223.0,0.06129,215189.7,0,2.0,0
2193,2023-01-22 05:31:59.999,0.4037609986154442,0.40595,0.0609813419164383,0.061335,-0.9015252796736817,-0.9069321636635013,-2.791404636497422,-2.797187331818986,0.051875105065226634,0.05255475950410493,0.03803048727737563,0.010566502341549135,0.03803369130833788,0.010567378146973864,1.3098247800333014,1.3745581799208615,1.3852380334087935,0.010703897473132168,0.0525547595041051,0.40595,9775.0,0.061335,165399.2,0,2.0,0
2194,2023-01-22 05:32:59.999,0.4040396508976545,0.406,0.0610455908311364,0.061355,-0.9014021193804044,-0.9062422600506961,-2.791078611553626,-2.7961343032917845,0.05170418041457325,0.05241140138979661,0.038038231382578044,0.0105647797398676,0.03804139406460351,0.010565602267444086,1.2931384320673367,1.360479854869051,1.3745581799208615,0.010699241863926142,0.0524114013897967,0.406,30422.0,0.061355,68906.1,0,2.0,0
2195,2023-01-22 05:33:59.999,0.4041553400169706,0.40595,0.0610638276011975,0.06135,-0.9015252796736817,-0.9059559699315866,-2.7911601078252164,-2.795835607737734,0.051746293316775493,0.05235486255276567,0.03804617392289634,0.010562642001827752,0.038049344512897244,0.010563475431561766,1.2966328073196656,1.3546505341555044,1.360479854869051,0.0106948385911587,0.0523548625527658,0.40595,25781.0,0.06135,12312.5,0,2.0,0
2196,2023-01-22 05:34:59.999,0.4040706710567669,0.40565,0.0610424410738819,0.061325,-0.902264560141063,-0.9061654879608343,-2.791567688837584,-2.7961859014248045,0.05182313287286555,0.051948770831967916,0.038053936441956045,0.010560533849940917,0.03805712301831127,0.010561388718745924,1.3034280075422584,1.3157321956872103,1.3546505341555044,0.01069048425745043,0.0519487708319679,0.40565,38621.0,0.061325,141455.6,0,2.0,0
2197,2023-01-22 05:35:59.999,0.4037806869816397,0.40565,0.0609945698302474,0.06129,-0.902264560141063,-0.9068834024254114,-2.7921385814844966,-2.79697043794754,0.05174656020961732,0.05241546334139979,0.0380619452637687,0.010558302835892689,0.03806511226560759,0.010559132960639777,1.2956980459483458,1.3594531527204035,1.3157321956872103,0.010685944339766685,0.0524154633413997,0.40565,152122.0,0.06129,72486.1,0,2.0,0
2198,2023-01-22 05:36:59.999,0.4036592820460727,0.40615,0.0609702250999847,0.061335,-0.9010327294851742,-0.9071841181222776,-2.791404636497422,-2.7973696470898166,0.05177218943487383,0.0530473096926124,0.0380702068970429,0.010556061665516843,0.038073377918227305,0.010556897697446038,1.297617151292523,1.4188153944282773,1.3594531527204035,0.010681169402382451,0.0530473096926122,0.40615,65772.0,0.061335,165089.8,0,2.0,0
2199,2023-01-22 05:37:59.999,0.4039049073935086,0.4062,0.0610583974143575,0.06137,-0.9009096298358528,-0.9065758064655147,-2.7908341625811315,-2.795924538099802,0.0511991554488096,0.05270405913581566,0.03807828252343759,0.010553909025249523,0.03808131905963879,0.010554574880189833,1.242857863824722,1.3858160589964228,1.4188153944282773,0.0106764615151283,0.0527040591358156,0.4062,61676.0,0.0613699999999999,39750.1,0,2.0,0
2200,2023-01-22 05:38:59.999,0.4040704963374928,0.40625,0.0611010940250424,0.061395,-0.9007865453381898,-0.9061659203587399,-2.7904268803696612,-2.79522550748138,0.051037598999360445,0.05249419915022768,0.038086519700722465,0.010551270258928198,0.03808951694193946,0.010551888356781409,1.2270867184734386,1.3654924095337082,1.3858160589964228,0.010672029603492214,0.0524941991502276,0.40625,43187.0,0.061395,215164.6,0,2.0,0
2201,2023-01-22 05:39:59.999,0.404230733879712,0.40615,0.0611158303734672,0.061414998,-0.9010327294851742,-0.9057694405852892,-2.790101206556414,-2.7949843567803825,0.05123694324057371,0.05198178363735961,0.038094697270076604,0.010548346123010735,0.03809773875259698,0.010549019772571435,1.2455379524588672,1.3165178887132802,1.3654924095337082,0.010667968264745944,0.0519817570158958,0.40615,122426.0,0.061415,17937.0,0,2.0,0
2202,2023-01-22 05:40:59.999,0.4042145698508729,0.40625,0.0611259391964887,0.061414998,-0.9007865453381898,-0.9058094285195789,-2.790101206556414,-2.7948189661274148,0.05106175199041074,0.05222796778434402,0.03810282517428977,0.010545705086004043,0.03810582423164134,0.010546327028626453,1.228477717749738,1.339421356358688,1.3165178887132802,0.010664015444856133,0.0522279411628803,0.40625,12727.0,0.061415,65254.3,0,2.0,0
2203,2023-01-22 05:41:59.999,0.4041687534652382,0.4063,0.0611117326223897,0.06142,-0.900663475988456,-0.9059227816389774,-2.7900197639694606,-2.795051407958997,0.05113841508906125,0.05228445956387162,0.03811104105016112,0.010542924390006333,0.03811405594811042,0.010543566656573525,1.2352896856615996,1.344353614747112,1.339421356358688,0.010659950990466321,0.0522844595638716,0.4063,118813.0,0.06142,374536.8,0,2.0,0
2204,2023-01-22 05:42:59.999,0.4040982217902947,0.40635,0.0611147814914127,0.06143,-0.9005404217829233,-0.9060973073273496,-2.789856963806301,-2.7950015191268442,0.050923106349101244,0.05227442812345717,0.0381193469013174,0.010539944930122145,0.03812231004860918,0.010540524671320979,1.214436349200046,1.3429938501562675,1.344353614747112,0.010656190079271887,0.0522744281234572,0.40635,16838.0,0.06143,60695.8,0,2.0,0
2205,2023-01-22 05:43:59.999,0.4040910183642246,0.40615,0.0611415595391536,0.061435,-0.9010327294851742,-0.9061151334148855,-2.7897755736626024,-2.7945634551713323,0.05054717236195405,0.05171558572223767,0.03812757250737204,0.010536686021130663,0.038130446749411975,0.01053716031246181,1.1783749363533353,1.2895907866681915,1.3429938501562675,0.010653117510493084,0.0517155857222375,0.40615,70905.0,0.061435,126117.4,0,2.0,0
2206,2023-01-22 05:44:59.999,0.404052964506337,0.4062,0.0611526914666198,0.061444998,-0.9009096298358528,-0.9062093093506651,-2.7896128457950113,-2.7943814036455183,0.05030417320365155,0.05170565882569056,0.03813590250107754,0.010533191996159064,0.038138718578537054,0.010533599384626186,1.154919052918417,1.2882852918242866,1.2895907866681915,0.010649884505207863,0.0517056322172249,0.4062,38971.0,0.061445,105605.0,0,2.0,0
2207,2023-01-22 05:45:59.999,0.4041707402729831,0.40625,0.0611593669786788,0.061414998,-0.9007865453381898,-0.9059178658634639,-2.790101206556414,-2.79427224822535,0.05050638447314593,0.05222796778434402,0.03814419908064054,0.010530172679993358,0.038147060035371515,0.010530633141535435,1.1736544490403111,1.3374679724352216,1.2882852918242866,0.01064616350942135,0.0522279411628803,0.40625,8965.0,0.061415,53654.2,0,2.0,0
2208,2023-01-22 05:46:59.999,0.4042171257442533,0.40615,0.0611136028324259,0.061395,-0.9010327294851742,-0.9058031054290957,-2.7904268803696612,-2.7950208053015464,0.05123307428203383,0.052248015003243276,0.038152364898817105,0.010527428377770287,0.03815539214005367,0.010528090479521912,1.2421703790841683,1.3389452389142384,1.3374679724352216,0.010642431733842612,0.0522480150032431,0.40615,32591.0,0.061395,29846.0,0,2.0,0
2209,2023-01-22 05:47:59.999,0.4042509863395637,0.40605,0.0610780932860225,0.06138,-0.9012789742537172,-0.9057193406031883,-2.790671229790547,-2.795602015785254,0.05179196622792892,0.052201520651925404,0.0381605040773177,0.010524694555025353,0.038163658778116255,0.010525519161806272,1.2947871967461155,1.334102049346731,1.3389452389142384,0.01063895422814784,0.0522015206519248,0.40605,43165.0,0.06138,9327.7,0,2.0,0
2210,2023-01-22 05:48:59.999,0.4041621590606377,0.40625,0.0610606382886452,0.06139,-0.9007865453381898,-0.9059390977404612,-2.790508323542732,-2.7958878382638583,0.051805862844147454,0.05256077719957242,0.03816874078776116,0.010522037155885523,0.038171896798419896,0.010522864282705303,1.2956516096226252,1.3677994288169797,1.334102049346731,0.010635554250109022,0.0525607771995724,0.40625,60910.0,0.06139,83445.8,0,2.0,0
2211,2023-01-22 05:49:59.999,0.4041317978427874,0.4064,0.061118452134162,0.061414998,-0.900417382717865,-0.9060142219390408,-2.790101206556414,-2.794941459474628,0.05095709425829531,0.052597130404668846,0.038176759903115115,0.010519829094918949,0.03817971762918667,0.010520408013906267,1.2145324223375205,1.370779921559632,1.3677994288169797,0.010632054771415708,0.0525971037832051,0.4064,33891.0,0.061415,37778.1,0,2.0,0
2212,2023-01-22 05:50:59.999,0.40411993190809,0.40635,0.0611304756113746,0.061425,-0.9005404217829233,-0.9060435839169036,-2.789938360574894,-2.7947447546450137,0.05076693029594992,0.05234096823813539,0.03818452260329429,0.010517905106586569,0.03818743452361196,0.010518429364720838,1.1959481150798053,1.3459377595996742,1.370779921559632,0.01062879600705063,0.0523409682381355,0.40635,104957.0,0.061425,38766.6,0,2.0,0
2213,2023-01-22 05:51:59.999,0.4040633028953813,0.40645,0.06120145692665,0.061425,-0.9002943587895558,-0.9061837229605332,-2.789938360574894,-2.7935842837562017,0.04967813115983022,0.05258703123150288,0.03819231363417285,0.010516104944769664,0.03819497177291982,0.010516339371824186,1.0919350337510558,1.3688259743441842,1.3459377595996742,0.010625771333408045,0.0525870312315028,0.40645,105802.0,0.061425,8861.8,0,2.0,0
2214,2023-01-22 05:52:59.999,0.4040870247808178,0.40645,0.0611993498292683,0.061444998,-0.9002943587895558,-0.9061250163446204,-2.7896128457950113,-2.793618713225055,0.0497649831289968,0.052320929871987554,0.03820012087460302,0.010514071327284009,0.03820279730650638,0.010514326317879092,1.099660165847192,1.3430391099536336,1.3688259743441842,0.010622771710758446,0.0523209032635219,0.40645,26459.0,0.061445,74887.8,0,2.0,0
2215,2023-01-22 05:53:59.999,0.4040815585635297,0.4064,0.0611856005855228,0.06146,-0.900417382717865,-0.9061385437630349,-2.7893687222797983,-2.79384340169789,0.04993513372394398,0.05199834019950167,0.03820788364155042,0.010511875891464182,0.03821059765452945,0.01051217306860022,1.1153294369206714,1.3118930151324681,1.3430391099536336,0.01061956898457119,0.0519983401995016,0.4064,135860.0,0.06146,43150.0,0,2.0,0
2216,2023-01-22 05:54:59.999,0.404053583511765,0.40635,0.061143683525314,0.06146,-0.9005404217829233,-0.9062077773610295,-2.7893687222797983,-2.7945287169460586,0.05042613066079582,0.051875301134443386,0.03821572440431778,0.010509434626746094,0.03821855023312048,0.010509859747226818,1.1615359977469244,1.2997442027340391,1.3118930151324681,0.010616247378498103,0.0518753011344435,0.40635,10606.0,0.06146,427299.5,0,2.0,0
2217,2023-01-22 05:55:59.999,0.4040752536937262,0.4064,0.0610924287481705,0.06145,-0.900417382717865,-0.906154146848248,-2.7895314429700933,-2.7953673362246674,0.05116531446929484,0.052131360878084454,0.03822347345100841,0.010507350559933022,0.03822646855422949,0.010507978792573692,1.2313353662466116,1.3236340928901773,1.2997442027340391,0.010612992894048445,0.0521313608780844,0.4064,40679.0,0.06145,73933.4,0,2.0,0
2218,2023-01-22 05:56:59.999,0.4042138110700256,0.40645,0.0610821590373085,0.061455,-0.9002943587895558,-0.9058113056947629,-2.789450079315193,-2.7955354515598176,0.051645586307970226,0.052187871761450344,0.03823117521082116,0.010505389448537931,0.03823427967994801,0.01050615540178053,1.27651896580069,1.328527287731497,1.3236340928901773,0.010610037229523334,0.0521878717614503,0.40645,67340.0,0.0614549999999999,50137.1,0,2.0,0
2219,2023-01-22 05:57:59.999,0.4043731999757707,0.4064,0.061129266285921,0.06145,-0.900417382717865,-0.9054170651105531,-2.7895314429700933,-2.7947645375340477,0.05140962119030523,0.052131360878084454,0.03823878609196531,0.010503546860513184,0.038241834190807775,0.010504242057359638,1.2535685038095297,1.3226555725044273,1.328527287731497,0.010607376508883442,0.0521313608780844,0.4064,86439.0,0.06145,79559.8,0,2.0,0
2220,2023-01-22 05:58:59.999,0.4044259602045539,0.4064,0.0611555181148685,0.061444998,-0.900417382717865,-0.9052865995229126,-2.7896128457950113,-2.794335181919947,0.051189097760891644,0.05219790594367835,0.038246398071117384,0.010501744661879111,0.03824939337305901,0.010502374772314414,1.2320741421210117,1.3284942951626264,1.3226555725044273,0.010604635419955561,0.0521978793352126,0.4064,20733.0,0.061445,34868.9,0,2.0,0
2221,2023-01-22 05:59:59.999,0.4043465627744473,0.40645,0.0611417448712793,0.061435,-0.9002943587895558,-0.9054829400960795,-2.7897755736626024,-2.7945604239787,0.051176887745715716,0.05245395641785611,0.03825402644362668,0.010500093052741242,0.0382570171544117,0.010500717991318794,1.2303797323178465,1.352362298400991,1.3284942951626264,0.010601908099327713,0.0524539564178561,0.40645,5245.0,0.061435,200481.1,0,2.0,0
2222,2023-01-22 06:00:59.999,0.404154865778941,0.4064,0.0610977184914812,0.06143,-0.900417382717865,-0.9059571433376038,-2.789856963806301,-2.7952807540667197,0.051291538920542945,0.052397467188515456,0.03826146244985034,0.010498731797425363,0.03826447797321778,0.01049938779153054,1.2407448135055648,1.3464487912846514,1.352362298400991,0.010599187954257502,0.0523974671885154,0.4064,28623.0,0.06143,65213.9,0,2.0,0
2223,2023-01-22 06:01:59.999,0.4039284196158162,0.4064,0.0610898380983841,0.06145,-0.900417382717865,-0.906517595887842,-2.7895314429700933,-2.7954097425386712,0.050836531682989294,0.052131360878084454,0.03826901772585822,0.010496966181184416,0.038271926199349805,0.010497492207474972,1.1969149617174837,1.3206047264469785,1.3464487912846514,0.010596208649839877,0.0521313608780844,0.4064,29101.0,0.06145,11115.5,0,2.0,0
2224,2023-01-22 06:02:59.999,0.4038848146769931,0.40635,0.0611308764976514,0.061444998,-0.9005404217829233,-0.9066255538588539,-2.7896128457950113,-2.7947381967872786,0.05017959944578099,0.05207486687862006,0.038276677449206035,0.010494964393331642,0.03827943211756905,0.010495311723420246,1.1338555387218052,1.3147438059133587,1.3206047264469785,0.01059325865089034,0.0520748402701545,0.40635,11546.0,0.061445,270947.6,0,2.0,0
2225,2023-01-22 06:03:59.999,0.4040030696736481,0.40625,0.061149053712545,0.061435,-0.9007865453381898,-0.906332802847754,-2.7897755736626024,-2.7944408918248658,0.05022931001884867,0.051961769869222074,0.03828423162003573,0.010493067075789208,0.03828699604456681,0.010493425991467771,1.1380757803973824,1.303483352426547,1.3147438059133587,0.010590448924775607,0.051961769869222,0.40625,19865.0,0.061435,23735.1,0,2.0,0
2226,2023-01-22 06:04:59.999,0.4041516858881533,0.40605,0.0611510096998001,0.061435,-0.9012789742537172,-0.9059650113693082,-2.7897755736626024,-2.7944089051324523,0.050570953061452095,0.05146934095369471,0.03829159239056447,0.010491160371077921,0.0382944341773432,0.010491609085169898,1.1701273641106211,1.256081128972036,1.303483352426547,0.010587962746085845,0.0514693409536946,0.40605,27687.0,0.061435,41282.6,0,2.0,0
2227,2023-01-22 06:05:59.999,0.4041711096794482,0.40595,0.0611429821965505,0.06145,-0.9015252796736817,-0.9059169518777161,-2.7895314429700933,-2.7945401871870597,0.05072633282041705,0.05102346392226775,0.038299061306083834,0.010488736186638092,0.03830193732355996,0.01048922587024347,1.1844911769993858,1.213149266962583,1.256081128972036,0.010586032718533346,0.0510234639222679,0.40595,10812.0,0.06145,33707.2,0,2.0,0
2228,2023-01-22 06:06:59.999,0.404067930460154,0.406,0.061141952869924,0.06147,-0.9014021193804044,-0.9061722704523717,-2.789206028063219,-2.794557022075608,0.05048477640652005,0.05088060450007503,0.03830652736194755,0.010486209737654767,0.0383093457486739,0.010486632528300576,1.1610429396651367,1.1991060118677035,1.213149266962583,0.010584291987656598,0.0508806045000751,0.406,40617.0,0.06147,150974.1,0,2.0,0
2229,2023-01-22 06:07:59.999,0.4039261682331707,0.4062,0.0611493359329283,0.06149,-0.9009096298358528,-0.9065231696202423,-2.788880719016759,-2.7944362765493236,0.05003517035747107,0.051107160867777335,0.03831406641192237,0.010483702114725107,0.038316779002513804,0.010484005028964436,1.1177399593554713,1.2202840481213357,1.1991060118677035,0.010582371903613413,0.0511071608677773,0.4062,110395.0,0.06149,44375.1,0,2.0,0
2230,2023-01-22 06:08:59.999,0.4038925123090098,0.40625,0.0611844859261191,0.061595,-0.9007865453381898,-0.9066064950619311,-2.7871745805681996,-2.7938616195391206,0.04948207511999925,0.04983551373191464,0.038321377676232005,0.01048072065547971,0.038323960573117856,0.010480882806411894,1.064615906214998,1.098601559393973,1.2202840481213357,0.010580508236290146,0.0498355137319146,0.40625,44234.0,0.061595,2185680.7,0,2.0,0
2231,2023-01-22 06:09:59.999,0.403942916323583,0.40625,0.0613342005061594,0.061639998,-0.9007865453381898,-0.9064817072329945,-2.7864443009766857,-2.79141767145383,0.04760898774242617,0.04923852580959043,0.03832852209567834,0.010477640135882748,0.038330669854448704,0.010477378681306817,0.8855571770572105,1.0412653586515754,1.098601559393973,0.010578707840961477,0.0492384992853014,0.40625,136245.0,0.06164,121980.6,0,2.0,0
2232,2023-01-22 06:10:59.999,0.404086700302166,0.40605,0.0613787557714002,0.06163,-0.9012789742537172,-0.9061258193369518,-2.7866065140079854,-2.7906915009083506,0.04737124677325577,0.04887870257229221,0.038335553046765995,0.010474525904706652,0.03833764415848238,0.010474215575741621,0.8624610167175955,1.0065514775030273,1.0412653586515754,0.010576902887688065,0.0488787025722921,0.40605,9825.0,0.06163,204032.9,0,2.0,0
2233,2023-01-22 06:11:59.999,0.4041545213323722,0.40595,0.0613478359728685,0.061595,-0.9015252796736817,-0.9059579956017846,-2.7871745805681996,-2.7911953819132163,0.047950982435976175,0.04909677939642276,0.03834263138358215,0.010471463205962948,0.038344855024186726,0.010471271452009111,0.917379274887037,1.0269957312858333,1.0065514775030273,0.010574920232272116,0.0490967793964229,0.40595,96064.0,0.061595,22598.7,0,2.0,0
2234,2023-01-22 06:12:59.999,0.4041383972393672,0.40595,0.0612995122877376,0.061595,-0.9015252796736817,-0.9059978922596339,-2.7871745805681996,-2.791983392225984,0.048555267328393104,0.04909677939642276,0.03834949692376282,0.010468788594458064,0.038351858823879606,0.010468728222742486,0.974655974194401,1.0266023022328779,1.0269957312858333,0.010572971567884093,0.0490967793964229,0.40595,32275.0,0.061595,27767.1,0,2.0,0
2235,2023-01-22 06:13:59.999,0.4040533538807191,0.406,0.061290725678323,0.06159,-0.9014021193804044,-0.9062083456794915,-2.7872557592831853,-2.79212674147753,0.04846199885090796,0.049286301550225065,0.038356255562006024,0.010466422056442173,0.038358594313056445,0.010466339761916021,0.9653235770746598,1.044296315328838,1.0266023022328779,0.010570981332737638,0.0492863015502251,0.406,50685.0,0.06159,49362.1,0,2.0,0
2236,2023-01-22 06:14:59.999,0.4039805358792752,0.406,0.0612897456847085,0.06158,-0.9014021193804044,-0.9063885806982546,-2.787418136485783,-2.7921427308697004,0.04829483481772634,0.04941904143497344,0.038363122681098094,0.010463945852308068,0.03836542115648265,0.010463825557970758,0.9489276752783801,1.0565726266097513,1.044296315328838,0.010569221615804295,0.0494190414349735,0.406,163844.0,0.0615799999999999,139647.4,0,2.0,0
2237,2023-01-22 06:15:59.999,0.4039526007633445,0.406,0.0612951340940429,0.061565,-0.9014021193804044,-0.9064577327472915,-2.787661751737302,-2.792054817754354,0.04815381568013055,0.049618191684467905,0.03837013751033102,0.010461330725310768,0.03837240172652398,0.01046117873086851,0.9350202501314588,1.0752029994542351,1.0565726266097513,0.010567734335659,0.049618191684468,0.406,69656.0,0.0615649999999999,28221.6,0,2.0,0
2238,2023-01-22 06:16:59.999,0.4039918576882335,0.40615,0.0612876874758972,0.061565,-0.9010327294851742,-0.9063605554611321,-2.787661751737302,-2.792176313051321,0.048350312768940085,0.04998758157969807,0.038376991767819446,0.010459239657642578,0.03837929987265654,0.010459129559490217,0.9533310434266705,1.1100797182130495,1.0752029994542351,0.01056604623732653,0.0499875815796979,0.40615,36035.0,0.0615649999999999,63463.5,0,2.0,0
2239,2023-01-22 06:17:59.999,0.4041491399787315,0.4062,0.0612823710660936,0.061555,-0.9009096298358528,-0.9059713107799741,-2.7878241948825586,-2.7922630619665156,0.04881047282997142,0.05024347502047899,0.03838376879850092,0.01045744126181171,0.03838618182882525,0.01045743388040972,0.9968306871798025,1.1340925495118128,1.1100797182130495,0.010564007140532346,0.0502434750204789,0.4062,48143.0,0.061555,119751.0,0,2.0,0
2240,2023-01-22 06:18:59.999,0.4041805844560809,0.40615,0.0612557743505045,0.061555,-0.9010327294851742,-0.905893509663883,-2.7878241948825586,-2.792697158890642,0.04924313888249621,0.050120375371157544,0.03839068073306101,0.010455328209890395,0.03839319229477113,0.010455421560237807,1.0377340143784979,1.1218867932812122,1.1340925495118128,0.010561910396949883,0.0501203753711574,0.40615,31192.0,0.061555,49406.8,0,2.0,0
2241,2023-01-22 06:19:59.999,0.4042315325963933,0.40625,0.0612451041978072,0.061555,-0.9007865453381898,-0.9057674646942317,-2.7878241948825586,-2.7928713642163627,0.04951159297417207,0.05036655951814195,0.03839789109563347,0.010452843773094883,0.03840046311643387,0.010453001231164083,1.0629607336706324,1.1450155270965838,1.1218867932812122,0.010559696900166313,0.0503665595181419,0.40625,70062.0,0.061555,20265.8,0,2.0,0
2242,2023-01-22 06:20:59.999,0.4042127477784435,0.40635,0.0612473428498872,0.061575,-0.9005404217829233,-0.9058139362159164,-2.7874993349755353,-2.7928348125409865,0.049435241240861516,0.05034711705842765,0.038404946027539605,0.010450621024911226,0.03840749874570978,0.010450758585610244,1.055209763465013,1.1427235761799608,1.1450155270965838,0.010557456513244473,0.0503471170584277,0.40635,6194.0,0.061575,770485.6,0,2.0,0
2243,2023-01-22 06:21:59.999,0.4041479618716265,0.4064,0.0613078642333177,0.061595,-0.900417382717865,-0.9059742258148104,-2.7871745805681996,-2.7918471533498246,0.048467561410407645,0.05020467635223946,0.03841193781284616,0.01044840896101443,0.03841426496480116,0.010448319508597564,0.9621926700589479,1.1286635681465855,1.1427235761799608,0.010555155584503885,0.0502046763522394,0.4064,203533.0,0.061595,72448.7,0,2.0,0
2244,2023-01-22 06:22:59.999,0.4040999689830351,0.4064,0.061332146297322,0.061605,-0.900417382717865,-0.9060929836533788,-2.7870122429055053,-2.7914511640765602,0.048025090823659355,0.05007196879051534,0.03841859406755171,0.010446675501978506,0.038420817279020365,0.010446488641925789,0.9193781636916097,1.1155103574105074,1.1286635681465855,0.010552559987633514,0.0500719687905153,0.4064,132579.0,0.061605,285895.1,0,2.0,0
2245,2023-01-22 06:23:59.999,0.4040626838899533,0.4066,0.0613928410129565,0.061635,-0.8999253777878907,-0.906185254913318,-2.7865253879786542,-2.7904620465070558,0.04712423713910563,0.05016598024698793,0.03842519426201839,0.010445088092407752,0.03842720746333223,0.01044471758239099,0.8326725550182359,1.1240485366038795,1.1155103574105074,0.01054973691862393,0.0501659802469878,0.4065999999999999,133451.0,0.0616349999999999,64631.7,0,2.0,0
2246,2023-01-22 06:24:59.999,0.4041233364379443,0.40705,0.0614233137032904,0.061639998,-0.8988192509621502,-0.9060351593992177,-2.7864443009766857,-2.7899658138896184,0.04686867311853482,0.051205820185630024,0.038432051049801214,0.010443753100829128,0.03843400351961578,0.010443333039252498,0.8076606929240252,1.223101409283096,1.1240485366038795,0.010547000214612698,0.051205793661341,0.40705,187451.0,0.06164,382207.1,0,2.0,0
2247,2023-01-22 06:25:59.999,0.4042785021292367,0.407,0.061393395676009,0.06162,-0.8989420935395421,-0.9056512768155934,-2.786768785813615,-2.790453011894261,0.04765082963440592,0.05134823701145186,0.03843891398726841,0.010442497118514058,0.038441045881655624,0.010442228886944321,0.8819748975494187,1.2362295031229478,1.223101409283096,0.010544256749586757,0.0513482370114524,0.407,124898.0,0.0616199999999999,192367.9,0,2.0,0
2248,2023-01-22 06:26:59.999,0.4042544258132728,0.40695,0.0613246739015665,0.061595,-0.8990649512090867,-0.9057108323763849,-2.7871745805681996,-2.7915730063965003,0.04850684558714957,0.05155710786101775,0.03844580342515978,0.010441331646798556,0.03844813183112183,0.010441244979945138,0.9633634471126639,1.2557119033641706,1.2362295031229478,0.010541285167634116,0.0515571078610177,0.40695,12137.0,0.061595,54152.4,0,2.0,0
2249,2023-01-22 06:27:59.999,0.4042767549364962,0.40715,0.0612432188767583,0.061745,-0.8985736110689967,-0.905655598580186,-2.7847422784123514,-2.7929021479025415,0.04964862409223403,0.05006009309244319,0.03845250177753414,0.010439498334023384,0.03845509287272385,0.010439679460309178,1.0722102399855364,1.111891677503193,1.2557119033641706,0.010538001402176603,0.0500600930924433,0.40715,100385.0,0.0617449999999999,2796306.8,0,2.0,0
2250,2023-01-22 06:28:59.999,0.4044569504117908,0.4074,0.0614194799504927,0.061805,-0.8979597751894316,-0.9052099748177908,-2.7837710116423504,-2.790028231108975,0.047744882439710756,0.0498799391935959,0.03845920440680452,0.010437537605239591,0.038461353371866513,0.010437285517640723,0.88945818835305,1.0941981929778373,1.111891677503193,0.010534489616585093,0.049879939193596,0.4074,322477.0,0.061805,473083.3,0,2.0,0
2251,2023-01-22 06:29:59.999,0.4046674322252468,0.40755,0.0615138437800781,0.06182,-0.8975916544416706,-0.9046897042074358,-2.7835283422781667,-2.7884930273862536,0.0470101568932213,0.05004968293449641,0.03846590034942009,0.010435692348191965,0.038467877728856285,0.01043529409089177,0.8185949614799037,1.1100157228267915,1.0941981929778373,0.010531374702308123,0.0500496829344963,0.4075499999999999,19164.0,0.06182,140339.3,0,2.0,0
2252,2023-01-22 06:30:59.999,0.4047737214476192,0.4077,0.0615475644492488,0.061795,-0.8972236691569293,-0.9044270804885873,-2.783932823940438,-2.7879449974148782,0.04682477785013506,0.050748323313510646,0.03847265183449744,0.010434201539889599,0.03847458474956702,0.010433767576463549,0.8003046875803876,1.1764840301467947,1.1100157228267915,0.010528726145025293,0.0507483233135106,0.4076999999999999,312231.0,0.061795,197717.2,0,2.0,0
2253,2023-01-22 06:31:59.999,0.4047466599280587,0.40805,0.061523498383837,0.061809998,-0.8963655630668851,-0.9044939386435966,-2.7836901476681795,-2.7883360896044564,0.047077629182295855,0.051408046749491176,0.038479497488569075,0.010432984661901387,0.03848148733621863,0.010432597169222728,0.8239694973977101,1.239199488918438,1.1764840301467947,0.010526161991235182,0.0514080202981532,0.40805,126004.0,0.06181,227914.0,0,2.0,0
2254,2023-01-22 06:32:59.999,0.4046698533351872,0.40805,0.0615302063401291,0.06184,-0.8963655630668851,-0.9046837212631589,-2.7832048747029705,-2.7882270647471583,0.04679872107737637,0.0510113464957439,0.03848640505332148,0.01043140086136537,0.0384883287552479,0.010430960071964203,0.7967044514401617,1.2006960147424561,1.239199488918438,0.010523528002480546,0.051011346495744,0.40805,60781.0,0.06184,263193.0,0,2.0,0
2255,2023-01-22 06:33:59.999,0.4044935715716313,0.4081,0.0615580199366781,0.061835,-0.896243036570377,-0.9051194348926153,-2.7832857317881166,-2.7877751353000666,0.04599356480596262,0.05119997192727255,0.03849331358523354,0.010429935580561999,0.038495049352699574,0.010429352632966293,0.7189818694557201,1.2182873272697938,1.2006960147424561,0.010521022081106026,0.0511999719272724,0.4081,43049.0,0.061835,14599.0,0,2.0,0
2256,2023-01-22 06:34:59.999,0.4044728548577084,0.4081,0.0615599110354671,0.061835,-0.896243036570377,-0.9051706526273706,-2.7832857317881166,-2.7877444151803537,0.04591723403141512,0.05119997192727255,0.03850020789026459,0.010428488865193349,0.03850192439712439,0.010427892398459647,0.711103389922405,1.217795233918821,1.2182873272697938,0.010518924027017195,0.0511999719272724,0.4081,96889.0,0.061835,88320.9,0,2.0,0
2257,2023-01-22 06:35:59.999,0.40458951741298,0.40775,0.0615695091951493,0.061845,-0.8971010374810138,-0.9048822631036983,-2.783124024155164,-2.7875885115842243,0.04607817570495221,0.05020977849072916,0.038507085256928766,0.010426411972977065,0.03850883741856914,0.010425841490780938,0.7260170119674523,1.122408481856574,1.217795233918821,0.010516861870048348,0.0502097784907289,0.4077499999999999,95142.0,0.061845,179369.4,0,2.0,0
2258,2023-01-22 06:36:59.999,0.4046416835962314,0.40765,0.0615782895823822,0.061845,-0.8973463158732172,-0.9047533353429826,-2.783124024155164,-2.7874459124093316,0.04609053169489208,0.04996450009852571,0.03851399458938379,0.010424112102616137,0.03851574801153272,0.010423542942571503,0.7266995229062343,1.0984633891521747,1.122408481856574,0.010514829581365365,0.0499645000985258,0.40765,62398.0,0.061845,29943.3,0,2.0,0
2259,2023-01-22 06:37:59.999,0.4046926816563364,0.4074,0.0615685678679495,0.06185,-0.8979597751894316,-0.904627310643274,-2.78304318014364,-2.7876038005544967,0.04634562657106078,0.04928495253469645,0.038520743432892766,0.01042164516959907,0.03852255432924504,0.01042111890678993,0.7506940772663655,1.0328704275217413,1.0984633891521747,0.010512711380919939,0.0492849525346965,0.4074,146812.0,0.06185,118044.3,0,2.0,0
2260,2023-01-22 06:38:59.999,0.4045595655374289,0.4072,0.0615678798724324,0.06185,-0.898450813745824,-0.9049562961247964,-2.78304318014364,-2.787614975077227,0.046025776022494136,0.048793913978304015,0.03852743887601112,0.010418951433286935,0.03852917420050696,0.010418370095823904,0.7195561064769732,0.9853654821245348,1.0328704275217413,0.01051043807757017,0.048793913978304,0.4072,42937.0,0.06185,345030.0,0,2.0,0
2261,2023-01-22 06:39:59.999,0.404353606457181,0.4071,0.0615654136662796,0.06185,-0.8986964234732039,-0.9054655203328549,-2.78304318014364,-2.7876550325804783,0.04554929796524887,0.04854830425092416,0.03853413774666207,0.010416088595364687,0.038535761250531216,0.01041542987025152,0.6733794766118746,0.9614133378933183,0.9853654821245348,0.010508449031236974,0.0485483042509242,0.4071,90477.0,0.06185,25379.4,0,2.0,0
2262,2023-01-22 06:40:59.999,0.4042165566586178,0.407,0.0615798202390754,0.061845,-0.8989420935395421,-0.9058045133012511,-2.783124024155164,-2.7874210556346455,0.04501903385578876,0.048368722432200806,0.038540869636891774,0.010413044307130172,0.03854236886489892,0.010412305588402067,0.6220202563113392,0.9438020722316106,0.9614133378933183,0.01050661124947882,0.0483687224322009,0.407,165445.0,0.061845,120153.0,0,2.0,0
2263,2023-01-22 06:41:59.999,0.4042063929888474,0.40705,0.0615883566278982,0.061855,-0.8988192509621502,-0.9058296577377749,-2.782962342667342,-2.7872824420892703,0.04488057581524152,0.04835939385677035,0.03854749305204575,0.010410187097385835,0.038548958704154805,0.010409428180554887,0.6082579178474335,0.9425287665760131,0.9438020722316106,0.010504720393464862,0.0483593938567703,0.40705,31482.0,0.061855,162735.7,0,2.0,0
2264,2023-01-22 06:42:59.999,0.4043527678046656,0.4071,0.0615978583437644,0.06186,-0.8986964234732039,-0.9054675943922219,-2.7828815117252135,-2.787128176193736,0.04511653009581362,0.04841614378205239,0.03855399479287475,0.010407577151799217,0.03855551354670556,0.010406851541627588,0.6304516330288636,0.947593166529898,0.9425287665760131,0.01050284159357572,0.0484161437820525,0.4071,37523.0,0.06186,105620.9,0,2.0,0
2265,2023-01-22 06:43:59.999,0.4044964769035598,0.407,0.0615809024542461,0.061855,-0.8989420935395421,-0.9051122522778625,-2.782962342667342,-2.7874034816037847,0.04569692848541207,0.048236551279378426,0.03856042483819753,0.01040497606404468,0.03856207642432278,0.010404338302565526,0.685757407497021,0.9299518212845883,0.947593166529898,0.010501132186567699,0.0482365512793785,0.407,214298.0,0.061855,20784.8,0,2.0,0
2266,2023-01-22 06:44:59.999,0.4044800732597163,0.40705,0.0615572683860195,0.061855,-0.8988192509621502,-0.905152806342977,-2.782962342667342,-2.7877873441925423,0.0459701738636662,0.04835939385677035,0.038566897578685325,0.010402372087561515,0.03856861090344464,0.010401777908923408,0.7115671018001598,0.9413714675515462,0.9299518212845883,0.010499720341477604,0.0483593938567703,0.40705,15973.0,0.061855,88881.6,0,2.0,0
2267,2023-01-22 06:45:59.999,0.4044222561559442,0.40705,0.0615570248320509,0.061855,-0.8988192509621502,-0.9052957583453835,-2.782962342667342,-2.787791300743195,0.04583045625666282,0.04835939385677035,0.038573414712156515,0.01039968543282287,0.03857509419411543,0.010399067872785479,0.6976935001582966,0.9409879950529954,0.9413714675515462,0.010497966103488864,0.0483593938567703,0.40705,22107.0,0.061855,25151.7,0,2.0,0
2268,2023-01-22 06:46:59.999,0.4043403577442289,0.40705,0.0615760655968734,0.061845,-0.8988192509621502,-0.9054982860354316,-2.783124024155164,-2.7874820294513283,0.045375105910591684,0.04849156500959273,0.03858002271458995,0.010396915694145104,0.03858159528649367,0.010396226374846365,0.6534592821617359,0.9533156357692066,0.9409879950529954,0.010495856844433927,0.0484915650095927,0.40705,82733.0,0.061845,240712.1,0,2.0,0
2269,2023-01-22 06:47:59.999,0.404318248268093,0.4071,0.0615843686538831,0.06188,-0.8986964234732039,-0.9055529678899917,-2.782558253277272,-2.7873471962628487,0.04521020081278826,0.04815188692556516,0.0385866599686771,0.010393871469047489,0.038588192840892814,0.010393157030304336,0.6371507668542883,0.9202756629589754,0.9533156357692066,0.01049389742445589,0.0481518869255648,0.4071,103460.0,0.06188,419501.6,0,2.0,0
2270,2023-01-22 06:48:59.999,0.4043694110635135,0.40705,0.0616273523738084,0.06192,-0.8988192509621502,-0.9054264349946313,-2.7819120497006655,-2.7866494749533732,0.04476636148394153,0.04750080185544103,0.0385930719414106,0.010390824202516287,0.03859450061290853,0.010390046105605212,0.5940166971639719,0.8572688499410178,0.9202756629589754,0.010492063311744366,0.047500801855441,0.40705,29521.0,0.06192,349493.3,0,2.0,0
2271,2023-01-22 06:49:59.999,0.4044410958856658,0.407,0.0616581130622658,0.061915,-0.8989420935395421,-0.9052491751254181,-2.781992802315075,-2.7861504592910338,0.04453568673889352,0.04744397281048063,0.03859921392846384,0.010388211897109692,0.038600587793960354,0.010387402269883475,0.5713747085872458,0.8514226480572331,0.8572688499410178,0.010489821673975077,0.0474439728104807,0.407,217516.0,0.061915,126351.5,0,2.0,0
2272,2023-01-22 06:50:59.999,0.4044478550255818,0.4068,0.0616383896352248,0.06189,-0.8994336148077322,-0.9052324629675662,-2.782396663230867,-2.7864703941923117,0.04481393882503071,0.047282599189614194,0.038605183942868784,0.010385789388262484,0.03860662082203614,0.010385016971550688,0.5977186190450386,0.835508493610722,0.8514226480572331,0.0104872808637863,0.0472825991896141,0.4068,37005.0,0.06189,157883.1,0,2.0,0
2273,2023-01-22 06:51:59.999,0.40445015632802,0.40670002,0.0615976459007042,0.061905,-0.8996794168926624,-0.9052267729982353,-2.7821543271094824,-2.787131625070568,0.04536017087273003,0.046838692516673164,0.03861109713744074,0.010383203060121334,0.03861265906147113,0.010382509062646296,0.6498922149304724,0.7923947294098548,0.835508493610722,0.010484661903798471,0.0468386433403773,0.4067,96019.0,0.061905,101725.7,0,2.0,0
2274,2023-01-22 06:52:59.999,0.4043682679002633,0.40665,0.0616164733335833,0.06189,-0.8998024143693528,-0.9054292620256449,-2.782396663230867,-2.786826019947671,0.044907856203894814,0.04691379962799358,0.03861704358776809,0.010380600043854217,0.03861849945738534,0.010379839873985388,0.6059204017464912,0.7992559201948586,0.7923947294098548,0.01048166336205003,0.0469137996279935,0.4066499999999999,12105.0,0.06189,185374.7,0,2.0,0
2275,2023-01-22 06:53:59.999,0.4042586689956426,0.4066,0.0616277861487598,0.06186,-0.8999253777878907,-0.9057003361150453,-2.7828815117252135,-2.786642436302383,0.04448670641712238,0.04718718946736555,0.03862320382111585,0.010377787341592313,0.038624560799268126,0.01037696971562379,0.5649188326172023,0.8252226957789722,0.7992559201948586,0.010478254712583086,0.0471871894673654,0.4065999999999999,77268.0,0.06186,361144.1,0,2.0,0
2276,2023-01-22 06:54:59.999,0.4041775693006088,0.40675,0.0616274030401449,0.06185,-0.8995565328829899,-0.905900969613308,-2.78304318014364,-2.786648652813305,0.044291154783370645,0.047688194841138176,0.038629644896718794,0.010374776113227312,0.03863095512812047,0.010373932986150657,0.5456175264296215,0.8731320893633735,0.8252226957789722,0.01047500635213292,0.0476881948411382,0.40675,43613.0,0.06185,185589.0,0,2.0,0
2277,2023-01-22 06:55:59.999,0.4041941726236226,0.4066,0.0616652721267296,0.06183,-0.8999253777878907,-0.9058598911783379,-2.7833665954116595,-2.7860343569887673,0.04383005954096475,0.0475837349897793,0.03863606179180059,0.010371739028381382,0.03863726382784528,0.010370839744819046,0.5007112095926106,0.8626974872289176,0.8731320893633735,0.010472007482942238,0.0475837349897796,0.4065999999999999,25380.0,0.0618299999999999,16382.2,0,2.0,0
2278,2023-01-22 06:56:59.999,0.4041277643235466,0.40665,0.0616409060632726,0.06184,-0.8998024143693528,-0.9060242026913379,-2.7832048747029705,-2.7864295693638783,0.043988825678547006,0.04757449519327617,0.03864241628994278,0.010368803621277125,0.038643653598294685,0.010367922688016873,0.5155489909690598,0.8614377540147903,0.8626974872289176,0.010469364030059143,0.0475744951932761,0.4066499999999999,93487.0,0.06184,387563.5,0,2.0,0
2279,2023-01-22 06:57:59.999,0.4041412077236898,0.40665,0.061610138708192,0.061855,-0.8998024143693528,-0.9059909380217555,-2.782962342667342,-2.786928832567314,0.04443022732193391,0.047376230449567736,0.03864882956555847,0.01036563505393946,0.038650167542359296,0.010364808612021622,0.5576619883622951,0.841955252967585,0.8614377540147903,0.010466936877122638,0.0473762304495677,0.4066499999999999,204863.0,0.061855,6144.5,0,2.0,0
2280,2023-01-22 06:58:59.999,0.4041327912466599,0.40685,0.0615827153313226,0.06187,-0.8993107118394708,-0.9060117638235031,-2.7827198694392394,-2.7873740430876186,0.0447733515834251,0.047669716309634236,0.03865524891528038,0.010362632220500262,0.038656664814995294,0.01036185096707048,0.5903083134343834,0.8699013148918523,0.841955252967585,0.010464454108957074,0.0476697163096346,0.40685,6449.0,0.0618699999999999,47852.7,0,2.0,0
2281,2023-01-22 06:59:59.999,0.4042455151302964,0.40685,0.0615638123433802,0.061885,-0.8993107118394708,-0.9057328748838127,-2.7824774549901514,-2.7876810430241625,0.04530320639481844,0.04747154769040396,0.03866169379394717,0.010359454977991504,0.03866323082532899,0.010358748806696681,0.6410016975406204,0.8504167367079816,0.8699013148918523,0.010461840437644072,0.0474715476904039,0.40685,32790.0,0.0618849999999999,20527.3,0,2.0,0
2282,2023-01-22 07:00:59.999,0.404358608420398,0.40675,0.0615767958143376,0.061894998,-0.8995565328829899,-0.90545315013954,-2.782315910311152,-2.7874701707343505,0.04541054755938623,0.04709366733234377,0.038668036908739836,0.010356226203024298,0.038669597313889255,0.01035553566018748,0.6509513816279913,0.8135811499698047,0.8504167367079816,0.01045964185233479,0.0470936409173314,0.40675,35592.0,0.061895,39813.7,0,2.0,0
2283,2023-01-22 07:01:59.999,0.4044630805623203,0.40665,0.0616123995823494,0.061905,-0.8998024143693528,-0.9051948184357137,-2.7821543271094824,-2.786892136777907,0.045196348886217486,0.04671569503998274,0.03867421636961649,0.01035306143017393,0.03867572577311489,0.010352338741746025,0.6298695662660305,0.7767247132263135,0.8135811499698047,0.010457857800179843,0.0467156950399827,0.40665,22412.0,0.061905,80125.3,0,2.0,0
2284,2023-01-22 07:02:59.999,0.4044973055721166,0.4066,0.0616422322768534,0.06188,-0.8999253777878907,-0.9051102036377499,-2.782558253277272,-2.786408054441421,0.04488523674390965,0.04692293261087832,0.03868041365937271,0.010349983878755045,0.038681849628612354,0.010349216545443775,0.5994064466675333,0.7963798831053894,0.7767247132263135,0.010455924640280785,0.0469229326108777,0.4065999999999999,70874.0,0.06188,86754.9,0,2.0,0
2285,2023-01-22 07:03:59.999,0.4044007207574229,0.40655,0.0616201941982276,0.061835,-0.9000483563282905,-0.905349009549024,-2.7832857317881166,-2.7867656342731806,0.04493874468517589,0.04739465216935901,0.03868664721491101,0.010347120645157394,0.03868809412476296,0.01034636034694352,0.6041400406336582,0.8415872640398248,0.7963798831053894,0.010453606313432513,0.0473946521693589,0.4065499999999999,56476.0,0.061835,103490.3,0,2.0,0
2286,2023-01-22 07:04:59.999,0.4041769203433051,0.4064,0.0615591430404713,0.06179,-0.900417382717865,-0.9059025752388399,-2.784013739909249,-2.787756890828442,0.04519550999501032,0.047620756823730126,0.03869285861685861,0.010344427563399978,0.03869436351187784,0.010343703432957319,0.628512459320749,0.8630635336903185,0.8415872640398248,0.010451319246998703,0.0476207568237301,0.4064,72405.0,0.06179,144444.1,0,2.0,0
2287,2023-01-22 07:05:59.999,0.403912754784903,0.40625,0.0614995363177476,0.061755,-0.9007865453381898,-0.9065563778450175,-2.7845803350921594,-2.788725643746907,0.045333642147464936,0.04771477362807408,0.03869898559435234,0.01034193047980706,0.038700521039053366,0.010341226152925043,0.641425011920407,0.8717703190255769,0.8630635336903185,0.010448929277850735,0.047714773628074,0.40625,10122.0,0.061755,111495.4,0,2.0,0
2288,2023-01-22 07:06:59.999,0.4038070146802492,0.40625,0.0614689734057794,0.06179,-0.9007865453381898,-0.9068182015845253,-2.784013739909249,-2.789222728938331,0.0454781749035994,0.0472515942034053,0.03870499111983505,0.010339362128671141,0.038706558623603574,0.010338679004624976,0.6549788688638621,0.8266083513866337,0.8717703190255769,0.010446946358593733,0.0472515942034053,0.40625,105499.0,0.06179,361079.1,0,2.0,0
2289,2023-01-22 07:07:59.999,0.4039486171638962,0.40635,0.061520783290417,0.061805,-0.9005404217829233,-0.9064675943475959,-2.7837710116423504,-2.7883802215768405,0.04514005042034408,0.04729929260010424,0.0387109507742324,0.010336893940039322,0.03871243864732801,0.01033616038031152,0.6218568149599809,0.830843566325608,0.8266083513866337,0.01044516034727469,0.0472992926001043,0.40635,58164.0,0.061805,85810.7,0,2.0,0
2290,2023-01-22 07:08:59.999,0.4041746739526388,0.40655,0.0615362391897089,0.0618,-0.9000483563282905,-0.9059081331932799,-2.783851914518492,-2.788129022595073,0.045494161788142806,0.047857494422915425,0.038717009561905276,0.010334582288011892,0.038718577984082146,0.010333900556503597,0.6556656672873125,0.8844561498739146,0.830843566325608,0.010443679175037121,0.0478574944229153,0.4065499999999999,85071.0,0.0617999999999999,49961.4,0,2.0,0
2291,2023-01-22 07:09:59.999,0.404337482364176,0.40665,0.0615211419547467,0.0618,-0.8998024143693528,-0.9055053973470325,-2.783851914518492,-2.7883743916236927,0.0460974815590961,0.048103436381853104,0.038723201303181826,0.010332190991819477,0.03872490791745072,0.010331604276983417,0.7135942728729824,0.9078650487682709,0.8844561498739146,0.010442504925021365,0.0481034363818531,0.4066499999999999,18011.0,0.0617999999999999,63361.7,0,2.0,0
2292,2023-01-22 07:10:59.999,0.4043118136068288,0.4068,0.0615100491381367,0.0618,-0.8994336148077322,-0.9055688828591915,-2.783851914518492,-2.788554716897983,0.046181408095818055,0.04847223594347372,0.038729508502656274,0.010329823629534066,0.03873123308020618,0.010329250217097114,0.721269681634805,0.9431649358428492,0.9078650487682709,0.010441490956694933,0.0484722359434737,0.4068,50836.0,0.0617999999999999,57352.2,0,2.0,0
2293,2023-01-22 07:11:59.999,0.4042174452309258,0.40715,0.0615030634058768,0.06182,-0.8985736110689967,-0.9058023150455966,-2.7835283422781667,-2.7886682939325436,0.04604082270216747,0.04906772630717027,0.038735907600726725,0.010327663263178936,0.038737598161962886,0.01032706593276002,0.7071925934971465,1.0004023604525742,0.9431649358428492,0.010440070840218169,0.0490677263071703,0.40715,865040.0,0.06182,76559.5,0,2.0,0
2294,2023-01-22 07:12:59.999,0.4042380421373464,0.4075,0.0615440658053787,0.061825,-0.8977143463012197,-0.9057513613276817,-2.7834474655746573,-2.7880018435849028,0.045546967537301475,0.049860876102334584,0.0387424459926253,0.01032576302645267,0.03874402074882634,0.010325086919607979,0.6588754982348788,1.0767659572688186,1.0004023604525742,0.010437884003307836,0.0498608761023344,0.4075,53509.0,0.061825,87338.2,0,2.0,0
2295,2023-01-22 07:13:59.999,0.4043811222468539,0.40760002,0.0615667007690041,0.061805,-0.897468928565855,-0.9053974738184493,-2.7837710116423504,-2.7876341265360978,0.045600254236214055,0.05037078581717247,0.03874913085368761,0.010323940864806813,0.0387507163948546,0.010323272191925068,0.6635045278295783,1.12569948972701,1.0767659572688186,0.010435791947579008,0.0503707367494601,0.4075999999999999,16730.0,0.061805,479574.4,0,2.0,0
2296,2023-01-22 07:14:59.999,0.4045357338284487,0.40755,0.0615446444682749,0.06176,-0.8975916544416706,-0.9050152056475825,-2.7844993732656165,-2.787992441213314,0.04627543698004033,0.05084347996572436,0.038755864981921906,0.01032233955943703,0.03875760522075508,0.010321778819498533,0.7283465273527814,1.171015050822616,1.12569948972701,0.010434149205070603,0.0508434799657242,0.4075499999999999,21003.0,0.06176,61496.8,0,2.0,0
2297,2023-01-22 07:15:59.999,0.4046413691015381,0.40755,0.0614749400335685,0.06174,-0.8975916544416706,-0.904754112561021,-2.7848232599081237,-2.789125666340812,0.04746291733286556,0.0511082503578123,0.03876260025110387,0.010320904517601183,0.03876461374730423,0.010320558711330623,0.8428132457607875,1.1961790834954695,1.171015050822616,0.010432889771032933,0.0511082503578121,0.4075499999999999,14409.0,0.06174,171410.3,0,2.0,0
2298,2023-01-22 07:16:59.999,0.4046555263547153,0.40755,0.0614321500901584,0.06172,-0.8975916544416706,-0.9047191260109474,-2.785147251487177,-2.7898219637650836,0.04806711211149406,0.05137310653327842,0.03876947119706498,0.010319417052569689,0.03877162293067165,0.010319192065173175,0.9007962175831847,1.2213514844886464,1.1961790834954695,0.010431369346278835,0.0513731065332783,0.4075499999999999,48216.0,0.06172,134149.7,0,2.0,0
2299,2023-01-22 07:17:59.999,0.4045856885648887,0.40725,0.0614060249270523,0.06173,-0.8983280314999825,-0.9048917266860302,-2.7849852425763326,-2.790247322795309,0.04824223333176059,0.05050429066083717,0.03877629148744758,0.010317433831242378,0.03877848217058674,0.010317244669509658,0.9172750539823753,1.1367166841308793,1.2213514844886464,0.01042975449271577,0.0505042906608372,0.40725,261450.0,0.06173,293701.6,0,2.0,0
2300,2023-01-22 07:18:59.999,0.4044111240421977,0.4069,0.0614307100995411,0.061705,-0.8991878239744928,-0.9053232846914016,-2.7853903140769902,-2.7898454043819654,0.04748211563320581,0.04997563546084538,0.03878309236965423,0.01031513047971805,0.038785105566428946,0.010314785564081028,0.8431595608795098,1.0850607380292763,1.1367166841308793,0.010428257457086308,0.0499756354608453,0.4069,23592.0,0.0617049999999999,273555.5,0,2.0,0
2301,2023-01-22 07:19:59.999,0.4042724668263131,0.4068,0.0614240514762609,0.061705,-0.8994336148077322,-0.9056662055044589,-2.7853903140769902,-2.7899538026760373,0.047227808103490254,0.04972984462760599,0.038789895002880305,0.0103126569070144,0.038791847771475686,0.010312262283097942,0.8180513742208942,1.0608274592442437,1.0850607380292763,0.010426354217700615,0.0497298446276059,0.4068,18040.0,0.0617049999999999,290407.4,0,2.0,0
2302,2023-01-22 07:20:59.999,0.4042730359119486,0.40675,0.0614290416659679,0.06173,-0.8995565328829899,-0.9056647978270096,-2.7849852425763326,-2.7898725643517572,0.04716280519109306,0.04927578927782983,0.038796514788381226,0.010310206994161918,0.038798450981485294,0.01030979933826672,0.8113013585591258,1.0163980699303534,1.0608274592442437,0.010424117579623861,0.0492757892778299,0.40675,47391.0,0.06173,142103.1,0,2.0,0
2303,2023-01-22 07:21:59.999,0.4043473764670664,0.40675,0.0614520704048054,0.061705,-0.8995565328829899,-0.9054809277337267,-2.7853903140769902,-2.789497751026601,0.04704027342015216,0.04960692655234833,0.03880322548393945,0.010307806243560447,0.03880513176672959,0.010307374963922358,0.7989562504757055,1.048108667657411,1.0163980699303534,0.010421724915735323,0.0496069265523484,0.40675,36035.0,0.061705,503439.1,0,2.0,0
2304,2023-01-22 07:22:59.999,0.4044073101700441,0.40670002,0.0614064133689657,0.06168,-0.8996794168926624,-0.9053327154164996,-2.7857955497270632,-2.790240997020513,0.047796073415903306,0.04981531400582473,0.03881003041398217,0.010305369911244845,0.03881211003513513,0.010305083912982575,0.8717991485202736,1.06791737575902,1.048108667657411,0.010419057298565411,0.0498152648295289,0.4067,6556.0,0.06168,70170.6,0,2.0,0
2305,2023-01-22 07:23:59.999,0.4044577790803477,0.40645,0.0613670514032195,0.06168,-0.9002943587895558,-0.90520792597747,-2.7857955497270632,-2.79088220995961,0.04844504069685407,0.049200372108931356,0.03881660585138673,0.010302934858823632,0.03881883413994157,0.010302783628242588,0.934330653176544,1.007845473142225,1.06791737575902,0.010416164926644617,0.0492003721089313,0.40645,25159.0,0.06168,24329.7,0,2.0,0
2306,2023-01-22 07:24:59.999,0.404326320298554,0.4057,0.0613721958141438,0.061655,-0.9021413087697355,-0.9055330035427989,-2.7862009496596434,-2.7907983832938297,0.04805143662794875,0.04768482788933104,0.038822844719843104,0.010300142411210437,0.038824980473582536,0.010299907099751803,0.8957805216115537,0.8603748196571298,1.007845473142225,0.01041308665886443,0.0476848278893311,0.4057,1143411.0,0.061655,60871.0,0,2.0,0
2307,2023-01-22 07:25:59.999,0.4039505041320559,0.4056,0.0613778802215496,0.061635,-0.9023878267051636,-0.9064629230511184,-2.7865253879786542,-2.7907057657151944,0.047045804233109334,0.047703531329715054,0.038828921491627304,0.01029763580948174,0.03883082310762857,0.010297202731182334,0.7977876458238392,0.861810419622365,0.8603748196571298,0.010410147532516682,0.0477035313297149,0.4055999999999999,214039.0,0.0616349999999999,63985.2,0,2.0,0
2308,2023-01-22 07:26:59.999,0.4038336518815726,0.40535,0.0613877730459785,0.061595,-0.9030043875484209,-0.9067522385828195,-2.7871745805681996,-2.79054459971824,0.04662473895132746,0.0476176715216835,0.03883486131757987,0.010295302766528446,0.03883666411268141,0.0102947933228025,0.75650618661725,0.8530890643311481,0.861810419622365,0.010407495701359413,0.0476176715216833,0.40535,274763.0,0.061595,357747.9,0,2.0,0
2309,2023-01-22 07:27:59.999,0.4036842918621579,0.40535,0.0613930694559124,0.061565,-0.9030043875484209,-0.9071221623034629,-2.787661751737302,-2.7904583255108104,0.046184287914239786,0.04801592351645134,0.03884108810927636,0.010292718704346834,0.038842787530661456,0.010292133750746536,0.7133117933922901,0.8913908628728241,0.8530890643311481,0.010404966612331042,0.0480159235164512,0.40535,96053.0,0.0615649999999999,55181.7,0,2.0,0
2310,2023-01-22 07:28:59.999,0.403668287576655,0.40555,0.061358324793414,0.06159,-0.9025111084657833,-0.9071618086386888,-2.7872557592831853,-2.7910244235765598,0.046607414621052,0.048177312464846134,0.03884747432266242,0.010289950345288287,0.038849270189429,0.010289436641661232,0.7539911757861263,0.9066941850167236,0.8913908628728241,0.010402418007333937,0.0481773124648459,0.4055499999999999,126603.0,0.06159,248982.4,0,2.0,0
2311,2023-01-22 07:29:59.999,0.4037465717953871,0.40545,0.0613516110593818,0.06161,-0.9027577175915708,-0.9069678953905768,-2.7869310839556576,-2.791133848033385,0.04689078001857483,0.04766528821386162,0.03885375787437093,0.010287044587693858,0.038855617865610044,0.010286580637821292,0.7811305268362374,0.8565657769221406,0.9066941850167236,0.010399745381819961,0.0476652882138615,0.40545,5800.0,0.06161,104905.3,0,2.0,0
2312,2023-01-22 07:30:59.999,0.4036854400173873,0.4055,0.0613239427952191,0.06163,-0.9026344054266694,-0.9071193181165084,-2.7866065140079854,-2.7915849283629615,0.0471081057992212,0.047523271399339984,0.03886004347188943,0.010284043720523207,0.03886195230371709,0.010283618992853157,0.801872716330211,0.8423950892159188,0.8565657769221406,0.010396936749331145,0.0475232713993398,0.4054999999999999,235570.0,0.06163,34988.8,0,2.0,0
2313,2023-01-22 07:31:59.999,0.4037520629725714,0.40535,0.0612960723101519,0.061625,-0.9030043875484209,-0.9069542949287358,-2.7866876466192827,-2.792039511336601,0.04764474083006098,0.04721961344933556,0.03886630474278037,0.01028089684461173,0.03886833631789892,0.010280574334919449,0.8536881526503577,0.8125077833976326,0.8423950892159188,0.010393924366439843,0.0472196134493354,0.40535,81736.0,0.061625,29287.3,0,2.0,0
2314,2023-01-22 07:32:59.999,0.4038219057543773,0.4054,0.061288844357248,0.06163,-0.9028810449642375,-0.9067813255545739,-2.7866065140079854,-2.7921574369853475,0.04791411189592021,0.04727663186177189,0.03887266798957872,0.0102775927474509,0.03887476043204721,0.010277323655836987,0.8795433292342714,0.8176976923197862,0.8125077833976326,0.010390823836779993,0.0472766318617718,0.4054,50110.0,0.06163,42120.2,0,2.0,0
2315,2023-01-22 07:33:59.999,0.4040064292756891,0.4052,0.0613299112007744,0.061615,-0.9033745066076088,-0.9063244870988788,-2.7868499315920507,-2.7914876072374435,0.04782337888151156,0.04698215887898616,0.03887918837349155,0.010273799569750252,0.038881258308809306,0.010273511559980455,0.8704054617055654,0.7887024124310011,0.8176976923197862,0.01038806322881391,0.0469821588789862,0.4052,302666.0,0.061615,192162.8,0,2.0,0
2316,2023-01-22 07:34:59.999,0.4040044574438819,0.40505,0.0613342613946515,0.06158,-0.9037447627056368,-0.9063293678049177,-2.787418136485783,-2.791416678721205,0.04776051563284811,0.04707639810974107,0.03888590854498289,0.010269663650967382,0.038887962376755125,0.010269362514867581,0.8639828658543945,0.7975421438448621,0.7887024124310011,0.010385613296133885,0.047076398109741,0.40505,136288.0,0.0615799999999999,261274.0,0,2.0,0
2317,2023-01-22 07:35:59.999,0.403849396584154,0.4052,0.0612921696689142,0.06155,-0.9033745066076088,-0.906713251253289,-2.7879054263516747,-2.792103182063516,0.04793783396083351,0.047845003234619266,0.03889279230549701,0.010265699218089869,0.03889488558058504,0.010265433302186483,0.8809124869889677,0.8720507720844742,0.7975421438448621,0.010383136039872395,0.0478450032346193,0.4052,39144.0,0.0615499999999999,333254.0,0,2.0,0
2318,2023-01-22 07:36:59.999,0.4036688965981246,0.40515,0.0612341887133751,0.061565,-0.9034979100754028,-0.9071602999221784,-2.787661751737302,-2.793049606337158,0.0482644668617489,0.04752240098946947,0.03889969501072972,0.010261473167738696,0.03890186228030877,0.010261274482402329,0.9124212199465688,0.8402990328765749,0.8720507720844742,0.010380507171150615,0.0475224009894694,0.40515,117046.0,0.0615649999999999,77868.3,0,2.0,0
2319,2023-01-22 07:37:59.999,0.4034012366542415,0.40515,0.0612441059820891,0.06152,-0.9034979100754028,-0.9078235878885355,-2.7883929537847485,-2.7928876630514465,0.047468793728402625,0.0481201429997582,0.03890682667566579,0.010257171979519903,0.03890880815380806,0.01025681188329101,0.8345659130727863,0.8982316317293183,0.8402990328765749,0.010377687255214188,0.0481201429997582,0.40515,88948.0,0.06152,840998.5,0,2.0,0
2320,2023-01-22 07:38:59.999,0.4033559194665327,0.40515,0.0612079195512072,0.06154,-0.9034979100754028,-0.9079359319499736,-2.7880679090882414,-2.793478693404398,0.047839604319701357,0.047854425923332666,0.03891390967597417,0.010252782496750053,0.0389159753308327,0.010252495036122241,0.8703860823563787,0.8720087693455391,0.8982316317293183,0.01037469216851894,0.0478544259233326,0.40515,165089.0,0.06154,126752.0,0,2.0,0
2321,2023-01-22 07:39:59.999,0.4035188377016136,0.405,0.0612504841627522,0.06152,-0.9038682118755978,-0.9075321066081902,-2.7883929537847485,-2.7927835248905475,0.04767514429301645,0.04774984119956316,0.03892093825720069,0.01024842892974486,0.03892296422480907,0.010248108128798694,0.8540288566640373,0.861488429386246,0.8720087693455391,0.010371613055151949,0.0477498411995631,0.405,59187.0,0.06152,111378.5,0,2.0,0
2322,2023-01-22 07:40:59.999,0.4036607596719332,0.4048,0.0612420086624216,0.061505,-0.9043621610088812,-0.907180457552035,-2.7886368066613887,-2.7929219088869646,0.04813991930183925,0.04745523656922046,0.03892783975319805,0.010244134046058702,0.038929971685516644,0.010243907006874746,0.899065914024967,0.8324175355068899,0.861488429386246,0.010368651952217416,0.0474552365692204,0.4048,203138.0,0.061505,85386.7,0,2.0,0
2323,2023-01-22 07:41:59.999,0.4036772731393204,0.4047,0.0612165079396912,0.061499998,-0.9046092271003171,-0.9071395491178517,-2.7887181366899907,-2.7933383882598424,0.04852129070170663,0.047274656033949536,0.03893467076843287,0.010239857744291357,0.038936889379849966,0.01023971114751397,0.9360030945974094,0.8144630007351561,0.8324175355068899,0.010365587131020435,0.0472746294492796,0.4047,37789.0,0.0615,272207.3,0,2.0,0
2324,2023-01-22 07:42:59.999,0.4035531325991196,0.4047,0.0611917249900616,0.06149,-0.9046092271003171,-0.9074471206372021,-2.788880719016759,-2.7937433111865944,0.048544735000889405,0.047407563603313,0.038941608792463306,0.010235441391008357,0.038943831223893166,0.010235299333444605,0.9380188565296346,0.8271216147343555,0.8144630007351561,0.010362590378308265,0.0474075636033131,0.4047,59630.0,0.06149,155174.8,0,2.0,0
2325,2023-01-22 07:43:59.999,0.4033623990556103,0.40465,0.0611689149164661,0.06149,-0.9047327830404261,-0.9079198678816887,-2.788880719016759,-2.7941161447036005,0.048376771169874155,0.04728400766320395,0.03894854690755295,0.010230934445748166,0.038950728861790934,0.010230755729631957,0.9213436971016721,0.8147311274304083,0.8271216147343555,0.01035952434679013,0.0472840076632039,0.40465,35219.0,0.06149,69531.6,0,2.0,0
2326,2023-01-22 07:44:59.999,0.4031966204164142,0.4047,0.0611828566034021,0.061485,-0.9046092271003171,-0.9083309441638412,-2.7889620363577263,-2.7938882495644757,0.04777939549336008,0.047474038787608364,0.03895544145181157,0.010226640737873577,0.03895748356105516,0.010226338171165653,0.8626657738719535,0.8329809909376035,0.8147311274304083,0.01035633894681478,0.0474740387876084,0.4047,88725.0,0.061485,32752.4,0,2.0,0
2327,2023-01-22 07:45:59.999,0.4032641369358856,0.40475,0.0612123648555757,0.061485,-0.9044856864243925,-0.9081635050937721,-2.7889620363577263,-2.793406069747428,0.047552662892043185,0.047597579463532935,0.038962153401466776,0.010222794616114117,0.03896414148512578,0.010222446818935174,0.8401629824093358,0.8447226405638826,0.8329809909376035,0.01035313797135639,0.0475975794635328,0.40475,60169.0,0.061485,35255.7,0,2.0,0
2328,2023-01-22 07:46:59.999,0.4034742842867314,0.40475,0.0612089097669774,0.061485,-0.9044856864243925,-0.9076425249344771,-2.7889620363577263,-2.793462515632506,0.048119786353229665,0.047597579463532935,0.03896870033182372,0.010219265768319665,0.03897081814853778,0.01021903125934493,0.8952872314903131,0.8443736886126647,0.8447226405638826,0.010349997094519336,0.0475975794635328,0.40475,85127.0,0.061485,27534.2,0,2.0,0
2329,2023-01-22 07:47:59.999,0.4036451247928955,0.40465,0.0611983649467968,0.061485,-0.9047327830404261,-0.9072191910218153,-2.7889620363577263,-2.793634806376358,0.048683964258251944,0.04735048284749932,0.03897527083990958,0.010215527083858797,0.03897751770253821,0.010215412450416824,0.9501766671513764,0.8198511872014049,0.8443736886126647,0.010347074396568583,0.0473504828474993,0.40465,23374.0,0.061485,76003.9,0,2.0,0
2330,2023-01-22 07:48:59.999,0.4036253266031562,0.40475,0.0611888485643595,0.061495,-0.9044856864243925,-0.9072682407292808,-2.788799408287763,-2.793790319067324,0.048762042844324394,0.04746463450008742,0.038982004158123515,0.010211533338190653,0.03898426753203839,0.010211435336798788,0.9575319227699548,0.8306911470620449,0.8198511872014049,0.01034436766145387,0.0474646345000873,0.40475,187869.0,0.061495,257253.6,0,2.0,0
2331,2023-01-22 07:49:59.999,0.4035681983925218,0.4046,0.0611893810053347,0.061495,-0.904856354248492,-0.907409788472073,-2.788799408287763,-2.7937816175037034,0.04861338175967311,0.047093966675987975,0.03898880244640679,0.010207154626724247,0.03899102984268387,0.010207023406221432,0.9427187078971703,0.794066958519502,0.8306911470620449,0.010341845472933112,0.0470939666759879,0.4045999999999999,206777.0,0.061495,73711.4,0,2.0,0
2332,2023-01-22 07:50:59.999,0.4033847731066469,0.40445,0.0611879645701195,0.061485,-0.9052271595181755,-0.9078644005635141,-2.7889620363577263,-2.793804766154438,0.048177693194326965,0.04685610636975002,0.038995749977464945,0.010202291674474891,0.038997874935395256,0.010202067121832853,0.8997998297116191,0.7704500756384856,0.794066958519502,0.010339315791699992,0.0468561063697499,0.40445,30879.0,0.061485,98172.0,0,2.0,0
2333,2023-01-22 07:51:59.999,0.4032708162041335,0.40445,0.0611950285240919,0.06149,-0.9052271595181755,-0.9081469422201556,-2.788880719016759,-2.7936893260299294,0.0478007817088093,0.04678963118545465,0.039002697943413156,0.010197375432049764,0.0390047340655528,0.010197073607612761,0.8626050945331706,0.7636213154972809,0.7704500756384856,0.010336790036389884,0.0467896311854545,0.40445,18115.0,0.06149,225020.9,0,2.0,0
2334,2023-01-22 07:52:59.999,0.4033237012323982,0.4045,0.0612062062290376,0.06148,-0.9051035424835906,-0.9080158105866093,-2.789043360311742,-2.7935066856341964,0.04778260873128859,0.047046203994655644,0.03900982600594054,0.010192231750276221,0.039011856272713356,0.010191925918088117,0.8605588903476372,0.788480696437982,0.7636213154972809,0.010334465512455577,0.0470462039946555,0.4044999999999999,143842.0,0.06148,53024.2,0,2.0,0
2335,2023-01-22 07:53:59.999,0.4034789967151514,0.40465,0.0611919649884978,0.061485,-0.9047327830404261,-0.9076308453774791,-2.7889620363577263,-2.7937393891208973,0.04835780405592183,0.04735048284749932,0.03901709925059012,0.010186968835121664,0.039019260950383064,0.010186780889818727,0.9167315176939024,0.8180434957431256,0.788480696437982,0.010332178346863462,0.0473504828474993,0.40465,106799.0,0.061485,25593.6,0,2.0,0
2336,2023-01-22 07:54:59.999,0.4036461631245813,0.40485,0.0611835739320615,0.061485,-0.9042386508500138,-0.9072166186375933,-2.7889620363577263,-2.793876525292447,0.048884136678376655,0.04784461503791171,0.03902444231650699,0.010181894967148452,0.03902672412496842,0.010181821324791522,0.9681384340743248,0.8662604308788018,0.8180434957431256,0.01032983873206869,0.0478446150379117,0.40485,130204.0,0.061485,142968.2,0,2.0,0
2337,2023-01-22 07:55:59.999,0.4038078133969305,0.40475,0.0611690495822553,0.06148,-0.9044856864243925,-0.9068162236201455,-2.789043360311742,-2.794113943166412,0.049478615721926134,0.04766406005385371,0.039031621394388566,0.01017704934606382,0.03903403912045372,0.010177112360028006,1.0262809559315575,0.8482260786918471,0.8662604308788018,0.010327612003844293,0.0476640600538538,0.40475,80491.0,0.06148,60253.8,0,2.0,0
2338,2023-01-22 07:56:59.999,0.4036942957885919,0.40455002,0.0611661189346842,0.06147,-0.9049798912906428,-0.9070973810506837,-2.789206028063219,-2.7941618549420233,0.04923662514160476,0.047302832589836585,0.039038657979164906,0.010172255743499014,0.039041018073393656,0.010172261427571312,1.0022950295571953,0.8124230081369346,0.8482260786918471,0.01032558167289599,0.047302783152191,0.40455,19753.0,0.06147,385410.3,0,2.0,0
2339,2023-01-22 07:57:59.999,0.4034714638184503,0.40455002,0.0611983436136025,0.061444998,-0.9049798912906428,-0.907649515412555,-2.7896128457950113,-2.793635154967338,0.048253924833170814,0.0476353973709005,0.0390456637475003,0.01016775104344148,0.039047794796119986,0.010167539242272322,0.9054432756724103,0.8448017252488543,0.8124230081369346,0.010323725873845795,0.0476353213247893,0.40455,19162.0,0.061445,18954.7,0,2.0,0
2340,2023-01-22 07:58:59.999,0.4033750637069891,0.40455002,0.0611644665010067,0.061444998,-0.9049798912906428,-0.9078884706751266,-2.7896128457950113,-2.7941888708133478,0.04846762041324715,0.0476353973709005,0.039052347702111564,0.010163904037925667,0.03905452665899912,0.010163736929398941,0.9261449621959762,0.8444638631732532,0.8448017252488543,0.010322152162605167,0.0476353213247893,0.40455,48119.0,0.061445,21007.1,0,2.0,0
2341,2023-01-22 07:59:59.999,0.4033264617969282,0.40455002,0.0612243149999328,0.061444998,-0.9049798912906428,-0.9080089660717092,-2.7896128457950113,-2.79321086444769,0.04754762576317506,0.0476353973709005,0.039059011182342084,0.010160091994424053,0.03906097568467507,0.010159736790957436,0.835321844760136,0.8441248556868592,0.8444638631732532,0.0103208637383726,0.0476353213247893,0.40455,45064.0,0.061445,20370.5,0,2.0,0
2342,2023-01-22 08:00:59.999,0.403308305968365,0.4045,0.0612219901261924,0.061465,-0.9051035424835906,-0.908053982302826,-2.789287371862833,-2.7932488382148573,0.047533652273259897,0.04724567821056069,0.039065346622773084,0.010156661171879335,0.03906730642505276,0.010156302719888334,0.8336051102167445,0.8054154263249843,0.8441248556868592,0.010319533726712538,0.0472456782105605,0.4044999999999999,129839.0,0.061465,193328.1,0,2.0,0
2343,2023-01-22 08:01:59.999,0.4032691089472271,0.4045,0.0612089782109759,0.061499998,-0.9051035424835906,-0.9081511757536811,-2.7887181366899907,-2.7934613974299354,0.04761022142737792,0.046780340650676044,0.03907146032355901,0.010153353765674212,0.03907343643119702,0.010153009615702,0.8408132484163563,0.7592447288873859,0.8054154263249843,0.010317731518425537,0.0467803140660059,0.4044999999999999,51462.0,0.0615,158497.1,0,2.0,0
2344,2023-01-22 08:02:59.999,0.403240489930138,0.4044,0.0611924605408245,0.061499998,-0.9053507918358208,-0.9082221458131595,-2.7887181366899907,-2.7937312908302108,0.04775988344108317,0.04653309129844585,0.039077404351762594,0.010150203415566966,0.03907941371975364,0.010149888097799908,0.8552281205160395,0.7345357173087549,0.7592447288873859,0.010315400340438185,0.0465330647137758,0.4044,64152.0,0.0615,394067.1,0,2.0,0
2345,2023-01-22 08:03:59.999,0.4032327573542666,0.40425,0.0611405275458779,0.061495,-0.9057217805249208,-0.9082413220868863,-2.788799408287763,-2.7945803340666853,0.04843478182533145,0.04622854039955915,0.03908314015545949,0.010147241295288595,0.03908530438634814,0.010147064157153714,0.9213972922790575,0.7041717089567288,0.7345357173087549,0.010312893103343714,0.046228540399559,0.40425,64680.0,0.061495,15834.8,0,2.0,0
2346,2023-01-22 08:04:59.999,0.4033116505944682,0.40425,0.0611358702428908,0.06154,-0.9057217805249208,-0.9080456893612094,-2.7880679090882414,-2.7946565107135863,0.04869268732802645,0.04563055547381467,0.03908868231612417,0.010144277090598994,0.03909090495093368,0.010144155141917388,0.9465334710247637,0.6448831295975791,0.7041717089567288,0.010310415074474525,0.0456305554738145,0.40425,6994.0,0.06154,246627.4,0,2.0,0
2347,2023-01-22 08:05:59.999,0.4035057786838733,0.40425,0.0612248492186741,0.061565,-0.9057217805249208,-0.9075644699772284,-2.787661751737302,-2.7932021388880717,0.04798498889958325,0.045298530539951476,0.039094059148747154,0.010141410887447046,0.03909611675803917,0.010141139120755949,0.8765161423879049,0.611795682086421,0.6448831295975791,0.010307981057508448,0.0452985305399513,0.40425,231187.0,0.0615649999999999,35692.9,0,2.0,0
2348,2023-01-22 08:06:59.999,0.4036017994049108,0.40425,0.061281954179921,0.06155,-0.9057217805249208,-0.9073265321258259,-2.7879054263516747,-2.792269864699232,0.04746081257238988,0.04549772931730722,0.03909937949949333,0.010138739740919833,0.03910131456847572,0.010138364282699952,0.8245410966519278,0.6310794025011044,0.611795682086421,0.01030565667571752,0.0454977293173071,0.40425,14326.0,0.0615499999999999,94263.0,0,2.0,0
2349,2023-01-22 08:07:59.999,0.4034995087579246,0.40415,0.0612579970026887,0.061525,-0.9059691828022837,-0.9075800087253539,-2.7883116827050176,-2.7926608747707444,0.047526978330271974,0.04558243290615149,0.039104825328254,0.010135901864886368,0.039106774449522694,0.010135538590427743,0.830760378999645,0.6390756011892494,0.6310794025011044,0.010303358699427584,0.0455824329061513,0.40415,36439.0,0.0615249999999999,130113.8,0,2.0,0
2350,2023-01-22 08:08:59.999,0.4031636134495569,0.40415,0.0612052271243062,0.061525,-0.9059691828022837,-0.9084128107179927,-2.7883116827050176,-2.793522682583249,0.04739868576307571,0.04558243290615149,0.03911037543746756,0.010132882444439727,0.03911229358380535,0.010132494224720942,0.8178037900138624,0.6387183019413576,0.6390756011892494,0.010300626231874499,0.0455824329061513,0.40415,233622.0,0.0615249999999999,24227.9,0,2.0,0
2351,2023-01-22 08:09:59.999,0.4028802437469473,0.40415,0.0611947560814227,0.061515,-0.9059691828022837,-0.9091159231150507,-2.788474231470005,-2.7936937780790947,0.04683544026873654,0.0457153130394784,0.039116019615156296,0.010129768631834199,0.03911780610454615,0.01012927700658506,0.7619136251455207,0.6514752374089683,0.6387183019413576,0.0102978788233247,0.0457153130394782,0.40415,163402.0,0.061515,91625.6,0,2.0,0
2352,2023-01-22 08:10:59.999,0.4028339481313038,0.4041,0.0612031053603535,0.061505,-0.906092906897709,-0.9092308413234207,-2.7886368066613887,-2.7935573495689003,0.04660899467579638,0.04572449068039264,0.03912171338529178,0.010126568233442265,0.039123446151153964,0.010126036863585174,0.7392377319464072,0.6520251622159282,0.6514752374089683,0.010295395674897458,0.0457244906803926,0.4041,55469.0,0.061505,194783.1,0,2.0,0
2353,2023-01-22 08:11:59.999,0.4029964570240855,0.40405,0.0612125372988965,0.06148,-0.9062166463026804,-0.9088275085776095,-2.789043360311742,-2.793403252619249,0.04688635646626682,0.045933100175565844,0.039127619904857705,0.010123097389300917,0.03912941549304595,0.010122613939274192,0.7662982130658096,0.6722725277641642,0.6520251622159282,0.010292798643760526,0.0459331001755658,0.40405,939719.0,0.06148,204238.4,0,2.0,0
2354,2023-01-22 08:12:59.999,0.4032122602874312,0.4042,0.0611990920531702,0.061495,-0.9058454740126164,-0.9082921552283689,-2.788799408287763,-2.7936229253064204,0.047601287531535474,0.04610484691186356,0.03913366432298353,0.010119465381836442,0.039135623967327095,0.010119114104380707,0.8366012554936478,0.6888884269906886,0.6722725277641642,0.010290110918932558,0.0461048469118634,0.4042,89242.0,0.061495,72057.4,0,2.0,0
2355,2023-01-22 08:13:59.999,0.403407137173725,0.40405,0.061205824898189,0.061495,-0.9062166463026804,-0.9078089610708795,-2.788799408287763,-2.7935129159180185,0.047994551370580396,0.04573367462179956,0.03913962282159776,0.010115770875526021,0.03914167209920688,0.010115497054932449,0.8751798575292684,0.6518585564403568,0.6888884269906886,0.010287294638781277,0.0457336746217995,0.40405,54591.0,0.061495,72478.4,0,2.0,0
2356,2023-01-22 08:14:59.999,0.4032409242323335,0.40395,0.0611870001319591,0.061515,-0.9064641710564195,-0.9082210687835148,-2.788474231470005,-2.7938205281718202,0.04783391008588933,0.04522032478534255,0.03914543240130233,0.010112053898479549,0.039147443157535745,0.01011174742902728,0.8590470627675871,0.6007575162305688,0.6518585564403568,0.010284359404095191,0.0452203247853426,0.40395,79140.0,0.061515,211322.7,0,2.0,0
2357,2023-01-22 08:15:59.999,0.4029712375448715,0.4036,0.0611952063007113,0.061495,-0.9073309905026832,-0.908890090438873,-2.788799408287763,-2.7936864209514374,0.04705525865065607,0.04461933042179678,0.039151055354224605,0.010108341770031892,0.03915288460747534,0.010107887109059075,0.7818027603512037,0.5409665790865834,0.6007575162305688,0.010281335499402876,0.0446193304217965,0.4035999999999999,198830.0,0.061495,183589.9,0,2.0,0
2358,2023-01-22 08:16:59.999,0.402598346678219,0.4032,0.061189305894713,0.06145,-0.9083225622249782,-0.9098158723963561,-2.7895314429700933,-2.793782845015186,0.0462083012997323,0.04422618137097123,0.039156704524505315,0.010104356349089173,0.03915833646081063,0.010103756429773377,0.6977568083635802,0.5017120013708629,0.5409665790865834,0.010278136325607602,0.0442261813709712,0.4032,154287.0,0.06145,71301.1,0,2.0,0
2359,2023-01-22 08:17:59.999,0.4023931513707977,0.40365002,0.0611731642221116,0.06149,-0.9072070635932381,-0.9103256797977084,-2.788880719016759,-2.794046678732822,0.04591417231081363,0.044809727110391995,0.03916241901856631,0.010100570321748652,0.03916398156272096,0.010099923646658196,0.6683407701132603,0.5591078436101614,0.5017120013708629,0.010274464583944588,0.0448096775625175,0.4036499999999999,137298.0,0.06149,249907.2,0,2.0,0
2360,2023-01-22 08:18:59.999,0.4029008456453472,0.404,0.061214835506144,0.06154,-0.9063404010209869,-0.9090647878906688,-2.7880679090882414,-2.7933657086093584,0.0466183857293736,0.04501193497774858,0.03916812954307714,0.010096901516475564,0.039169853740296835,0.01009636912425142,0.7377436281707882,0.5787721535300548,0.5591078436101614,0.0102703997761458,0.0450119349777486,0.404,94126.0,0.06154,80271.8,0,2.0,0
2361,2023-01-22 08:19:59.999,0.4032993104217411,0.404,0.0612538294742881,0.06156,-0.9063404010209869,-0.908076286943748,-2.7877429700114584,-2.792728909482528,0.047086317031350466,0.04474630424318515,0.03917369922015151,0.010093340103646214,0.03917553042075581,0.010092889766944103,0.7837979798911309,0.5521071286422365,0.5787721535300548,0.010266415605356759,0.0447463042431852,0.404,76320.0,0.06156,72398.8,0,2.0,0
2362,2023-01-22 08:20:59.999,0.4033297515112596,0.40405,0.0612641698513563,0.061565,-0.9062166463026804,-0.9080008096494884,-2.787661751737302,-2.792560111801376,0.04702380583718069,0.044803664762191886,0.039179232917920415,0.010089871488679649,0.03918104837103758,0.010089409506056645,0.7773257157849647,0.5574334470544856,0.5521071286422365,0.010262314187348368,0.0448036647621918,0.40405,56346.0,0.0615649999999999,98143.9,0,2.0,0
2363,2023-01-22 08:21:59.999,0.4032368058494452,0.40405,0.0612598761015559,0.061565,-0.9062166463026804,-0.9082312820423184,-2.787661751737302,-2.792630200081089,0.04685062911161464,0.044803664762191886,0.03918452564600564,0.010086823077111434,0.0391862997963101,0.010086329910323622,0.759872955123141,0.5570771959842283,0.5574334470544856,0.010257927533068839,0.0448036647621918,0.40405,163662.0,0.0615649999999999,44628.3,0,2.0,0
2364,2023-01-22 08:22:59.999,0.403114547285425,0.40425,0.0612627423051024,0.06158,-0.9057217805249208,-0.9085345209827176,-2.787418136485783,-2.7925834135598038,0.0465091431923057,0.045099380290457014,0.03918992950972264,0.010083736668216946,0.03919162338004954,0.010083184424070763,0.7257151614511426,0.5860377928511805,0.5570771959842283,0.010253574247914433,0.0450993802904569,0.40425,136915.0,0.0615799999999999,316237.5,0,2.0,0
2365,2023-01-22 08:23:59.999,0.4031862121396602,0.4044,0.06129439276554,0.06159,-0.9053507918358208,-0.9083567588918695,-2.7872557592831853,-2.7920669122378206,0.04626467651670363,0.04533762909480865,0.03919567076804834,0.010080173969282845,0.03919730673327599,0.01007958103562508,0.7011570975468981,0.6093107465681249,0.5860377928511805,0.01024920485562958,0.0453376290948086,0.4044,52988.0,0.06159,98306.1,0,2.0,0
2366,2023-01-22 08:24:59.999,0.4033207310047394,0.4044,0.0613126193134455,0.06159,-0.9053507918358208,-0.9080231749904039,-2.7872557592831853,-2.7917695956695314,0.04635521049258229,0.04533762909480865,0.0392015628974486,0.010076322379934435,0.039203218451161884,0.010075743933311263,0.7098227276077663,0.6089589004793216,0.6093107465681249,0.010244957287355732,0.0453376290948086,0.4044,37327.0,0.06159,35929.9,0,2.0,0
2367,2023-01-22 08:25:59.999,0.4034526740085212,0.40435,0.0613079362328485,0.061595,-0.9054744394403059,-0.907696086853541,-2.7871745805681996,-2.791845978957446,0.04674474033106513,0.04514761962979852,0.03920750478823554,0.010072257782249162,0.039209249114905954,0.010071744771472416,0.7481813118917566,0.589750080863849,0.6089589004793216,0.010240760112354164,0.0451476196297986,0.40435,22786.0,0.061595,100955.6,0,2.0,0
2368,2023-01-22 08:26:59.999,0.4034867891947739,0.40435,0.061296641195334,0.061605,-0.9054744394403059,-0.9076115323415146,-2.7870122429055053,-2.7920302304394604,0.04697991648268118,0.0450149120680744,0.03921332860663568,0.010068339716531798,0.03921512601183726,0.010067867745260424,0.7712447826402262,0.576220471773788,0.589750080863849,0.010236402286961946,0.0450149120680745,0.40435,8461.0,0.061605,84435.9,0,2.0,0
2369,2023-01-22 08:27:59.999,0.4035646640712068,0.40425,0.0612958518671438,0.061615,-0.9057217805249208,-0.907418546190856,-2.7868499315920507,-2.792043107707399,0.04718342952402821,0.044634884961674115,0.039219080336890276,0.010064337149188588,0.03922092350957881,0.010063901678223656,0.7911947343125112,0.5381183623424692,0.576220471773788,0.010231891630585119,0.044634884961674,0.40425,169534.0,0.061615,34301.1,0,2.0,0
2370,2023-01-22 08:28:59.999,0.4034383669959663,0.40425,0.0613113926547715,0.06162,-0.9057217805249208,-0.9077315489217246,-2.786768785813615,-2.791789602496161,0.046663191713453234,0.044568550026073184,0.039224846882116825,0.010060263006893205,0.03922656832271654,0.010059735131253574,0.7392464407569344,0.5311693283063177,0.5381183623424692,0.01022744256078223,0.0445685500260735,0.40425,115383.0,0.0616199999999999,76083.0,0,2.0,0
2371,2023-01-22 08:29:59.999,0.4032929756000621,0.40435,0.0613527177188376,0.061615,-0.9054744394403059,-0.9080919945615591,-2.7868499315920507,-2.7911158102108105,0.045751935314036096,0.044882226046289,0.03923072892470213,0.010056139709842711,0.039232238113868834,0.010055465277844742,0.6483734983931718,0.5619946902741735,0.5311693283063177,0.010223419656992794,0.0448822260462891,0.40435,28969.0,0.061615,355903.2,0,2.0,0
2372,2023-01-22 08:30:59.999,0.4032440142674945,0.4042,0.0613615158837325,0.061585,-0.9058454740126164,-0.908213405812978,-2.7873369445886893,-2.790972417473853,0.04551330357185246,0.0449093141661453,0.039236658566588686,0.010051933179070096,0.03923811115742536,0.010051223414716903,0.6243212547876538,0.5643347899852821,0.5619946902741735,0.010219885149242491,0.0449093141661451,0.4042,61219.0,0.061585,80658.2,0,2.0,0
2373,2023-01-22 08:31:59.999,0.4031121161915261,0.40415,0.0613779797764565,0.06158,-0.9059691828022837,-0.9085405517778006,-2.787418136485783,-2.7907041437167512,0.0449668495574459,0.04485197801309415,0.03924231757203187,0.010048210671493486,0.03924364238850616,0.010047425213607634,0.5696192852660966,0.5582745649408746,0.5643347899852821,0.010216317152648851,0.044851978013094,0.40415,68696.0,0.0615799999999999,307145.0,0,2.0,0
2374,2023-01-22 08:32:59.999,0.4030675028728927,0.40425,0.0613706242688282,0.06162,-0.9057217805249208,-0.9086512301368757,-2.786768785813615,-2.7908239904179717,0.044954143309313466,0.044568550026073184,0.03924788080279538,0.010044504311904198,0.039249201391202346,0.010043717016713933,0.5680110170982936,0.5297094867062817,0.5582745649408746,0.010212429615203297,0.044568550026073,0.40425,72991.0,0.06162,140224.9,0,2.0,0
2375,2023-01-22 08:33:59.999,0.4031086467659414,0.40455002,0.0613789131037084,0.061665,-0.9049798912906428,-0.908549158416935,-2.7860387699641858,-2.7906889376092976,0.04494581225120653,0.04471366694153178,0.03925353472258939,0.010040704355963223,0.03925485207448215,0.01003991580562695,0.5668334562661209,0.5437997201560458,0.5297094867062817,0.01020812638886577,0.044713617503886,0.4045499999999999,39733.0,0.061665,134036.8,0,2.0,0
2376,2023-01-22 08:34:59.999,0.4032424717459037,0.4047,0.0613841148475925,0.06166,-0.9046092271003171,-0.9082172311011076,-2.7861198565241327,-2.7906041931390115,0.04520846277793522,0.04515061765761208,0.039259415344494036,0.010036716266184397,0.039260792120109266,0.010035962782386136,0.5926357826141565,0.5869651145730425,0.5437997201560458,0.010203306192929997,0.0451506176576121,0.4047,70360.0,0.06166,409350.5,0,2.0,0
2377,2023-01-22 08:35:59.999,0.4033673910348688,0.40495,0.0613279507691038,0.06166,-0.9039916762871382,-0.9079074920420459,-2.7861198565241327,-2.7915195730917195,0.046266505339455866,0.045768168470791015,0.03926542940889426,0.010032829880288889,0.03926704965326607,0.010032234110108935,0.6976966056979097,0.6481460504650269,0.5869651145730425,0.010198321986167784,0.0457681684707911,0.40495,226444.0,0.06166,28205.8,0,2.0,0
2378,2023-01-22 08:36:59.999,0.4036374171769203,0.40505,0.0613274965498412,0.06168,-0.9037447627056368,-0.9072382862346428,-2.7857955497270632,-2.7915269795179736,0.04694176574166453,0.045749968192850377,0.039271371048215105,0.010029067174408313,0.03927314619162947,0.010028585332070674,0.7646761029705139,0.6459820272384895,0.6481460504650269,0.010193212840469278,0.0457499681928503,0.40505,17283.0,0.06168,32908.0,0,2.0,0
2379,2023-01-22 08:37:59.999,0.4038565650663692,0.40505,0.0613835255180991,0.06167,-0.9037447627056368,-0.9066955010259643,-2.7859576899787357,-2.7906137938691655,0.0467380412443168,0.045882514375293004,0.03927727043697109,0.010025458042024005,0.03927899706756755,0.010024940258736645,0.7440487408639423,0.6588470981210557,0.6459820272384895,0.010188067146886075,0.045882514375293,0.40505,15539.0,0.06167,208114.9,0,2.0,0
2380,2023-01-22 08:38:59.999,0.4039405002056219,0.405,0.0613924992374056,0.061675,-0.9038682118755978,-0.9064876885860256,-2.785876616566717,-2.7904676135486945,0.04682635440368288,0.04569278942772681,0.03928300705750054,0.010022036557418863,0.03928475279861283,0.010021533692071372,0.7525396647657493,0.639568847459591,0.6588470981210557,0.010183061216048324,0.0456927894277268,0.405,86165.0,0.061675,11302.5,0,2.0,0
2381,2023-01-22 08:39:59.999,0.4038261040089337,0.40515,0.0613958667710189,0.06171,-0.9034979100754028,-0.9067709293064419,-2.7853092866491616,-2.79041276252781,0.04649827414868879,0.04559931117342053,0.03928870002821461,0.010018637161902284,0.03929036852488678,0.01001807804989569,0.7194898650122875,0.6298871835785398,0.639568847459591,0.010178289601218886,0.0455993111734205,0.40515,310030.0,0.06171,106042.3,0,2.0,0
2382,2023-01-22 08:40:59.999,0.4036444358997578,0.40545,0.0614226932628886,0.061735,-0.9027577175915708,-0.9072208977034603,-2.78490424796243,-2.78997591499778,0.04569119225383245,0.046008393207415677,0.03929453362570423,0.010015210592280808,0.039296013991042836,0.010014524310235222,0.6385903178899369,0.6703662913375114,0.6298871835785398,0.010173474160685486,0.0460083932074155,0.40545,28850.0,0.061735,87245.0,0,2.0,0
2383,2023-01-22 08:41:59.999,0.4035441470364543,0.40555,0.0614422886907636,0.061765,-0.9025111084657833,-0.9074693870055629,-2.78441841799336,-2.7896569400102846,0.04518194773239881,0.045857846740731345,0.03930052722430977,0.010011388249610636,0.039301888349167,0.01001062948306545,0.5873815820652287,0.6549860371938534,0.6703662913375114,0.01016871978859707,0.0458578467407311,0.4055499999999999,36763.0,0.061765,314093.8,0,2.0,0
2384,2023-01-22 08:42:59.999,0.4035450755445964,0.40555,0.0614863141816786,0.06175,-0.9025111084657833,-0.9074670861245299,-2.7846613034740506,-2.7889406625651896,0.04459870714585745,0.04605640041820647,0.03930683486408322,0.010007057770731445,0.03930805955102647,0.010006223520586386,0.5287356997318947,0.6744805225232452,0.6549860371938534,0.010164687507617287,0.0460564004182062,0.4055499999999999,40706.0,0.06175,23655.2,0,2.0,0
2385,2023-01-22 08:43:59.999,0.40369935765556,0.40565,0.0614826964274735,0.06177,-0.902264560141063,-0.9070848422675348,-2.7843374692743295,-2.788999502661377,0.045029051521037866,0.046038221221692766,0.03931309228666854,0.01000281246809377,0.039314415119168965,0.010002032841782178,0.5713474942810384,0.6723238045775172,0.6744805225232452,0.010160736825567812,0.0460382212216927,0.40565,120651.0,0.06177,48387.4,0,2.0,0
2386,2023-01-22 08:44:59.999,0.4039423821818023,0.40575,0.0615056847221301,0.061765,-0.9020180725874365,-0.9064830295538281,-2.78441841799336,-2.7886256739352904,0.045325267259168966,0.04635088261907816,0.03931952532526233,0.009998399163063072,0.03932091522156733,0.009997659519537789,0.6005757673451183,0.7032483079683056,0.6723238045775172,0.010157161237655608,0.0463508826190781,0.40575,228903.0,0.061765,137166.8,0,2.0,0
2387,2023-01-22 08:45:59.999,0.4040819229780156,0.40575,0.061490776374826,0.061755,-0.9020180725874365,-0.9061376419294475,-2.7845803350921594,-2.788868093062542,0.04586882732707809,0.04648324637882739,0.03932616858483748,0.009993621390146151,0.039327682738677386,0.00999296049787614,0.6545752472243764,0.7161645928518856,0.7032483079683056,0.010153832891748584,0.0464832463788273,0.40575,30112.0,0.061755,100926.8,0,2.0,0
2388,2023-01-22 08:46:59.999,0.4040146310976108,0.40565,0.0614678680796481,0.06175,-0.902264560141063,-0.90630418608861,-2.7846613034740506,-2.789240710954429,0.046006890312471405,0.04630294874292673,0.03933269998088662,0.009988957633245707,0.03933424457480738,0.009988317647022302,0.6680450075246918,0.697795407484902,0.7161645928518856,0.01015066847727543,0.0463029487429267,0.40565,52615.0,0.06175,127841.8,0,2.0,0
2389,2023-01-22 08:47:59.999,0.4038049280329191,0.40565,0.0614500775289017,0.061715,-0.902264560141063,-0.90682336903493,-2.785228265786245,-2.7895301813126028,0.045724343183047966,0.0467664282879201,0.03933912441153602,0.009984810843166169,0.039340602129372515,0.009984127823766597,0.6393889547847486,0.7438602486363076,0.697795407484902,0.010147770142315262,0.0467664282879201,0.40565,32051.0,0.061715,723130.5,0,2.0,0
2390,2023-01-22 08:48:59.999,0.4036843218140334,0.4056,0.0614281625605849,0.06162,-0.9023878267051636,-0.9071220881071788,-2.786768785813615,-2.789886875362472,0.04571721385561911,0.04790250384583039,0.03934545965888808,0.009981559243990397,0.03934693426064618,0.009980874763825698,0.6382486250665252,0.8572853176315367,0.7438602486363076,0.01014488239572647,0.0479025038458305,0.4056,77070.0,0.06162,2439831.1,0,2.0,0
2391,2023-01-22 08:49:59.999,0.4036965621471753,0.40545,0.0613543061529321,0.061555,-0.9027577175915708,-0.9070917670198555,-2.7878241948825586,-2.7910899203465718,0.04673099844632622,0.048395387264761,0.03935170917828153,0.009978771328811885,0.03935341695177563,0.009978247934064889,0.7393664241759472,0.9062917455947209,0.8572853176315367,0.010141893126046308,0.0483953872647608,0.40545,122360.0,0.061555,186052.5,0,2.0,0
2392,2023-01-22 08:50:59.999,0.4037920287585151,0.40555,0.0612813061841433,0.06161,-0.9025111084657833,-0.9068553138665608,-2.7869310839556576,-2.7922804387615696,0.04794067490110321,0.04791189733964907,0.039357724717775044,0.009976096568066905,0.039359711051999376,0.009975796465081921,0.8601783205120119,0.857466902360949,0.9062917455947209,0.010139057992213952,0.0479118973396488,0.4055499999999999,149841.0,0.06161,97939.5,0,2.0,0
2393,2023-01-22 08:51:59.999,0.4039886278776532,0.40545,0.0613216076993231,0.061605,-0.9027577175915708,-0.9063685502348624,-2.7870122429055053,-2.7916230071336448,0.047890002260193354,0.04773163391680957,0.0393638156699839,0.009973174273936108,0.0393657888675285,0.009972863493606581,0.8547408072044274,0.8390325905257793,0.857466902360949,0.010136245013495795,0.0477316339168094,0.40545,122836.0,0.061605,307090.2,0,2.0,0
2394,2023-01-22 08:52:59.999,0.4039712557898336,0.40545,0.0613041442575564,0.061565,-0.9027577175915708,-0.9064115525872649,-2.787661751737302,-2.7919078321660065,0.04807983827034579,0.04826259347330153,0.039369921643645,0.009970545473100285,0.039371937361447985,0.009970271964306747,0.8733864973866117,0.8918942151809275,0.8390325905257793,0.010133255316147642,0.0482625934733014,0.40545,3793.0,0.061565,108823.2,0,2.0,0
2395,2023-01-22 08:53:59.999,0.4038786545745881,0.4053,0.061255458797005,0.06157,-0.9031277453478742,-0.9066408061019663,-2.787580540059018,-2.7927023103121305,0.0485000536211283,0.04782617690968294,0.039375730098780676,0.009968160815269484,0.03937784172190549,0.009967973568211481,0.9151520955386702,0.8477438283256478,0.8918942151809275,0.01013008131111903,0.047826176909683,0.4053,48853.0,0.06157,74616.4,0,2.0,0
2396,2023-01-22 08:54:59.999,0.4037146031602155,0.40525,0.0612633014125705,0.061555,-0.9032511183663515,-0.9070470784799433,-2.7878241948825586,-2.792574287214887,0.04798912510361142,0.04790198648998023,0.03938145166059721,0.009965959242544384,0.03938344371647386,0.009965666115351738,0.863532982896229,0.8549638446251229,0.8477438283256478,0.010126846899335145,0.0479019864899803,0.40525,63523.0,0.061555,239948.0,0,2.0,0
2397,2023-01-22 08:55:59.999,0.4036597463001437,0.40525,0.0612623298633454,0.061565,-0.9032511183663515,-0.9071829680092377,-2.787661751737302,-2.7925901459248568,0.04786619972999839,0.04776919269852076,0.03938701878872457,0.009963925656784143,0.03938898110785007,0.009963607448216765,0.8508182067796669,0.8412521528689864,0.8549638446251229,0.010123469670351937,0.0477691926985208,0.40525,36822.0,0.0615649999999999,141215.4,0,2.0,0
2398,2023-01-22 08:56:59.999,0.40370460921774,0.40489998,0.0612827697301626,0.061535,-0.9041152053389352,-0.9070718337553265,-2.788149160357837,-2.79225655662468,0.04770463187702334,0.047303551832164725,0.03939231022725079,0.009962058504324129,0.03939423393047915,0.009961708130294837,0.8342342335117405,0.794137235941747,0.8412521528689864,0.010119989063104079,0.0473036012270784,0.4049,151443.0,0.061535,181230.8,0,2.0,0
2399,2023-01-22 08:57:59.999,0.4036666701753753,0.40485,0.0612462126350292,0.06154,-0.9042386508500138,-0.9071658154050606,-2.7880679090882414,-2.7928532659992698,0.048098447358561947,0.04711368514872172,0.039397529397406726,0.009960196036153186,0.03939954303266735,0.009959922819799346,0.8733907363822169,0.7746991849665557,0.794137235941747,0.010116401317294514,0.0471136851487217,0.40485,41888.0,0.06154,249932.6,0,2.0,0
2400,2023-01-22 08:58:59.999,0.403726314343556,0.405,0.0612345558220942,0.061575,-0.9038682118755978,-0.9070180703306474,-2.7874993349755353,-2.7930436111957775,0.04840179555362667,0.04701932696575306,0.039402756770362035,0.009958268718061025,0.039404839399101506,0.009958057197173707,0.9034850851307299,0.7648488317630023,0.7746991849665557,0.010112684835503573,0.047019326965753,0.405,83903.0,0.061575,244603.7,0,2.0,0
2401,2023-01-22 08:59:59.999,0.4038635039175385,0.40495,0.0612593441050223,0.061625,-0.9039916762871382,-0.9066783196993242,-2.7866876466192827,-2.7926388843762178,0.04841069067984538,0.04623232471061833,0.039407814385219335,0.00995618750467559,0.03940989790206604,0.009955977224013458,0.9040591973301981,0.6854541783382541,0.7648488317630023,0.010108852189051127,0.0462323247106184,0.40495,24232.0,0.061625,137185.4,0,2.0,0
2402,2023-01-22 09:00:59.999,0.4037742123845415,0.405,0.0613174775040125,0.06166,-0.9038682118755978,-0.9068994374890423,-2.7861198565241327,-2.7916903624193647,0.04741417650923341,0.045891632882331335,0.03941306378690248,0.009953626050119136,0.03941491546769913,0.009953218322707392,0.8036858815087645,0.6508752752823492,0.6854541783382541,0.0101047890995948,0.0458916328823313,0.405,97513.0,0.06166,258594.3,0,2.0,0
2403,2023-01-22 09:01:59.999,0.4036719317215138,0.4047,0.0613898188104264,0.06163,-0.9046092271003171,-0.9071527811066231,-2.7866065140079854,-2.790511274998034,0.046196954182623484,0.045548449725692275,0.039418579211461406,0.009950422384975979,0.03942014791661557,0.009949805152030344,0.6810993946574971,0.6160412369515375,0.6508752752823492,0.01010088184243699,0.0455484497256923,0.4047,70736.0,0.06163,175390.6,0,2.0,0
2404,2023-01-22 09:02:59.999,0.4034424404510413,0.40475,0.0613776882228006,0.061605,-0.9044856864243925,-0.9077214521266653,-2.7870122429055053,-2.7907088938624782,0.04578983235095724,0.04600366508398779,0.03942418577211556,0.009947307211300467,0.03942565896040041,0.009946627410319757,0.6398322896818189,0.6614332072098592,0.6160412369515375,0.010097257754853114,0.0460036650839876,0.40475,33730.0,0.061605,64340.3,0,2.0,0
2405,2023-01-22 09:03:59.999,0.4034198866887513,0.4047,0.0613988876402243,0.061575,-0.9046092271003171,-0.9077773569856165,-2.7874993349755353,-2.7903635606018726,0.04545162494904309,0.046278311741033806,0.039430006622291694,0.00994395841867517,0.03943140019283711,0.009943229581685326,0.6054596956400136,0.6886900397612995,0.6614332072098592,0.010093759606270932,0.0462783117410339,0.4047,21594.0,0.061575,300998.1,0,2.0,0
2406,2023-01-22 09:04:59.999,0.403377474832971,0.40445,0.0613644345313817,0.06157,-0.9052271595181755,-0.9078824933131309,-2.787580540059018,-2.790924853814498,0.045805333799065595,0.0457267627393817,0.03943574421503511,0.009940438535812474,0.039437218315841405,0.00993976043977474,0.6406709217801337,0.6328713267208385,0.6886900397612995,0.01009027957127851,0.0457267627393815,0.40445,149927.0,0.06157,174145.3,0,2.0,0
2407,2023-01-22 09:05:59.999,0.4032355628466099,0.4041,0.0613250285659222,0.061565,-0.906092906897709,-0.9082343646100134,-2.787661751737302,-2.7915672230256714,0.04597858557175771,0.04492740416716323,0.03944138564612411,0.00993663730261134,0.03944289853664149,0.009935985015103203,0.657779477845593,0.5521001073066643,0.6328713267208385,0.010087099809256877,0.0449274041671632,0.4041,77495.0,0.0615649999999999,116158.7,0,2.0,0
2408,2023-01-22 09:06:59.999,0.4030095410017221,0.40435,0.0612651622893342,0.06156,-0.9054744394403059,-0.9087950423734626,-2.7877429700114584,-2.792543912611181,0.04621633062223418,0.04561226582386613,0.039447109364399616,0.00993306808464124,0.03944867595112903,0.00993245234887091,0.6813679475516915,0.6206699085249634,0.5521001073066643,0.010083970795633978,0.0456122658238662,0.40435,82866.0,0.06156,95101.9,0,2.0,0
2409,2023-01-22 09:07:59.999,0.4031976587481,0.4044,0.0612079439954924,0.06161,-0.9053507918358208,-0.9083283689181764,-2.7869310839556576,-2.793478294039732,0.0474468408794394,0.045072213969611585,0.03945287808550319,0.009929095932499035,0.03945472811160685,0.009928691549399547,0.8049512594956065,0.565946378432671,0.6206699085249634,0.0100804818827365,0.0450722139696115,0.4044,43779.0,0.06161,201593.6,0,2.0,0
2410,2023-01-22 09:08:59.999,0.4033836948391271,0.40425,0.0612652347333066,0.061585,-0.9057217805249208,-0.9078670736167199,-2.7873369445886893,-2.792542730145864,0.04714333273891025,0.045033007653840884,0.03945892225931378,0.00992454259150808,0.039460700646372235,0.009924082501391438,0.7741402886826914,0.5616465789865784,0.565946378432671,0.010076703208889717,0.0450330076538407,0.40425,31791.0,0.061585,210721.1,0,2.0,0
2411,2023-01-22 09:09:59.999,0.4034983606026951,0.4042,0.0612719378007417,0.061605,-0.9058454740126164,-0.9075828542229025,-2.7870122429055053,-2.7924333255088354,0.04733811618557637,0.04464387749576393,0.03946501318055719,0.009919647261371964,0.03946683523633248,0.009919222315032315,0.7935381120871924,0.5220814993466274,0.5616465789865784,0.010072744561932127,0.0446438774957638,0.4042,69334.0,0.061605,35816.7,0,2.0,0
2412,2023-01-22 09:10:59.999,0.4035701951842252,0.40425,0.0613183863869793,0.06162,-0.9057217805249208,-0.90740484064226,-2.786768785813615,-2.7916755399532773,0.04689665630750983,0.044568550026073184,0.03947104209138143,0.0099148313465938,0.03947276058576147,0.00991432742513657,0.7488047754934922,0.5141295657482852,0.5220814993466274,0.010068837001813422,0.044568550026073,0.40425,78459.0,0.06162,64472.9,0,2.0,0
2413,2023-01-22 09:11:59.999,0.4034923302917509,0.4042,0.0613328845147341,0.06165,-0.9058454740126164,-0.907597799403838,-2.7862820493717835,-2.7914391277625885,0.046510435644364856,0.04404695992384122,0.03947714915319691,0.009909521409228999,0.03947877685199144,0.009908952219198307,0.7096268744489229,0.4611535292096274,0.5141295657482852,0.010064893194982848,0.0440469599238415,0.4042,136395.0,0.0616499999999999,231238.7,0,2.0,0
2414,2023-01-22 09:12:59.999,0.4031838659094087,0.40425,0.0613499728478338,0.06165,-0.9057217805249208,-0.9083625781312371,-2.7862820493717835,-2.791160550403411,0.045517925893403866,0.04417065341153681,0.03948331662995309,0.009904147995392173,0.03948471320696383,0.009903427290593026,0.6092045217690247,0.4732700666190033,0.4611535292096274,0.010060776767996094,0.0441706534115371,0.40425,90362.0,0.0616499999999999,54400.9,0,2.0,0
2415,2023-01-22 09:13:59.999,0.4029305329459976,0.40425,0.0613435204454322,0.06167,-0.9057217805249208,-0.9089911067175287,-2.7859576899787357,-2.7912657296143757,0.04497537905897153,0.04390549655600895,0.03948945298089278,0.00989867229518099,0.03949072257730057,0.009897878577835202,0.5541244458133706,0.44612483810238385,0.4732700666190033,0.01005653274119695,0.0439054965560088,0.40425,104649.0,0.06167,31812.4,0,2.0,0
2416,2023-01-22 09:14:59.999,0.4028850110871392,0.4043,0.0613772837809915,0.06167,-0.9055981023354119,-0.9091040900404341,-2.7859576899787357,-2.790715483278817,0.04441258114388957,0.04402917474551782,0.03949540782384909,0.009893662443178257,0.03949654579499467,0.009892800292514362,0.4969306165631129,0.4582496065241027,0.44612483810238385,0.010052283880498863,0.0440291747455177,0.4043,70138.0,0.06167,136389.2,0,2.0,0
2417,2023-01-22 09:15:59.999,0.4031021072731128,0.40425,0.06139272723592,0.061639998,-0.9057217805249208,-0.908565381204329,-2.7864443009766857,-2.7904638997710527,0.04474562585171238,0.044303290622859426,0.03950129093184438,0.009888962172955281,0.039502504617315304,0.009888139595437688,0.530243448101826,0.4855918757731464,0.4582496065241027,0.01004837476388495,0.0443032640985703,0.40425,80881.0,0.06164,33620.3,0,2.0,0
2418,2023-01-22 09:16:59.999,0.4033117104982193,0.4044,0.0613656100792776,0.061655,-0.9053507918358208,-0.9080455408315389,-2.7862009496596434,-2.7909056971703423,0.04562662613442581,0.04447534482324578,0.03950712485873788,0.00988445979505287,0.03950854108212961,0.009883754292740556,0.6190041629009154,0.5026293866858027,0.4855918757731464,0.010044644065937358,0.0444753448232457,0.4044,148147.0,0.061655,115570.1,0,2.0,0
2419,2023-01-22 09:17:59.999,0.4035016852608813,0.40445,0.0613752557942055,0.0617,-0.9052271595181755,-0.9075746146739626,-2.785471348070795,-2.790748525149775,0.045969067532060426,0.04400254347122223,0.03951268416620605,0.009880231974842309,0.039514178353515894,0.009879576758786705,0.6533568528432838,0.4544285312782693,0.5026293866858027,0.010040866108398695,0.0440025434712221,0.40445,94031.0,0.0617,66773.6,0,2.0,0
2420,2023-01-22 09:18:59.999,0.403444906488795,0.4044,0.0614081973573415,0.061705,-0.9053507918358208,-0.9077153396556665,-2.7853903140769902,-2.7902119452918077,0.04538970001085363,0.04381266759951741,0.03951814080630974,0.009876095046433792,0.0395194996489861,0.009875356054454481,0.5944292367280929,0.4348405693764964,0.4544285312782693,0.010036951038196339,0.0438126675995174,0.4044,42272.0,0.0617049999999999,231225.9,0,2.0,0
2421,2023-01-22 09:19:59.999,0.4032191492188079,0.40435,0.0613995720802091,0.061715,-0.9054744394403059,-0.9082750702505377,-2.785228265786245,-2.7903524132310285,0.04494479894725101,0.043556548988677224,0.039523252708374576,0.009872468124250954,0.039524507405490725,0.00987167014350536,0.5490754313064574,0.4085398128959432,0.4348405693764964,0.010033166278178235,0.0435565489886773,0.40435,23490.0,0.061715,28989.7,0,2.0,0
2422,2023-01-22 09:20:59.999,0.4030451188378975,0.40435,0.0614277265634258,0.061705,-0.9054744394403059,-0.9087067658880799,-2.7853903140769902,-2.789893973063074,0.04413833829291591,0.043689019995032274,0.03952816869892068,0.009869253222114219,0.03952923562083552,0.009868360306389101,0.4670586124724601,0.4215973795046921,0.4085398128959432,0.01002949752658024,0.0436890199950323,0.40435,97746.0,0.0617049999999999,54955.6,0,2.0,0
2423,2023-01-22 09:21:59.999,0.4030911498786403,0.4044,0.0614415020292227,0.061705,-0.9053507918358208,-0.908592564251014,-2.7853903140769902,-2.7896697433513324,0.04406923694398657,0.04381266759951741,0.03953309910600565,0.009866071608912346,0.0395341488949059,0.009865171201278526,0.4597069788807033,0.43376621041812446,0.4215973795046921,0.010025851527070152,0.0438126675995174,0.4044,49629.0,0.0617049999999999,57227.7,0,2.0,0
2424,2023-01-22 09:22:59.999,0.4033139568888856,0.40435,0.0614427633543375,0.061715,-0.9054744394403059,-0.9080399709848128,-2.785228265786245,-2.7896492146837946,0.04460504846423219,0.043556548988677224,0.039538057163878614,0.009862709856067827,0.03953922980708629,0.009861869721565488,0.513677304625937,0.40744297291948794,0.43376621041812446,0.01002238533373769,0.0435565489886773,0.40435,157067.0,0.061715,192755.1,0,2.0,0
2425,2023-01-22 09:23:59.999,0.4034717034334547,0.4043,0.0614318923140602,0.061725,-0.9055981023354119,-0.9076489215293322,-2.7850662437508937,-2.78982615988452,0.04514074683086089,0.043300436550438914,0.039543046258953496,0.009859159859231631,0.039544341723098814,0.009858386661985881,0.5676796112432794,0.38110653900871516,0.40744297291948794,0.01001894196043961,0.0433004365504388,0.4043,93290.0,0.061725,89421.7,0,2.0,0
2426,2023-01-22 09:24:59.999,0.4034751678670601,0.40435,0.0614225394861128,0.061725,-0.9054744394403059,-0.9076403350071492,-2.7850662437508937,-2.7899784185833463,0.045273801577713546,0.04342409944554493,0.03954805140406686,0.009855639815046648,0.0395493765024639,0.009854884177705785,0.5808718775406542,0.39328223374808113,0.38110653900871516,0.010015412745150339,0.043424099445545,0.40435,34257.0,0.061725,30451.3,0,2.0,0
2427,2023-01-22 09:25:59.999,0.4033876984064924,0.40435,0.0614165555251033,0.06173,-0.9054744394403059,-0.9078571487051555,-2.7849852425763326,-2.790075846214406,0.0451366328810453,0.043357882720513774,0.03955296180910854,0.009852251697257548,0.039554254026435996,0.009851477715115997,0.5666539595419037,0.38619810255805403,0.39328223374808113,0.010011603189857894,0.0433578827205138,0.40435,65321.0,0.06173,83896.5,0,2.0,0
2428,2023-01-22 09:26:59.999,0.4032709559795527,0.40455002,0.0614359527320477,0.061735,-0.9049798912906428,-0.9081465956158655,-2.78490424796243,-2.7897600658143027,0.044589042257764055,0.043786219508343605,0.03955799313418275,0.009848861761816643,0.03955915745936756,0.009848019389683358,0.510750903239054,0.4293111708150274,0.38619810255805403,0.010007325011206152,0.043786170070698,0.40455,72031.0,0.061735,69243.5,0,2.0,0
2429,2023-01-22 09:27:59.999,0.4033391414242449,0.40455002,0.0614636245517427,0.06173,-0.9049798912906428,-0.9079775289377418,-2.7849852425763326,-2.7893097498608355,0.044389985290405165,0.04385243087017687,0.03956314277691663,0.00984528919391958,0.039564259842992416,0.009844423686723405,0.4901988781649982,0.4356690807934106,0.4293111708150274,0.01000308051148323,0.0438523814325313,0.40455,6520.0,0.06173,167892.7,0,2.0,0
2430,2023-01-22 09:28:59.999,0.4033911728240563,0.4045,0.0614613223445213,0.06171,-0.9051035424835906,-0.9078485356447797,-2.7853092866491616,-2.7893472069804814,0.044549598976287075,0.04399367876523275,0.03956835362365813,0.00984167491925858,0.039569506422860314,0.0098408277338724,0.5060643970308661,0.44965162717526486,0.4356690807934106,0.009998752850098887,0.0439936787652326,0.4044999999999999,148925.0,0.06171,189101.0,0,2.0,0
2431,2023-01-22 09:29:59.999,0.403495325479306,0.4045,0.0614351376262477,0.061705,-0.9051035424835906,-0.9075903762728057,-2.7853903140769902,-2.7897733334722625,0.04515610762699174,0.0440599169517476,0.03957362586692106,0.0098379783267207,0.039574917809008556,0.009837206371300523,0.5673551623625563,0.4560175816449439,0.44965162717526486,0.009994135253291552,0.0440599169517474,0.4044999999999999,48802.0,0.0617049999999999,73505.5,0,2.0,0
2432,2023-01-22 09:30:59.999,0.4035900383017778,0.4047,0.0614128568825364,0.061705,-0.9046092271003171,-0.9073556729138875,-2.7853903140769902,-2.790136070268165,0.045687340546166966,0.04455423233502109,0.03957884587675415,0.009834636465397142,0.039580259552909995,0.00983393736590824,0.6210209365811773,0.5059044608077465,0.4560175816449439,0.009989478359735762,0.0445542323350212,0.4047,71552.0,0.0617049999999999,174983.8,0,2.0,0
2433,2023-01-22 09:31:59.999,0.4037540797321919,0.4047,0.0614013925127919,0.06171,-0.9046092271003171,-0.9069492998964658,-2.7853092866491616,-2.7903227647247815,0.04624633228258379,0.04448799414850624,0.039584077359945076,0.00983123490374863,0.03958561919167909,0.009830619572951631,0.6775476399505131,0.49880984805797984,0.5059044608077465,0.009985175279580524,0.0444879941485063,0.4047,66503.0,0.06171,111092.5,0,2.0,0
2434,2023-01-22 09:32:59.999,0.4036825646373344,0.40465,0.0614098533465514,0.061715,-0.9047327830404261,-0.9071264409651631,-2.785228265786245,-2.790184978747387,0.045956554128958826,0.044298205388557,0.03958942668468212,0.009827510769882144,0.03959090021568056,0.009826850798723355,0.6477816793662169,0.4791425635783199,0.49880984805797984,0.009981688028810923,0.044298205388557,0.40465,111423.0,0.061715,145295.5,0,2.0,0
2435,2023-01-22 09:33:59.999,0.4035300397030697,0.40455002,0.0614455615583271,0.06172,-0.9049798912906428,-0.9075043462041541,-2.785147251487177,-2.7896036740843586,0.04510344478040329,0.04398486968430615,0.039594430281683385,0.00982424414425405,0.03959570522139611,0.009823464694197894,0.5606717925357084,0.446898442074103,0.4791425635783199,0.00997890464150509,0.0439848202466606,0.40455,8184.0,0.06172,416744.0,0,2.0,0
2436,2023-01-22 09:34:59.999,0.4033863106362585,0.4045,0.0614738649294626,0.061715,-0.9051035424835906,-0.9078605890000048,-2.785228265786245,-2.789143154987509,0.044370737487921974,0.04392744594539255,0.039599030684027973,0.009821618597846405,0.03960013499016172,0.009820750255496035,0.48576762198900836,0.4407028452839406,0.446898442074103,0.009976409332327664,0.0439274459453924,0.4044999999999999,65486.0,0.061715,170902.3,0,2.0,0
2437,2023-01-22 09:35:59.999,0.4033115008350904,0.40455002,0.0615129891189803,0.061715,-0.9049798912906428,-0.908046060685483,-2.785228265786245,-2.788506921283669,0.04366515837868201,0.04405109713834032,0.03960355875445173,0.009819160589851127,0.039604498721964844,0.00981821868995581,0.413584152578643,0.4529448666401765,0.4407028452839406,0.009973596736475417,0.0440510477006947,0.40455,26035.0,0.061715,83273.2,0,2.0,0
2438,2023-01-22 09:36:59.999,0.4033190586916878,0.40435,0.0615128602309312,0.06169,-0.9054744394403059,-0.9080273213592612,-2.7856334357605896,-2.7885090165839617,0.04368561056800846,0.0438877667633254,0.03960809675575386,0.009816609081028996,0.03960904040625426,0.009815669053523528,0.41531251099901706,0.4359621507025455,0.4529448666401765,0.009970919846631706,0.0438877667633259,0.40435,81154.0,0.0616899999999999,187369.5,0,2.0,0
2439,2023-01-22 09:37:59.999,0.4031997004676167,0.404,0.0614531232868339,0.061645,-0.9063404010209869,-0.9083233051131095,-2.786363155661621,-2.7894806177876075,0.044183889984913294,0.04361833556998851,0.039612351360357706,0.009814362971506415,0.03961340934198801,0.009813473619801855,0.46573525542503746,0.4081756728644733,0.4359621507025455,0.009968548167235297,0.0436183355699886,0.404,275890.0,0.061645,78109.7,0,2.0,0
2440,2023-01-22 09:38:59.999,0.4029705885875679,0.40415,0.0613595216745042,0.06165,-0.9059691828022837,-0.9088917008709975,-2.7862820493717835,-2.7910049173494755,0.04486157646595623,0.043923251134173946,0.03961648944523119,0.00981241084374706,0.03961770330475924,0.009811599728093088,0.5344564909412739,0.43890963775607006,0.4081756728644733,0.009966242978566674,0.0439232511341742,0.40415,42367.0,0.0616499999999999,153800.1,0,2.0,0
2441,2023-01-22 09:39:59.999,0.4031038295059569,0.404,0.0613141197481133,0.06165,-0.9063404010209869,-0.9085611087653266,-2.7862820493717835,-2.791745124095397,0.045797271730024236,0.04355203291547072,0.0396205433836704,0.009810418051902822,0.03962197285100351,0.009809732724358889,0.6295073528034691,0.4007463811430305,0.43890963775607006,0.009964122115000508,0.0435520329154712,0.404,45801.0,0.0616499999999999,97731.6,0,2.0,0
2442,2023-01-22 09:40:59.999,0.4031850040806797,0.40385,0.0613131806431213,0.061635,-0.9067117570938318,-0.9083597551768464,-2.7865253879786542,-2.7917604405051857,0.046011146155405025,0.04337960094104687,0.03962458561795288,0.009808368298221843,0.039626063646311466,0.009807714397115601,0.6510265542572671,0.3828379205310567,0.4007463811430305,0.009962182959775318,0.0433796009410469,0.40385,125544.0,0.0616349999999999,196713.0,0,2.0,0
2443,2023-01-22 09:41:59.999,0.4033079016180451,0.40365002,0.0613293009825283,0.061615,-0.9072070635932381,-0.9080549848869945,-2.7868499315920507,-2.791497557052631,0.04610101485417051,0.043149601893356815,0.039628576380068545,0.009806294215826464,0.03963007428297854,0.009805653685089916,0.659919346430868,0.3590577067946479,0.3828379205310567,0.00996036914742322,0.0431495523454823,0.40365,42075.0,0.061615,107505.6,0,2.0,0
2444,2023-01-22 09:42:59.999,0.4033041326737049,0.40365002,0.0613275712160214,0.061615,-0.9072070635932381,-0.9080643300100028,-2.7868499315920507,-2.7915257620194787,0.046114726687365715,0.043149601893356815,0.039632703028046404,0.009804023797867899,0.03963420314923579,0.009803385109629213,0.6610495727403932,0.35871994375158883,0.3590577067946479,0.009958523602830116,0.0431495523454823,0.40365,41016.0,0.061615,115569.2,0,2.0,0
2445,2023-01-22 09:43:59.999,0.4031928814239496,0.4036,0.0613256578951549,0.061605,-0.9073309905026832,-0.9083402175793708,-2.7870122429055053,-2.7915569608860804,0.04586434352311575,0.04315836100569714,0.03963690587139468,0.009801642338265547,0.03963834707427635,0.009800965853657362,0.6352431527466326,0.35927194777907034,0.35871994375158883,0.00995649721730352,0.0431583610056971,0.4036,30978.0,0.061605,34822.8,0,2.0,0
2446,2023-01-22 09:44:59.999,0.4028539160483379,0.40365002,0.0612941109895982,0.06168,-0.9072070635932381,-0.9091812739464601,-2.7857955497270632,-2.7920715093400474,0.04544391949470661,0.04228766730524902,0.03964096720088307,0.009799104605300242,0.039642310166005466,0.009798368239121022,0.592099540159922,0.2700961170405685,0.35927194777907034,0.009953908048033908,0.0422876177573745,0.40365,74322.0,0.06168,863802.7,0,2.0,0
2447,2023-01-22 09:45:59.999,0.4025871147248873,0.4039,0.0613773406695097,0.06174,-0.9065879564127699,-0.9098437714429009,-2.7848232599081237,-2.7907145564132354,0.043672142048664986,0.04211194838671295,0.03964500549195426,0.009796527046199119,0.03964593748375169,0.009795584922327303,0.411022373532414,0.2518181068785822,0.2700961170405685,0.009950658444699606,0.0421119483867129,0.4039,52743.0,0.06174,65329.6,0,2.0,0
2448,2023-01-22 09:46:59.999,0.4026951211881245,0.40415,0.0614566952635595,0.061755,-0.9059691828022837,-0.9095755264498583,-2.7845803350921594,-2.789422494250062,0.04288415390131861,0.042532136163980216,0.039649266340766695,0.00979377855527814,0.03965001498403459,0.009792768836294081,0.33025786387376144,0.29435726026905745,0.2518181068785822,0.009947421845747404,0.0425321361639801,0.40415,28568.0,0.061755,60207.0,0,2.0,0
2449,2023-01-22 09:47:59.999,0.4030366025212825,0.4041,0.0614866097353084,0.06176,-0.906092906897709,-0.9087278960449602,-2.7844993732656165,-2.788935855756985,0.043333967762689274,0.04234222750968586,0.03965348666657494,0.009791009486157782,0.03965433843262357,0.00979003653553032,0.37585450439449025,0.27461324053583774,0.29435726026905745,0.009944079038843933,0.0423422275096858,0.4041,98295.0,0.06176,152064.9,0,2.0,0
2450,2023-01-22 09:48:59.999,0.4032502143057336,0.4039,0.0614935114681157,0.06173,-0.9065879564127699,-0.9081980305306275,-2.7849852425763326,-2.7888236143191496,0.04377207830597951,0.042244365748049795,0.039657172782965086,0.009788986460957627,0.039658125086950984,0.009788053803466876,0.42030349461007127,0.2642963064055164,0.27461324053583774,0.009940627725252386,0.0422443657480497,0.4039,68247.0,0.06173,234533.5,0,2.0,0
2451,2023-01-22 09:49:59.999,0.403258815485996,0.40375,0.0614522495147494,0.06174,-0.9069594044452708,-0.9081767011221645,-2.7848232599081237,-2.78949483640254,0.04434211738898053,0.04174050035421206,0.039660490490004044,0.009787263031570301,0.03966157394913364,0.009786389539934885,0.4782707065508894,0.21252211752137765,0.2642963064055164,0.009936928871271088,0.0417405003542121,0.40375,36796.0,0.06174,173119.1,0,2.0,0
2452,2023-01-22 09:50:59.999,0.4030824089229586,0.4038,0.0614504637486074,0.06172,-0.9068355731033999,-0.9086142492978295,-2.785147251487177,-2.7895238962352273,0.0439283250040301,0.04212918787154907,0.03966399154950175,0.00978544017714554,0.039664978435281564,0.00978452280666813,0.4357235046601429,0.25192492901902597,0.21252211752137765,0.009933335515428982,0.042129187871549,0.4038,91545.0,0.06172,248388.9,0,2.0,0
2453,2023-01-22 09:51:59.999,0.4028932778047913,0.40365002,0.0614148782026991,0.061695,-0.9072070635932381,-0.9090835714492377,-2.78555238863164,-2.7901031571779504,0.043932536264616906,0.042088888318633666,0.03966766287438163,0.009783373810695413,0.03966864988511762,0.009782456779211647,0.43587070975466224,0.2474836892775268,0.25192492901902597,0.009929631749267387,0.0420888387707591,0.40365,86223.0,0.061695,257206.5,0,2.0,0
2454,2023-01-22 09:52:59.999,0.4026427752936197,0.40365002,0.0614045067147225,0.06171,-0.9072070635932381,-0.909705523795835,-2.7853092866491616,-2.790272047260053,0.04344864794224701,0.041890157655585236,0.039671288196793185,0.009781294727155748,0.03967216238326517,0.009780331605905678,0.38613062533600323,0.2268482364233252,0.2474836892775268,0.009925234763393465,0.0418901081077107,0.40365,116615.0,0.06171,124117.9,0,2.0,0
2455,2023-01-22 09:53:59.999,0.4026986155736055,0.4035,0.0614457833346598,0.061695,-0.9075787912721335,-0.9095668489910664,-2.78555238863164,-2.7896000647767565,0.04303799146184306,0.04171716063973829,0.039674799526048424,0.009779305625780145,0.03967557786252975,0.009778307780254784,0.3438645699108581,0.20884520760919975,0.2268482364233252,0.009920437361622096,0.0417171606397381,0.4034999999999999,31493.0,0.061695,37863.2,0,2.0,0
2456,2023-01-22 09:54:59.999,0.40282219202015,0.40345,0.0614305354340126,0.061695,-0.9077027146876215,-0.9092600252657225,-2.78555238863164,-2.789848247679341,0.04354769939358161,0.041593237224250235,0.03967821871684931,0.009777393379661228,0.03967911422267591,0.009776439112978291,0.3957049316422506,0.1958618655340711,0.20884520760919975,0.009915551147610507,0.0415932372242502,0.40345,38916.0,0.061695,43773.4,0,2.0,0
2457,2023-01-22 09:55:59.999,0.4030028317815987,0.4034,0.0614094000161719,0.06168,-0.9078266534620257,-0.908811690306795,-2.7857955497270632,-2.790192360820915,0.04427733947430068,0.04166807743646139,0.03968162169418708,0.009775526886468858,0.039682685271548834,0.009774645631064604,0.47005839149295287,0.20320702560021933,0.1958618655340711,0.009910296020682873,0.0416680774364612,0.4034,81165.0,0.06168,51480.8,0,2.0,0
2458,2023-01-22 09:56:59.999,0.4030079036325253,0.4033,0.0613763162317403,0.061635,-0.9080745771028146,-0.9087991052363887,-2.7865253879786542,-2.790731247366406,0.044730452751847394,0.04201678093206407,0.039685017407986585,0.009773789442900867,0.039686185062544295,0.00977295975800473,0.5161453453414147,0.23857312843701026,0.20320702560021933,0.009904808522744347,0.0420167809320641,0.4033,79693.0,0.0616349999999999,187521.2,0,2.0,0
2459,2023-01-22 09:57:59.999,0.4028130317382106,0.40345,0.0613238059072222,0.061615,-0.9077027146876215,-0.9092827657856741,-2.7868499315920507,-2.791587160576734,0.044946482916996544,0.042653950798973383,0.03968859415723131,0.00977204785076615,0.03968981097943908,0.0097712443376515,0.5379736455163598,0.30345293914106053,0.23857312843701026,0.009899265756024659,0.0426539507989733,0.40345,45791.0,0.061615,52784.4,0,2.0,0
2460,2023-01-22 09:58:59.999,0.4027707147300362,0.4035,0.0613110246571693,0.061645,-0.9075787912721335,-0.9093878250260048,-2.786363155661621,-2.791795604622204,0.045011822218637976,0.04237994531884193,0.03969216552408228,0.009770211354486259,0.03969339664111411,0.009769415852275734,0.5443954539293119,0.27509945253389845,0.30345293914106053,0.009894069863844572,0.0423799453188418,0.4034999999999999,66252.0,0.061645,287509.5,0,2.0,0
2461,2023-01-22 09:59:59.999,0.402758833819401,0.4035,0.0613626865427713,0.061665,-0.9075787912721335,-0.9094173234116505,-2.7860387699641858,-2.7909533395900175,0.044293790211823,0.04211476696004113,0.03969582698840317,0.009768154469286925,0.03969689108542317,0.00976727450019863,0.4706429747936697,0.24763531117813517,0.27509945253389845,0.009889304769706855,0.042114766960041,0.4034999999999999,34931.0,0.061665,86885.0,0,2.0,0
2462,2023-01-22 10:00:59.999,0.4028202002204259,0.40325,0.0613880637107512,0.061685,-0.9081985619768188,-0.9092649698906411,-2.785714489458709,-2.790539864832608,0.04410813697593052,0.04122990388872749,0.03969929250716616,0.009766042189490709,0.03970031283682798,0.009765142339436267,0.4513835012216524,0.15672791002361547,0.24763531117813517,0.009884850618414839,0.0412299038887273,0.40325,448931.0,0.061685,139025.3,0,2.0,0
2463,2023-01-22 10:01:59.999,0.4028225764025529,0.4033,0.0614066302564414,0.061785,-0.9080745771028146,-0.9092590710426753,-2.7840946624259835,-2.790237465026365,0.043866830460172146,0.040029714862723664,0.039702307888870504,0.009764132523555891,0.03970327167562618,0.009763208119289513,0.42645396202503133,0.03353159874298033,0.15672791002361547,0.009880621142275166,0.0400297148627237,0.4033,52366.0,0.061785,2873629.3,0,2.0,0
2464,2023-01-22 10:02:59.999,0.4029940808419585,0.4035,0.0614993229858043,0.061765,-0.9075787912721335,-0.9088334048803957,-2.78441841799336,-2.788729112591163,0.043059450817958256,0.040790163934381174,0.039705546812145255,0.009762171936402083,0.03970632299914035,0.009761175569060709,0.34351680236610777,0.11110407902072478,0.03353159874298033,0.009876411230537537,0.040790163934381,0.4034999999999999,37971.0,0.061765,216493.4,0,2.0,0
2465,2023-01-22 10:03:59.999,0.4031878195569814,0.4035,0.0614645036571257,0.06175,-0.9075787912721335,-0.9083527721133821,-2.7846613034740506,-2.7892954471069284,0.04400304991983306,0.040988717611856296,0.03970883703831114,0.009760208368341678,0.039709830839024296,0.009759297504893655,0.4399106676127039,0.13113250509042287,0.11110407902072478,0.00987259162124264,0.0409887176118561,0.4034999999999999,20870.0,0.06175,85106.8,0,2.0,0
2466,2023-01-22 10:04:59.999,0.4030906257208181,0.40345,0.061450999745115,0.06174,-0.9077027146876215,-0.9085938645975067,-2.7848232599081237,-2.789515173857277,0.043941579347225534,0.040997190111861315,0.03971199032780538,0.009758423426815153,0.039712969172753174,0.009757506279012703,0.43336996703426417,0.13170158004461396,0.13113250509042287,0.009869187765668166,0.0409971901118613,0.40345,62320.0,0.06174,128098.3,0,2.0,0
2467,2023-01-22 10:05:59.999,0.4028937370668831,0.4034,0.061469254292838,0.061735,-0.9078266534620257,-0.9090824315398489,-2.78490424796243,-2.789218159374187,0.04321020942747511,0.040939457336960694,0.03971482624018655,0.009756999464413623,0.039715635169412955,0.009756015257125933,0.3581968832520704,0.12551308434941472,0.13170158004461396,0.00986596847755617,0.0409394573369605,0.4034,36157.0,0.061735,76439.7,0,2.0,0
2468,2023-01-22 10:06:59.999,0.4027444119913231,0.40345,0.0614901488233594,0.061735,-0.9077027146876215,-0.9094531316548933,-2.78490424796243,-2.7888782987341223,0.04256168051952791,0.04106339611136489,0.039717710359325656,0.009755556095072972,0.03971836853339652,0.00975452310067951,0.2914865193084965,0.1379404453139142,0.12551308434941472,0.009862695091493748,0.0410633961113648,0.40345,102708.0,0.061735,163370.4,0,2.0,0
2469,2023-01-22 10:07:59.999,0.4027158678539229,0.4034,0.0615354494170772,0.061685,-0.9078266534620257,-0.9095240082409308,-2.785714489458709,-2.788141856946184,0.04188877854759321,0.041601812403520566,0.0397206156414665,0.009754247808500597,0.03972111741487685,0.009753174800790241,0.22225184896109187,0.1928592341497259,0.1379404453139142,0.009859257426880784,0.0416018124035204,0.4034,112275.0,0.061685,560959.2,0,2.0,0
2470,2023-01-22 10:08:59.999,0.4026649396815275,0.40335,0.0614811515486508,0.061655,-0.9079506075991537,-0.9096504780350625,-2.7862009496596434,-2.789024630027643,0.042483956837165104,0.041875529059912875,0.039723343977589205,0.00975320174241819,0.039723982860454185,0.009752163501569256,0.28301145446000797,0.22066446887522917,0.1928592341497259,0.00985575979877581,0.0418755290599128,0.40335,160706.0,0.061655,74167.1,0,2.0,0
2471,2023-01-22 10:09:59.999,0.4026154591831171,0.40335,0.0614154826432052,0.061639998,-0.9079506075991537,-0.9097733681452463,-2.7864443009766857,-2.79009331530332,0.04323469404692604,0.04207446354862654,0.03972599922109939,0.009752280002794966,0.03972681123101048,0.009751297517885171,0.35973497983028746,0.24081182316895042,0.22066446887522917,0.009852329330763444,0.0420744370243375,0.40335,86881.0,0.06164,35806.3,0,2.0,0
2472,2023-01-22 10:10:59.999,0.4025778296434664,0.4035,0.0613540812655085,0.061655,-0.9075787912721335,-0.9098668352424024,-2.7862009496596434,-2.791093585742692,0.04395892660658918,0.04224734538693309,0.03972887508991585,0.009751191210270611,0.03972985404189842,0.009750275103115895,0.4337387940304654,0.25827309122649716,0.24081182316895042,0.009848883971041517,0.0422473453869329,0.4034999999999999,27535.0,0.061655,193683.4,0,2.0,0
2473,2023-01-22 10:11:59.999,0.4027190327687728,0.40365002,0.0613204294847779,0.061655,-0.9072070635932381,-0.9095161493442094,-2.7862009496596434,-2.7916422210112395,0.04475811008418873,0.04261907306582846,0.039732091315651495,0.009749852504944577,0.03973325447667176,0.00974902400931767,0.5154214004103839,0.29610517171545425,0.25827309122649716,0.009845322612463393,0.0426190235179539,0.40365,28795.0,0.061655,15595.0,0,2.0,0
2474,2023-01-22 10:12:59.999,0.4029885746888363,0.40385,0.0613196970451059,0.061655,-0.9067117570938318,-0.9088470680853902,-2.7862009496596434,-2.7916541655467313,0.0454369557449017,0.043114379565234784,0.03973570663103339,0.009748210209684485,0.03973702605920137,0.009747467922520665,0.5847600352221878,0.34659418103692613,0.29610517171545425,0.00984172672208515,0.0431143795652348,0.40385,135643.0,0.061655,64017.9,0,2.0,0
2475,2023-01-22 10:13:59.999,0.4033149053649447,0.40365002,0.0613533639368492,0.061639998,-0.9072070635932381,-0.9080376192810653,-2.7864443009766857,-2.7911052774319476,0.04579770027343821,0.042818007554542126,0.03973920763329671,0.00974660050862651,0.03974060973758742,0.009745908339932954,0.6215008724258599,0.3158844890093149,0.34659418103692613,0.009838111711943492,0.0428179314823786,0.4036499999999999,160020.0,0.06164,297400.8,0,2.0,0
2476,2023-01-22 10:14:59.999,0.4033116456024889,0.40355,0.0613560599192826,0.06162,-0.9074548832117557,-0.9080457017386832,-2.786768785813615,-2.791061336512838,0.04575369705573218,0.042835447339238275,0.03974256527985219,0.00974516801207881,0.03974395642351706,0.009744469286787434,0.616733498289512,0.317375960635318,0.3158844890093149,0.009834754617256311,0.0428354473392387,0.40355,9715.0,0.0616199999999999,51471.5,0,2.0,0
2477,2023-01-22 10:15:59.999,0.4031436455325228,0.4035,0.0613318334104718,0.061605,-0.9075787912721335,-0.9084623400179358,-2.7870122429055053,-2.7914562656043427,0.045659904848781685,0.04291056023624684,0.039745777208515694,0.009743924917422977,0.03974714590271618,0.009743212655325807,0.6068592727300777,0.32479550638493154,0.317375960635318,0.009831449021190784,0.0429105602362467,0.4034999999999999,31692.0,0.061605,60420.2,0,2.0,0
2478,2023-01-22 10:16:59.999,0.4028002123354748,0.4033,0.0612945332090693,0.06158,-0.9080745771028146,-0.9093145909892223,-2.787418136485783,-2.7920646209455495,0.04530497133700251,0.042746583712563235,0.03974897914920135,0.009742637675725982,0.03975026496086249,0.009741876835778237,0.5701885242215013,0.30767895339374984,0.32479550638493154,0.009827792992280423,0.0427465837125633,0.4033,212859.0,0.0615799999999999,109540.5,0,2.0,0
2479,2023-01-22 10:17:59.999,0.4023646072333975,0.40325,0.0612565325677863,0.061575,-0.9081985619768188,-0.9103966182561624,-2.7874993349755353,-2.7926847810765123,0.044729911692318214,0.0426889768645321,0.039752358926682226,0.009741124351109595,0.03975351087131671,0.009740291375645855,0.5109088249088984,0.301466014805095,0.30767895339374984,0.009824311220329259,0.0426889768645319,0.40325,63968.0,0.061575,70861.2,0,2.0,0
2480,2023-01-22 10:18:59.999,0.4022759521777559,0.4034,0.0612640729630987,0.0616,-0.9078266534620257,-0.9106169776575458,-2.787093408442663,-2.792561693285863,0.04440893065881324,0.04272904913428699,0.0397559937760472,0.009739304577405815,0.0397570705955063,0.00973843472995039,0.47768046840219813,0.30526361863011964,0.301466014805095,0.0098214288651715,0.0427290491342868,0.4034,121339.0,0.0616,353382.7,0,2.0,0
2481,2023-01-22 10:19:59.999,0.4025938139610522,0.40355,0.0613120148729395,0.061625,-0.9074548832117557,-0.9098271311179095,-2.7866876466192827,-2.7917794540558174,0.044559313384683,0.04276911778600079,0.03975984375274295,0.009737207367556011,0.03976095448396997,0.009736354275776269,0.49282911907295607,0.30904898290290317,0.30526361863011964,0.009818851581340866,0.0427691177860007,0.40355,48892.0,0.061625,44884.8,0,2.0,0
2482,2023-01-22 10:20:59.999,0.4029459182260723,0.4036,0.0613486786340445,0.061615,-0.9073309905026832,-0.9089529239909975,-2.7868499315920507,-2.79118164621455,0.04494482540734368,0.043025674983911744,0.03976354187424484,0.009735413076015966,0.03976474096786509,0.009734605530293747,0.5321309038520716,0.33507906487331784,0.30904898290290317,0.009816306462631598,0.0430256749839117,0.4036,40172.0,0.061615,69328.2,0,2.0,0
2483,2023-01-22 10:21:59.999,0.4030972550692735,0.4035,0.0613317605220579,0.06159,-0.9075787912721335,-0.9085774184349842,-2.7872557592831853,-2.791457454032165,0.045545797946020095,0.04310962965849596,0.039767211858285925,0.009733685290138232,0.03976854918438815,0.009732955812159681,0.5935759776505148,0.3433866722192505,0.33507906487331784,0.009814022478232274,0.0431096296584958,0.4034999999999999,20651.0,0.06159,72449.2,0,2.0,0
2484,2023-01-22 10:22:59.999,0.4029415252843248,0.40345,0.0612845110521498,0.061595,-0.9077027146876215,-0.9089638261133296,-2.7871745805681996,-2.7922281424838715,0.04578941156758465,0.042919344382482905,0.03977079383893936,0.009731997231985354,0.03977218671506263,0.009731301681952135,0.6183370991037802,0.32352563081249774,0.3433866722192505,0.00981206820102028,0.0429193443824829,0.40345,45305.0,0.061595,36181.3,0,2.0,0
2485,2023-01-22 10:23:59.999,0.402682057178405,0.4033,0.0612769786567852,0.061595,-0.9080745771028146,-0.9096079684163594,-2.7871745805681996,-2.792351058668914,0.04524575061276925,0.04254748196728986,0.03977463299994164,0.009729820272269112,0.039775899169257264,0.009729050269513961,0.5622184377700054,0.28498460297885386,0.32352563081249774,0.00981019947529244,0.0425474819672899,0.4033,14275.0,0.061595,55974.7,0,2.0,0
2486,2023-01-22 10:24:59.999,0.4024200431630633,0.4033,0.0612978411875151,0.061605,-0.9080745771028146,-0.9102588523836991,-2.7870122429055053,-2.7920106538295215,0.04431659298123358,0.042414774405565736,0.039778504867494735,0.00972754179774737,0.03977955510774323,0.009726661067634423,0.46645378531666903,0.2710108671731936,0.28498460297885386,0.009808218978926423,0.0424147744055658,0.4033,47564.0,0.061605,120805.3,0,2.0,0
2487,2023-01-22 10:25:59.999,0.4024810151977268,0.4034,0.0613378618156362,0.061635,-0.9078266534620257,-0.9101073504465436,-2.7865253879786542,-2.791357978816263,0.04393454707637612,0.04226470457285292,0.039782521764840637,0.009724984406349018,0.0397834826593816,0.00972406412308198,0.4268857511070037,0.25523771600001466,0.2710108671731936,0.009806168863096338,0.0422647045728528,0.4034,51997.0,0.0616349999999999,371942.0,0,2.0,0
2488,2023-01-22 10:26:59.999,0.4027688726896898,0.40365002,0.0613665402954387,0.061685,-0.9072070635932381,-0.9093923984582113,-2.785714489458709,-2.790890538694616,0.04426737677856574,0.042221402272308195,0.039786542747496885,0.009722400499199552,0.039787579737552675,0.009721514348704503,0.46081267591916303,0.2504381016819635,0.25523771600001466,0.00980395225349439,0.0422213527244337,0.40365,58407.0,0.061685,109177.3,0,2.0,0
2489,2023-01-22 10:27:59.999,0.4031261785970973,0.40375,0.0613993245262665,0.06175,-0.9069594044452708,-0.9085056677846597,-2.7846613034740506,-2.7903564450904255,0.04471749737181718,0.041608104438718985,0.039790287793107025,0.009719985160528404,0.03979142808692298,0.0097191493359926,0.5068416087251233,0.18701845893694125,0.2504381016819635,0.009801570667650325,0.041608104438719,0.40375,33868.0,0.06175,214719.3,0,2.0,0
2490,2023-01-22 10:28:59.999,0.4032141672235079,0.40375,0.0614474362127788,0.061755,-0.9069594044452708,-0.9082874258792016,-2.7845803350921594,-2.789573165357485,0.0442954248746813,0.041541914520993095,0.03979379383423261,0.009717884488815484,0.03979483563729682,0.009717001196022809,0.4631664797187203,0.17988695881006161,0.18701845893694125,0.009799017642755106,0.0415419145209932,0.40375,25990.0,0.061755,87860.8,0,2.0,0
2491,2023-01-22 10:29:59.999,0.4030894675816302,0.40385,0.0614471019927343,0.06176,-0.9067117570938318,-0.908596737750038,-2.7844993732656165,-2.789578604493339,0.043990559380891026,0.041723377313563126,0.03979712706673147,0.009716076071760442,0.03979809754400852,0.00971516112231491,0.4315380655141961,0.19825392808834216,0.17988695881006161,0.009796280751525731,0.0417233773135632,0.40385,30546.0,0.0617599999999999,147091.5,0,2.0,0
2492,2023-01-22 10:30:59.999,0.4030195599040939,0.40405,0.0614694280694835,0.06179,-0.9062166463026804,-0.9087701824711066,-2.784013739909249,-2.7892153323283435,0.04352014744680022,0.04182149323891471,0.03980040369232684,0.009714371259465351,0.03980126454485044,0.009713411900765053,0.382860619928706,0.20805150355135835,0.19825392808834216,0.009793472857802386,0.0418214932389147,0.40405,95074.0,0.06179,131902.9,0,2.0,0
2493,2023-01-22 10:31:59.999,0.4030935260607673,0.4042,0.0615260037008461,0.061825,-0.9058454740126164,-0.9085866693681219,-2.7834474655746573,-2.788295369130712,0.042951610342781166,0.041729748390937904,0.03980362551456855,0.009712702425141242,0.039804354046118706,0.00971169651272855,0.3240686416155546,0.19830967655135845,0.20805150355135835,0.00979071961072126,0.0417297483909377,0.4042,48651.0,0.061825,50948.2,0,2.0,0
2494,2023-01-22 10:32:59.999,0.4032327274023911,0.40425,0.0615683883135639,0.06182,-0.9057217805249208,-0.90824139636626,-2.7835283422781667,-2.7876067168907643,0.042733924890500874,0.041919556851246154,0.03980694928851947,0.009710968953829113,0.039807626672366266,0.009709947266701944,0.3013711751215872,0.21754858580756373,0.19830967655135845,0.009788549486482737,0.041919556851246,0.40425,38867.0,0.06182,222000.0,0,2.0,0
2495,2023-01-22 10:33:59.999,0.4033960599717504,0.4042,0.0615521244195368,0.061815,-0.9058454740126164,-0.9078364205604168,-2.7836092255232465,-2.7878709116014697,0.04335487421287887,0.04186198368375671,0.03981020172078268,0.009709303622853082,0.039811022056929886,0.009708329781593727,0.3650321152736142,0.2113212278319001,0.21754858580756373,0.009786805605817883,0.041861983683757,0.4042,51734.0,0.0618149999999999,84309.2,0,2.0,0
2496,2023-01-22 10:34:59.999,0.403428358077553,0.4042,0.0615328858782252,0.061809998,-0.9058454740126164,-0.9077563582690499,-2.7836901476681795,-2.7881835173594207,0.04369048501486328,0.04192813580375987,0.03981334133878393,0.00970779494613685,0.03981423861804245,0.009706850711153375,0.39933099953488904,0.21784498711702915,0.2113212278319001,0.00978498948998482,0.0419281093524217,0.4042,23403.0,0.06181,306914.9,0,2.0,0
2497,2023-01-22 10:35:59.999,0.4035074460049457,0.40425,0.0615147771073301,0.061785,-0.9057217805249208,-0.9075603378985426,-2.7840946624259835,-2.7884778548638716,0.04412711999008678,0.04238251144061744,0.03981654409117886,0.009706359583235548,0.03981754167875093,0.009705457842202576,0.44403658038638494,0.26435939524334384,0.21784498711702915,0.009782973286075768,0.0423825114406173,0.40425,27221.0,0.061785,142957.1,0,2.0,0
2498,2023-01-22 10:36:59.999,0.4034513261741214,0.40425,0.0614890608304486,0.0618,-0.9057217805249208,-0.9076994276088217,-2.783851914518492,-2.788895992666518,0.0443298489763011,0.04218407022628512,0.039819647756721116,0.009704972401247333,0.03982069154316397,0.009704091844370571,0.4646655766920561,0.24363000447689226,0.26435939524334384,0.00978086289923217,0.042184070226285,0.40425,12000.0,0.0618,227227.8,0,2.0,0
2499,2023-01-22 10:37:59.999,0.4033064789039564,0.4044,0.0615336338733514,0.061855,-0.9053507918358208,-0.9080585125059487,-2.782962342667342,-2.7881713614111137,0.04337839355062301,0.04182785298309977,0.039822716571885915,0.009703510775286618,0.03982353945477847,0.00970253862540458,0.3663839159100802,0.20664030345806725,0.24363000447689226,0.009778813736667507,0.0418278529830997,0.4044,120640.0,0.061855,755390.8,0,2.0,0
2500,2023-01-22 10:38:59.999,0.4032838003421849,0.40455002,0.0616164351116101,0.061865,-0.9049798912906428,-0.9081147456700741,-2.782800687316198,-2.7868266402685524,0.04222287965849769,0.042066603741629516,0.039825826626357363,0.00970207625578804,0.03982638137133126,0.009701022046344819,0.24703565002920425,0.23095851405366508,0.20664030345806725,0.009776906279797415,0.0420665543039839,0.40455,61589.0,0.061865,344678.2,0,2.0,0
2501,2023-01-22 10:39:59.999,0.403313018396785,0.40465,0.0616772089378402,0.061845,-0.9047327830404261,-0.9080422979392275,-2.783124024155164,-2.7858408014344307,0.04148942526066968,0.04257803293131679,0.03982915876366017,0.009700548874577872,0.03982954299566596,0.009699459197890472,0.17113142404524176,0.28337305478255587,0.23095851405366508,0.009775094001543026,0.0425780329313167,0.40465,15642.0,0.061845,54251.4,0,2.0,0
2502,2023-01-22 10:40:59.999,0.4033465095856304,0.4046,0.0616527455416841,0.061845,-0.904856354248492,-0.9079592611989353,-2.783124024155164,-2.786237516029521,0.041896767684197034,0.04245446172325096,0.03983243240286628,0.009699047898519608,0.039832910147666406,0.009697976353722163,0.2128132160003156,0.2703388361227582,0.28337305478255587,0.009773381226269699,0.0424544617232509,0.4046,164569.0,0.061845,153754.3,0,2.0,0
2503,2023-01-22 10:41:59.999,0.4033082610405517,0.4046,0.0616108200370859,0.061875,-0.904856354248492,-0.9080540937010173,-2.7826390580932827,-2.7869177739146167,0.042358031430986154,0.04205801235639939,0.03983541912273293,0.00969774608061992,0.039836002925627695,0.009696699772494728,0.2600914295101045,0.2291865774984674,0.2703388361227582,0.009771673192739808,0.0420580123563993,0.4046,53075.0,0.061875,582664.6,0,2.0,0
2504,2023-01-22 10:42:59.999,0.4032809399380698,0.4047,0.0616008849907099,0.06188,-0.9046092271003171,-0.9081218384773152,-2.782558253277272,-2.78707904181356,0.04242211970746179,0.04223908329845194,0.039838238771488135,0.009696673669905478,0.039838836753653364,0.0096956312273812,0.2664378309390563,0.24759465036088074,0.2291865774984674,0.009769872973619677,0.0422390832984516,0.4047,261644.0,0.06188,231806.8,0,2.0,0
2505,2023-01-22 10:43:59.999,0.4033795664722803,0.4048,0.0615695505282134,0.06185,-0.9043621610088812,-0.9078773080114794,-2.78304318014364,-2.787587840260857,0.04308258200469928,0.04288256671524682,0.03984118960697573,0.009695659960887101,0.0398419397556445,0.009694663349991469,0.3342707355648023,0.3136843825526256,0.24759465036088074,0.009767809838217907,0.0428825667152468,0.4048,177362.0,0.06185,120523.0,0,2.0,0
2506,2023-01-22 10:44:59.999,0.4035776382252997,0.40495,0.0615324285478718,0.06187,-0.9039916762871382,-0.907386397822329,-2.7827198694392394,-2.788190949678682,0.044066521223368516,0.04298875186196682,0.039844222828565305,0.009694594448083708,0.03984519998625907,0.009693685347679743,0.43547124604367815,0.32435900751094177,0.3136843825526256,0.009765675379626857,0.0429887518619673,0.40495,190507.0,0.0618699999999999,439844.6,0,2.0,0
2507,2023-01-22 10:45:59.999,0.4038243867680688,0.4047,0.0615793220200995,0.061865,-0.9046092271003171,-0.9067751817420796,-2.782800687316198,-2.787429146288198,0.04405497935092495,0.042437267931955236,0.039846931523567254,0.009693683806933204,0.03984790538328198,0.009692773398009998,0.4340423318373167,0.2672189912502921,0.32435900751094177,0.0097636916743262,0.0424372679319553,0.4047,60702.0,0.061865,107843.1,0,2.0,0
2508,2023-01-22 10:46:59.999,0.4037995866151125,0.4047,0.0615929792644445,0.061855,-0.9046092271003171,-0.9068365968406439,-2.782962342667342,-2.787207387917874,0.04381228153503425,0.04256941771860345,0.03984929715233409,0.009693100915302698,0.03985021429752796,0.009692166685365593,0.40879066220442684,0.28062439358028907,0.2672189912502921,0.00976168370661791,0.0425694177186035,0.4047,73669.0,0.061855,168118.5,0,2.0,0
2509,2023-01-22 10:47:59.999,0.4037030117843773,0.4046,0.0615872948570387,0.061845,-0.904856354248492,-0.9070757906993066,-2.783124024155164,-2.7872996820363984,0.04364853614118025,0.04245446172325096,0.039851495201592,0.009692614783751156,0.039852373942841614,0.009691665248203111,0.39169349137832277,0.26855152915213437,0.28062439358028907,0.009759767020935419,0.0424544617232509,0.4046,24584.0,0.061845,43263.0,0,2.0,0
2510,2023-01-22 10:48:59.999,0.4033904939148772,0.4045,0.0615650945572477,0.061865,-0.9051035424835906,-0.9078502186507456,-2.782800687316198,-2.7876602158455603,0.04316883685552919,0.041942952548681744,0.039853562942466156,0.00969210791666558,0.039854330189379616,0.00969111754545951,0.3420149070116779,0.21557638690989842,0.26855152915213437,0.009757954085482941,0.0419429525486816,0.4044999999999999,33791.0,0.061865,90771.5,0,2.0,0
2511,2023-01-22 10:49:59.999,0.4030661500465137,0.4046,0.0615808273436244,0.0619,-0.904856354248492,-0.9086545864695982,-2.7822350992915865,-2.7874047013109426,0.04215559137815006,0.0417277846894466,0.03985579117119988,0.009691432013824188,0.03985632340915567,0.009690373658167136,0.23727340658907908,0.19315963993519672,0.21557638690989842,0.009756388012597626,0.0417277846894466,0.4045999999999999,102195.0,0.0619,200832.9,0,2.0,0
2512,2023-01-22 10:50:59.999,0.4030766980986869,0.4044,0.0616294341380217,0.061905,-0.9053507918358208,-0.9086284172808543,-2.7821543271094824,-2.7866156956496546,0.04153676534053452,0.04116731757351477,0.039857889662175294,0.009690734270294247,0.03985827820086503,0.009689646504546453,0.17322480638297094,0.13512164040586358,0.19315963993519672,0.009754896139791115,0.0411673175735147,0.4044,59942.0,0.061905,443354.4,0,2.0,0
2513,2023-01-22 10:51:59.999,0.4031513481565187,0.4046,0.0616449287037284,0.06192,-0.904856354248492,-0.9084432337998483,-2.7819120497006655,-2.7863643122244053,0.04151644825642786,0.04146369856909926,0.0398600389389717,0.009690060524355941,0.039860422278318486,0.009688971944223058,0.17091864726646913,0.1654953161641011,0.13512164040586358,0.009753511875762559,0.0414636985690992,0.4045999999999999,127613.0,0.06192,279613.3,0,2.0,0
2514,2023-01-22 10:52:59.999,0.4034823363492753,0.4048,0.0616589930565319,0.06192,-0.9043621610088812,-0.9076225683163932,-2.7819120497006655,-2.7861361872359423,0.042150626448610895,0.04195789180871001,0.03986230456945787,0.00968940652668443,0.03986283415100824,0.00968834778976461,0.2361385395371154,0.2162761190255499,0.1654953161641011,0.009752416326374502,0.04195789180871,0.4048,32171.0,0.06192,113228.8,0,2.0,0
2515,2023-01-22 10:53:59.999,0.4036879110471202,0.4047,0.0616491540095303,0.06193,-0.9046092271003171,-0.9071131969589803,-2.7817505640321674,-2.7862957719390877,0.0427904548822895,0.041578814642554085,0.039864557867119906,0.009688673553420268,0.03986523500135161,0.009687654605830293,0.3019533622903327,0.17693410413534033,0.2162761190255499,0.009751514013806192,0.0415788146425541,0.4047,108507.0,0.06193,156786.0,0,2.0,0
2516,2023-01-22 10:54:59.999,0.4035629268624248,0.40455002,0.0616578179530775,0.061935,-0.9049798912906428,-0.9074228508604064,-2.7816698309759738,-2.7861552455207748,0.042365923644189896,0.04114215290821943,0.03986668029595002,0.00968794887462781,0.03986725869061521,0.009686902375483876,0.25794261743552227,0.13165558868810706,0.17693410413534033,0.009750530706808215,0.0411421034705736,0.4045499999999999,37052.0,0.061935,258556.0,0,2.0,0
2517,2023-01-22 10:55:59.999,0.4032933200466309,0.4046,0.0616624717005323,0.06193,-0.904856354248492,-0.9080911404767064,-2.7817505640321674,-2.7860797713636822,0.041635935521241785,0.04133168749437921,0.039868741434315395,0.00968731313086941,0.03986915041234986,0.009686229407914608,0.182401741120057,0.15101669991465624,0.13165558868810706,0.009749336782767227,0.0413316874943792,0.4045999999999999,50678.0,0.06193,47023.4,0,2.0,0
2518,2023-01-22 10:56:59.999,0.4031785694194154,0.40475,0.0616657539013682,0.061935,-0.9044856864243925,-0.9083757148790848,-2.7816698309759738,-2.7860265442809014,0.041307849118898066,0.04163635777446972,0.039870708456508586,0.00968680911682615,0.03987104105096875,0.009685712822039364,0.14834303828004547,0.18227357395679192,0.15101669991465624,0.009747856944219917,0.0416363577744696,0.40475,6320.0,0.061935,80509.8,0,2.0,0
2519,2023-01-22 10:57:59.999,0.4032998245956047,0.4047,0.0616844928903792,0.061935,-0.9046092271003171,-0.9080750120257837,-2.7816698309759738,-2.78572271044769,0.04136017432214789,0.04151281709854515,0.03987246445510097,0.009686419049837724,0.03987280875268649,0.009685324567875303,0.1535689959626915,0.16934562039948758,0.18227357395679192,0.009746298235579882,0.0415128170985452,0.4047,42596.0,0.061935,135055.7,0,2.0,0
2520,2023-01-22 10:58:59.999,0.4034604015924134,0.40475,0.0616801893628647,0.06193,-0.9044856864243925,-0.907676933405354,-2.7817505640321674,-2.7857924796464206,0.04181528776797383,0.04170235531847866,0.03987436740897312,0.009685970836997964,0.03987481659211568,0.009684894969551768,0.20036058026016515,0.18872531626082167,0.16934562039948758,0.009744829050073815,0.0417023553184785,0.40475,4625.0,0.06193,60920.5,0,2.0,0
2521,2023-01-22 10:59:59.999,0.4036561470830983,0.4046,0.0616534490926554,0.06192,-0.904856354248492,-0.907191884511625,-2.7819120497006655,-2.786226104583837,0.04265481575911145,0.04146369856909926,0.03987614377707812,0.009685558460135872,0.03987678683932807,0.009684529873365167,0.2868522226797652,0.1639094739405321,0.18872531626082167,0.009743526813191215,0.0414636985690992,0.4045999999999999,174317.0,0.06192,257463.9,0,2.0,0
2522,2023-01-22 11:00:59.999,0.4036130063983462,0.40475,0.0616256217184184,0.061905,-0.9044856864243925,-0.9072987650597227,-2.7821543271094824,-2.786677557933161,0.04291698865324489,0.04203242298494303,0.0398780082088134,0.009685198134409531,0.03987871151370681,0.009684187683596964,0.3137358794361557,0.222444058059632,0.1639094739405321,0.009742210790665128,0.0420324229849429,0.40475,685210.0,0.061905,198107.7,0,2.0,0
2523,2023-01-22 11:01:59.999,0.4035784319500017,0.405,0.0616101760412821,0.061905,-0.9038682118755978,-0.9073844311030503,-2.7821543271094824,-2.7869282266105744,0.04303623888398511,0.04264989753373771,0.03988016224336593,0.009684779581255385,0.03988089264758732,0.009683777849845808,0.3258383541344905,0.28598846954994495,0.222444058059632,0.00974068774067895,0.0426498975337377,0.405,109481.0,0.061905,169724.3,0,2.0,0
2524,2023-01-22 11:02:59.999,0.403589713823126,0.40495,0.0616287012539082,0.061905,-0.9039916762871382,-0.9073564768950354,-2.7821543271094824,-2.7866275875075215,0.042818427065417386,0.04252643312219739,0.039882406711811355,0.009684269040256526,0.03988308618886611,0.009683251357824826,0.3031358753461762,0.2730228166312902,0.28598846954994495,0.009738898891374257,0.0425264331221975,0.40495,33474.0,0.061905,84711.5,0,2.0,0
2525,2023-01-22 11:03:59.999,0.4035323010696738,0.4048,0.0616487913452267,0.061905,-0.9043621610088812,-0.9074987422588581,-2.7821543271094824,-2.7863016546697783,0.04240971858873377,0.042155948400454335,0.039884664689642954,0.009683661683220626,0.03988524905758997,0.009682617262624213,0.26072181339734246,0.23454802378597653,0.2730228166312902,0.0097368743893198,0.0421559484004543,0.4048,127757.0,0.061905,64885.3,0,2.0,0
2526,2023-01-22 11:04:59.999,0.4035082147697515,0.4047,0.0616511611075635,0.06191,-0.9046092271003171,-0.9075584326943609,-2.7820735614509964,-2.786263215687606,0.04231860510872898,0.04184285811333355,0.03988671123367614,0.00968314106193617,0.039887274041793486,0.009682091187959603,0.25111631565286574,0.20201573716063073,0.23454802378597653,0.009735042716664376,0.0418428581133336,0.4047,80191.0,0.06191,111294.0,0,2.0,0
2527,2023-01-22 11:05:59.999,0.4035852709615859,0.4048,0.06164313538208,0.061925,-0.9043621610088812,-0.9073674853173077,-2.781831303606714,-2.786393403794004,0.04261597847392795,0.04189188360661289,0.03988885847254642,0.009682556968107752,0.039889489604229215,0.00968152536564775,0.2816176962540363,0.20686943961848128,0.20201573716063073,0.009733368241693198,0.0418918836066128,0.4048,124329.0,0.061925,72200.9,0,2.0,0
2528,2023-01-22 11:06:59.999,0.4037066958650701,0.40475,0.0616442873745739,0.06193,-0.9044856864243925,-0.9070666650208364,-2.7817505640321674,-2.786374715878105,0.042901521799476705,0.04170235531847866,0.039890993602644816,0.00968193963280857,0.039891690322894025,0.009680927539341723,0.3109032129773942,0.18708665665460208,0.20686943961848128,0.00973171521450402,0.0417023553184785,0.40475,82906.0,0.06193,179288.0,0,2.0,0
2529,2023-01-22 11:07:59.999,0.4037608588400249,0.40485,0.0616363487596339,0.06192,-0.9042386508500138,-0.9069325098471197,-2.7819120497006655,-2.786503505203013,0.04314095948743568,0.04208140196757748,0.039893228411141166,0.00968133072832877,0.039893980026757064,0.009680336452751665,0.3354201040972758,0.22601991584002484,0.18708665665460208,0.009729613122623505,0.0420814019675774,0.40485,70981.0,0.06192,74698.2,0,2.0,0
2530,2023-01-22 11:08:59.999,0.4037333530343105,0.405,0.0616274643730786,0.061925,-0.9038682118755978,-0.9070006361700593,-2.781831303606714,-2.786647657592021,0.04319067465453896,0.04238583273989627,0.039895756291691516,0.009680555496208651,0.03989651882776253,0.009679565010281322,0.3403206469792275,0.2572245414201675,0.22601991584002484,0.009727258368104308,0.0423858327398962,0.405,40565.0,0.061925,59543.5,0,2.0,0
2531,2023-01-22 11:09:59.999,0.4036744926068734,0.40489998,0.0616609752658383,0.06194,-0.9041152053389352,-0.907146437149971,-2.78158910443708,-2.7861040398175874,0.042600477789176305,0.04194084664367104,0.039898465654690365,0.009679489543756418,0.03989909097571201,0.009678456695054696,0.27911338538556424,0.21100089831679947,0.2572245414201675,0.00972471335922009,0.0419408960385847,0.4049,127723.0,0.06194,610244.9,0,2.0,0
2532,2023-01-22 11:10:59.999,0.4035408223782681,0.40475,0.0617212579841573,0.06195,-0.9044856864243925,-0.9074776256875163,-2.781427670906986,-2.7851268695795737,0.041470473514579664,0.041438397105521774,0.03990115019412469,0.00967830798568738,0.03990151337934118,0.009677217447109815,0.16212926327361435,0.15883426252506289,0.21100089831679947,0.009722151792298872,0.0414383971055212,0.40475,98231.0,0.06195,118425.1,0,2.0,0
2533,2023-01-22 11:11:59.999,0.4034223627104635,0.40489998,0.0617766091790537,0.061955,-0.9041152053389352,-0.9077712194247387,-2.781346963913681,-2.784230478413084,0.04044409920086167,0.041742901952823264,0.039904038740888347,0.009676995018353982,0.03990416372595198,0.009675878677415681,0.055802216306199484,0.1900241974339365,0.15883426252506289,0.009719740589170576,0.0417429513477369,0.4049,276591.0,0.0619549999999999,180936.9,0,2.0,0
2534,2023-01-22 11:12:59.999,0.4034776438887723,0.40505,0.0617738634191668,0.061975,-0.9037447627056368,-0.9076341982871922,-2.781024201060883,-2.784274925995187,0.04061745528464045,0.041849492868047955,0.039907009862143496,0.009675621378090778,0.03990717427904294,0.009674507744453432,0.07341779285925172,0.20076054343165667,0.1900241974339365,0.009717538231015257,0.0418494928680479,0.40505,38630.0,0.061975,130999.5,0,2.0,0
2535,2023-01-22 11:13:59.999,0.4035379270302981,0.4052,0.06176202527408,0.061985,-0.9033745066076088,-0.9074848005709392,-2.7808628586920268,-2.7844665811530245,0.040923526986870296,0.042087855035743416,0.03991008008001093,0.009674208475036626,0.03991031461991068,0.009673101252826156,0.10474534903308164,0.22511143535432665,0.20076054343165667,0.009715621140741884,0.0420878550357435,0.4052,21867.0,0.061985,76233.6,0,2.0,0
2536,2023-01-22 11:14:59.999,0.4035870830500568,0.4051,0.0617307090336869,0.06199,-0.9036213287734921,-0.9073629953506683,-2.780782197268309,-2.784973756595206,0.04145993726662822,0.04177509388386558,0.03991300220509499,0.009672864777616943,0.0399133602090435,0.009671774050986041,0.15990624361484623,0.19250674144432103,0.22511143535432665,0.009713849206152517,0.0417750938838654,0.4051,66159.0,0.06199,179375.2,0,2.0,0
2537,2023-01-22 11:15:59.999,0.4035849514749134,0.40489998,0.0616979634692738,0.061955,-0.9041152053389352,-0.9073682769388607,-2.781346963913681,-2.785504355596513,0.04188840899573831,0.041742901952823264,0.03991600660548714,0.009671416940535105,0.0399164630744504,0.009670344298836396,0.20391682657309196,0.1888963487531167,0.19250674144432103,0.009712125359737676,0.0417429513477369,0.4049,105263.0,0.0619549999999999,349085.5,0,2.0,0
2538,2023-01-22 11:16:59.999,0.4036338029839372,0.40495,0.0616533042047106,0.061905,-0.9039916762871382,-0.9072472403330744,-2.7821543271094824,-2.7862284546245433,0.04260138104559841,0.04252643312219739,0.03991931574023135,0.009669863783071669,0.039919936445000005,0.00966883085015849,0.2773287321035768,0.2696126274839707,0.1888963487531167,0.009710384578208595,0.0425264331221975,0.40495,161919.0,0.061905,563286.0,0,2.0,0
2539,2023-01-22 11:17:59.999,0.4038322291674839,0.40445,0.0616205213072074,0.061855,-0.9052271595181755,-0.9067557616091652,-2.782962342667342,-2.786760325816824,0.04352765307567841,0.041951485300745106,0.03992253021306738,0.009668230557251712,0.03992336453911751,0.009667267277243166,0.3728342698298437,0.2098579544274413,0.2696126274839707,0.009708734152870782,0.0419514853007449,0.40445,244736.0,0.061855,217144.6,0,2.0,0
2540,2023-01-22 11:18:59.999,0.4036925485958514,0.40365002,0.0615837944354024,0.061785,-0.9072070635932381,-0.9071017090695328,-2.7840946624259835,-2.7873565204009423,0.043669081916401176,0.04089722837230014,0.039925526884846345,0.009666525784983275,0.039926393247964036,0.009665574905664446,0.38721842259416583,0.10052230853853551,0.2098579544274413,0.009707220478763464,0.0408971788244256,0.40365,870606.0,0.061785,789263.3,0,2.0,0
2541,2023-01-22 11:19:59.999,0.4031762731089565,0.4036,0.0615099206945292,0.06175,-0.9073309905026832,-0.9083814104124599,-2.7846613034740506,-2.788556805072898,0.04337058758081058,0.0412365183813066,0.039928647956220586,0.00966477174655165,0.039929444517114956,0.00966379515604507,0.35608609331325286,0.13532346747378213,0.10052230853853551,0.009705806059440276,0.0412365183813066,0.4036,229930.0,0.06175,385109.8,0,2.0,0
2542,2023-01-22 11:20:59.999,0.4028366338161449,0.40355,0.0614583490305616,0.06175,-0.9074548832117557,-0.9092241743682128,-2.7846613034740506,-2.7893955851436676,0.043213508364922326,0.04111262567223406,0.03993175624449351,0.009662992603211535,0.03993251573352855,0.009662003348725821,0.3395768468478595,0.12220535358250048,0.13532346747378213,0.009704433343828572,0.041112625672234,0.40355,371247.0,0.06175,332897.0,0,2.0,0
2543,2023-01-22 11:21:59.999,0.4025050565698358,0.40395,0.0614500121959941,0.0618,-0.9064641710564195,-0.9100476192960072,-2.783851914518492,-2.7895312444999076,0.04250096205481735,0.041441679694786404,0.03993485935980848,0.009661324374589629,0.03993545322759256,0.009660285217727873,0.26557278272868684,0.15596415942114866,0.12220535358250048,0.009702926930146079,0.0414416796947865,0.40395,201369.0,0.0618,66280.8,0,2.0,0
2544,2023-01-22 11:22:59.999,0.4027083649090974,0.404,0.0615174113123883,0.06182,-0.9063404010209869,-0.9095426392791354,-2.7835283422781667,-2.7884350334674153,0.04210981303519257,0.04130093635518006,0.039938014259602174,0.009659544488908838,0.03993851687445419,0.009658483176008403,0.22480715876089735,0.14109589713498455,0.15596415942114866,0.009701401191109758,0.0413009363551801,0.404,265441.0,0.06182,28459.0,0,2.0,0
2545,2023-01-22 11:23:59.999,0.4029339374758519,0.4041,0.0615504479860157,0.0618,-0.906092906897709,-0.9089826573318585,-2.783851914518492,-2.7878981479701084,0.04223090258935369,0.041812943853496876,0.03994138438361276,0.009657658124364329,0.03994191424202649,0.009656603332550875,0.23703866344094143,0.19379019693838037,0.14109589713498455,0.009699849910004058,0.0418129438534968,0.4041,78185.0,0.0618,58774.7,0,2.0,0
2546,2023-01-22 11:24:59.999,0.4032347042261774,0.404,0.0615282667972113,0.061785,-0.9063404010209869,-0.9082364939394321,-2.7840946624259835,-2.7882585870449494,0.04327171720429002,0.04176389094455135,0.03994462498847107,0.009655920226838553,0.03994539497046964,0.00965493547563066,0.3445204001845599,0.18840938132687235,0.19379019693838037,0.00969834706476424,0.0417638909445514,0.404,93435.0,0.061785,24004.0,0,2.0,0
2547,2023-01-22 11:25:59.999,0.4032971289268052,0.40415,0.0615028611849722,0.06178,-0.9059691828022837,-0.9080816960797905,-2.7841755914917012,-2.78867158191896,0.04376412952643516,0.0422012669408508,0.03994792834435856,0.009654250512916709,0.03994881151982306,0.009653307848944349,0.3952342623186235,0.23340378349178215,0.18840938132687235,0.009697018917801586,0.0422012669408506,0.40415,190483.0,0.06178,84539.1,0,2.0,0
2548,2023-01-22 11:26:59.999,0.4032903348430343,0.40425,0.0614858479624942,0.06179,-0.9057217805249208,-0.908098542569666,-2.784013739909249,-2.7889482450810417,0.043973449245000906,0.0423163590166743,0.039951304228677244,0.009652528133881805,0.03995223506529291,0.00965160504940355,0.4166368349227569,0.245019206905532,0.23340378349178215,0.009695898363659583,0.0423163590166741,0.40425,363263.0,0.06179,496260.9,0,2.0,0
2549,2023-01-22 11:27:59.999,0.4031388083046213,0.4044,0.0614881910583381,0.061805,-0.9053507918358208,-0.9084743388599756,-2.7837710116423504,-2.7889101379185406,0.043566501165662075,0.04248892254720671,0.03995500229961023,0.009650439116282473,0.03995583810124551,0.009649478733497325,0.3741821878815547,0.26257046099810977,0.245019206905532,0.009694905319338903,0.0424889225472067,0.4044,182994.0,0.061805,8079.3,0,2.0,0
2550,2023-01-22 11:28:59.999,0.4030758095263789,0.40425,0.0615228228326832,0.061785,-0.9057217805249208,-0.9086306217577979,-2.7840946624259835,-2.788347070040883,0.04294992233965489,0.04238251144061744,0.03995888061460307,0.009648046996802393,0.03995957282513884,0.009647037803424413,0.3099759299641767,0.2512042931401167,0.26257046099810977,0.009693929848257675,0.0423825114406173,0.40425,144915.0,0.061785,78050.9,0,2.0,0
2551,2023-01-22 11:29:59.999,0.4030371865828557,0.40395,0.0615203366266607,0.06174,-0.9064641710564195,-0.9087264468933289,-2.7848232599081237,-2.7883874819749352,0.04288713309452441,0.04223573374306333,0.03996269310422329,0.009645691563707509,0.03996336990125877,0.009644677943324973,0.3031478303834046,0.23565346495138736,0.2512042931401167,0.009693001385427434,0.0422357337430634,0.40395,115477.0,0.06174,175934.0,0,2.0,0
2552,2023-01-22 11:30:59.999,0.4030701436299205,0.40395,0.0614721471628775,0.061775,-0.9064641710564195,-0.9086446785087778,-2.7842565271074635,-2.7891710984165963,0.04360949113383539,0.041772441818831996,0.03996651505820157,0.009643136471723749,0.03996735814454168,0.009642179792180933,0.37772921349664096,0.18727586879288555,0.23565346495138736,0.009692318363526693,0.0417724418188321,0.40395,122348.0,0.061775,84824.5,0,2.0,0
2553,2023-01-22 11:31:59.999,0.4032671221394822,0.40395,0.0614882412802331,0.061755,-0.9064641710564195,-0.90815610251994,-2.7845803350921594,-2.788909321145862,0.04388406981152937,0.04203714790984436,0.039970593025120155,0.009640285863485417,0.039971498712874476,0.009639354092406951,0.4058955673945911,0.21436655655116144,0.18727586879288555,0.009691790607493731,0.0420371479098444,0.40395,268367.0,0.061755,216323.7,0,2.0,0
2554,2023-01-22 11:32:59.999,0.4032981722504702,0.4044,0.0614455482250806,0.061805,-0.9053507918358208,-0.9080791090980327,-2.7837710116423504,-2.7896038910772156,0.04452885927353689,0.04248892254720671,0.039974894297920685,0.00963726273270773,0.039975948212518146,0.009636396477278344,0.47247029237060273,0.260865384602799,0.21436655655116144,0.00969125447114541,0.0424889225472067,0.4044,42905.0,0.061805,130351.7,0,2.0,0
2555,2023-01-22 11:33:59.999,0.4034157433459667,0.40445,0.061496943890195,0.06182,-0.9052271595181755,-0.9077876275850555,-2.7835283422781667,-2.7887677982467527,0.04413685280803514,0.04241417785799151,0.039979197677959495,0.009634199829978839,0.0399801598753976,0.009633292546803422,0.431492442738785,0.2527433749562741,0.260865384602799,0.00969055962999023,0.0424141778579914,0.40445,100757.0,0.06182,52257.2,0,2.0,0
2556,2023-01-22 11:34:59.999,0.4033263669493223,0.4041,0.0615331200989213,0.061809998,-0.906092906897709,-0.9080092012350969,-2.7836901476681795,-2.788179710935474,0.043434530378779534,0.04168070291866721,0.03998348363662249,0.009630836772682928,0.039984282305158055,0.009629865363013223,0.35828622141212196,0.17622760328144516,0.2527433749562741,0.009689828292951624,0.0416806764673292,0.4041,75839.0,0.06181,159093.7,0,2.0,0
2557,2023-01-22 11:35:59.999,0.4030984531442955,0.40435,0.061542347594352,0.0618,-0.9054744394403059,-0.9085744462657956,-2.783851914518492,-2.7880297623613033,0.042746705600830825,0.0424314113109,0.039988063955474,0.009627294005872686,0.039988702382145,0.00962627138673624,0.28650794351029835,0.25379378192205915,0.17622760328144516,0.009689140584303906,0.0424314113109001,0.40435,104746.0,0.0617999999999999,100129.0,0,2.0,0
2558,2023-01-22 11:36:59.999,0.4032899005408388,0.40465,0.061533328097566,0.061825,-0.9047327830404261,-0.9080996194673544,-2.7834474655746573,-2.7881763306698084,0.04334134885175123,0.04284243936312815,0.03999300762192376,0.009623274260641999,0.039993782521537236,0.009622295442596008,0.3478968558162301,0.2960979458787964,0.25379378192205915,0.009688503828379222,0.0428424393631281,0.40465,307540.0,0.061825,92143.1,0,2.0,0
2559,2023-01-22 11:37:59.999,0.403568567798987,0.40435,0.0615509013163952,0.06188,-0.9054744394403059,-0.9074088731217118,-2.782558253277272,-2.7878907828131534,0.043798665941462867,0.04137387095846312,0.03999744109919557,0.009619496825652642,0.039998320808717035,0.009618557441833904,0.3951055192764172,0.14308751114683865,0.2960979458787964,0.009687827901813871,0.0413738709584627,0.40435,100146.0,0.06188,913180.1,0,2.0,0
2560,2023-01-22 11:38:59.999,0.4035083245932951,0.4046,0.0615985565614371,0.061935,-0.904856354248492,-0.9075581605226315,-2.7816698309759738,-2.78711684116141,0.043016697819291405,0.04126568995037028,0.040001764104555027,0.009615868759611249,0.04000246184436404,0.009614865375475647,0.31349747055384547,0.13144166974532923,0.14308751114683865,0.00968709043307048,0.0412656899503702,0.4045999999999999,152889.0,0.061935,237924.3,0,2.0,0
2561,2023-01-22 11:39:59.999,0.403697580510944,0.4047,0.061643862932895,0.061955,-0.9046092271003171,-0.9070892444259577,-2.781346963913681,-2.786381601238585,0.04288457102905241,0.04124888019144135,0.04000609575183177,0.009612214130291768,0.040006761911349754,0.00961120153067892,0.2994224092083283,0.12929221329902463,0.13144166974532923,0.009686397649806925,0.0412488801914414,0.4047,63389.0,0.0619549999999999,129656.9,0,2.0,0
2562,2023-01-22 11:40:59.999,0.4036689565018757,0.4046,0.0616677716659986,0.06196,-0.904856354248492,-0.9071601515239561,-2.7812662634334693,-2.7859938238243784,0.04249666420174292,0.04093578212942495,0.04001052006882003,0.009608241523679437,0.04001109543196118,0.009607204080770416,0.25871926409441043,0.09629879289822377,0.12929221329902463,0.009685841968508175,0.0409357821294249,0.4046,104840.0,0.06196,276159.7,0,2.0,0
2563,2023-01-22 11:41:59.999,0.4034921805323731,0.40455002,0.0617012025592795,0.06195,-0.9049798912906428,-0.9075981705618361,-2.781427670906986,-2.785451857834807,0.04161559957715277,0.04094419223927148,0.04001500504145233,0.009604153419000309,0.040015375463700806,0.009603072883131976,0.1666366727532391,0.09674847509004843,0.09629879289822377,0.009685421631416318,0.0409441428016252,0.4045499999999999,53000.0,0.06195,67947.9,0,2.0,0
2564,2023-01-22 11:42:59.999,0.4033718039445333,0.4048,0.0617276468314175,0.061955,-0.9043621610088812,-0.9078965519273421,-2.781346963913681,-2.7850233636428388,0.04096693338873303,0.04149594628287723,0.04001922370635548,0.009600799793310875,0.04001944303282676,0.009599699606278706,0.09870000049653259,0.15381245399478255,0.09674847509004843,0.009685002369132651,0.0414959462828772,0.4048,62693.0,0.0619549999999999,201409.8,0,2.0,0
2565,2023-01-22 11:43:59.999,0.4034484807459441,0.40489998,0.0617766371788712,0.061979998,-0.9041152053389352,-0.9077064803510654,-2.780943558891009,-2.784230025170157,0.040508467758151645,0.04141312698835975,0.04002308995253785,0.009597996952208908,0.04002320228250906,0.00959688910573159,0.0505648726682451,0.1448257425735055,0.15381245399478255,0.009684621147411818,0.0414131500044872,0.4049,53402.0,0.06198,290839.4,0,2.0,0
2566,2023-01-22 11:44:59.999,0.4034794509852639,0.4047,0.0617962966063292,0.061979998,-0.9046092271003171,-0.9076297194951892,-2.780943558891009,-2.783911841778023,0.040325120506947254,0.04091910522697784,0.040026491200023794,0.009595710136994279,0.040026560311180216,0.009594600790456945,0.031117521436013682,0.0930221957740005,0.1448257425735055,0.009684273231039014,0.0409190788481916,0.4047,76013.0,0.06198,134602.2,0,2.0,0
2567,2023-01-22 11:45:59.999,0.4033690783238581,0.40445,0.061760926614572,0.06197,-0.9052271595181755,-0.9079033090428799,-2.781104882008121,-2.78448436990388,0.04051956043769067,0.04043305100156325,0.04002960319892974,0.009593661270616614,0.040029716588709595,0.009592553981016888,0.05106500833359389,0.04205358009347131,0.0930221957740005,0.009683880308283597,0.0404330510015631,0.40445,22387.0,0.06197,125061.0,0,2.0,0
2568,2023-01-22 11:46:59.999,0.4032106678460477,0.4046,0.0617064985247719,0.061975,-0.904856354248492,-0.9082961046234764,-2.781024201060883,-2.785366029066438,0.04084750233595813,0.04073790132519273,0.04003302448856383,0.009591277542322304,0.040033212981469966,0.009590175635790933,0.08490870088439278,0.07349144402490398,0.04205358009347131,0.00968338298083007,0.0407379013251927,0.4045999999999999,125966.0,0.061975,114457.5,0,2.0,0
2569,2023-01-22 11:47:59.999,0.4033376937502598,0.40475,0.0616737582936574,0.061985,-0.9044856864243925,-0.9079811181668406,-2.7808628586920268,-2.7858967498272347,0.041596341645671164,0.040976675218959646,0.04003650466442069,0.009588891422242387,0.040036865654233526,0.009587811147377057,0.16265193040063838,0.09804788824265279,0.07349144402490398,0.009682775786424366,0.0409766752189595,0.40475,59549.0,0.061985,44975.4,0,2.0,0
2570,2023-01-22 11:48:59.999,0.4035636906352514,0.40445,0.0616799591421426,0.061985,-0.9052271595181755,-0.9074209582878905,-2.7808628586920268,-2.785796212143907,0.042074314122176215,0.04023520212517673,0.040039696561496856,0.009586661770868579,0.040040167428786994,0.00958560235729064,0.2122085412652326,0.020393497585777333,0.09804788824265279,0.009682222706625755,0.0402352021251766,0.40445,58961.0,0.061985,100361.3,0,2.0,0
2571,2023-01-22 11:49:59.999,0.4036017544770975,0.40445,0.0617012261146816,0.061995,-0.9052271595181755,-0.90732664344301,-2.780701542350332,-2.785451476069191,0.04188681461076571,0.04010332947149131,0.04004276961531794,0.009584553664610916,0.04004319637879757,0.009583485583116896,0.19237449839920623,0.006318484750831475,0.020393497585777333,0.009681666821225713,0.0401033294714912,0.40445,103285.0,0.061995,121839.4,0,2.0,0
2572,2023-01-22 11:50:59.999,0.4036944155960941,0.4045,0.0617322156905365,0.061995,-0.9051035424835906,-0.9070970842729347,-2.780701542350332,-2.7849493499670133,0.041705896448642754,0.04022694650607617,0.04004593319040872,0.009582358206656299,0.0400463173522366,0.00958128260042488,0.17321053616898446,0.018890268111841718,0.006318484750831475,0.00968107699591823,0.040226946506076,0.4044999999999999,57333.0,0.061995,84120.4,0,2.0,0
2573,2023-01-22 11:51:59.999,0.4036188420220994,0.4044,0.0617360885541904,0.061995,-0.9053507918358208,-0.9072843067011613,-2.780701542350332,-2.7848866154266974,0.04146738987758014,0.03997969715384597,0.040049249928591706,0.009579854653142941,0.040049578125756484,0.00957877035538328,0.14801604999610884,-0.00726031628495685,0.018890268111841718,0.00968048422439918,0.0399796971538459,0.4044,42437.0,0.061995,118722.6,3,2.0,0
2574,2023-01-22 11:52:59.999,0.4032970989749296,0.40445,0.0617333961272894,0.061995,-0.9052271595181755,-0.9080817703473083,-2.780701542350332,-2.7849302282579713,0.0407055787867443,0.04010332947149131,0.04005257935346587,0.009577373162587782,0.04005273047576008,0.009576270014005987,0.068173548785632,0.005298960076410584,-0.00726031628495685,0.009679757870898907,0.0401033294714912,0.40445,110027.0,0.061995,78088.5,4,2.0,3
2575,2023-01-22 11:53:59.999,0.4030489426940096,0.4044,0.0617289854893617,0.061979998,-0.9053507918358208,-0.9086972785185666,-2.780943558891009,-2.7850016773564223,0.04014847872291749,0.04017754049147415,0.04005598073167886,0.009574807326115169,0.040056002138295674,0.009573699426568681,0.009659440985287118,0.012695791743373958,0.005298960076410584,0.009678733773861352,0.0401775141126878,0.4044,90430.0,0.06198,380667.0,0,2.0,4
2576,2023-01-22 11:54:59.999,0.4029760098770427,0.40425,0.0617187206673567,0.06196,-0.9057217805249208,-0.908878247648451,-2.7812662634334693,-2.7851679797098354,0.04010345820449024,0.04007035585299612,0.04005933777242012,0.009572269081930134,0.04005934798311951,0.009571161396251757,0.004608659236276348,0.0011510416685629908,0.012695791743373958,0.009677527259096035,0.040070355852996,0.40425,188948.0,0.06196,42522.4,0,2.0,0
2577,2023-01-22 11:55:59.999,0.4030787597861207,0.4041,0.0617029229925139,0.06194,-0.906092906897709,-0.908623302417676,-2.78158910443708,-2.7854239749220304,0.0405676740374139,0.03996314508489718,0.04006247535437831,0.009570015361054635,0.04006259227145376,0.00956891099830325,0.05278362041926198,-0.010379321843657635,0.0011510416685629908,0.009676213369839214,0.0399631450848971,0.4041,126904.0,0.0619399999999999,96281.8,3,2.0,0
2578,2023-01-22 11:56:59.999,0.4032366011782957,0.4041,0.0616777520454125,0.06192,-0.906092906897709,-0.9082317896130523,-2.7819120497006655,-2.7858319958287545,0.04129273519283472,0.04022714591988219,0.04006570956657709,0.009567709284592356,0.04006599353455354,0.009566620309878843,0.1282314567260914,0.016873041237266184,-0.010379321843657635,0.009674850477693994,0.0402271459198821,0.4041,84680.0,0.06192,96539.4,4,2.0,3
2579,2023-01-22 11:57:59.999,0.4033521355462547,0.4042,0.0616455113665985,0.06193,-0.9058454740126164,-0.9079453130891714,-2.7817505640321674,-2.786354860350119,0.042006642262349625,0.0403425677302548,0.04006910671542047,0.00956520125199123,0.040069555115223046,0.00956413976944322,0.2025364741443283,0.0285891543345621,0.016873041237266184,0.009673452875732975,0.0403425677302546,0.4042,18738.0,0.06193,32318.6,0,2.0,4
2580,2023-01-22 11:58:59.999,0.4033193931542981,0.404,0.0616541077550303,0.061935,-0.9063404010209869,-0.9080264920841145,-2.7816698309759738,-2.78621542133957,0.04181147486328596,0.03978164317787536,0.04007244654868333,0.00956258104779002,0.04007284900837197,0.00956151105056594,0.18183588825231542,-0.03041055227188694,0.0285891543345621,0.00967210585144607,0.0397816431778754,0.404,113929.0,0.061935,79459.8,3,2.0,0
2581,2023-01-22 11:59:59.999,0.4029978248264024,0.40395,0.061658618836748,0.06194,-0.9064641710564195,-0.9088241145031162,-2.78158910443708,-2.7861422564385183,0.04095404170498207,0.03959188092618671,0.04007574066731696,0.009559963499097629,0.04007594393069064,0.00955886655000756,0.09186212295125476,-0.05061313687818185,-0.03041055227188694,0.009670701736873807,0.0395918809261868,0.40395,64235.0,0.06194,78600.8,0,2.0,3
2582,2023-01-22 12:00:59.999,0.4028143645966727,0.40445,0.0616726240788255,0.06199,-0.9052271595181755,-0.9092794569149277,-2.780782197268309,-2.7859151405543905,0.04031303692307564,0.04016926313918223,0.040078954215599885,0.009557660837216184,0.04007900838887169,0.009556555481803689,0.024488795638716785,0.009448852090534176,-0.05061313687818185,0.009669209212327966,0.0401692631391821,0.40445,196491.0,0.06199,586694.9,4,2.0,0
2583,2023-01-22 12:01:59.999,0.4031510037099499,0.40455002,0.0617394960875431,0.061995,-0.9049798912906428,-0.9084440881854718,-2.780701542350332,-2.784831421788806,0.040262488776628524,0.04035059769902394,0.04008202932941358,0.009555610407727847,0.04008207109276632,0.009554505020581899,0.018882996395266655,0.028105830831399573,0.009448852090534176,0.009667658170471997,0.0403505482613781,0.4045499999999999,106185.0,0.0619949999999999,459953.0,0,2.0,4
2584,2023-01-22 12:02:59.999,0.403395376070592,0.4044,0.0617407120796199,0.06199,-0.9053507918358208,-0.9078381159208974,-2.780782197268309,-2.784811726453094,0.040852360526163145,0.04004563082153689,0.04008495780948478,0.009553660042255675,0.04008513540789179,0.009552561618512834,0.08031616532935779,-0.004116431584748339,0.028105830831399573,0.009665997998559127,0.0400456308215368,0.4044,112930.0,0.06199,293355.0,3,2.0,0
2585,2023-01-22 12:03:59.999,0.4035001577152282,0.4046,0.0617154371331961,0.062005,-0.904856354248492,-0.9075784004042343,-2.7805402520274014,-2.785221182716522,0.0414467977669809,0.040342283357271747,0.040087993559345225,0.009551657509649179,0.040088308024563375,0.009550574550682756,0.14224167721097067,0.026622583323327415,-0.004116431584748339,0.009664240093449914,0.0403422833572717,0.4046,100832.0,0.062005,380366.8,4,2.0,3
2586,2023-01-22 12:04:59.999,0.4036222465519538,0.4043,0.0617163229052023,0.061995,-0.9055981023354119,-0.9072758717245414,-2.780701542350332,-2.7852068303001594,0.04173759365374863,0.039732386654254825,0.040090635532440744,0.009549980183200713,0.04009101668451695,0.009548907915535252,0.1724361554008536,-0.0375130493795276,0.026622583323327415,0.009662451300555633,0.0397323866542547,0.4043,42540.0,0.061995,124278.3,3,2.0,4
2587,2023-01-22 12:05:59.999,0.4033662528635978,0.40385,0.0617080016260891,0.061965,-0.9067117570938318,-0.9079103137200052,-2.7811855694652996,-2.7853416704810945,0.041213380617710293,0.03901441369369818,0.0400930071842461,0.009548440301137441,0.04009326646992845,0.009547350559380236,0.11732198800235033,-0.11296017533035546,-0.0375130493795276,0.00966071475047736,0.0390144136936982,0.40385,162153.0,0.061965,125063.5,0,2.0,3
2588,2023-01-22 12:06:59.999,0.4029975951953565,0.4037,0.0616925492823295,0.061955,-0.907083251123242,-0.9088246843104382,-2.781346963913681,-2.785592112537092,0.04050374104319232,0.0387748561685165,0.04009536935011845,0.00954685154208451,0.04009546385872596,0.00954574879530562,0.04277057706223516,-0.13831923286759484,-0.11296017533035546,0.00965893368643827,0.0387748561685166,0.4037,37685.0,0.0619549999999999,143017.3,0,2.0,0
2589,2023-01-22 12:07:59.999,0.4028671797372278,0.40365002,0.0616999087899318,0.061975,-0.9072070635932381,-0.9091483501743001,-2.781024201060883,-2.7854728263550026,0.040082561280770035,0.0383871919804466,0.040097689619546864,0.009545217887539887,0.04009768611842704,0.009544113311488675,-0.0015847294728571718,-0.17919943360676022,-0.13831923286759484,0.009657073293415258,0.0383871424325721,0.40365,69145.0,0.061975,83997.7,0,2.0,0
2590,2023-01-22 12:08:59.999,0.4028970816929862,0.40345,0.0617234837474324,0.06197,-0.9077027146876215,-0.9090741300650114,-2.781104882008121,-2.78509080869526,0.039844490136639044,0.03795749583211716,0.040099886069785956,0.009543633304843896,0.040099826964038875,0.009542529700156526,-0.02675777130624417,-0.22448371277859341,-0.17919943360676022,0.009655352439860713,0.0379574958321171,0.40345,95778.0,0.06197,178841.4,0,2.0,0
2591,2023-01-22 12:09:59.999,0.4029302533951591,0.4032,0.0617049323127549,0.061955,-0.9083225622249782,-0.9089918005118993,-2.781346963913681,-2.785391411026706,0.04017255565633304,0.03753554506678025,0.040102022345196796,0.009542026029655747,0.04010203866857359,0.00954092188051731,0.007391003578327886,-0.268965654719466,-0.22448371277859341,0.009653714755615926,0.0375355450667802,0.4032,146745.0,0.0619549999999999,34284.7,0,2.0,0
2592,2023-01-22 12:10:59.999,0.402924033389003,0.40305,0.0616710903110415,0.06194,-0.9086946552525271,-0.9090072375611481,-2.78158910443708,-2.7859400103710916,0.040605586819257744,0.0373613967300791,0.04010392441311026,0.009540660472699669,0.04010404051179254,0.009539559473230048,0.05257541596890779,-0.28745679514314826,-0.268965654719466,0.00965203074928875,0.0373613967300792,0.40305,114366.0,0.0619399999999999,443305.0,0,2.0,0
2593,2023-01-22 12:11:59.999,0.402921946741673,0.40295,0.0616428949392023,0.061945,-0.9089427942116168,-0.9090124163357067,-2.781508384414435,-2.786397304363713,0.04097423608770989,0.03704727088162696,0.04010566390006792,0.00953941789059223,0.04010586491191417,0.009538323133033485,0.0910402346077319,-0.3206058329258381,-0.28745679514314826,0.00965001031247388,0.0370472708816271,0.40295,182443.0,0.061945,137488.3,0,2.0,0
2594,2023-01-22 12:12:59.999,0.4027540315353543,0.4031,0.0616502042249095,0.061975,-0.908570608859017,-0.9094292469556516,-2.781024201060883,-2.7862787367266706,0.0404604789643882,0.037023646714667735,0.04010739791846841,0.00953817659062349,0.040107479631277,0.00953707433885521,0.037013377537914574,-0.3233061554796707,-0.3206058329258381,0.009647648035942641,0.0370236467146676,0.4031,168621.0,0.061975,163472.4,0,2.0,0
2595,2023-01-22 12:13:59.999,0.4026644904033943,0.40315,0.0617099945019927,0.062005,-0.9084465778511059,-0.9096515937974236,-2.7805402520274014,-2.785309375743434,0.039445700284058804,0.036752059754657784,0.040109088803786705,0.009536934074863725,0.04010893527716793,0.009535835793677994,-0.06955184710173339,-0.3520029626687851,-0.3233061554796707,0.009645267908349832,0.0367520597546577,0.40315,164302.0,0.062005,132123.5,0,2.0,0
2596,2023-01-22 12:14:59.999,0.4025687941610085,0.40335,0.0617905499771066,0.06201,-0.9079506075991537,-0.909889279557987,-2.7804596166203503,-2.784004839202678,0.03814158384665378,0.037182112288682845,0.040110909182223764,0.009535624589149137,0.040110453425376835,0.009534568177028933,-0.20649803348897686,-0.30714263823616567,-0.3520029626687851,0.009642804329966942,0.0371821122886828,0.40335,79509.0,0.0620099999999999,126734.2,0,2.0,0
2597,2023-01-22 12:15:59.999,0.4026384821914574,0.4032,0.0618376598923685,0.062,-0.9083225622249782,-0.9097161861628587,-2.7806208939370456,-2.7832427167454834,0.03769165845888822,0.03694199841444279,0.040112670180102616,0.009534336657751545,0.04011210989041939,0.009533304465546129,-0.25389427561857586,-0.3325529483041726,-0.30714263823616567,0.009640060517350446,0.0369419984144427,0.4032,132692.0,0.062,272920.6,0,2.0,0
2598,2023-01-22 12:16:59.999,0.4025225784170332,0.40335,0.0618168133615344,0.062,-0.9079506075991537,-0.9100040882507645,-2.7806208939370456,-2.783579890654086,0.037679388818468995,0.0373139530402673,0.04011459122898147,0.009532936389994143,0.04011402765517667,0.009531905206662434,-0.25541995896119063,-0.2937854690453768,-0.3325529483041726,0.009637135881060495,0.0373139530402673,0.40335,58633.0,0.062,663851.8,0,2.0,0
2599,2023-01-22 12:17:59.999,0.4026025399407961,0.40365002,0.0617800100457831,0.06202,-0.9072070635932381,-0.9098054569518457,-2.780298365309834,-2.7841754288859666,0.038364859864584044,0.037793836802508585,0.040116471660876854,0.009531677125660984,0.04011606628901935,0.009530611356470316,-0.1837454449599829,-0.2436753603534597,-0.2937854690453768,0.009634068529422153,0.0377937872546341,0.40365,22203.0,0.06202,835004.2,0,2.0,0
2600,2023-01-22 12:18:59.999,0.4027561131907051,0.40395,0.061761484833157,0.06202,-0.9064641710564195,-0.9094240784165228,-2.780298365309834,-2.7844753315669744,0.03899140241724308,0.03853672933932717,0.04011836230451591,0.009530553489153415,0.04011810149454431,0.009529466025510467,-0.11823318056699568,-0.16595394664001148,-0.2436753603534597,0.009630722158960773,0.0385367293393272,0.40395,42101.0,0.06202,244806.6,0,2.0,0
2601,2023-01-22 12:19:59.999,0.4029817606371484,0.4041,0.0617232553044764,0.061979998,-0.906092906897709,-0.9088639770245642,-2.780943558891009,-2.7850945097724655,0.04005766872841876,0.03943542542958589,0.040120132058389386,0.009529716625354612,0.04012011760263147,0.00952861388771564,-0.006553825661171809,-0.07184963160203274,-0.16595394664001148,0.009627169880805485,0.0394353990507996,0.4041,78469.0,0.06198,382536.3,0,2.0,0
2602,2023-01-22 12:20:59.999,0.403235043680767,0.40395,0.0616721827483678,0.061935,-0.9064641710564195,-0.9082356521109803,-2.7816698309759738,-2.7859222965988004,0.041362691640034366,0.039657873142442734,0.04012180395836309,0.009529001783242383,0.040122091134406054,0.009527917777122662,0.13020688618945667,-0.04868619258065603,-0.07184963160203274,0.009623289428631067,0.0396578731424428,0.40395,90580.0,0.061935,104553.5,0,2.0,0
2603,2023-01-22 12:21:59.999,0.4033563088409149,0.40385,0.0616455429219485,0.0619,-0.9067117570938318,-0.9079349666134668,-2.7822350992915865,-2.7863543484662654,0.042016570283969434,0.0398723818441068,0.04012343594784179,0.009528355176513377,0.04012387407196494,0.009527296068102643,0.19866037524972457,-0.02634810511197372,-0.04868619258065603,0.00961949194202443,0.0398723818441069,0.40385,58891.0,0.0619,48443.9,0,2.0,0
2604,2023-01-22 12:22:59.999,0.403405360029109,0.4041,0.0616258737167764,0.06192,-0.906092906897709,-0.9078133664181496,-2.7819120497006655,-2.7866734687599286,0.04239904448329712,0.04022714591988219,0.04012517990987965,0.009527684513951303,0.04012570614560596,0.009526644751986604,0.23862948570818673,0.010702076653906255,-0.02634810511197372,0.009615788392065212,0.0402271459198821,0.4041,133158.0,0.06192,452482.0,4,2.0,0
2605,2023-01-22 12:23:59.999,0.4034295461686165,0.40425,0.0616526073203625,0.06195,-0.9057217805249208,-0.9077534132868982,-2.781427670906986,-2.786239757964983,0.04210444833044835,0.0402023030049935,0.04012697783528449,0.00952696602982852,0.04012743547714868,0.009525911052861288,0.20754055358367438,0.00790652233598524,0.010702076653906255,0.009612117491878102,0.0402023030049929,0.40425,19995.0,0.06195,23869.7,0,2.0,4
2606,2023-01-22 12:24:59.999,0.4032250896741255,0.4043,0.0616791151476419,0.061955,-0.9055981023354119,-0.9082603377866395,-2.781346963913681,-2.7858098956853174,0.041246120625407445,0.04026000495634652,0.04012886278969993,0.009526186566038439,0.04012912135434601,0.009525099350356142,0.11726904150555377,0.013766491527062646,0.00790652233598524,0.009608203443247542,0.0402600049563464,0.4043,13116.0,0.0619549999999999,62125.7,0,2.0,0
2607,2023-01-22 12:25:59.999,0.4029733641280356,0.40415,0.0616803622506271,0.06196,-0.9059691828022837,-0.9088848131948549,-2.7812662634334693,-2.7857896766796677,0.040605116613196324,0.03982295357563326,0.040130674467612905,0.009525383970571719,0.04013078426676717,0.009524284421071927,0.049802413016953206,-0.032305353036721496,0.013766491527062646,0.009604105682541586,0.0398229535756331,0.40415,51300.0,0.06196,51967.3,3,2.0,0
2608,2023-01-22 12:26:59.999,0.4028407521990332,0.40395,0.0616937137191867,0.061935,-0.9064641710564195,-0.9092139509637587,-2.7816698309759738,-2.785573237877484,0.04009904475996695,0.039657873142442734,0.040132390169158594,0.009524631120516663,0.04013238245210023,0.009523528937512378,-0.0035005608059810915,-0.04981998995149738,-0.032305353036721496,0.009600542925492023,0.0396578731424428,0.40395,168100.0,0.061935,360009.3,0,2.0,3
2609,2023-01-22 12:27:59.999,0.4029170645859581,0.4038,0.061672848077366,0.06194,-0.9068355731033999,-0.9090245332862299,-2.78158910443708,-2.7859115085031023,0.04056499142764958,0.03922047887920632,0.0401339289633638,0.009523946653144995,0.040134028723249074,0.009522846793190631,0.04525565870792605,-0.09591087785606575,-0.04981998995149738,0.009597591730868368,0.0392204788792063,0.4038,75397.0,0.0619399999999999,150584.2,0,2.0,0
2610,2023-01-22 12:28:59.999,0.403079578470719,0.40395,0.0616758631688312,0.061915,-0.9064641710564195,-0.9086212713412497,-2.781992802315075,-2.78586262122353,0.04092828906882173,0.03992189529360324,0.040135480866248206,0.009523365740805676,0.040135664344193724,0.009522271326992031,0.08323904007872768,-0.022427530188176843,-0.09591087785606575,0.009595172869275605,0.0399218952936033,0.40395,110499.0,0.061915,629640.1,0,2.0,0
2611,2023-01-22 12:29:59.999,0.4032821529890296,0.40375,0.0616380483041155,0.06187,-0.9069594044452708,-0.9081188305267397,-2.7827198694392394,-2.786475931845979,0.04193209817910504,0.0400210237038342,0.04013703978496424,0.00952279565889268,0.0401374552115771,0.00952173282437795,0.18847860999976987,-0.012182985468316476,-0.022427530188176843,0.009593065683376902,0.0400210237038343,0.40375,76375.0,0.06187,1916081.7,0,2.0,0
2612,2023-01-22 12:30:59.999,0.4030771773286957,0.4035,0.0615818744479128,0.06197,-0.9075787912721335,-0.9086272283514865,-2.781104882008121,-2.7873876977169454,0.04216904942241295,0.03808141924760522,0.040138163632814625,0.009522266493944958,0.04013863363646877,0.009521214685754821,0.21325175967116758,-0.21599315525534316,-0.012182985468316476,0.009590770222097422,0.0380814192476051,0.4034999999999999,181997.0,0.06197,306722.1,0,2.0,0
2613,2023-01-22 12:31:59.999,0.4026998935202956,0.40395,0.061696436368113,0.062034998,-0.9064641710564195,-0.9095636755392269,-2.7800565693271673,-2.7855291071437938,0.03971324425505718,0.03833906630314743,0.04013955014279134,0.009521568328935337,0.04013945148371063,0.009520468695210891,-0.04476746285273166,-0.1890953021018998,-0.21599315525534316,0.009588402269480526,0.0383390399477487,0.40395,32460.0,0.062035,194116.2,0,2.0,0
2614,2023-01-22 12:32:59.999,0.402822945809018,0.40415,0.0617763434030077,0.06203,-0.9059691828022837,-0.9092581539980077,-2.7801371399971107,-2.7842347806339607,0.03896068160099897,0.03889991935401149,0.040141044538053214,0.00952086701484241,0.0401407713691254,0.009519782185193133,-0.12396184546763259,-0.13035842031055458,-0.1890953021018998,0.009586154554812244,0.0388999193540113,0.40415,58795.0,0.06203,555035.9,0,2.0,0
2615,2023-01-22 12:33:59.999,0.4029921289780684,0.40435,0.0617785847217369,0.06203,-0.9054744394403059,-0.9088382482979784,-2.7801371399971107,-2.7841985001105782,0.03935092875034929,0.03939466271598924,0.04014268135337768,0.009520130706377177,0.040142498119727366,0.009519036649190432,-0.08315645779611495,-0.07857230750911584,-0.13035842031055458,0.009584014776660332,0.0393946627159893,0.40435,84300.0,0.06203,153903.5,0,2.0,0
2616,2023-01-22 12:34:59.999,0.4033019362028311,0.4045,0.0617759576277435,0.06206,-0.9051035424835906,-0.9080697762146832,-2.779653619961903,-2.7842410253620797,0.040154164315789,0.03937029240168266,0.04014434043363436,0.009519371407772153,0.04014434270715488,0.009518269821091224,0.0010318691126355844,-0.08131293536038746,-0.07857230750911584,0.009581833346097884,0.0393702924016825,0.4044999999999999,66874.0,0.06206,83283.3,0,2.0,0
2617,2023-01-22 12:35:59.999,0.403558064674627,0.4045,0.0617889059878186,0.06205,-0.9051035424835906,-0.9074348990857626,-2.779814767331521,-2.784031445393412,0.04061771430985672,0.03950202692431526,0.04014610380240642,0.009518546670083132,0.04014621294624059,0.009517447881201662,0.049540735027024725,-0.06766546411076613,-0.08131293536038746,0.00957939841664368,0.0395020269243151,0.4044999999999999,52652.0,0.06205,180078.0,0,2.0,0
2618,2023-01-22 12:36:59.999,0.4035848716032452,0.40455002,0.0617637865959368,0.06201,-0.9049798912906428,-0.9073684748443471,-2.7804596166203503,-2.78443806368238,0.04101654029209967,0.04015282859719371,0.04014786824343859,0.009517841241822263,0.04014806927839547,0.009516749003979183,0.09125711031583068,0.0005211637417657767,-0.06766546411076613,0.009576895099350311,0.0401527791595479,0.4045499999999999,43301.0,0.0620099999999999,263108.1,4,2.0,0
2619,2023-01-22 12:37:59.999,0.4035010562714948,0.4046,0.0617228148629018,0.06205,-0.904856354248492,-0.9075761735023387,-2.779814767331521,-2.785101645545585,0.04135130559231004,0.039749215159413875,0.04014948148516137,0.009517182883781802,0.040149759620802916,0.009516099108537311,0.12626454998027115,-0.042057227504746934,0.0005211637417657767,0.009574342073428008,0.0397492151594138,0.4046,134904.0,0.0620499999999999,68572.6,3,2.0,4
2620,2023-01-22 12:38:59.999,0.4034135418831137,0.40465,0.0617884215465307,0.06205,-0.9047327830404261,-0.9077930846573093,-2.779814767331521,-2.7840392856873812,0.04026593801067835,0.03987278636747971,0.04015105950431159,0.009516571697246954,0.04015108609040425,0.009515470593824696,0.012070019989198976,-0.029240901627671567,-0.042057227504746934,0.009571795903830988,0.0398727863674797,0.40465,154466.0,0.0620499999999999,51672.7,0,2.0,3
2621,2023-01-22 12:39:59.999,0.4034032234619864,0.4047,0.0618054921019685,0.062065,-0.9046092271003171,-0.907818662760222,-2.7795730560142258,-2.7837630495032126,0.040014542744621906,0.039798748483536595,0.04015249880568301,0.00951604809633345,0.0401524668788001,0.009514947124453728,-0.01449552292557931,-0.03717407883664588,-0.029240901627671567,0.009569473597790378,0.0397987484835367,0.4047,20687.0,0.062065,134208.4,0,2.0,0
2622,2023-01-22 12:40:59.999,0.4034785324610803,0.40485,0.0618231715423277,0.062065,-0.9042386508500138,-0.9076319960057447,-2.7795730560142258,-2.783477040741837,0.039967403463432416,0.04016932473383994,0.040153858573249934,0.009515630706391175,0.040153815422333525,0.009514529974127495,-0.01959234553971786,0.0016253426669466506,-0.03717407883664588,0.009567192981984945,0.0401693247338399,0.40485,249703.0,0.062065,83659.7,4,2.0,0
2623,2023-01-22 12:41:59.999,0.4036730998446602,0.40485,0.0618103569591588,0.062085,-0.9042386508500138,-0.907149887367018,-2.7792508651133314,-2.7836843402239455,0.04061897498810174,0.039905940574195053,0.04015498036475073,0.009515315754063555,0.040155087746056764,0.00951421725334245,0.04875726816959206,-0.026172519860869832,0.0016253426669466506,0.009564759904552127,0.039905940574195,0.40485,159642.0,0.062085,557443.7,3,2.0,4
2624,2023-01-22 12:42:59.999,0.4036870773865841,0.40505,0.0618081307514421,0.062115,-0.9037447627056368,-0.9071152620725844,-2.778767773316497,-2.7837203576151652,0.04068304372830789,0.04000491152324659,0.04015608136613662,0.009515023148359532,0.040156203319934844,0.00951392544032891,0.05537571338743125,-0.015887490816676692,-0.026172519860869832,0.00956216823028526,0.0400049115232465,0.40505,181549.0,0.062115,603936.1,0,2.0,3
2625,2023-01-22 12:43:59.999,0.4038455128242909,0.40525,0.0618232804305071,0.062125,-0.9032511183663515,-0.9067228681514963,-2.778606794565344,-2.783475279459121,0.04087509150678992,0.04036695918188282,0.04015742924140848,0.00951464049422588,0.040157595328486784,0.009513545716847366,0.0754183770865297,0.022021845239607422,-0.015887490816676692,0.009559527675147155,0.0403669591818829,0.40525,93621.0,0.062125,378436.7,4,2.0,0
2626,2023-01-22 12:44:59.999,0.4038606035775893,0.40525,0.0618395269913139,0.0621,-0.9032511183663515,-0.9066855012107397,-2.779009290042704,-2.7832125236437064,0.040697661197088286,0.04069599061253759,0.04015942907728604,0.00951384552321737,0.04015955363922073,0.009512748097870121,0.0565669932948224,0.056397965884787266,0.022021845239607422,0.009557133248854656,0.0406959906125377,0.40525,138048.0,0.0621,65594.2,0,2.0,4
2627,2023-01-22 12:45:59.999,0.4037407311796546,0.4053,0.0618395234357815,0.06211,-0.9031277453478742,-0.9069823615393597,-2.7788482724109254,-2.7832125811398205,0.04040084787030973,0.04068773516628743,0.040161912771244965,0.009512582500774771,0.04016196806749562,0.009511482392917148,0.025114886717552694,0.055276513501947504,0.056397965884787266,0.009555017635887345,0.0406877351662875,0.4053,230931.0,0.06211,209643.7,0,2.0,0
2628,2023-01-22 12:46:59.999,0.4036793198508164,0.40485,0.0619041710145487,0.062065,-0.9042386508500138,-0.9071344789629442,-2.7795730560142258,-2.782167718451085,0.03939457758128817,0.04016932473383994,0.04016403840555527,0.009511557899644725,0.04016386033084472,0.009510464418034215,-0.08088803193436062,0.0005557794359710426,0.055276513501947504,0.0095530474690301,0.0401693247338399,0.40485,264206.0,0.0620649999999999,170446.3,0,2.0,0
2629,2023-01-22 12:47:59.999,0.4034275144330583,0.4051,0.0618949932965714,0.062105,-0.9036213287734921,-0.907758449459121,-2.77892877798598,-2.7823159863016023,0.03889181287677823,0.04025996332372073,0.040166121091576634,0.00951059359627413,0.04016582618108953,0.00950951277916401,-0.13397251088433737,0.009867126714451977,0.0005557794359710426,0.009551071317640275,0.0402599633237206,0.4051,71927.0,0.062105,108805.9,0,2.0,0
2630,2023-01-22 12:48:59.999,0.4035311828663199,0.40545,0.0619308063965525,0.062115,-0.9027577175915708,-0.9075015133007306,-2.778767773316497,-2.7817375430196942,0.03867588404337463,0.04099195663731259,0.040168591358304896,0.009509421798348955,0.04016824590417045,0.009508348471904795,-0.1569527941898051,0.0865841579506596,0.009867126714451977,0.009549324574322128,0.0409919566373124,0.40545,118215.0,0.062115,170396.8,0,2.0,0
2631,2023-01-22 12:49:59.999,0.4036803681664606,0.40555,0.0618953852940172,0.062105,-0.9025111084657833,-0.9071318820642886,-2.77892877798598,-2.782309653055832,0.039513202978861406,0.041370183631429525,0.04017138759060883,0.00950799859429092,0.0401712352683196,0.009506903594097255,-0.06921625773787822,0.1260829005107882,0.0865841579506596,0.00954773989841899,0.0413701836314293,0.4055499999999999,154872.0,0.062105,79466.9,0,2.0,0
2632,2023-01-22 12:50:59.999,0.4037070403116389,0.4057,0.0618459616160536,0.062119998,-0.9021413087697355,-0.9070658118112529,-2.7786873128974015,-2.7831084754676763,0.040232293441545997,0.04154259079012623,0.04017399119086516,0.009506833665900749,0.04017400468363319,0.00950573357029102,0.006131957884342534,0.14395956081255346,0.1260829005107882,0.009546149236324273,0.0415425644707898,0.4057,217899.0,0.06212,296312.7,0,2.0,0
2633,2023-01-22 12:51:59.999,0.4038158654594745,0.4057,0.0618266364086401,0.062125,-0.9021413087697355,-0.9067962834852656,-2.778606794565344,-2.7834209975280104,0.040757301857142325,0.04147676877849882,0.040176461500627994,0.009505785305699867,0.04017659592329786,0.009504689396435671,0.06109678176987424,0.1367911472912325,0.14395956081255346,0.009544522182442911,0.0414767687784989,0.4057,115055.0,0.062125,130330.3,0,2.0,0
2634,2023-01-22 12:52:59.999,0.4039466503240684,0.40575,0.0618246835324759,0.062119998,-0.9020180725874365,-0.9064724633941343,-2.7786873128974015,-2.7834525843507842,0.04110694349925148,0.04166582697242527,0.04017908774976731,0.009504629098233615,0.04017930248148439,0.009503539696362317,0.0976100534543111,0.15642264493353644,0.1367911472912325,0.009542925602989564,0.0416658006530892,0.40575,129809.0,0.0621199999999999,31324.2,0,2.0,0
2635,2023-01-22 12:53:59.999,0.4041223230661548,0.40545,0.0618439767400979,0.062085,-0.9027577175915708,-0.9060376669828406,-2.7792508651133314,-2.783140569847902,0.04128667473828107,0.04138687383263806,0.04018177540468057,0.009503328565492727,0.04018203110922434,0.009502243697070124,0.1162508207821836,0.12680803569533416,0.15642264493353644,0.009541323835427114,0.0413868738326379,0.40545,106426.0,0.062085,256175.7,0,2.0,0
2636,2023-01-22 12:54:59.999,0.4040823622721903,0.40545,0.0618282159539036,0.06208,-0.9027577175915708,-0.90613655478867,-2.779331403107174,-2.783395449880936,0.04139614589952534,0.04145271191735367,0.04018447246862761,0.009502035455556576,0.04018475288367758,0.00950095375062257,0.12750225373619775,0.133470292197702,0.12680803569533416,0.009539900075051864,0.0414527119173535,0.40545,167150.0,0.0620799999999999,78561.4,0,2.0,0
2637,2023-01-22 12:55:59.999,0.4039943886217175,0.4056,0.0618284923965468,0.062085,-0.9023878267051636,-0.9063542906676519,-2.7792508651133314,-2.7833909787503863,0.04117475496709766,0.041756764719045214,0.04018689557263252,0.00950110135678377,0.04018712419086777,0.009500013766847787,0.10396098368577379,0.16523022831366935,0.133470292197702,0.009538632218082627,0.0417567647190451,0.4055999999999999,81658.0,0.062085,119603.7,0,2.0,0
2638,2023-01-22 12:56:59.999,0.4038216361874974,0.4058,0.0618284972854039,0.062105,-0.9018948515904227,-0.9067819930938185,-2.77892877798598,-2.783390899679125,0.04074698790186859,0.041986440506790124,0.04018916218062482,0.009500362389366582,0.04018929127706575,0.009499266790839216,0.05870943906330426,0.18917997572144535,0.16523022831366935,0.00953738653739978,0.0419864405067902,0.4058,67300.0,0.062105,76105.8,0,2.0,0
2639,2023-01-22 12:57:59.999,0.4036809272681376,0.406,0.0618501704775183,0.06211,-0.9014021193804044,-0.9071304970544295,-2.7788482724109254,-2.7830404238415647,0.04011197745179651,0.042413361133757266,0.040191031051371534,0.009500005639416253,0.04019101275616219,0.00949890636869396,-0.008320463566854116,0.23392934349060945,0.18917997572144535,0.009536145429972298,0.0424133611337573,0.406,195565.0,0.06211,81967.4,0,2.0,0
2640,2023-01-22 12:58:59.999,0.4037221610168129,0.40625,0.0618655712660582,0.06214,-0.9007865453381898,-0.9070283578644526,-2.778365375017236,-2.7827914532836973,0.040010588544058145,0.04263417690105298,0.0401924500415644,0.009499912645499693,0.04019240795373808,0.009498813712233753,-0.019141275446402945,0.25702624335659263,0.23392934349060945,0.0095348850811912,0.0426341769010529,0.40625,147205.0,0.06214,122760.7,0,2.0,0
2641,2023-01-22 12:59:59.999,0.403969313909902,0.4064,0.0619042003476909,0.06214,-0.900417382717865,-0.9064163595743243,-2.778365375017236,-2.782167244603608,0.04011230960974588,0.043003339521377804,0.04019341149154572,0.009499986897843964,0.0401933927223067,0.009498887633285862,-0.008536063978343543,0.2957823058124219,0.25702624335659263,0.00953362039341683,0.0430033395213778,0.4064,229577.0,0.06214,110648.8,0,2.0,0
2642,2023-01-22 13:00:59.999,0.4042130323212612,0.4064,0.0618969572837744,0.06213,-0.900417382717865,-0.9058132322729578,-2.7785263149065345,-2.7822842558507292,0.040811091099069,0.043134904433293375,0.040193992206713124,0.009500090011523715,0.04019413502062017,0.009498995292780723,0.0649496140836826,0.3095667749476997,0.2957823058124219,0.009532255021383357,0.0431349044332933,0.4064,158194.0,0.06213,94675.9,0,2.0,0
2643,2023-01-22 13:01:59.999,0.4043044504374224,0.40615,0.0618695054626459,0.062115,-0.9010327294851742,-0.9055870946358622,-2.778767773316497,-2.7827278626399923,0.04139986778363114,0.04271694474370913,0.04019440090861152,0.009500160563385963,0.040194679887291224,0.0094990788962363,0.12687418532942513,0.2655264422392613,0.3095667749476997,0.009530934819018346,0.042716944743709,0.40615,53873.0,0.062115,142921.8,0,2.0,0
2644,2023-01-22 13:02:59.999,0.4041496591445744,0.4064,0.0618467176111277,0.062135,-0.900417382717865,-0.9059700261910486,-2.7784458417241793,-2.783096251703443,0.04131808639634227,0.04306911933058055,0.040195375384748405,0.009500239480210613,0.04019563521141159,0.009499155457311104,0.11816326093145202,0.3024917373733865,0.2655264422392613,0.00952975235825043,0.0430691193305805,0.4064,112152.0,0.0621349999999999,1021113.0,0,2.0,0
2645,2023-01-22 13:03:59.999,0.4040885123906368,0.4066,0.0618662148174205,0.062165,-0.8999253777878907,-0.9061213349418791,-2.777963138577236,-2.782781050922547,0.04090910775922629,0.04316652477819016,0.04019673237376239,0.009500245104376498,0.04019689723730914,0.0094991519102558,0.07497622194547832,0.31260166151499336,0.3024917373733865,0.009528826922164347,0.04316652477819,0.4065999999999999,689080.0,0.062165,240293.3,0,2.0,0
2646,2023-01-22 13:04:59.999,0.4040555203997173,0.40670002,0.0619046785667971,0.06218,-0.8996794168926624,-0.9062029837312017,-2.7777218743515295,-2.7821595194855004,0.040319370334299554,0.043215257337162805,0.04019836678429227,0.009500156905164396,0.04019839478789098,0.009499057719145576,0.012735531247983094,0.31756218165518074,0.31260166151499336,0.009528091804770907,0.0432152081608669,0.4067,140873.0,0.06218,137956.9,0,2.0,0
2647,2023-01-22 13:05:59.999,0.4041209003520661,0.4066,0.0619284864116692,0.062165,-0.8999253777878907,-0.9060411874926265,-2.777963138577236,-2.781775004639747,0.040166833923384604,0.04316652477819016,0.04020038778446558,0.009499859454002198,0.040200380019165635,0.009498760137796344,-0.003531628896233376,0.31222956593057577,0.31756218165518074,0.009527451495357647,0.04316652477819,0.4065999999999999,120192.0,0.062165,173935.8,0,2.0,0
2648,2023-01-22 13:06:59.999,0.4042207199693194,0.40665,0.0619145340581359,0.06217,-0.8998024143693528,-0.9057942136507475,-2.777882710700891,-2.782000327851978,0.04059800466448493,0.04322374013070762,0.0402023441738302,0.009499611618519584,0.0402024357407107,0.009498514223948797,0.04164534730883212,0.3180546824658789,0.31222956593057577,0.009526807581015614,0.0432237401307076,0.4066499999999999,40605.0,0.06217,125022.3,0,2.0,0
2649,2023-01-22 13:07:59.999,0.4043724461869027,0.4066,0.0619055990052441,0.06216,-0.8999253777878907,-0.9054189292043422,-2.778043572922745,-2.782144650954954,0.04109127015594516,0.04323227813261321,0.04020433242937455,0.009499346707214322,0.0402045376915191,0.009498257018005435,0.0933573878602275,0.3187530465583567,0.3180546824658789,0.009526094477642617,0.0432322781326131,0.4065999999999999,24931.0,0.06216,92678.5,0,2.0,0
2650,2023-01-22 13:08:59.999,0.4043731949837915,0.40645,0.0618791196222238,0.06213,-0.9002943587895558,-0.9054170774555336,-2.7785263149065345,-2.7825724805565044,0.04144286343923731,0.04325792836160258,0.04020626684675009,0.009499117467798456,0.04020655302971526,0.009498036849241288,0.13016483607565812,0.32125737208719385,0.3187530465583567,0.009525302275982429,0.0432579283616025,0.40645,99561.0,0.06213,30277.0,0,2.0,0
2651,2023-01-22 13:09:59.999,0.404242380167322,0.40625,0.0618516353568623,0.06211,-0.9007865453381898,-0.9057406300103709,-2.7788482724109254,-2.783016739800185,0.04148248329937665,0.04302893517597184,0.04020776223626648,0.009499053219565555,0.040208057242298215,0.009497973774733534,0.13417872983274146,0.29699517146556076,0.32125737208719385,0.00952448815339298,0.0430289351759718,0.40625,101836.0,0.06211,103634.4,0,2.0,0
2652,2023-01-22 13:10:59.999,0.4040810393976868,0.40595,0.0618492135948643,0.062075,-0.9015252796736817,-0.9061398285684545,-2.779411947587907,-2.7830558949396824,0.041115293229067484,0.042750993222852474,0.04020925295523292,0.009498946901699773,0.04020946263824006,0.009497857676342158,0.09537209565518369,0.2675812691578184,0.29699517146556076,0.009523717808402266,0.0427509932228526,0.40595,168230.0,0.062075,167586.1,0,2.0,0
2653,2023-01-22 13:11:59.999,0.4039373103308757,0.40645,0.0618278790672098,0.062045,-0.9002943587895558,-0.9064955855098044,-2.779895350755554,-2.7834008986490497,0.0410415694296028,0.04437708584127331,0.040211557665426875,0.00949875000864238,0.040211749753314895,0.009497659198566238,0.08737096782891224,0.43853435157851883,0.2675812691578184,0.009523017329271067,0.0443770858412733,0.40645,1065804.0,0.062045,72471.1,0,2.0,0
2654,2023-01-22 13:12:59.999,0.4041673057912532,0.4068,0.061795548611203,0.06204,-0.8994336148077322,-0.9059263635006756,-2.779975940673799,-2.7839239460576364,0.04203837149075196,0.04530371035489922,0.04021438401780031,0.009498448234183502,0.04021480613940941,0.009497389592812712,0.19200700713831453,0.5358060823854555,0.43853435157851883,0.009522415193541682,0.0453037103548992,0.4068,1723056.0,0.06204,33012.7,0,2.0,0
2655,2023-01-22 13:13:59.999,0.4043827196802167,0.40675,0.06177685495523,0.062034998,-0.8995565328829899,-0.9053935235098919,-2.7800565693271673,-2.7842264999543977,0.04281854281095765,0.04524670447657708,0.040217543073629916,0.009497851939051465,0.04021814501756357,0.009496835253133565,0.27381730061454446,0.5295051381322565,0.5358060823854555,0.00952186745003147,0.0452466781211784,0.40675,230105.0,0.062035,32313.4,0,2.0,0
2656,2023-01-22 13:14:59.999,0.4043556831205526,0.40685,0.0617473053699924,0.06204,-0.8993107118394708,-0.9054603845853165,-2.779975940673799,-2.7847049421591206,0.04314279798890841,0.04542661332316067,0.040220711759609964,0.009497305826669,0.04022138801191945,0.009496310812709326,0.3076363057829901,0.5481450906774239,0.5295051381322565,0.009521344220410604,0.0454266133231606,0.40685,56919.0,0.06204,227266.3,0,2.0,0
2657,2023-01-22 13:15:59.999,0.4044535408899573,0.40705,0.0617382040959615,0.06206,-0.8988192509621502,-0.9052184047290608,-2.779653619961903,-2.7848523485080396,0.0435052793777293,0.04565458392312305,0.040224227602842104,0.00949650539439502,0.04022498692979764,0.009495537610623493,0.3454562113746682,0.5718268030981188,0.5481450906774239,0.009520655192846873,0.045654583923123,0.40705,39725.0,0.06206,83934.6,0,2.0,0
2658,2023-01-22 13:16:59.999,0.4044673636805241,0.407,0.0617620737182088,0.062045,-0.8989420935395421,-0.9051842288523092,-2.779895350755554,-2.7844657967857764,0.043223457502077456,0.04572935109128695,0.04022744833837832,0.009496012503824657,0.04022814169851803,0.009495022983981803,0.31546166961497124,0.5793908496532268,0.5718268030981188,0.009519953812697572,0.045729351091287,0.407,110882.0,0.062045,146851.5,0,2.0,0
2659,2023-01-22 13:17:59.999,0.4043619580384806,0.40715,0.061774652747357,0.062025,-0.8985736110689967,-0.9054448663930359,-2.7802177494042724,-2.7842621483720364,0.04279634174558766,0.04636138755087271,0.0402305634580013,0.009495816896196498,0.04023115725070846,0.009494798246126307,0.27016735146802623,0.6456341944974827,0.5793908496532268,0.009519223033191106,0.0463613875508728,0.40715,28991.0,0.062025,62068.1,0,2.0,0
2660,2023-01-22 13:18:59.999,0.4043527228768523,0.40705,0.0618155982583407,0.06201,-0.8988192509621502,-0.9054677055026665,-2.7804596166203503,-2.783599547363485,0.042231840505422946,0.04631346892568633,0.04023348562250874,0.009495745985008245,0.040233948097603146,0.009494695788684024,0.2104219505590616,0.6402849563137627,0.6456341944974827,0.009518461528116025,0.0463134689256863,0.40705,38081.0,0.0620099999999999,50303.0,0,2.0,0
2661,2023-01-22 13:19:59.999,0.4042848718947706,0.40685,0.0618394941026393,0.06197,-0.8993107118394708,-0.9056355210548488,-2.781104882008121,-2.7832130554828867,0.04174807612011611,0.04634949868026794,0.040236567589167244,0.009495569883376376,0.040236917394427814,0.009494498887656903,0.15916150431623502,0.6437666370927808,0.6402849563137627,0.009517653366174052,0.0463494986802679,0.40685,71069.0,0.06197,270668.7,0,2.0,0
2662,2023-01-22 13:20:59.999,0.4042043113334966,0.4068,0.0617850100132041,0.061975,-0.8994336148077322,-0.9058348077323005,-2.781024201060883,-2.784094500360704,0.04226935174834312,0.0461606407659525,0.04024016866008869,0.00949486597813704,0.04024063826969023,0.009493817401134252,0.21368785525730816,0.6235445681378059,0.6437666370927808,0.009516923723284804,0.0461606407659525,0.4068,47714.0,0.061975,55181.3,0,2.0,0
2663,2023-01-22 13:21:59.999,0.4041826211836183,0.40675,0.0617557146485323,0.061965,-0.8995565328829899,-0.9058884705242409,-2.7811855694652996,-2.784568762840564,0.042603388374239604,0.046169637904540095,0.04024374371786443,0.009494190300779273,0.04024428980549609,0.009493159479923347,0.24850510240902043,0.6241600388175568,0.6235445681378059,0.009516261582397779,0.0461696379045402,0.40675,47849.0,0.061965,229076.9,0,2.0,0
2664,2023-01-22 13:22:59.999,0.4041565131320963,0.40685,0.0617009234499871,0.06194,-0.8993107118394708,-0.9059530673015656,-2.78158910443708,-2.785456381408289,0.0432644007618429,0.04674534014313547,0.040247199491388747,0.00949383919041245,0.04024789775597344,0.00949285150009376,0.3177657425526637,0.6844586811949592,0.6241600388175568,0.00951562772250285,0.0467453401431354,0.40685,182337.0,0.0619399999999999,17937.1,0,2.0,0
2665,2023-01-22 13:23:59.999,0.4042323662569295,0.4068,0.0616336749992779,0.061885,-0.8994336148077322,-0.9057654023621043,-2.7824774549901514,-2.7865468857472018,0.044343529638045776,0.04734864472214251,0.04025067680323442,0.009493688546977672,0.04025162400361276,0.009492794080551127,0.4310538709373803,0.7476512299497894,0.6844586811949592,0.00951507799179647,0.0473486447221425,0.4068,94966.0,0.0618849999999999,220857.0,0,2.0,0
2666,2023-01-22 13:24:59.999,0.4043282971223403,0.40685,0.0615670656555155,0.06187,-0.8993107118394708,-0.9055281143756717,-2.7827198694392394,-2.787628199867532,0.045464768754397644,0.047669716309634236,0.04025419841172114,0.009493618291910883,0.04025540428312653,0.009492850561293049,0.5487671419280754,0.7811055458414152,0.7476512299497894,0.009514634261709053,0.0476697163096346,0.40685,50534.0,0.0618699999999999,161803.9,0,2.0,0
2667,2023-01-22 13:25:59.999,0.4044836874526994,0.40695,0.061575310935124,0.061915,-0.8990649512090867,-0.9051438709786044,-2.781992802315075,-2.787494285290778,0.04573953985362933,0.047321115140936065,0.0402576052048246,0.009493512983035223,0.04025887387750426,0.009492780629292586,0.5773509564956099,0.7440354217383874,0.7811055458414152,0.009514295433538711,0.047321115140936,0.40695,15672.0,0.061915,192232.8,0,2.0,0
2668,2023-01-22 13:26:59.999,0.4045827582730639,0.40685,0.0616440633760334,0.0619,-0.8993107118394708,-0.904898969409931,-2.7822350992915865,-2.786378349612179,0.045072187910147,0.047273427098467824,0.040260730869761195,0.009493599514992589,0.040261844375209105,0.009492783040825787,0.506736908896997,0.7386762226099763,0.7440354217383874,0.009513998393582294,0.0472734270984678,0.40685,25899.0,0.0619,113976.1,0,2.0,0
2669,2023-01-22 13:27:59.999,0.4044729846491692,0.40675,0.061633254557573,0.061894998,-0.8995565328829899,-0.9051703317370107,-2.782315910311152,-2.786553707393631,0.044944176812964476,0.04709366733234377,0.04026361561264858,0.009493781958906163,0.04026469882514576,0.009492950316734078,0.49294242903281393,0.719423697453667,0.7386762226099763,0.009513640647717751,0.0470936409173314,0.40675,76865.0,0.061895,49084.4,0,2.0,0
2670,2023-01-22 13:28:59.999,0.4042360703055393,0.4068,0.06161812843391,0.061935,-0.8994336148077322,-0.9057562392372566,-2.7816698309759738,-2.786799158980003,0.04455892072661871,0.04668842939113005,0.04026615214456077,0.009494034341886724,0.040267145611022716,0.009493160257480522,0.45209129512104435,0.6764539725999131,0.719423697453667,0.009512947502614433,0.04668842939113,0.4068,317954.0,0.061935,342282.9,0,2.0,0
2671,2023-01-22 13:29:59.999,0.4040546767552226,0.4071,0.0616590961669711,0.061985,-0.8986964234732039,-0.9062050716753897,-2.7808628586920268,-2.7861345149680723,0.0435667560464531,0.04676593817014829,0.0402684710653059,0.009494398208694134,0.04026923438050636,0.009493432079564997,0.34734768609603245,0.6843474396189305,0.6764539725999131,0.009511798819155391,0.0467659381701484,0.4071,282668.0,0.061985,73737.3,0,2.0,0
2672,2023-01-22 13:30:59.999,0.404124839023701,0.4073,0.0617246472954064,0.06199,-0.8982052643277701,-0.9060314412695583,-2.780782197268309,-2.785071957895913,0.042871768807439814,0.047191158329587535,0.04027095976441417,0.009494803403463788,0.04027156166421585,0.0094937870846969,0.27388513351171023,0.7288406374637323,0.6843474396189305,0.009510718911754947,0.0471911583295874,0.4073,212322.0,0.06199,52775.5,0,2.0,0
2673,2023-01-22 13:31:59.999,0.4043217077097191,0.40745,0.0617377934319706,0.061979998,-0.8978370532159083,-0.9055444116923898,-2.780943558891009,-2.7848590002298175,0.04318471005446345,0.0476912791113866,0.040273791471302785,0.009495191817189889,0.040274465139107256,0.00949419627727868,0.30652883407529,0.7811835487783779,0.7288406374637323,0.009509750688881562,0.0476912527326003,0.40745,479357.0,0.06198,91343.6,0,2.0,0
2674,2023-01-22 13:32:59.999,0.4045398671872747,0.40760002,0.0617221188674368,0.06193,-0.897468928565855,-0.9050049881627867,-2.7817505640321674,-2.785112921755049,0.04393170899154464,0.04871911317701616,0.040276668980552786,0.009495867111984524,0.04027751485882425,0.009494931016699591,0.38485736508179247,0.8890651161080753,0.7811835487783779,0.009508639548719599,0.0487190641093038,0.4075999999999999,222178.0,0.06193,128713.5,0,2.0,0
2675,2023-01-22 13:33:59.999,0.4046699481827931,0.4079,0.0616567672932568,0.061935,-0.8967332326586244,-0.9046834868805034,-2.7816698309759738,-2.786172285837922,0.04511921771833016,0.04938881154023789,0.040279540612777165,0.00949674646987915,0.04028066064913577,0.009495932856115444,0.5095399412052846,0.959199127443553,0.8890651161080753,0.00950726481354914,0.0493888115402381,0.4079,866410.0,0.061935,75001.4,0,2.0,0
2676,2023-01-22 13:34:59.999,0.4047055310109478,0.4081,0.0616597628292939,0.061935,-0.896243036570377,-0.904595560252894,-2.7816698309759738,-2.7861237029588106,0.04516742888298786,0.049879007628485295,0.04028225237946023,0.009497814553771458,0.040283382945649426,0.009497006174301803,0.5142721661647752,1.0104172064734953,0.959199127443553,0.009506026076242579,0.0498790076284851,0.4081,108064.0,0.061935,97203.3,0,2.0,0
2677,2023-01-22 13:35:59.999,0.4046346199455806,0.40805,0.0616586570587212,0.06194,-0.8963655630668851,-0.9047707920524405,-2.78158910443708,-2.786141636542029,0.04500685740355659,0.04969048891572114,0.04028453821643353,0.009498890211164174,0.04028563109289433,0.009498062616742249,0.4970725611284287,0.990215750491849,1.0104172064734953,0.009504950439899507,0.0496904889157212,0.40805,338326.0,0.0619399999999999,171836.5,0,2.0,0
2678,2023-01-22 13:36:59.999,0.4045246666104326,0.4081,0.06167268852285,0.061945,-0.896243036570377,-0.9050425638473184,-2.781508384414435,-2.785914095617649,0.04454907577728273,0.04974702852286683,0.04028718025924166,0.00949993439906922,0.04028816658081491,0.009499056275906546,0.44856131732530236,0.9957803776573471,0.990215750491849,0.009503827121380655,0.0497470285228667,0.4081,130609.0,0.061945,79767.5,0,2.0,0
2679,2023-01-22 13:37:59.999,0.4045606238370317,0.4083,0.061691427511861,0.061985,-0.895753080656607,-0.9049536801979745,-2.7808628586920268,-2.785610295943036,0.0443896097004981,0.04970928098674521,0.04029007292269445,0.009500900354385678,0.04029102166992376,0.009500005565258618,0.4314300662688892,0.9914016264472016,0.9957803776573471,0.009502567696893172,0.0497092809867452,0.4083,317635.0,0.061985,151538.2,0,2.0,0
2680,2023-01-22 13:38:59.999,0.4047344445548131,0.40825,0.0617302228146328,0.06203,-0.8958755471315626,-0.9045241193931628,-2.7801371399971107,-2.7849816330796426,0.04430525208143399,0.04899355502473257,0.04029282021668928,0.009501700706064022,0.040293748805410576,0.009500797203210029,0.42222807099472115,0.9157028912193005,0.9914016264472016,0.009501276237234459,0.0489935550247326,0.40825,149268.0,0.06203,237412.3,0,2.0,0
2681,2023-01-22 13:39:59.999,0.4048303454683485,0.4085,0.0617582430765019,0.062025,-0.8952633646820796,-0.9042871997168976,-2.7802177494042724,-2.7845278212657574,0.04417119032121131,0.04967163393778984,0.04029559800449705,0.009502688026357094,0.04029649492472771,0.009501771246919642,0.4077866426998779,0.9866719718975286,0.9157028912193005,0.009501158124696839,0.0496716339377898,0.4085,216989.0,0.062025,59902.8,0,2.5,0
2682,2023-01-22 13:40:59.999,0.4049081155132169,0.4084,0.0617384520943456,0.06202,-0.8955081926916266,-0.9040951128916942,-2.780298365309834,-2.7848483315806014,0.04462528746296435,0.049492707704120065,0.040298089147135945,0.009503688080151677,0.04029909058159922,0.00950281626353241,0.4552541858530031,0.9674789912546642,0.9866719718975286,0.009501158124696839,0.04949270770412,0.4084,217243.0,0.06202,112281.3,0,2.5,0
2683,2023-01-22 13:41:59.999,0.4048188239802198,0.40815,0.0617356801124073,0.062005,-0.896120525084772,-0.904315660162642,-2.7805402520274014,-2.784893231380895,0.04444144481693202,0.0490781125209917,0.040299535014837184,0.009504548565522691,0.040300493568366944,0.009503657526631305,0.4357218509780296,0.9236185649046393,0.9674789912546642,0.009501158124696839,0.0490781125209918,0.40815,36400.0,0.062005,140152.6,0,2.5,0
2684,2023-01-22 13:42:59.999,0.4046764876756218,0.408,0.0617394000881686,0.061975,-0.8964881045779755,-0.9046673269456742,-2.781024201060883,-2.7848329767002524,0.04404052112322465,0.04910615099570925,0.04030058274943776,0.009505269804625176,0.040301448275559905,0.009504340102111286,0.39340688648485467,0.9263880381372006,0.9236185649046393,0.009501158124696839,0.0491061509957093,0.408,54591.0,0.061975,139689.7,0,2.5,0
2685,2023-01-22 13:43:59.999,0.4046140679669733,0.40785,0.0617228810846925,0.061979998,-0.8968558192355477,-0.9048215847912331,-2.780943558891009,-2.785100572656163,0.04410501723929605,0.04867251309174725,0.04030149819334969,0.009505885593434701,0.04030237843381392,0.009504961646181581,0.40006882163588314,0.8806138908487448,0.9263880381372006,0.009501158124696839,0.0486724867129608,0.40785,108897.0,0.06198,92422.3,0,2.5,0
2686,2023-01-22 13:44:59.999,0.4046019973611262,0.40765,0.0617289463785054,0.061979998,-0.8973463158732172,-0.9048514176291245,-2.780943558891009,-2.785002310946435,0.043994857558622424,0.048182016454077714,0.040301848793486694,0.009506148304084352,0.04030270345878758,0.009505214238653532,0.3884346009604366,0.8289548414898257,0.8806138908487448,0.009501158124696839,0.0481819900752913,0.4076499999999999,109809.0,0.06198,118136.1,0,2.5,0
2687,2023-01-22 13:45:59.999,0.4046236525671497,0.4077,0.061715902907939,0.061995,-0.8972236691569293,-0.9047978968193711,-2.780701542350332,-2.7852136356098836,0.04422113175383835,0.04810681983273746,0.040302218721838645,0.009506420926067191,0.04030312566769192,0.00950550775239572,0.41218272481645785,0.8209820679724075,0.8289548414898257,0.009501158124696839,0.0481068198327374,0.4077,108774.0,0.061995,97733.6,0,2.5,0
2688,2023-01-22 13:46:59.999,0.4046619859758758,0.40760002,0.0617125078189497,0.062005,-0.897468928565855,-0.9047031628788954,-2.7805402520274014,-2.7852686486975533,0.044360837715016976,0.047729709039908697,0.04030283039937307,0.009506813794425898,0.04030376953552573,0.009505914070751168,0.4267941146211783,0.7812163781823737,0.8209820679724075,0.009501158124696839,0.0477296599721963,0.4075999999999999,135615.0,0.062005,166666.5,0,2.5,0
2689,2023-01-22 13:47:59.999,0.404695377325136,0.4073,0.0617108131633251,0.06202,-0.8982052643277701,-0.9046206496386552,-2.780298365309834,-2.7852961095633155,0.044465799624762714,0.04679563606797654,0.04030350507718028,0.009507171122319118,0.040304468348309086,0.00950628178238885,0.4377454163164854,0.6828667441943145,0.7812163781823737,0.009501158124696839,0.0467956360679764,0.4073,267371.0,0.06202,248578.4,0,2.5,0
2690,2023-01-22 13:48:59.999,0.4045639884310519,0.40715,0.0617289472673885,0.06201,-0.8985736110689967,-0.9049453635704261,-2.7804596166203503,-2.7850022965466574,0.04390089984581125,0.046559108818839845,0.040304261104516265,0.009507538681397375,0.04030509346710393,0.00950659588193148,0.37824331899303854,0.6578829625549597,0.6828667441943145,0.009501158124696839,0.0465591088188399,0.40715,33292.0,0.0620099999999999,126807.5,0,2.5,0
2691,2023-01-22 13:49:59.999,0.4044295544296201,0.40725,0.0617470658159978,0.062005,-0.8983280314999825,-0.9052777123360142,-2.7805402520274014,-2.7847088217528593,0.04332864172298512,0.0468706061057812,0.04030496864175851,0.0095079135731382,0.040305668404100846,0.009506924565639232,0.3179759445878186,0.6905445041667139,0.6578829625549597,0.009501158124696839,0.0468706061057813,0.40725,74995.0,0.062005,107852.1,0,2.5,0
2692,2023-01-22 13:50:59.999,0.404405473121677,0.4072,0.0617915086375268,0.06199,-0.898450813745824,-0.9053372579964515,-2.780782197268309,-2.7839893246461,0.0426809225905328,0.046945608911533654,0.04030540694207559,0.009508176040054406,0.04030595670269778,0.009507144415433528,0.24980854229789476,0.6983675882193768,0.6905445041667139,0.009501158124696839,0.0469456089115336,0.4072,15590.0,0.06199,95587.9,0,2.5,0
2693,2023-01-22 13:51:59.999,0.4043554634734652,0.40705,0.0618157667016876,0.061975,-0.8988192509621502,-0.9054609277881358,-2.781024201060883,-2.783596822434468,0.04223639064885454,0.0467750046115345,0.04030609892550382,0.009508538070869368,0.04030654564888344,0.009507483075098043,0.20298169186603554,0.680326001517416,0.6983675882193768,0.009501158124696839,0.0467750046115345,0.40705,78647.0,0.061975,76458.0,0,2.5,0
2694,2023-01-22 13:52:59.999,0.4042927242781442,0.40705,0.0617897308713327,0.061955,-0.8988192509621502,-0.905616098346599,-2.781346963913681,-2.784018095456318,0.04242560176142274,0.04703885632960825,0.040306838372987965,0.009508937408495432,0.04030732871397118,0.009507891650015844,0.22279103774263462,0.7079674276334802,0.680326001517416,0.009501158124696839,0.0470388563296082,0.40705,78473.0,0.0619549999999999,196621.0,0,2.5,0
2695,2023-01-22 13:53:59.999,0.4042894994595432,0.407,0.0617329063527029,0.06195,-0.8989420935395421,-0.9056240748232179,-2.781427670906986,-2.7849381619949773,0.043169759970884125,0.046981989990372175,0.040307407990491755,0.009509263546442933,0.04030807041862885,0.009508262813869371,0.3009687056694552,0.7019031460514245,0.7079674276334802,0.009501158124696839,0.0469819899903718,0.407,113161.0,0.06195,40626.8,0,2.5,0
2696,2023-01-22 13:54:59.999,0.4042656427906668,0.407,0.0616825697917987,0.06197,-0.8989420935395421,-0.9056830854401485,-2.781104882008121,-2.7857538873037946,0.04377758731979098,0.04671811698019657,0.04030784214776763,0.009509513406654678,0.040308645143641735,0.009508559436427262,0.3648231048395971,0.6740907298099061,0.7019031460514245,0.009502032501072833,0.0467181169801966,0.407,116497.0,0.06197,78729.0,0,2.5,0
2697,2023-01-22 13:55:59.999,0.4043058431996356,0.4069,0.0616669370047704,0.061975,-0.8991878239744928,-0.905583649806569,-2.781024201060883,-2.7860073587203895,0.04408423040668019,0.04640643159919189,0.04030841547274333,0.009509806404934946,0.04030928930170282,0.009508879376719839,0.3969911653542887,0.6412345180112289,0.6740907298099061,0.009503026579307135,0.0464064315991918,0.4069,54251.0,0.061975,100069.9,0,2.5,0
2698,2023-01-22 13:56:59.999,0.4043833586535618,0.4069,0.0616677369995578,0.061955,-0.8991878239744928,-0.9053919433908385,-2.781346963913681,-2.7859943859729626,0.04426533187928572,0.04667028331726564,0.04030943631410528,0.009510252561687403,0.040310351818748924,0.0095093424123133,0.4159046849985794,0.668841017828001,0.6412345180112289,0.0095038281705013,0.0466702833172656,0.4069,128490.0,0.0619549999999999,152201.7,0,2.5,0
2699,2023-01-22 13:57:59.999,0.4045206231072332,0.4068,0.061667959220332,0.06195,-0.8994336148077322,-0.9050525595873613,-2.781427670906986,-2.7859907824618784,0.044601769889644594,0.0464904687221821,0.04031059302551478,0.009510700379644379,0.04031158612360877,0.009509823806902577,0.4511317825806456,0.6497813462711977,0.668841017828001,0.00950449548812886,0.0464904687221816,0.4068,114402.0,0.06195,81556.6,0,2.5,0
2700,2023-01-22 13:58:59.999,0.4045538547131571,0.40685,0.0616809538023282,0.061955,-0.8993107118394708,-0.9049704123763107,-2.781346963913681,-2.7857800861253508,0.044511677359031276,0.0465473954522877,0.04031191092993938,0.009511170049272077,0.040312882873107414,0.00951028396956954,0.4415004325169389,0.6555959456140247,0.6497813462711977,0.00950502479429957,0.0465473954522877,0.40685,113664.0,0.0619549999999999,97236.5,0,2.5,0
2701,2023-01-22 13:59:59.999,0.4044925532078626,0.4068,0.06169009552054,0.06196,-0.8994336148077322,-0.9051219525223682,-2.7812662634334693,-2.7856318873659385,0.04423898790180503,0.04635852157018472,0.040313094036209286,0.009511604228184844,0.040314002597622293,0.009510691018977262,0.41269191653382187,0.635584428130597,0.6555959456140247,0.009505287617089079,0.0463585215701847,0.4068,112324.0,0.06196,48038.0,0,2.5,0
2702,2023-01-22 14:00:59.999,0.4042744286741617,0.40685,0.0616916683991803,0.061985,-0.8993107118394708,-0.9056613527300323,-2.7808628586920268,-2.7856063912376547,0.04367874515543613,0.04615164980388142,0.04031406534591248,0.0095119861474957,0.040314844026729316,0.00951102311892005,0.35368446555608557,0.6137082589744782,0.635584428130597,0.009505609331984582,0.0461516498038814,0.40685,138968.0,0.061985,36432.7,0,2.5,0
2703,2023-01-22 14:01:59.999,0.404095061867424,0.4068,0.0617166700140517,0.062015,-0.8994336148077322,-0.9061051270480392,-2.7803789877148444,-2.7852012060526836,0.04290374062841951,0.04563319267705146,0.04031491892066401,0.00951229797572387,0.04031551804626173,0.009511278724212802,0.2721214105069755,0.5590945289939511,0.6137082589744782,0.009506005998660588,0.0456331926770514,0.4068,135321.0,0.062015,56764.6,0,2.5,0
2704,2023-01-22 14:02:59.999,0.4040345590788108,0.40670002,0.061758216410009,0.06202,-0.8996794168926624,-0.9062548624052346,-2.780298365309834,-2.7845282530542494,0.04220388061071689,0.04532148350308429,0.040315959764278396,0.00951259972874559,0.04031639668185452,0.009511542275885068,0.19844141718717612,0.5261993441897892,0.5590945289939511,0.009506360307274508,0.0453214343267882,0.4066999999999999,77855.0,0.06202,139513.9,0,2.5,0
2705,2023-01-22 14:03:59.999,0.4041288276151286,0.4063,0.0617717629884084,0.061985,-0.900663475988456,-0.9060215716170167,-2.7808628586920268,-2.784308928506157,0.04225787827914662,0.0447988856548962,0.04031720329122971,0.009512834543879082,0.04031765241758655,0.009511779519291429,0.20398137463394497,0.4711195535877556,0.5261993441897892,0.009506678052858418,0.0447988856548962,0.4063,68566.0,0.061985,260320.5,0,2.5,0
2706,2023-01-22 14:04:59.999,0.4041628279858584,0.40615,0.0617267601705282,0.06196,-0.9010327294851742,-0.9059374426506609,-2.7812662634334693,-2.7850377278265217,0.042937785077871715,0.044759406892742715,0.04031862502114178,0.009513039376587354,0.04031923116788021,0.009512021954575742,0.2752888841611491,0.4668099958179709,0.4711195535877556,0.009506979528087805,0.0447594068927426,0.40615,21069.0,0.06196,109932.5,0,2.5,0
2707,2023-01-22 14:05:59.999,0.4042009217795801,0.40625,0.0616900044100226,0.061979998,-0.9007865453381898,-0.905843193511555,-2.780943558891009,-2.7856333642737616,0.0435189542531258,0.04474178698910514,0.04032002455338473,0.009513245257040266,0.04032076487500003,0.009512268833391301,0.33621730358366564,0.4648006349303448,0.4668099958179709,0.009507229080349656,0.0447417606103188,0.40625,138600.0,0.06198,307751.5,0,2.5,0
2708,2023-01-22 14:06:59.999,0.4041752280623365,0.40625,0.0617081696249944,0.061979998,-0.9007865453381898,-0.9059067622283145,-2.780943558891009,-2.785338948003098,0.043214706541959136,0.04474178698910514,0.040321552285677735,0.009513425288066358,0.04032222184232117,0.009512426186342685,0.304074338446989,0.4646312521077077,0.4648006349303448,0.009507585218827493,0.0447417606103188,0.40625,149602.0,0.06198,69351.9,0,2.5,0
2709,2023-01-22 14:07:59.999,0.404019463333533,0.40635,0.0617083007352512,0.061975,-0.9005404217829233,-0.9062922256132896,-2.781024201060883,-2.7853368233230387,0.042827506276548966,0.045053833790761444,0.04032315734176819,0.009513638635353311,0.0403237369180086,0.009512613984942188,0.26320518865830794,0.4972520641485949,0.4646312521077077,0.009507984440979226,0.0450538337907615,0.40635,141151.0,0.061975,74514.3,0,2.5,0
2710,2023-01-22 14:08:59.999,0.4039465205326076,0.4062,0.0617104193881131,0.061985,-0.9009096298358528,-0.9064727847026081,-2.7808628586920268,-2.785302490559581,0.0426188808885658,0.04455273180749941,0.040324518737222585,0.009513822985531809,0.040325049716660524,0.009512786057861027,0.24113137391644981,0.4444283940017491,0.4972520641485949,0.009508336969508844,0.0445527318074994,0.4062,140126.0,0.061985,117376.3,0,2.5,0
2711,2023-01-22 14:09:59.999,0.4039158897478774,0.40605,0.0617332610170586,0.061979998,-0.9012789742537172,-0.9065486163896752,-2.780943558891009,-2.78493241686879,0.042240521886838245,0.04424935807357777,0.04032606166605618,0.009513918883121501,0.040326504725584245,0.009512862498810837,0.2012030723132247,0.41237438070676147,0.4444283940017491,0.009508639421500407,0.0442493316947913,0.40605,104451.0,0.06198,28407.3,0,2.5,0
2712,2023-01-22 14:10:59.999,0.4040026603313489,0.4063,0.0617238553005669,0.062,-0.900663475988456,-0.9063338160640815,-2.7806208939370456,-2.785084789073657,0.04257988322585837,0.04460108465096502,0.04032791469878107,0.009513971772139097,0.04032843586715113,0.009512932482385966,0.23667227354719425,0.4491467974182544,0.41237438070676147,0.009508995135618203,0.044601084650965,0.4063,158434.0,0.062,241999.3,0,2.5,0
2713,2023-01-22 14:11:59.999,0.4042380571132842,0.4064,0.061725224624978,0.06201,-0.900417382717865,-0.9057513242803581,-2.7804596166203503,-2.78506260463272,0.043144239704341114,0.04471533716997156,0.040329992215084744,0.009513949706024826,0.04033064351049998,0.009512945061255515,0.29576499976862003,0.4609384209914144,0.4491467974182544,0.009509462760960619,0.0447153371699715,0.4064,61611.0,0.0620099999999999,98896.9,0,2.5,0
2714,2023-01-22 14:12:59.999,0.4042922650160524,0.4062,0.0617209695415923,0.062,-0.9009096298358528,-0.9056172343115202,-2.7806208939370456,-2.785131542900378,0.0433346852302231,0.04435493080356823,0.040331984190163955,0.009513891348336832,0.04033267909899063,0.00951290004220025,0.31557213025630965,0.42284975370330896,0.4609384209914144,0.009509938847569318,0.0443549308035682,0.4062,169828.0,0.062,102494.7,0,2.5,0
2715,2023-01-22 14:13:59.999,0.4041402692315891,0.406,0.0617127251508669,0.062,-0.9014021193804044,-0.9059932602130402,-2.7806208939370456,-2.785265127020309,0.043067861485164616,0.043862441259016616,0.04033420654272884,0.009513594465488112,0.04033483918677939,0.009512584427786224,0.287305970226354,0.3708624252470441,0.42284975370330896,0.009510385731921471,0.0438624412590167,0.406,92939.0,0.062,86244.7,0,2.5,0
2716,2023-01-22 14:14:59.999,0.4039736419559191,0.4059,0.0617326859096948,0.06201,-0.9016484551372851,-0.906405645832752,-2.7804596166203503,-2.7849417329171113,0.04239110811369973,0.04348426475055145,0.04033626771516131,0.00951331213648807,0.04033674326258055,0.009512262601981068,0.21597015737258204,0.33090442006166054,0.3708624252470441,0.00951077404396296,0.0434842647505515,0.4059,35463.0,0.0620099999999999,80188.7,0,2.5,0
2717,2023-01-22 14:15:59.999,0.4039055463668538,0.4058,0.0617620466072743,0.062005,-0.9018948515904227,-0.9065742244772099,-2.7805402520274014,-2.784466235743519,0.041833820715728054,0.04330378601534102,0.040338080255965275,0.009513131424665642,0.04033842641205408,0.009512057768612265,0.15721038917661434,0.311748637434595,0.33090442006166054,0.009511087020243237,0.0433037860153411,0.4058,87485.0,0.062005,115944.0,0,2.5,0
2718,2023-01-22 14:16:59.999,0.4039050072330938,0.40595,0.0617557844258554,0.062005,-0.9015252796736817,-0.906575559279677,-2.7805402520274014,-2.784567632948633,0.04191537595635386,0.043673357932082046,0.04034055373016154,0.009512609145190113,0.04034091818797829,0.009511538504513882,0.1655313457048388,0.350356474343917,0.311748637434595,0.009511343669288071,0.0436733579320822,0.40595,253357.0,0.062005,57343.1,0,2.5,0
2719,2023-01-22 14:17:59.999,0.4040672315830578,0.40595,0.06174278717721,0.06199,-0.9015252796736817,-0.9061740000568463,-2.780782197268309,-2.7847781171433033,0.042489001499424583,0.043871142983676004,0.040343922544637666,0.00951128182240472,0.0403444189757774,0.009510237144086248,0.22550252860736983,0.37084596008180915,0.350356474343917,0.009511343669288071,0.0438711429836762,0.40595,81722.0,0.06199,228466.7,0,2.0,0
2720,2023-01-22 14:18:59.999,0.4041104421555195,0.4057,0.0617061874156879,0.061979998,-0.9021413087697355,-0.9060670667081361,-2.780943558891009,-2.7853710708347394,0.04308066178888259,0.04338702355755941,0.04034761812656421,0.00950936172746454,0.040348250629147486,0.009508352179372098,0.28736957868082924,0.3196224434513745,0.37084596008180915,0.009511343669288071,0.0433869971787732,0.4057,91604.0,0.06198,81282.8,0,2.0,0
2721,2023-01-22 14:19:59.999,0.4040895307544056,0.40585,0.0616842444475536,0.06201,-0.9017716457749524,-0.9061188147947965,-2.7804596166203503,-2.785726738094093,0.04331966406779064,0.043361074112884146,0.04035199556147955,0.009506394908235143,0.04035268236280015,0.009505402010471058,0.31213637274068917,0.31653203769158667,0.3196224434513745,0.009511343669288071,0.0433610741128842,0.40585,147293.0,0.06201,34285.5,0,2.0,0
2722,2023-01-22 14:20:59.999,0.4040875139947851,0.40595,0.0617173091209985,0.06204,-0.9015252796736817,-0.9061238056804783,-2.779975940673799,-2.78519085060678,0.04287659664078447,0.043212045488949746,0.04035642378613643,0.00950327011082818,0.040357007024473535,0.009502247711470376,0.26515722309254075,0.3004883234413779,0.31653203769158667,0.009511343669288071,0.0432120454889499,0.40595,192525.0,0.06204,74751.7,0,2.0,0
2723,2023-01-22 14:21:59.999,0.4040183551141377,0.4061,0.0617773878406467,0.062065,-0.9011558442898849,-0.906294968602219,-2.7795730560142258,-2.784217874019672,0.04191004620177341,0.043252131293968765,0.040360841733810444,0.009500178448811736,0.04036120026296295,0.009499108311421796,0.16305171896483342,0.3043405527314024,0.3004883234413779,0.009511343669288071,0.0432521312939688,0.4061,230544.0,0.062065,240380.2,0,2.0,0
2724,2023-01-22 14:22:59.999,0.4040053210562937,0.4063,0.0618503286987096,0.06207,-0.900663475988456,-0.9063272301763028,-2.779492498556576,-2.783037865708132,0.04091315311064103,0.04367864559943646,0.04036487712052365,0.009497884140365013,0.040365004006890255,0.009496788700935897,0.057719416637832234,0.34889544133620715,0.3043405527314024,0.009511343669288071,0.0436786455994364,0.4063,80252.0,0.06207,212159.0,0,2.0,0
2725,2023-01-22 14:23:59.999,0.4040431952029281,0.4065,0.0618968679510231,0.062075,-0.9001713499942718,-0.9062334879172677,-2.779411947587907,-2.7822856991012492,0.040392015281142446,0.04410492290226231,0.040368784153624465,0.009495950107449674,0.04036878952995576,0.009494851236499504,0.002446141662272818,0.39344549058938355,0.34889544133620715,0.009511343669288071,0.0441049229022623,0.4065,95866.0,0.062075,372343.7,0,2.0,0
2726,2023-01-22 14:24:59.999,0.4041042221493634,0.40675,0.0618925710901318,0.062085,-0.8995565328829899,-0.9060824586737386,-2.7792508651133314,-2.7823551211929285,0.04059979559748861,0.044588058541218945,0.04037269194439902,0.00949421188278691,0.04037274450252285,0.009493113834937818,0.023917452051415718,0.44399331391186053,0.39344549058938355,0.009511343669288071,0.044588058541219,0.40675,297103.0,0.062085,86858.4,0,2.0,0
2727,2023-01-22 14:25:59.999,0.4041902189760498,0.40675,0.0618589530869589,0.062065,-0.8995565328829899,-0.905869672781283,-2.7795730560142258,-2.7828984357779154,0.04125672952451753,0.04485144270086383,0.04037675288249985,0.009492374654444372,0.040376956533655146,0.009491285629165796,0.09269271047527317,0.4713983572349737,0.44399331391186053,0.009511343669288071,0.0448514427008637,0.4067499999999999,187792.0,0.0620649999999999,107378.6,0,2.0,0
2728,2023-01-22 14:26:59.999,0.4041826611194524,0.407,0.061799155698811,0.062095,-0.8989420935395421,-0.905888371717835,-2.779089808582141,-2.783865576443353,0.04202864736428524,0.045070837620503235,0.04038081851579451,0.009490622846226014,0.0403811998693813,0.009489557687934646,0.17360635227483392,0.4941740052997397,0.4713983572349737,0.009511343669288071,0.0450708376205033,0.407,256116.0,0.062095,141335.8,0,2.0,0
2729,2023-01-22 14:27:59.999,0.4043114242324466,0.4066,0.0617942686195433,0.062105,-0.8999253777878907,-0.90556984591433,-2.77892877798598,-2.7839446596032733,0.04241182195693893,0.04395591430932211,0.04038446529910891,0.009488968969616823,0.040384934486023476,0.009487921015862768,0.21362819816129613,0.3763790377699397,0.4941740052997397,0.009511343669288071,0.043955914309322,0.4065999999999999,395774.0,0.062105,281860.4,0,2.0,0
2730,2023-01-22 14:28:59.999,0.4042847970150817,0.4068,0.0617974143768238,0.062115,-0.8994336148077322,-0.9056357062700301,-2.778767773316497,-2.7838937539564705,0.04230434732545707,0.04431605942115113,0.04038817106100577,0.009487377526868103,0.04038861451767423,0.009486324418798923,0.2019467944809535,0.4140120227135101,0.3763790377699397,0.009511343669288071,0.0443160594211511,0.4068,96741.0,0.062115,295332.2,0,2.0,0
2731,2023-01-22 14:29:59.999,0.4044929126303692,0.4069,0.0618334830306954,0.062145,-0.8991878239744928,-0.9051210639464375,-2.7782849147846624,-2.783310264624091,0.04234199961908902,0.04416712374820597,0.040391821750712216,0.009485796520298219,0.04039227307630082,0.009484745206116406,0.20556446171383563,0.3979952542114056,0.4140120227135101,0.009511343669288071,0.0441671237482057,0.4069,454979.0,0.062145,333847.5,0,2.0,0
2732,2023-01-22 14:30:59.999,0.4045919185550033,0.407,0.0618925568680023,0.06215,-0.8989420935395421,-0.9048763283604712,-2.778204461025417,-2.7823553509802985,0.04180611375700882,0.04434708495841966,0.04039546727426017,0.00948428954786856,0.040395793737227716,0.009483216295116122,0.14871747895357243,0.4166487815682043,0.3979952542114056,0.009511343669288071,0.0443470849584197,0.407,292180.0,0.06215,150766.8,0,2.0,0
2733,2023-01-22 14:31:59.999,0.4045477145786691,0.4068,0.0619042327919239,0.06213,-0.8994336148077322,-0.9049855900368693,-2.7785263149065345,-2.7821667204998426,0.04154265070359986,0.044118672343426146,0.04039909368191401,0.00948271728986039,0.04039935833292574,0.00948163589942191,0.12057965342708701,0.39224818665525135,0.4166487815682043,0.009511343669288071,0.0441186723434261,0.4068,49869.0,0.06213,69494.3,0,2.0,0
2734,2023-01-22 14:32:59.999,0.4042803591455208,0.4066,0.0618730352174243,0.062125,-0.8999253777878907,-0.9056466834177024,-2.778606794565344,-2.782670812659283,0.041293641864661446,0.04369269976034362,0.04040281373678125,0.009480856211322098,0.040403019899273244,0.009479768764934664,0.09394975631500432,0.3470030501710985,0.39224818665525135,0.009511343669288071,0.0436926997603435,0.4065999999999999,171693.0,0.062125,55765.1,0,2.0,0
2735,2023-01-22 14:33:59.999,0.4040062645403736,0.40665,0.0618691521316148,0.06213,-0.8998024143693528,-0.9063248948531548,-2.7785263149065345,-2.7827335735639345,0.040666736124324476,0.04374987278180553,0.04040663038604189,0.009478883922054968,0.04040669058176933,0.009477787845245408,0.027437366904725615,0.35270422375199256,0.3470030501710985,0.009511343669288071,0.0437498727818055,0.4066499999999999,132789.0,0.06213,126262.1,0,2.0,0
2736,2023-01-22 14:34:59.999,0.4039832015961992,0.4066,0.0618847542521762,0.06216,-0.8999253777878907,-0.9063819820928954,-2.778043572922745,-2.7824814260382524,0.040403523683735565,0.04323227813261321,0.04041016683945404,0.009477087387625918,0.0404101653020424,0.009475990693445102,-0.000700889070251221,0.29778255467433573,0.35270422375199256,0.009511343669288071,0.0432322781326131,0.4065999999999999,180840.0,0.06216,581588.5,0,2.0,0
2737,2023-01-22 14:35:59.999,0.4040978374078918,0.4064,0.0619232055571894,0.06216,-0.900417382717865,-0.9060982585381321,-2.778043572922745,-2.781860281706197,0.040179475052932956,0.042740273202638956,0.040413719771301995,0.009475082975088566,0.04041366556053635,0.009473987182347515,-0.0247193186032328,0.24554438599153422,0.29778255467433573,0.009511343669288071,0.0427402732026389,0.4064,148900.0,0.06216,172461.3,0,2.0,0
2738,2023-01-22 14:36:59.999,0.4042060834861334,0.4063,0.0619151024988765,0.062195,-0.900663475988456,-0.9058304234427165,-2.777480668320209,-2.781991146839154,0.04055428959120355,0.042034017477777574,0.04041731394397412,0.009472751745544666,0.040417345643961905,0.00947165578171221,0.014458290123471008,0.1706688380769446,0.24554438599153422,0.009511343669288071,0.0420340174777775,0.4063,81825.0,0.062195,633573.4,0,2.0,0
2739,2023-01-22 14:37:59.999,0.4042618139425755,0.4061,0.061935498810422,0.0622,-0.9011558442898849,-0.9056925566041998,-2.7774002792370034,-2.7816617772355468,0.04042290383438729,0.04147593282288875,0.040421382469150745,0.00946943053194951,0.04042138282123712,0.009468334723314518,0.00016064209754092085,0.11136365066304584,0.1706688380769446,0.009511343669288071,0.0414759328228888,0.4061,78844.0,0.0622,158678.6,0,2.0,0
2740,2023-01-22 14:38:59.999,0.4041245145450493,0.40615,0.0619299948462849,0.0622,-0.9010327294851742,-0.9060322441867529,-2.7774002792370034,-2.7817506472505644,0.040155865585375206,0.04159904762759947,0.040425635322513705,0.009465832165026743,0.04042557289026721,0.009464737662303987,-0.028496014841086156,0.12396293158684508,0.11136365066304584,0.009511343669288071,0.0415990476275993,0.40615,178788.0,0.0622,229125.5,0,2.0,0
2741,2023-01-22 14:39:59.999,0.4039855877622847,0.4062,0.061927898859942,0.06221,-0.9009096298358528,-0.906376075513045,-2.7772395204552085,-2.7817844922689217,0.03983970183657659,0.041590730416509736,0.04042945769749974,0.009462967465245005,0.040429321211533316,0.009461876657072729,-0.06231526750203259,0.12271760663608378,0.12396293158684508,0.009511343669288071,0.0415907304165097,0.4062,188502.0,0.06221,465073.3,0,2.0,0
2742,2023-01-22 14:40:59.999,0.4038915388730543,0.4063,0.061945928964683,0.062225,-0.900663475988456,-0.9066089052010124,-2.776998430728481,-2.7814933879221044,0.0393689005809994,0.0416397985768282,0.04043294005527676,0.009460643897623933,0.040432693806844854,0.009459562951934793,-0.11245691066814804,0.12756621373884974,0.12271760663608378,0.009511343669288071,0.0416397985768282,0.4063,40412.0,0.062225,301769.6,0,2.0,0
2743,2023-01-22 14:41:59.999,0.4039617760212217,0.40635,0.0619727110123979,0.06223,-0.9005404217829233,-0.906435019306013,-2.7769180804010105,-2.7810611357905954,0.03918942961801164,0.04169716811088431,0.040436210525930515,0.00945863810899532,0.040435921986030514,0.009457562563817455,-0.1317984797465341,0.13331280575737456,0.12756621373884974,0.009511343669288071,0.0416971681108844,0.40635,71838.0,0.0622299999999999,218920.1,0,2.0,0
2744,2023-01-22 14:42:59.999,0.4041228971437695,0.4061,0.0619782954204553,0.06219,-0.9011558442898849,-0.90603624642977,-2.7775610638663393,-2.7809710290908294,0.03951454219742323,0.04160737081311072,0.04043925368662612,0.009456899433815327,0.04043903968257863,0.009455815536879696,-0.09777025382418482,0.12352009605893993,0.13331280575737456,0.009511343669288071,0.0416073708131108,0.4061,129129.0,0.0621899999999999,561353.2,0,2.0,0
2745,2023-01-22 14:43:59.999,0.4041716737731045,0.4059,0.0619236566653612,0.06217,-0.9016484551372851,-0.9059155561983885,-2.777882710700891,-2.781852996771178,0.04035622211435319,0.041377699362775355,0.04044239082598715,0.009454962148524464,0.040442370884142285,0.009453868105012388,-0.009112541959774026,0.0989225046167076,0.12352009605893993,0.009511343669288071,0.0413776993627754,0.4059,54805.0,0.06217,86967.1,0,2.0,0
2746,2023-01-22 14:44:59.999,0.4041183943784783,0.40585,0.0618861729095991,0.06227,-0.9017716457749524,-0.9060473885610579,-2.7762755100977765,-2.782458502118145,0.04071937740195175,0.0399406566608288,0.0404452723778448,0.009452911665041091,0.04044533581339771,0.009451818687562197,0.028993529987478207,-0.053382040888224944,0.0989225046167076,0.009511343669288071,0.0399406566608289,0.40585,41163.0,0.06227,1735697.3,3,2.0,0
2747,2023-01-22 14:45:59.999,0.4040132732792525,0.40595,0.061998661954417,0.06234,-0.9015252796736817,-0.9063075469090741,-2.775152004642946,-2.7806424755502976,0.038974656236868355,0.03926858112003129,0.040448072516539306,0.00945077082324334,0.04044773152688884,0.009449703751665232,-0.155885869941785,-0.12480372432766682,-0.053382040888224944,0.009511343669288071,0.0392685811200315,0.40595,185041.0,0.06234,538596.6,0,2.0,3
2748,2023-01-22 14:46:59.999,0.4039595446064931,0.40605,0.0620855916102201,0.062315,-0.9012789742537172,-0.9064405431476833,-2.775553111703797,-2.7792413361224098,0.037696258530573235,0.03984278296989674,0.040450669716074104,0.009449062279842083,0.04045003226844959,0.009448061725310843,-0.2914644101550637,-0.06433302355030347,-0.12480372432766682,0.009511343669288071,0.0398427829698966,0.40605,78515.0,0.0623149999999999,290389.8,0,2.0,0
2749,2023-01-22 14:47:59.999,0.4039711709261862,0.406,0.0620779205490923,0.062265,-0.9014021193804044,-0.9064117626607668,-2.776355808809025,-2.7793648999779124,0.03782604982243054,0.04037582553169805,0.04045331624669457,0.009447439705670229,0.04045270822391645,0.009446430975063548,-0.2780582855492935,-0.008202297914641457,-0.06433302355030347,0.009511343669288071,0.0403758255316981,0.406,140891.0,0.062265,331169.0,0,2.0,0
2750,2023-01-22 14:48:59.999,0.403990439966124,0.406,0.0620329826196782,0.06222,-0.9014021193804044,-0.9063640647511589,-2.777078787512646,-2.7800890576502932,0.03846573111661267,0.04096684513456583,0.04045603387740906,0.009445898334111436,0.040455573265800446,0.0094448537695696,-0.21068003779993466,0.054077573046928874,-0.008202297914641457,0.009511343669288071,0.0409668451345659,0.406,111624.0,0.06222,220291.7,4,2.0,0
2751,2023-01-22 14:49:59.999,0.4040919368884082,0.406,0.061968160819824,0.062265,-0.9014021193804044,-0.906112860354862,-2.776355808809025,-2.7811345610055174,0.03957161210947757,0.04037582553169805,0.040458856702817125,0.009444051635750659,0.040458651369655055,0.009442968408092445,-0.09393648499525924,-0.008791901433994524,0.054077573046928874,0.009511343669288071,0.0403758255316981,0.406,77036.0,0.062265,871264.0,3,2.0,4
2752,2023-01-22 14:50:59.999,0.4040902595833773,0.4059,0.0619920308865128,0.06229,-0.9016484551372851,-0.9061170111640193,-2.775954379716083,-2.7807494362867624,0.039252630092715846,0.03980133009058029,0.040461596264472544,0.009442143753857088,0.0404613164759579,0.00944106901272084,-0.1280243139429952,-0.06992757059248729,-0.008791901433994524,0.009511343669288071,0.0398013300905804,0.4059,68210.0,0.06229,232041.1,0,2.0,3
2753,2023-01-22 14:51:59.999,0.4041241451385841,0.40635,0.0620066352357978,0.062315,-0.9005404217829233,-0.9060331582778826,-2.775553111703797,-2.780513879731047,0.039143920540547605,0.04058133544069065,0.04046413789271136,0.009440697761153064,0.04046383235756853,0.00943962663847387,-0.1398266973442836,0.012414076898164799,-0.06992757059248729,0.009511343669288071,0.0405813354406907,0.40635,74231.0,0.062315,173373.9,4,2.0,0
2754,2023-01-22 14:52:59.999,0.4042271995583969,0.40655,0.0620438025491773,0.06234,-0.9000483563282905,-0.90577818395008,-2.775152004642946,-2.779914650656885,0.03890903793665257,0.040745504465422466,0.04046665571278371,0.009439321927629724,0.040466295236556885,0.009438259341429606,-0.16499412058626897,0.029541184713971914,0.012414076898164799,0.009511343669288071,0.0407455044654223,0.4065499999999999,70036.0,0.06234,258028.3,0,2.0,4
2755,2023-01-22 14:53:59.999,0.4041983159664071,0.40705,0.0620999346278745,0.062395,-0.8988192509621502,-0.9058496403587347,-2.7742701350223196,-2.77901034273449,0.03809832917313927,0.04125370030773601,0.040469257377557195,0.009437989527845587,0.0404687086785976,0.009436966268977103,-0.2511802456315514,0.08311546944022487,0.029541184713971914,0.009511343669288071,0.041253700307736,0.40705,266022.0,0.062395,2063965.9,0,2.0,0
2756,2023-01-22 14:54:59.999,0.4043072659137242,0.40735,0.0621936651282532,0.06241,-0.8980825122254863,-0.905580130907178,-2.7740297600361856,-2.7775021312363917,0.03713490803326547,0.04179393764244632,0.04047190050863889,0.009436761193103868,0.040471128235443944,0.00943580569235977,-0.3535702526049084,0.14009437207900713,0.08311546944022487,0.009511343669288071,0.0417939376424463,0.40735,255829.0,0.06241,647722.1,0,2.0,0
2757,2023-01-22 14:55:59.999,0.4043728555292019,0.40735,0.0622506300904124,0.062374998,-0.8980825122254863,-0.9054179169145686,-2.774590756974583,-2.776586621754211,0.03654871263584614,0.04225254062214856,0.040474561890188956,0.009435641693446697,0.04047365333910024,0.009434738779672155,-0.4160094725368209,0.18843220098050742,0.14009437207900713,0.009511343669288071,0.04225251441041,0.40735,150007.0,0.062375,110296.5,0,2.0,0
2758,2023-01-22 14:56:59.999,0.4043613540089902,0.4073,0.062207754814225,0.06244,-0.8982052643277701,-0.9054463601783179,-2.7735491833349055,-2.7772756115384887,0.03708350376149816,0.04127832438157519,0.04047722724305508,0.009434241991110448,0.040476441840721925,0.0094332915011268,-0.3596770097498292,0.08491377889977363,0.18843220098050742,0.009511343669288071,0.0412783243815755,0.4073,103022.0,0.0624399999999999,3129864.7,0,2.0,0
2759,2023-01-22 14:57:59.999,0.4043432081643855,0.4078,0.0622338164221897,0.062415,-0.8969784208417823,-0.9054912365038797,-2.773949647879123,-2.776856754590818,0.03669622085379076,0.04283253905387985,0.040480319934911434,0.009432823606958553,0.04047944418876907,0.009431907670950524,-0.40110902979153606,0.24936532442239165,0.08491377889977363,0.009511343669288071,0.0428325390538799,0.4078,554739.0,0.062415,1126385.1,0,2.0,0
2760,2023-01-22 14:58:59.999,0.404501019604685,0.40765,0.0621680732950054,0.062405,-0.8973463158732172,-0.9051010218324165,-2.77410987861172,-2.7779137020930476,0.03795046746684738,0.04259562921394877,0.04048309998007516,0.009431676786722496,0.0404825138582253,0.009430664031433307,-0.2684907852658483,0.223982360893403,0.24936532442239165,0.009511343669288071,0.0425956292139486,0.4076499999999999,251471.0,0.062405,217913.7,0,2.0,0
2761,2023-01-22 14:59:59.999,0.4044926530474477,0.4079,0.0621282362212438,0.06241,-0.8967332326586244,-0.9051217056956417,-2.7740297600361856,-2.7785547038296348,0.038453788792015886,0.04314321720930825,0.04048597495141604,0.009430594227153647,0.04048550464682002,0.009429553579307595,-0.2154625707056347,0.2817682739695422,0.223982360893403,0.009511343669288071,0.0431432172093084,0.4079,143015.0,0.06241,306343.5,0,2.0,0
2762,2023-01-22 15:00:59.999,0.4046747953946532,0.40794998,0.0621351797315566,0.06239,-0.8966107101329449,-0.9046715087663596,-2.7743502728594422,-2.7784429491306866,0.038812628648869585,0.043527752102110795,0.04048933733309639,0.00942908858242381,0.04048894929590958,0.009428031939067166,-0.1778017573417186,0.32223843719934164,0.2817682739695422,0.009511343669288071,0.0435278011277278,0.40795,285322.0,0.06239,554766.2,0,2.0,0
2763,2023-01-22 15:01:59.999,0.404808919893371,0.40785,0.0621331757446142,0.062374998,-0.8968558192355477,-0.9043401259419442,-2.774590756974583,-2.7784752017011,0.03917037725869721,0.043479233612087165,0.04049248925888722,0.009427811603408652,0.040492183285269955,0.009426742062558974,-0.1402187540298445,0.31680144649051767,0.32223843719934164,0.009510562484193156,0.0434792074003487,0.40785,204821.0,0.062375,439591.6,0,2.0,0
2764,2023-01-22 15:02:59.999,0.4048402245953011,0.40805,0.0621337846295357,0.06244,-0.8963655630668851,-0.9042627968861209,-2.7735491833349055,-2.7784654020742376,0.039239695329483903,0.043118025642460256,0.04049543166895275,0.009426646921591028,0.040495141056515936,0.009425575418052341,-0.13319565876344686,0.27821069308331137,0.31680144649051767,0.009508823420550636,0.0431180256424608,0.40805,232761.0,0.0624399999999999,1481208.3,0,2.0,0
2765,2023-01-22 15:03:59.999,0.4048279493183044,0.4079,0.0622038126176894,0.06244,-0.8967332326586244,-0.9042931186337038,-2.7735491833349055,-2.777338985011202,0.03828855176249579,0.04275035605072097,0.04049827499305797,0.009425474102465668,0.04049776360142859,0.009424443319077401,-0.23441297954021365,0.2389355732327424,0.27821069308331137,0.009506139552696318,0.0427503560507216,0.4079,105138.0,0.0624399999999999,200395.9,0,2.0,0
2766,2023-01-22 15:04:59.999,0.4046049775727436,0.40805,0.0621987646505812,0.06242,-0.8963655630668851,-0.9048440518705244,-2.7738695421395034,-2.777420140357366,0.037803961282688925,0.04337991210262915,0.040501576980838006,0.009423984291238955,0.040500952677274445,0.00942298308433463,-0.2862141819047909,0.30542656193378825,0.2389355732327424,0.009503036286220547,0.0433799121026292,0.40805,222867.0,0.06242,439845.2,0,2.0,0
2767,2023-01-22 15:05:59.999,0.4044731443925055,0.40815,0.062178004785849,0.06249,-0.896120525084772,-0.9051699367951708,-2.7727487350411466,-2.7777539625818704,0.037750968875577384,0.042708714291287975,0.040504649768554286,0.009422539204648415,0.04050401248993985,0.0094215419314814,-0.2922073302209028,0.2339140729333722,0.30542656193378825,0.009499893161433941,0.042708714291288,0.40815,415162.0,0.06249,270541.0,0,2.0,0
2768,2023-01-22 15:06:59.999,0.404468656603152,0.4083,0.0622612215769556,0.062515,-0.895753080656607,-0.9051810322518477,-2.772348751035174,-2.776416493586861,0.03664652116617173,0.04274918036285791,0.040507633937205065,0.009421208072184146,0.040506740367945396,0.009420300927535983,-0.4097766336200644,0.23792558326685795,0.2339140729333722,0.009497368603557372,0.0427491803628579,0.4083,439247.0,0.062515,431494.3,0,2.0,0
2769,2023-01-22 15:07:59.999,0.4046311205681204,0.40835,0.062294803580363,0.062515,-0.8956306291778524,-0.9047794403302188,-2.772348751035174,-2.7758772662924978,0.03660730632575648,0.04287163184161247,0.04051069410638027,0.00941982831143654,0.040509790753503486,0.009418925384906573,-0.4143237437681126,0.2506349008894142,0.23792558326685795,0.009495335602608602,0.0428716318416124,0.40835,118448.0,0.062515,201826.0,0,2.0,0
2770,2023-01-22 15:08:59.999,0.4047988760311028,0.4082,0.0622924880398952,0.062405,-0.8959980286063927,-0.9043649376157429,-2.77410987861172,-2.7759144376674905,0.03705219584301933,0.04394391648077334,0.04051412764236934,0.009418375688046038,0.04051332645472775,0.009417433016390002,-0.3675237833584486,0.3641592724695768,0.2506349008894142,0.00949354818532824,0.0439439164807733,0.4082,178481.0,0.062405,1241544.0,0,2.0,0
2771,2023-01-22 15:09:59.999,0.4048332158564222,0.40815,0.0621546156049157,0.062344998,-0.896120525084772,-0.904280109393927,-2.7750718346131453,-2.7781301982171476,0.03894836084910103,0.044607798426947176,0.04051781480685917,0.009416859545600939,0.04051745159140956,0.00941580008445285,-0.16664444107085308,0.434325647556104,0.3641592724695768,0.009491742680608801,0.0446077722025961,0.40815,213709.0,0.062345,398220.9,0,2.0,0
2772,2023-01-22 15:10:59.999,0.4047673616660438,0.4081,0.0620721988085964,0.06236,-0.896243036570377,-0.9044427925548633,-2.774831234792561,-2.7794570745248164,0.039870370645904485,0.04428860174204152,0.0405216039017361,0.009415082676562665,0.040521453188184654,0.009413998368828008,-0.06916110634096335,0.400102470654109,0.434325647556104,0.009489989673242433,0.0442886017420414,0.4081,153369.0,0.06236,49840.8,0,2.0,0
2773,2023-01-22 15:11:59.999,0.4046232582007882,0.4086,0.0620849840586232,0.06237,-0.8950185965986153,-0.9047988714696447,-2.774670888444106,-2.779251121880326,0.039345929856082096,0.04538196200881206,0.040525688242133574,0.00941336296468992,0.04052541521311574,0.009412290751303239,-0.1253133151321673,0.5158914815985164,0.400102470654109,0.009488330183880737,0.0453819620088118,0.4085999999999999,285406.0,0.0623699999999999,88087.0,0,2.0,0
2774,2023-01-22 15:12:59.999,0.4046798971974554,0.4089,0.0621054585918812,0.062385,-0.8942846516115405,-0.9046589016786415,-2.7744304171191523,-2.7789213938753923,0.03921635406634483,0.04591932683901201,0.04052994587417317,0.00941164182990619,0.04052964187236621,0.009410573921020982,-0.13955448594774997,0.5726292035161901,0.5158914815985164,0.009486723568064884,0.0459193268390121,0.4089,224189.0,0.0623849999999999,178431.4,0,2.0,0
2775,2023-01-22 15:13:59.999,0.4047831662723763,0.40865,0.0621324628603704,0.062325,-0.8948962350199983,-0.9044037471690867,-2.7753926495725154,-2.7784866752548805,0.03911613541598835,0.046094347848644635,0.040534196292943685,0.009410007469049486,0.040533868114078386,0.009408943261770065,-0.15067926956797517,0.5908764232110206,0.5726292035161901,0.009485140009287036,0.0460943478486444,0.4086499999999999,188049.0,0.062325,123568.6,0,2.0,0
2776,2023-01-22 15:14:59.999,0.4048208457318196,0.4087,0.0620693388272316,0.062335,-0.8947738884119054,-0.9043106659617018,-2.7752322131851987,-2.7795031506637105,0.040040163495588144,0.046085541146905884,0.04053818907040384,0.009408702598133936,0.04053807381338583,0.009407616867010722,-0.05292629630184967,0.5895979832120821,0.5908764232110206,0.009483598522866192,0.0460855411469056,0.4086999999999999,86164.0,0.062335,86196.4,0,2.0,0
2777,2023-01-22 15:15:59.999,0.4049380274529339,0.4092,0.0620668321768978,0.06241,-0.8935512449046656,-0.9040212422188748,-2.7740297600361856,-2.779543536158347,0.04036260151515958,0.046325204963266975,0.040542001699750065,0.00940770967884815,0.04054196018154025,0.0094066214083818,-0.019067278100599678,0.6147302011795274,0.5895979832120821,0.009482030998345464,0.0463252049632669,0.4092,247479.0,0.06241,141397.6,0,2.0,0
2778,2023-01-22 15:16:59.999,0.4050693863951425,0.4091,0.0621299762099063,0.06242,-0.8937956540467841,-0.9036969021175019,-2.7738695421395034,-2.7785266978149243,0.03985569805306288,0.04594982112273016,0.04054559577655252,0.009406809108531833,0.04054543611496412,0.00940572640059142,-0.07333171650175434,0.5745014365472868,0.6147302011795274,0.009480235548556475,0.04594982112273,0.4091,179849.0,0.06242,47400.7,0,2.0,0
2779,2023-01-22 15:17:59.999,0.4049880071492702,0.40895,0.0621397961459212,0.062415,-0.894162379801154,-0.9038978242911518,-2.773949647879123,-2.7783686555839107,0.0395255797410724,0.04564858009450812,0.04054881536899004,0.009406174894611326,0.04054857856370702,0.009405099284673426,-0.10877065639293132,0.5421720075011218,0.5745014365472868,0.009478283075167722,0.0456485800945083,0.40895,188678.0,0.062415,121469.8,0,2.0,0
2780,2023-01-22 15:18:59.999,0.4048834401597421,0.4095,0.0621494303053689,0.062475,-0.892818375689013,-0.9041560553732738,-2.772988802261121,-2.778213627513625,0.03914061653243739,0.046207113496758434,0.04055180870226947,0.009405917506631016,0.04055148211301471,0.009404853544350611,-0.15001462531277912,0.6012496697426981,0.5421720075011218,0.009476439981395178,0.0462071134967585,0.4095,152153.0,0.062475,413420.5,0,2.0,0
2781,2023-01-22 15:19:59.999,0.405004860071247,0.4096,0.0622374479540828,0.06248,-0.892574205256839,-0.903856211771681,-2.7729087734507063,-2.7767984032610977,0.03828354462392081,0.046385862090761676,0.040554793801366174,0.009405722245417702,0.04055426817091548,0.009404697264934259,-0.24144568219767645,0.6199490201017039,0.6012496697426981,0.009474488060121912,0.0463858620907615,0.4095999999999999,208874.0,0.06248,630161.3,0,2.0,0
2782,2023-01-22 15:20:59.999,0.405055588564472,0.40875,0.0622575544897386,0.062459998,-0.8946515567706739,-0.903730965579556,-2.773228959147698,-2.77647539373564,0.03814473744835678,0.044570255525336,0.04055709102361349,0.009405490776276941,0.04055653273766689,0.009404473953784376,-0.25645190801337714,0.42668315744296303,0.6199490201017039,0.009472238631871036,0.044570229349268,0.40875,354517.0,0.06246,327318.6,0,2.0,0
2783,2023-01-22 15:21:59.999,0.4049157532414824,0.4081,0.0622211387270176,0.06244,-0.896243036570377,-0.9040762502017677,-2.7735491833349055,-2.7770604860565635,0.03827775326490135,0.04324055213896838,0.04055903847684511,0.00940517521687037,0.040558510523775924,0.00940415086543801,-0.24252665567677992,0.28511044188877527,0.42668315744296303,0.00946916498791394,0.0432405521389687,0.4081,274789.0,0.0624399999999999,662148.2,0,2.0,0
2784,2023-01-22 15:22:59.999,0.4047991455979828,0.40575,0.0621730830401405,0.0622,-0.9020180725874365,-0.9043642716880287,-2.7774002792370034,-2.7778331214504757,0.0386213446620971,0.04061370452533719,0.04056010624190315,0.009404919517620361,0.04055965755836235,0.009403877415311512,-0.20611847758768756,0.005698962477416662,0.28511044188877527,0.00946563692755662,0.0406137045253371,0.40575,1783094.0,0.0622,1717410.0,0,2.0,0
2785,2023-01-22 15:23:59.999,0.4041322021931074,0.4039,0.0618971906155873,0.06191,-0.9065879564127699,-0.9060132213988213,-2.7820735614509964,-2.782280486176365,0.04060802034516475,0.03986412880088075,0.040561018471680116,0.00940466084307056,0.04056102934922547,0.009403572556776159,0.004997142910905468,-0.07410045746762269,0.005698962477416662,0.009462591908380544,0.0398641288008807,0.4039,2464790.0,0.06191,5618446.9,3,2.0,0
2786,2023-01-22 15:24:59.999,0.4032559101540676,0.40375,0.0615867277496228,0.06176,-0.9069594044452708,-0.9081839057815119,-2.7844993732656165,-2.7873088902672234,0.04254794859041933,0.04147572996212412,0.040562491766868485,0.009404305487181124,0.04056295125699197,0.009403265713354743,0.2110965906885112,0.09710852082596179,-0.07410045746762269,0.009460141378219277,0.0414757299621242,0.40375,1769857.0,0.0617599999999999,3045370.5,4,2.0,3
2787,2023-01-22 15:25:59.999,0.4030150371708857,0.4046,0.0614483428735378,0.061815,-0.904856354248492,-0.9087814046524488,-2.7836092255232465,-2.7895584104038855,0.04378938424294121,0.04285110344788112,0.04056457898527627,0.009403812578314005,0.040565325295217884,0.009402852311605012,0.34288095153256715,0.24314866375344144,0.09710852082596179,0.00945806266084679,0.0428511034478815,0.4046,1077834.0,0.0618149999999999,594816.0,0,2.0,4
2788,2023-01-22 15:26:59.999,0.4033698271207469,0.4042,0.0615561155046426,0.06176,-0.9058454740126164,-0.9079014526879086,-2.7844993732656165,-2.7878060729666285,0.043236837890350044,0.04258966039477852,0.04056642297650222,0.009403428457787317,0.04056704098504511,0.009402428028358745,0.2839476034543992,0.2151595481753024,0.24314866375344144,0.009456252293614137,0.0425896603947784,0.4042,791069.0,0.06176,778405.5,0,2.0,0
2789,2023-01-22 15:27:59.999,0.4031087965253191,0.4042,0.0615406831607528,0.061835,-0.9058454740126164,-0.9085487869058024,-2.7832857317881166,-2.788056808065152,0.042794474244359115,0.041597534485033116,0.04056812865794598,0.009402947035819027,0.040568643896452435,0.00940191991019233,0.2367421089700761,0.10947693559963506,0.2151595481753024,0.009454354962979215,0.041597534485033,0.4042,551415.0,0.061835,371077.3,0,2.0,0
2790,2023-01-22 15:28:59.999,0.403092168242409,0.4042,0.0616269683763104,0.06184,-0.9058454740126164,-0.9085900378683767,-2.7832048747029705,-2.7866557059316572,0.0416078523014658,0.041531435550012596,0.04057003137575786,0.00940231010406149,0.04057027155648587,0.009401235316571466,0.11036642633027116,0.10225191081917619,0.10947693559963506,0.009452331041924745,0.0415314355500124,0.4042,382584.0,0.06184,439336.7,0,2.0,0
2791,2023-01-22 15:29:59.999,0.4030772821602602,0.40465,0.0615894286209132,0.0619,-0.9047327830404261,-0.9086269682733754,-2.7822350992915865,-2.7872650364667733,0.042069036556105166,0.04185135589751243,0.04057176969285556,0.0094018526378413,0.040572116202196744,0.009400792237311138,0.15923342587736827,0.13609936827840685,0.10225191081917619,0.009450232485639472,0.0418513558975122,0.4046499999999999,367709.0,0.0619,342390.0,0,2.0,0
2792,2023-01-22 15:30:59.999,0.4032922867069244,0.4043,0.0616138626839272,0.061925,-0.9055981023354119,-0.9080937027334534,-2.781831303606714,-2.786868390190922,0.04227805226230641,0.04065594228008218,0.04057303669280151,0.00940149508662495,0.040573431280991626,0.009400442915713498,0.18133411336027477,0.00881834075503751,0.13609936827840685,0.00944847223189944,0.040655942280082,0.4043,576750.0,0.0619249999999999,392402.4,0,2.0,0
2793,2023-01-22 15:31:59.999,0.4031476740597844,0.40525,0.0616048560759461,0.062045,-0.9032511183663515,-0.908452347284134,-2.779895350755554,-2.787014579148051,0.04203891405248139,0.04142032626447756,0.0405744030991385,0.009401189167021737,0.04057474202784791,0.00940012765124535,0.1557608661239303,0.08998044293231106,0.00881834075503751,0.009446838662625372,0.0414203262644776,0.40525,300579.0,0.062045,881180.0,0,2.0,0
2794,2023-01-22 15:32:59.999,0.4037719809698129,0.40545,0.0617331472400222,0.0621,-0.9027577175915708,-0.906904963896688,-2.779009290042704,-2.784934259913194,0.041885681029144584,0.041189391387318364,0.04057571396338886,0.009400880013643748,0.04057601712632933,0.009399813257366262,0.13932871504536792,0.0652787210387598,0.08998044293231106,0.009445248070943088,0.0411893913873182,0.40545,345793.0,0.0621,576808.8,0,2.0,0
2795,2023-01-22 15:33:59.999,0.4040212454701283,0.40575,0.0618188035707887,0.06214,-0.9020180725874365,-0.9062878146063295,-2.778365375017236,-2.783547695898176,0.041369343939610004,0.04140264965180629,0.04057694342518864,0.009400640769720957,0.04057712680878373,0.009399560649457772,0.08428235748146075,0.08783510048349187,0.0652787210387598,0.009443439748461733,0.0414026496518062,0.40575,210648.0,0.06214,260782.4,0,2.0,0
2796,2023-01-22 15:34:59.999,0.4042145448909766,0.40575,0.0618887853370214,0.062155,-0.9020180725874365,-0.9058094902687066,-2.7781240137384584,-2.782416289582432,0.04092276785061655,0.041205341976744414,0.0405781590576097,0.009400382400426685,0.040578238809702495,0.009399296043705577,0.03665477066708349,0.06671887295842865,0.08783510048349187,0.00944154386156374,0.0412053419767446,0.40575,262648.0,0.062155,326154.6,0,2.0,0
2797,2023-01-22 15:35:59.999,0.4041303701367195,0.40585,0.0619117434096527,0.062155,-0.9017716457749524,-0.9060177547186871,-2.7781240137384584,-2.7820454014589817,0.04041131030472289,0.041451768789228516,0.04057926501326364,0.009400204063880377,0.040579226143856444,0.009399116613351308,-0.017865066052593703,0.09281753566578482,0.06671887295842865,0.009439987232035613,0.0414517687892286,0.40585,123743.0,0.062155,194774.5,0,2.0,0
2798,2023-01-22 15:36:59.999,0.4039442791339205,0.40555,0.0619020421395312,0.062145,-0.9025111084657833,-0.90647833346907,-2.7782849147846624,-2.782202108890199,0.040078836522440486,0.04084383925691548,0.040579910720123624,0.009400126410379609,0.04057979475756919,0.009399041711971036,-0.053298862850099,0.028077126335282893,0.09281753566578482,0.009438601165690673,0.0408438392569152,0.4055499999999999,153403.0,0.062145,79537.5,0,2.0,0
2799,2023-01-22 15:37:59.999,0.4035874374805841,0.4047,0.0618942186349523,0.06206,-0.9046092271003171,-0.9073621171501842,-2.779653619961903,-2.7823285021195323,0.03929837659876423,0.03986460778495615,0.0405801334740271,0.009400098055503063,0.040579836839712065,0.009399030491565659,-0.13633961950626408,-0.0761189601263851,0.028077126335282893,0.009437289537090228,0.0398646077849562,0.4047,269912.0,0.06206,450206.6,3,2.0,0
2800,2023-01-22 15:38:59.999,0.4031157204005507,0.4044,0.0618033823379376,0.06205,-0.9053507918358208,-0.9085316108584697,-2.779814767331521,-2.783797185628805,0.03932950019779635,0.039254777572085064,0.040580225999782095,0.009400083042282884,0.040579936546923503,0.009399014512848596,-0.13303909121725324,-0.14100390621391096,-0.0761189601263851,0.009436095836514103,0.039254777572085,0.4044,295063.0,0.06205,234893.3,0,2.0,3
2801,2023-01-22 15:39:59.999,0.4031357282534188,0.4045,0.0617979921508369,0.06204,-0.9051035424835906,-0.9084819790645532,-2.779975940673799,-2.7838844045149447,0.039450431562766286,0.03963378267904083,0.040580383148839674,0.009400061543723902,0.04058012164650548,0.009398989477836272,-0.12019271714295568,-0.10070151832472385,-0.14100390621391096,0.009435005507844058,0.0396337826790407,0.4044999999999999,187689.0,0.06204,917407.4,0,2.0,0
2802,2023-01-22 15:40:59.999,0.4034176702499605,0.4047,0.061780293599491,0.062055,-0.9046092271003171,-0.9077828511244842,-2.7797341904006525,-2.7841708391641946,0.04038371369271598,0.03993047239268843,0.040580444853848104,0.009400056402387022,0.04058039932476662,0.009398969098120755,-0.02092629840542424,-0.06914559161523963,-0.10070151832472385,0.009433653320763138,0.0399304723926885,0.4047,85398.0,0.062055,300884.4,0,2.0,0
2803,2023-01-22 15:41:59.999,0.4036262151754642,0.40495,0.061787421997488,0.062185,-0.9039916762871382,-0.9072660392536266,-2.7776414658764326,-2.784055462781772,0.040806207842486564,0.038837265736771376,0.04058050224732289,0.009400045002042414,0.0405805544818971,0.009398957849750504,0.02400833839205379,-0.18544980477995027,-0.06914559161523963,0.009432253628494593,0.0388372657367714,0.40495,180603.0,0.062185,1385873.5,0,2.0,0
2804,2023-01-22 15:42:59.999,0.4036665703357901,0.4051,0.0619166358222189,0.062245,-0.9036213287734921,-0.9071660627368441,-2.7766770681483877,-2.781966382213166,0.03919840574582856,0.038419238766658315,0.04058063880868425,0.009400009317437077,0.04058031892137509,0.009398945058553461,-0.1470285406433918,-0.22993594676725707,-0.18544980477995027,0.009430974941312611,0.0384192387666582,0.4051,196344.0,0.062245,348582.0,0,2.0,0
2805,2023-01-22 15:43:59.999,0.4035534520857922,0.4052,0.0619769674291082,0.062265,-0.9033745066076088,-0.9074463289532322,-2.776355808809025,-2.7809924560365937,0.03812197574312459,0.038403438304493664,0.040580892664499754,0.00939993570832555,0.04058032360249527,0.00939892236283451,-0.26155635342744704,-0.23164566520146646,-0.22993594676725707,0.009429831192339023,0.0384034383044937,0.4052,127968.0,0.062265,681705.0,0,2.0,0
2806,2023-01-22 15:44:59.999,0.4034732459550456,0.40515,0.062005190800765,0.06231,-0.9034979100754028,-0.9076450984145285,-2.7756333524260066,-2.7805371748486025,0.03755102366348517,0.037689442219734914,0.04058118084006257,0.009399827976714275,0.040580479577119605,0.009398853239373617,-0.3223218659212014,-0.3076373979918797,-0.23164566520146646,0.009428412349127273,0.0376894422197344,0.40515,67783.0,0.06231,468406.6,0,2.0,0
2807,2023-01-22 15:45:59.999,0.403485651023503,0.40505,0.0620650219664707,0.062285,-0.9037447627056368,-0.907614353184493,-2.776034652644081,-2.7795727020874264,0.03679333307178412,0.03777064392129437,0.040581664285277354,0.009399629705982113,0.040580787559701445,0.009398718625893253,-0.4029756223878197,-0.29905650029958064,-0.3076373979918797,0.009427064531686022,0.0377706439212943,0.40505,58841.0,0.062285,228271.4,0,2.0,0
2808,2023-01-22 15:46:59.999,0.4036112392376887,0.40535,0.0620386421383572,0.062315,-0.9030043875484209,-0.907303143423398,-2.775553111703797,-2.7799978277869952,0.0374520739854145,0.03811736967519297,0.040582267434152754,0.00939938795912493,0.040581543020024376,0.009398420863655128,-0.33297817580312056,-0.2622402405006446,-0.29905650029958064,0.009425867079179,0.0381173696751928,0.40535,88045.0,0.062315,525377.6,0,2.0,0
2809,2023-01-22 15:47:59.999,0.4039036294468185,0.4059,0.0620587611183764,0.062365,-0.9016484551372851,-0.9065789704496318,-2.7747510584044646,-2.7796735828041435,0.03791118363153745,0.03881764069536897,0.0405829613665379,0.009399146993169478,0.04058234304260015,0.009398147188781323,-0.2842219170871571,-0.18781711494158096,-0.2622402405006446,0.009424726343821136,0.038817640695369,0.4059,136514.0,0.062365,1173191.5,0,2.0,0
2810,2023-01-22 15:48:59.999,0.4041419565205785,0.40625,0.0620977501976634,0.06234,-0.9007865453381898,-0.9059890852134282,-2.775152004642946,-2.779045519400052,0.03798764048900294,0.04000731545552316,0.04058380201873209,0.009398933063348854,0.04058320119449471,0.009397928382189351,-0.2761843461598191,-0.06133531958610651,-0.18781711494158096,0.009423348143020323,0.0400073154555231,0.40625,111398.0,0.06234,271200.5,0,2.0,0
2811,2023-01-22 15:49:59.999,0.4041875632430843,0.4065,0.062072556584043,0.06238,-0.9001713499942718,-0.9058762433056688,-2.77451056780248,-2.7794513106817047,0.03843220807682557,0.040098149922947135,0.04058446933682805,0.00939879621872233,0.04058397124350242,0.009397765607149661,-0.22896540056711234,-0.0517427341293101,-0.06133531958610651,0.009421902219694706,0.0400981499229471,0.4065,260524.0,0.06238,611414.0,0,2.0,0
2812,2023-01-22 15:50:59.999,0.4041907281579342,0.4065,0.0621269308964157,0.06237,-0.9001713499942718,-0.9058684130240208,-2.774670888444106,-2.778575714220726,0.03772425700827842,0.04022920861315549,0.040585105400008564,0.009398679175822764,0.04058444331984385,0.009397692307094337,-0.3043498571884795,-0.03786668107244141,-0.0517427341293101,0.009420611178522338,0.0402292086131554,0.4065,113040.0,0.0623699999999999,411957.7,0,2.0,0
2813,2023-01-22 15:51:59.999,0.4041661825959201,0.40645,0.0621359286155659,0.06236,-0.9002943587895558,-0.905929142540142,-2.774831234792561,-2.778430896707251,0.037545142277110144,0.04023727952286271,0.04058580706174205,0.009398540034675931,0.04058510336704531,0.009397566247137973,-0.323483869119942,-0.037083157340761994,-0.03786668107244141,0.009419269270563926,0.0402372795228627,0.40645,77501.0,0.06236,493406.0,0,2.0,0
2814,2023-01-22 15:52:59.999,0.4041843733683381,0.40625,0.062135476618511,0.06237,-0.9007865453381898,-0.9058841354023677,-2.774670888444106,-2.7784381710605754,0.037596096042899374,0.039614013269237525,0.04058643983141362,0.009398382564181757,0.040585747782399845,0.00939740506069172,-0.3181358811493446,-0.10346743767189448,-0.037083157340761994,0.009417806108519144,0.0396140132692375,0.40625,138062.0,0.0623699999999999,244311.1,0,2.0,0
2815,2023-01-22 15:53:59.999,0.4042082749650279,0.4059,0.0621313615342131,0.062335,-0.9016484551372851,-0.9058250017703485,-2.7752322131851987,-2.778504400866702,0.037709371122680024,0.03921097442152621,0.04058680099090006,0.009398299722994732,0.040586135073318895,0.009397314073593625,-0.3061261896867482,-0.14639100794025842,-0.10346743767189448,0.009416208317437138,0.0392109744215263,0.4059,80094.0,0.062335,74429.1,0,2.0,0
2816,2023-01-22 15:54:59.999,0.4040989256593701,0.4061,0.0620712637035783,0.06232,-0.9011558442898849,-0.9060955655021585,-2.775472877419644,-2.7794721394343846,0.03822991293946698,0.03990032312517877,0.04058708200234335,0.00939826104386874,0.04058653648763313,0.009397241872836685,-0.25077821557175345,-0.07307297317652281,-0.14639100794025842,0.009414448797734218,0.0399003231251788,0.4061,158828.0,0.06232,170958.7,0,2.0,0
2817,2023-01-22 15:55:59.999,0.4042387410144426,0.4058,0.0620408394573732,0.06229,-0.9018948515904227,-0.9057496324540497,-2.775954379716083,-2.779962409859906,0.03897663155807507,0.03955493363744267,0.04058716436927877,0.009398250438453581,0.04058679164703596,0.009397194798852954,-0.17134476015730002,-0.10983222234775299,-0.07307297317652281,0.009412717655684431,0.0395549336374427,0.4058,345066.0,0.06229,195784.8,0,2.0,0
2818,2023-01-22 15:56:59.999,0.4040747944316344,0.40535,0.0620173520548576,0.062285,-0.9030043875484209,-0.9061552834245382,-2.776034652644081,-2.780341061241325,0.03888051998058806,0.03851101907851018,0.04058703475692975,0.009398275208887537,0.040586639821781324,0.009397223485804027,-0.18155573758255586,-0.22089326310176297,-0.10983222234775299,0.009411003128591547,0.03851101907851,0.40535,86229.0,0.062285,447802.5,0,2.0,0
2819,2023-01-22 15:57:59.999,0.403781984896247,0.40545,0.0620400679068449,0.062315,-0.9027577175915708,-0.906880188025706,-2.775553111703797,-2.7799748461088774,0.03785624235354912,0.038364039632043156,0.04058701734193584,0.009398279258374992,0.04058638536438703,0.00939728348637722,-0.29052470480385795,-0.2365302890858176,-0.22089326310176297,0.009409350926582793,0.038364039632043,0.40545,119986.0,0.0623149999999999,90284.4,0,2.0,0
2820,2023-01-22 15:58:59.999,0.4037436115516868,0.40565,0.0621155998591358,0.06235,-0.902264560141063,-0.9069752273526521,-2.7749916068560916,-2.778758116128389,0.036766552331825464,0.03839817889786934,0.040586816009669555,0.009398316829925027,0.04058593189403016,0.009397408917423244,-0.4064290056723386,-0.23287543412363068,-0.2365302890858176,0.009407948465700557,0.0383981788978693,0.40565,73613.0,0.06235,122522.2,0,2.0,0
2821,2023-01-22 15:59:59.999,0.4037879752713572,0.4056,0.0621899060416357,0.06229,-0.9023878267051636,-0.9068653524686503,-2.775954379716083,-2.777562574695014,0.03589909770442268,0.03906195852270178,0.0405866333314931,0.009398338797604874,0.04058554850491891,0.009397521715738745,-0.4986900740700048,-0.162228117290247,-0.23287543412363068,0.00940687027303903,0.0390619585227016,0.4055999999999999,74247.0,0.06229,651620.4,0,2.0,0
2822,2023-01-22 16:00:59.999,0.4037521628121566,0.4056,0.0621223624817383,0.062275,-0.9023878267051636,-0.9069540476493234,-2.776195217833893,-2.7786492504889053,0.036698736706949564,0.03925883852487988,0.04058639589849837,0.009398359382640178,0.04058549618565607,0.009397457859441629,-0.4135969042735829,-0.1412541614519059,-0.162228117290247,0.009405950152539016,0.0392588385248799,0.4056,74685.0,0.062275,201189.9,0,2.0,0
2823,2023-01-22 16:01:59.999,0.4037434368324127,0.40565,0.0620632579779645,0.062365,-0.902264560141063,-0.9069756601008292,-2.7747510584044646,-2.7796011241119176,0.037455260551624736,0.038201535691591015,0.04058582715203841,0.00939842934335489,0.04058510265155232,0.009397462399878142,-0.3330518353516547,-0.2536904171262609,-0.1412541614519059,0.009405256063652924,0.038201535691591,0.40565,58193.0,0.062365,216464.0,0,2.0,0
2824,2023-01-22 16:02:59.999,0.4037486634346964,0.4054,0.0621182585084791,0.062344998,-0.9028810449642375,-0.906962714829211,-2.7750718346131453,-2.7787153154075765,0.03674407618286102,0.03784727854748171,0.04058544066115617,0.00939850762303194,0.04058455166220262,0.00939760167496532,-0.4086654885120758,-0.2913400960557114,-0.2536904171262609,0.009404914979431314,0.0378472523231305,0.4054,151004.0,0.062345,182489.0,0,2.0,0
2825,2023-01-22 16:03:59.999,0.4036800586637466,0.40495,0.0620669703982194,0.06228,-0.9039916762871382,-0.9071326487669995,-2.7761149320163394,-2.779541309185214,0.03724937446420418,0.0375893570069038,0.04058530253494983,0.009398547269435932,0.04058453050808782,0.00939759665849984,-0.35489457199326574,-0.3187668734495641,-0.2913400960557114,0.009404736334788347,0.0375893570069039,0.40495,130311.0,0.06228,258447.0,0,2.0,0
2826,2023-01-22 16:04:59.999,0.4036121178260382,0.405,0.0619913162245028,0.062215,-0.9038682118755978,-0.9073009666074232,-2.7771591507545423,-2.7807609646416047,0.038078098832440066,0.03856644786811558,0.04058563549279791,0.00939845026367317,0.04058505517882883,0.009397440074429123,-0.2667701338378639,-0.2148426142644896,-0.3187668734495641,0.009404529781571847,0.0385664478681155,0.405,239163.0,0.062215,284109.4,0,2.0,0
2827,2023-01-22 16:05:59.999,0.403810274442705,0.40455002,0.0619392285638973,0.062155,-0.9049798912906428,-0.9068101290419988,-2.7781240137384584,-2.7816015590852348,0.03925610434867566,0.03824352327353808,0.0405858437629767,0.009398388389727712,0.04058553602416293,0.009397322569913975,-0.141469196741582,-0.24922576002485014,-0.2148426142644896,0.009404231637524602,0.0382434738358923,0.4045499999999999,200169.0,0.062155,432741.0,0,2.0,0
2828,2023-01-22 16:06:59.999,0.4036942708286956,0.40485,0.0618975648353712,0.0622,-0.9042386508500138,-0.9070974428793925,-2.7774002792370034,-2.7822744403663866,0.03951885654444709,0.038393126262759925,0.04058611211960061,0.009398309224835236,0.04058586512687319,0.009397235668773866,-0.11354494236764448,-0.23333833824552935,-0.24922576002485014,0.009403945777843137,0.0383931262627599,0.40485,110289.0,0.0622,547669.7,0,2.0,0
2829,2023-01-22 16:07:59.999,0.4037346609328762,0.4051,0.0619540471340086,0.062195,-0.9036213287734921,-0.9069973966644862,-2.777480668320209,-2.7813623440011477,0.03887328351931085,0.039076164692741444,0.04058632759969735,0.009398263931553144,0.04058593115348574,0.009397212484685023,-0.18225060218293965,-0.1606853050685012,-0.23333833824552935,0.009403648771409997,0.0390761646927413,0.4051,62687.0,0.062195,104694.2,0,2.0,0
2830,2023-01-22 16:08:59.999,0.4035956243265681,0.40525,0.0619379232390692,0.06222,-0.9032511183663515,-0.9073418321705518,-2.777078787512646,-2.7816226335902448,0.03874162917651924,0.039117846148618685,0.04058623742419273,0.009398276152173198,0.04058581053036082,0.009397230466020985,-0.19624732632767336,-0.15624049046851007,-0.1606853050685012,0.009403342424210096,0.0391178461486187,0.40525,128186.0,0.06222,92834.3,0,2.0,0
2831,2023-01-22 16:09:59.999,0.4034219433842058,0.405,0.0619717532408608,0.06222,-0.9038682118755978,-0.9077722588477216,-2.777078787512646,-2.7810765906403603,0.037864824084918314,0.03850075263937236,0.04058563552085121,0.009398326431241288,0.04058500584914653,0.009397329984644624,-0.28946325910370657,-0.2218355466509892,-0.15624049046851007,0.009402955662042444,0.0385007526393723,0.405,183071.0,0.06222,111654.8,0,2.0,0
2832,2023-01-22 16:10:59.999,0.4032507684154313,0.40495,0.0619805985165598,0.06219,-0.9039916762871382,-0.9081966564226982,-2.7775610638663393,-2.780933870061225,0.037323755493798405,0.03877153881585749,0.04058497114889363,0.009398353203168805,0.040584216412569846,0.00939739654978893,-0.3469536377971271,-0.19295213680889503,-0.2218355466509892,0.009402534099170311,0.0387715388158576,0.40495,132769.0,0.0621899999999999,97000.6,0,2.0,0
2833,2023-01-22 16:11:59.999,0.4033967638408259,0.40525,0.0619509049322605,0.062185,-0.9032511183663515,-0.9078346757033612,-2.7776414658764326,-2.7814130635518413,0.038077466626634915,0.03957782365755802,0.04058475687693397,0.009398365610607627,0.040584176619991065,0.009397355416644621,-0.26674632194034703,-0.10713918367247353,-0.19295213680889503,0.009402046939733934,0.0395778236575581,0.40525,140482.0,0.062185,54774.7,0,2.0,0
2834,2023-01-22 16:12:59.999,0.4037481642367705,0.40555,0.0619377405735928,0.062165,-0.9025111084657833,-0.9069639512376,-2.777963138577236,-2.7816255827647764,0.039121920996474824,0.04058079410029758,0.04058484977708157,0.009398363587468133,0.0405845112145311,0.009397302349585902,-0.1556393700709996,-0.0004315301005592767,-0.10713918367247353,0.009401406464976681,0.0405807941002973,0.4055499999999999,647855.0,0.062165,83682.3,0,2.0,0
2835,2023-01-22 16:13:59.999,0.4039790382854976,0.40565,0.0618971763934578,0.06213,-0.902264560141063,-0.9063922877990193,-2.7785263149065345,-2.7822807159465857,0.04022914177720016,0.04128772701009531,0.040585244852272204,0.00939835725327789,0.04058516244008172,0.009397271230375835,-0.037885536572654824,0.07474520694327719,-0.0004315301005592767,0.00940090300712622,0.0412877270100953,0.40565,2117363.0,0.06213,171268.9,4,2.0,0
2836,2023-01-22 16:14:59.999,0.4039504641962219,0.4054,0.0618524886846355,0.062075,-0.9028810449642375,-0.9064630219143098,-2.779411947587907,-2.7830029435297727,0.04074881323991353,0.04139522793229666,0.04058601993573033,0.009398285950618573,0.040586057610644516,0.00939719870110959,0.017319590065685724,0.08610165734668623,0.07474520694327719,0.009400530246112909,0.0413952279322966,0.4054,867209.0,0.062075,576710.9,0,2.0,4
2837,2023-01-22 16:15:59.999,0.4036689265500001,0.4062,0.0617936859566731,0.062155,-0.9009096298358528,-0.9071602257230647,-2.7781240137384584,-2.7839540887239704,0.04082915025238765,0.04231378472832814,0.04058724470030552,0.009398166273867867,0.040587300684001903,0.009397079432368012,0.02573667383854377,0.1837103087677178,0.08610165734668623,0.009400206467362388,0.0423137847283281,0.4062,192528.0,0.062155,189096.8,0,2.0,0
2838,2023-01-22 16:16:59.999,0.403893675440177,0.4063,0.0618839542573888,0.062225,-0.900663475988456,-0.9066036152623386,-2.776998430728481,-2.782494353292597,0.04019245826779716,0.0416397985768282,0.040588487228429886,0.009397950514769434,0.040588395576275145,0.009396864908704214,-0.0421350431579827,0.1118660229957711,0.1837103087677178,0.009399891855836034,0.0416397985768282,0.4063,136754.0,0.062225,202283.3,0,2.0,0
2839,2023-01-22 16:17:59.999,0.4039645266017931,0.40635,0.0619664266089016,0.06227,-0.9005404217829233,-0.9064282103172165,-2.7762755100977765,-2.781162546912575,0.039279140026640125,0.04117188065285793,0.04058968495859299,0.009397695071171016,0.04058938166191815,0.009396628709258194,-0.1394374169522192,0.06195090283902905,0.1118660229957711,0.009399623801434893,0.041171880652858,0.40635,8688.0,0.06227,201641.1,0,2.0,0
2840,2023-01-22 16:18:59.999,0.4041269656068652,0.4065,0.0620146782945016,0.062295,-0.9001713499942718,-0.9060261790897475,-2.7758741132313105,-2.78038417527161,0.03904486911156657,0.04121281910172647,0.04059095566030942,0.009397408112951056,0.04059059785273045,0.00939635006904354,-0.16450310277990923,0.06617393157162417,0.06195090283902905,0.009399362195143625,0.0412128191017264,0.4065,56625.0,0.062295,191060.2,0,2.0,0
2841,2023-01-22 16:19:59.999,0.4043192117200899,0.4068,0.062029767529516,0.06234,-0.8994336148077322,-0.9055505849877776,-2.775152004642946,-2.7801408877146607,0.039321580847332616,0.04136024598598076,0.04059232601606992,0.009397088556927053,0.04059203193017112,0.009396021001658475,-0.13521160527570775,0.08171892445823198,0.06617393157162417,0.009399161470939875,0.0413602459859807,0.4068,236996.0,0.06234,96247.7,0,2.0,0
2842,2023-01-22 16:20:59.999,0.4044375366044545,0.4074,0.0620645059698328,0.062374998,-0.8979597751894316,-0.9052579756575829,-2.774590756974583,-2.77958101592937,0.039156506986387285,0.04237527765820326,0.04059376506863947,0.009396885470961843,0.04059343244700507,0.009395823491600432,-0.15293235998977114,0.18958543179748197,0.08171892445823198,0.009399060437316104,0.0423752514464648,0.4074,200852.0,0.062375,192924.8,0,2.0,0
2843,2023-01-22 16:21:59.999,0.4045557816171509,0.40760002,0.0620997830733064,0.06242,-0.897468928565855,-0.9049656493530879,-2.7738695421395034,-2.779012783232277,0.03898431523344803,0.042276546603659204,0.040595248176170697,0.009396645326648021,0.040594875361326284,0.00939558989411799,-0.17141660566586964,0.17892538975803418,0.18958543179748197,0.009399033296667003,0.0422764975359468,0.4075999999999999,80592.0,0.06242,340810.4,0,2.0,0
2844,2023-01-22 16:22:59.999,0.4045394129171622,0.4078,0.0621593835738484,0.06244,-0.8969784208417823,-0.9050061110938113,-2.7735491833349055,-2.7780534897375473,0.03815965161035961,0.04250516786756309,0.040596873276534017,0.009396368419080278,0.0405963092354171,0.009395354206703666,-0.2593470742506877,0.20308852376989447,0.17892538975803418,0.009399018507527862,0.0425051678675636,0.4078,286284.0,0.0624399999999999,344312.4,0,2.0,0
2845,2023-01-22 16:23:59.999,0.4045822940189929,0.4081,0.0622025406259775,0.06247,-0.896243036570377,-0.9049001168991104,-2.7730688374766586,-2.777359433994373,0.03769827010278215,0.04284787968961601,0.0405986294336522,0.009396079999950697,0.04059795820955342,0.009395096262818129,-0.3086384668826679,0.23938176941614048,0.20308852376989447,0.009398995736589352,0.0428478796896159,0.4081,319916.0,0.06247,1049601.1,0,2.0,0
2846,2023-01-22 16:24:59.999,0.4047041332567554,0.4083,0.0622508691999655,0.062465,-0.895753080656607,-0.9045990140149482,-2.7731488790983443,-2.776582780683148,0.037364475542154496,0.04340326791449667,0.040600466545541766,0.009395852326738757,0.04059971764690641,0.009394893979499427,-0.34436174711620243,0.29830198171364164,0.23938176941614048,0.009398974193049634,0.0434032679144966,0.4083,289421.0,0.062465,722536.3,0,2.0,0
2847,2023-01-22 16:25:59.999,0.4048357018620929,0.40794998,0.0622312488833638,0.06244,-0.8966107101329449,-0.9042739685983097,-2.7735491833349055,-2.776898011771215,0.03794721562054204,0.04287287857640043,0.040602212633012696,0.00939557357588817,0.0406015981926025,0.00939457311770195,-0.2825442453642597,0.24167401011205286,0.29830198171364164,0.009398960661843066,0.0428729276020178,0.40795,242033.0,0.0624399999999999,124261.1,0,2.0,0
2848,2023-01-22 16:26:59.999,0.4047193238496391,0.4077,0.0621775914552088,0.062415,-0.8972236691569293,-0.9045614796619416,-2.773949647879123,-2.7777606101418146,0.03836486024666008,0.0425872907387328,0.0406038767317335,0.009395288379422374,0.040603358560827446,0.009394262886541707,-0.23828355041822963,0.21110730473621087,0.24167401011205286,0.009398948256352721,0.0425872907387328,0.4076999999999999,265675.0,0.062415,241360.9,0,2.0,0
2849,2023-01-22 16:27:59.999,0.4047116711454358,0.40745,0.0621376530487742,0.062395,-0.8978370532159083,-0.9045803885108757,-2.7742701350223196,-2.7784031444982085,0.03887120946998024,0.04223589805397787,0.040605190391286086,0.009395119734067942,0.04060478909970513,0.009394069551903729,-0.18453979078466323,0.17356965199481436,0.21110730473621087,0.009398928036764247,0.0422358980539778,0.40745,164414.0,0.062395,402979.7,0,2.0,0
2850,2023-01-22 16:28:59.999,0.4045965910475892,0.4078,0.0621271135618922,0.062455,-0.8969784208417823,-0.9048647797719025,-2.7733089815642646,-2.7785727740270723,0.03872548671506815,0.04230880806556436,0.04060634518326445,0.009395022470419102,0.04060590990011976,0.009393978838424955,-0.20017324047611904,0.18120902719075352,0.17356965199481436,0.00939887052023884,0.0423088080655644,0.4078,345440.0,0.062455,87739.6,0,2.0,0
2851,2023-01-22 16:29:59.999,0.4046175274085995,0.40794998,0.0622194427380684,0.062475,-0.8966107101329449,-0.9048130348491745,-2.772988802261121,-2.777087743867952,0.03756325129439908,0.042414779052826534,0.04060754249440056,0.009394923281562915,0.04060683796045008,0.0093939502281252,-0.3239943359438498,0.19236309911892424,0.18120902719075352,0.009398752279263343,0.0424148280784435,0.40795,63186.0,0.062475,218127.7,0,2.0,0
2852,2023-01-22 16:30:59.999,0.4046119313998507,0.40775,0.0622767125871298,0.062475,-0.8971010374810138,-0.9048268653114445,-2.772988802261121,-2.7761677178165214,0.03679731924349128,0.04192445170475767,0.04060871308437415,0.009394772248659295,0.04060783102146258,0.009393863980490453,-0.4056383811693593,0.14005008163676186,0.19236309911892424,0.009398495304214658,0.0419244517047574,0.4077499999999999,211899.0,0.062475,145895.0,0,2.0,0
2853,2023-01-22 16:31:59.999,0.4045213419522464,0.4072,0.0623220020698089,0.06245,-0.898450813745824,-0.9050507825596068,-2.7733890424105505,-2.7754407522968796,0.035979123255767353,0.04090186318833178,0.04060965863855218,0.009394596143243077,0.040608587003425414,0.009393773061185027,-0.492822608924518,0.031103471115121635,0.14005008163676186,0.009398215607499774,0.0409018631883317,0.4072,169365.0,0.06245,116983.0,0,2.0,0
2854,2023-01-22 16:32:59.999,0.4043297697562216,0.4069,0.0622888076194317,0.062445,-0.8991878239744928,-0.9055244722086259,-2.7734691096670887,-2.7759735223068835,0.035940961677154326,0.04023030622671642,0.04061043286663063,0.009394427026213124,0.04060935222067147,0.009393608427970062,-0.49697521238129483,-0.04046299352302721,0.031103471115121635,0.009397983083837344,0.0402303062267166,0.4069,90367.0,0.062445,84134.9,3,2.0,0
2855,2023-01-22 16:33:59.999,0.4042241394751115,0.40715,0.0622388110563121,0.062435,-0.8985736110689967,-0.9057857541850162,-2.7736292634150286,-2.776776501860137,0.036336098284462603,0.040975441390408096,0.040611270549418495,0.009394298194865293,0.04061028115523545,0.009393436179360459,-0.4550180348448215,0.038765092765380676,-0.04046299352302721,0.009397806300909584,0.0409754413904082,0.40715,165612.0,0.062435,181390.7,4,2.0,3
2856,2023-01-22 16:34:59.999,0.4043036367448033,0.407,0.0621891407132891,0.062415,-0.8989420935395421,-0.9055891072118728,-2.773949647879123,-2.7775748810820873,0.037185403169010534,0.04086886635611997,0.04061212274528468,0.00939415454124016,0.040611329706734284,0.009393212064632001,-0.36472364449465544,0.02733014553978107,0.038765092765380676,0.009397710632108168,0.04086886635612,0.407,86062.0,0.062415,109335.2,0,2.0,4
2857,2023-01-22 16:35:59.999,0.4042918007619814,0.4072,0.0621385681539226,0.06242,-0.898450813745824,-0.9056183826251976,-2.7738695421395034,-2.7783884175433724,0.03782117638555449,0.041294661423690204,0.04061325152186537,0.009393943520584912,0.040612605357751436,0.00939295246242279,-0.29718333861097107,0.07253715123277675,0.02733014553978107,0.009397624332997574,0.0412946614236902,0.4072,87054.0,0.06242,75737.0,0,2.0,0
2858,2023-01-22 16:36:59.999,0.4044717765901886,0.40705,0.0621459623279656,0.062374998,-0.8988192509621502,-0.9051733184897247,-2.774590756974583,-2.778269429701152,0.038168970508918876,0.04151580188548465,0.040614445277362604,0.009393730462589069,0.040613879326247486,0.009392717072348475,-0.26029835653479405,0.09595299883382175,0.07253715123277675,0.00939759791261621,0.041515775673746,0.40705,65140.0,0.062375,122645.6,0,2.0,0
2859,2023-01-22 16:37:59.999,0.4045560312161138,0.40670002,0.0621157865245861,0.062325,-0.8996794168926624,-0.9049650323828275,-2.7753926495725154,-2.7787551110029414,0.03877429067597116,0.0413111659759805,0.04061565728184989,0.009393482495207616,0.04061523113822437,0.009392437237985132,-0.19600242361035283,0.0740416234857996,0.09595299883382175,0.00939757384997844,0.0413111167996844,0.4066999999999999,235583.0,0.062325,42587.7,0,2.0,0
2860,2023-01-22 16:38:59.999,0.4045075890493892,0.4065,0.0620778836604438,0.062295,-0.9001713499942718,-0.9050847811036181,-2.7758741132313105,-2.7793654942094705,0.0391535171511489,0.04121281910172647,0.040616856173333604,0.00939322811937728,0.04061651751584178,0.009392167504965845,-0.1557681295525616,0.06344601885729323,0.0740416234857996,0.009397532848588552,0.0412128191017264,0.4065,136660.0,0.062295,251870.7,0,2.0,0
2861,2023-01-22 16:39:59.999,0.4043604504607445,0.4066,0.0620497909546023,0.0623,-0.8999253777878907,-0.9054485946877394,-2.7757938531887296,-2.779818136320237,0.03915972879627272,0.0413931804425941,0.040618144470402434,0.00939295284621261,0.04061780695231076,0.00939189208724009,-0.15524860619075856,0.08251249472674343,0.06344601885729323,0.009397477228843293,0.0413931804425939,0.4065999999999999,31712.0,0.0623,133083.1,0,2.0,0
2862,2023-01-22 16:40:59.999,0.4041885915908115,0.40635,0.0620494754011028,0.062285,-0.9005404217829233,-0.905873699074939,-2.776034652644081,-2.779823221821687,0.03873878169756928,0.040974984844007856,0.040619358052040984,0.009392660187451909,0.040618922834185285,0.00939161682670823,-0.20019355253817317,0.03786220142851225,0.08251249472674343,0.009397458994550757,0.0409749848440079,0.40635,1027373.0,0.062285,56988.9,0,2.0,0
2863,2023-01-22 16:41:59.999,0.4038857282091974,0.40615,0.0620355594917766,0.062285,-0.9010327294851742,-0.9066232919981998,-2.776034652644081,-2.7800475181584137,0.038172546224801485,0.040482677141756906,0.04062043972909648,0.009392375313445445,0.040619873218218375,0.009391362236449544,-0.2605933976136475,-0.014667491741131923,0.03786220142851225,0.009397444520682249,0.0404826771417567,0.40615,145299.0,0.062285,142148.1,3,2.0,0
2864,2023-01-22 16:42:59.999,0.4037576639732995,0.40635,0.0620445554331605,0.0623,-0.9005404217829233,-0.9069404226482138,-2.7757938531887296,-2.7799025160135478,0.037736879427533676,0.040778136447561564,0.040621400070733525,0.009392179291603964,0.04062073251214913,0.009391194920184767,-0.3070805269324251,0.01668796686708817,-0.014667491741131923,0.009397416706674714,0.0407781364475616,0.40635,60641.0,0.0623,94942.0,4,2.0,3
2865,2023-01-22 16:43:59.999,0.4039811249328277,0.4066,0.062064292193448,0.06235,-0.8999253777878907,-0.9063871225757196,-2.7749916068560916,-2.7795844603578663,0.0380301758147612,0.04073736125104166,0.04062229914087942,0.009392004449455302,0.04062169925119506,0.009391000373188288,-0.27595818692892093,0.012251070661376517,0.01668796686708817,0.009397406024874601,0.0407373612510415,0.4065999999999999,97987.0,0.06235,292425.0,0,2.0,4
2866,2023-01-22 16:44:59.999,0.4042586490277255,0.40685,0.0621139972029117,0.062385,-0.8993107118394708,-0.9057003855089584,-2.7744304171191523,-2.778783917648511,0.038062486365509796,0.040893266611081724,0.04062322798048879,0.009391832783681648,0.04062263535340826,0.009390826736713062,-0.27262232172697454,0.028752495579151025,0.012251070661376517,0.009397398677514627,0.0408932666110817,0.40685,39236.0,0.0623849999999999,54518.8,0,2.0,0
2867,2023-01-22 16:45:59.999,0.4044336328766743,0.40685,0.0621320157521725,0.062395,-0.8993107118394708,-0.9052676279432065,-2.7742701350223196,-2.7784938713289784,0.038258137278292303,0.04076223943041546,0.04062400782691717,0.009391704424144233,0.04062346029844028,0.009390686565895564,-0.2518796686003971,0.014718478910273437,0.028752495579151025,0.009397365699930698,0.0407622394304154,0.40685,107357.0,0.062395,94791.6,0,2.0,0
2868,2023-01-22 16:46:59.999,0.4043742532833942,0.40725,0.0621270553400493,0.062425,-0.8983280314999825,-0.9054144603230654,-2.7737894428163,-2.7785737111681503,0.0381765722566616,0.04135196418866671,0.040624969734134986,0.009391566129844412,0.04062440310662342,0.009390553183247302,-0.2606695050009129,0.07740928876830157,0.014718478910273437,0.009397336342644624,0.0413519641886668,0.40725,266162.0,0.062425,307049.0,0,2.0,0
2869,2023-01-22 16:47:59.999,0.4043680432611967,0.4075,0.062157896472427,0.062455,-0.8977143463012197,-0.9054298175566964,-2.7733089815642646,-2.77807741402902,0.03775550274325745,0.041572882606126904,0.04062579326948252,0.009391493230755091,0.04062512900414435,0.009390507937343763,-0.3055879703242772,0.10084544740370714,0.07740928876830157,0.009397324423596637,0.0415728826061267,0.4075,162295.0,0.062455,700172.6,0,2.0,0
2870,2023-01-22 16:48:59.999,0.4043520389756939,0.40760002,0.0622002766407293,0.062405,-0.897468928565855,-0.9054693968520704,-2.77410987861172,-2.777395831646744,0.037158744450940695,0.04247301652131097,0.040626772338119975,0.009391465280756357,0.04062596973967351,0.009390526665502693,-0.3692258605121809,0.19658744700617192,0.10084544740370714,0.009397316197673712,0.0424729674535986,0.4075999999999999,178176.0,0.062405,334507.2,0,2.0,0
2871,2023-01-22 16:49:59.999,0.4044071554186871,0.4077,0.0621532796136208,0.062425,-0.8972236691569293,-0.9053330980786888,-2.7737894428163,-2.7781516930915098,0.037912943763676155,0.042456326531719935,0.04062771279332627,0.009391445022616627,0.04062708452000305,0.0093904490344902,-0.2890320522861176,0.19471058330107546,0.19658744700617192,0.009397305280587832,0.0424563265317199,0.4076999999999999,202270.0,0.062425,157226.8,0,2.0,0
2872,2023-01-22 16:50:59.999,0.4045604640936954,0.4075,0.0621737523691126,0.0624,-0.8977143463012197,-0.9049540750544148,-2.7741900036067553,-2.777822355933687,0.038022740716350145,0.04229309925298408,0.04062854472659939,0.009391433329023853,0.04062794167082289,0.009390430199948771,-0.27743148066709006,0.1772417977179747,0.19471058330107546,0.009397288202179391,0.0422930992529839,0.4075,300200.0,0.0624,458551.6,0,2.0,0
2873,2023-01-22 16:51:59.999,0.4046194992404066,0.40705,0.0621320788628724,0.06239,-0.8988192509621502,-0.904808161538285,-2.7743502728594422,-2.778492855577806,0.0387167733283893,0.0413192112729055,0.04062938794174755,0.009391331772041742,0.04062894530934456,0.009390290068385453,-0.20363289813517269,0.07345319576628853,0.1772417977179747,0.009397274294376182,0.0413192112729055,0.40705,195607.0,0.06239,369219.2,0,2.0,0
2874,2023-01-22 16:52:59.999,0.4044944002401882,0.4073,0.0621094807878955,0.06241,-0.8982052643277701,-0.9051173862377878,-2.7740297600361856,-2.7788566320031762,0.03870492806396297,0.04167118554016247,0.04063071161144161,0.00939107553020277,0.04063026593137971,0.009390034480185747,-0.20504055352293543,0.11079390484876567,0.07345319576628853,0.009397249212221473,0.0416711855401623,0.4073,94773.0,0.06241,64395.7,0,2.0,0
2875,2023-01-22 16:53:59.999,0.4045005403746762,0.40760002,0.0621289171056961,0.06244,-0.897468928565855,-0.9051022065767544,-2.7735491833349055,-2.7785437445498817,0.03846432893446994,0.04201466014349031,0.04063223344060253,0.009390766978829363,0.040631731726993144,0.009389738177804351,-0.23082675485526905,0.1472112667691934,0.11079390484876567,0.009397237219789571,0.0420146110757784,0.4075999999999999,381269.0,0.0624399999999999,200225.4,0,2.0,0
2876,2023-01-22 16:54:59.999,0.4045163549649672,0.40775,0.0621751092491603,0.062435,-0.8971010374810138,-0.9050631107546916,-2.7736292634150286,-2.777800532170605,0.037895864557253356,0.04244801497839101,0.04063388322006838,0.00939045978378138,0.04063324956613114,0.009389465481186562,-0.29153789577932976,0.193188810781756,0.1472112667691934,0.009397231766709205,0.0424480149783907,0.4077499999999999,275177.0,0.062435,185242.8,0,2.0,0
2877,2023-01-22 16:55:59.999,0.4045439705942252,0.40755,0.0621924704693708,0.062415,-0.8975916544416706,-0.9049948448209996,-2.773949647879123,-2.7775213401116687,0.03773589696349833,0.04221930545399155,0.04063549796985264,0.009390132502950043,0.04063482692125131,0.00938914946547984,-0.30875320159841874,0.16866721355011055,0.193188810781756,0.009397231766709205,0.0422193054539914,0.4075499999999999,201747.0,0.062415,242865.2,0,2.0,0
2878,2023-01-22 16:56:59.999,0.4045148873230652,0.40715,0.0621852922939203,0.062365,-0.8985736110689967,-0.90506673890111,-2.7747510584044646,-2.7776367654947753,0.03775836066148419,0.04189248476365737,0.040637007391488525,0.009389810344349603,0.04063634119229158,0.009388825855803692,-0.3065325286684667,0.13370636105811617,0.16866721355011055,0.009397231766709205,0.0418924847636574,0.40715,144017.0,0.062365,185010.2,0,2.0,0
2879,2023-01-22 16:57:59.999,0.4044726252266626,0.4073,0.0621136292053095,0.06232,-0.8982052643277701,-0.9051712203567206,-2.775472877419644,-2.778789842217994,0.038596494726386155,0.04285090308729356,0.04063885739289348,0.009389459040764178,0.040638384733169684,0.009388423886018961,-0.21749018062811035,0.23558819361120975,0.13370636105811617,0.009397216980019014,0.0428509030872934,0.4073,399398.0,0.06232,245543.2,0,2.0,0
2880,2023-01-22 16:58:59.999,0.404502022992516,0.40765,0.0620425056687387,0.06232,-0.8973463158732172,-0.9050985412785046,-2.775472877419644,-2.779935553534201,0.0396057682626616,0.04370985154184648,0.04064086067587658,0.009389190829308785,0.040640621126602515,0.009388117508812204,-0.11023007146742089,0.32686425505272576,0.23558819361120975,0.009397202147003448,0.0437098515418463,0.4076499999999999,223498.0,0.06232,37994.9,0,2.0,0
2881,2023-01-22 16:59:59.999,0.4046669579872173,0.4074,0.0620274102115426,0.06229,-0.8979597751894316,-0.9046908761285484,-2.775954379716083,-2.7801788914483683,0.040212356944768324,0.04349001003843378,0.04064281511038118,0.009388904939529541,0.04064271549034749,0.009387820732742266,-0.04584222023735346,0.30325101238007257,0.32686425505272576,0.009397109249553406,0.0434900100384338,0.4074,196491.0,0.06229,84754.9,0,2.0,0
2882,2023-01-22 17:00:59.999,0.4045491622526541,0.40765,0.0620034370344145,0.06231,-0.8973463158732172,-0.9049820115433009,-2.7756333524260066,-2.7805654594346225,0.040237232577883475,0.0438410364219205,0.04064482316502903,0.009388661079887417,0.04064472883719123,0.009387576665210982,-0.043408035304561506,0.34043334078151605,0.30325101238007257,0.009396918539620163,0.0438410364219199,0.4076499999999999,30604.0,0.06231,231623.6,0,2.0,0
2883,2023-01-22 17:01:59.999,0.4045394678289341,0.40765,0.0620550686979912,0.062295,-0.8973463158732172,-0.9050059753548292,-2.7758741132313105,-2.7797330833512097,0.03953281914897144,0.04403785322278109,0.04064673257967684,0.00938851215560537,0.04064647478901942,0.009387441002057427,-0.11863250483320217,0.3611989404604002,0.34043334078151605,0.009396687759119698,0.0440378532227809,0.4076499999999999,330170.0,0.062295,124259.5,0,2.0,0
2884,2023-01-22 17:02:59.999,0.4044865428648353,0.40735,0.0620882000376684,0.06224,-0.8980825122254863,-0.9051368116035399,-2.776757399112001,-2.7791993235944186,0.038965645733058496,0.04402372415660216,0.04064827159296977,0.0093885206720636,0.04064788218638335,0.009387469117278172,-0.17920021171932288,0.3595297578324942,0.3611989404604002,0.009396419729097202,0.0440237241566021,0.40735,137945.0,0.06224,164396.8,0,2.0,0
2885,2023-01-22 17:03:59.999,0.4043581391743478,0.4069,0.0620703748204812,0.0622,-0.8991878239744928,-0.9054543106102526,-2.7774002792370034,-2.7794864599010336,0.03888287450609185,0.043443953138280866,0.040649530600568105,0.009388530809488161,0.0406491217470401,0.009387482825401213,-0.1881491848026646,0.2976421544986234,0.3595297578324942,0.00939610326850474,0.0434439531382808,0.4069,698846.0,0.0622,149673.0,0,2.0,0
2886,2023-01-22 17:04:59.999,0.4041954106344787,0.40715,0.0620216538046059,0.06228,-0.8985736110689967,-0.905856828271834,-2.7761149320163394,-2.7802716999993473,0.0391222738038024,0.04300742222504528,0.040650570305710974,0.009388543169252132,0.04065021661524537,0.009387485504973309,-0.16276379980917127,0.25103489187258476,0.2976421544986234,0.009395872869114943,0.0430074222250453,0.40715,189106.0,0.06228,182727.1,0,2.0,0
2887,2023-01-22 17:05:59.999,0.4042785869928841,0.4077,0.0620613602125523,0.06235,-0.8972236691569293,-0.9056510669017889,-2.7749916068560916,-2.7796317025006374,0.03880485092840613,0.04343906988200308,0.04065168251417118,0.009388588845852003,0.04065125510579678,0.009387544425084934,-0.19668659809020733,0.2968909826169885,0.25103489187258476,0.009395648293488601,0.043439069882003,0.4076999999999999,125200.0,0.06235,99655.7,0,2.0,0
2888,2023-01-22 17:06:59.999,0.4044544394462238,0.40794998,0.062093465336694,0.06235,-0.8966107101329449,-0.9052161830764418,-2.7749916068560916,-2.7791145236521264,0.03881695212388081,0.04405202890598747,0.04065299785658422,0.009388667105190797,0.040652572944357264,0.00938762218549611,-0.19553629068205267,0.36203552765482505,0.2968909826169885,0.009395413128557246,0.0440520779316044,0.40795,645309.0,0.06235,115848.9,0,2.0,0
2889,2023-01-22 17:07:59.999,0.4045735281034149,0.4083,0.0620644704145089,0.06237,-0.895753080656607,-0.9049217837161528,-2.774670888444106,-2.7795815888064683,0.039493167242573235,0.04464747795082036,0.04065446260718901,0.009388796577056149,0.04065419385102964,0.009387726718623262,-0.12367494743463024,0.42529575658176155,0.36203552765482505,0.009395160748789513,0.0446474779508203,0.4083,266841.0,0.06237,96903.6,0,2.0,0
2890,2023-01-22 17:08:59.999,0.4047760277420366,0.40855,0.06208663915895,0.06239,-0.8951409731514205,-0.9044213827673053,-2.7743502728594422,-2.7792244636103605,0.03970162599378679,0.04499748908363521,0.04065606113322186,0.00938894800595679,0.04065584025029212,0.009387872736424184,-0.10164328845267064,0.46239769861958424,0.42529575658176155,0.009394944550329102,0.0449974890836348,0.4085499999999999,366658.0,0.06239,319122.5,0,2.0,0
2891,2023-01-22 17:09:59.999,0.4049561183857668,0.4086,0.0621306077613468,0.062385,-0.8950185965986153,-0.9039765674106203,-2.7744304171191523,-2.7785165328628483,0.03956772312937151,0.04518538185193721,0.040658097614631045,0.009388976095292496,0.04065784527154258,0.00938790424790268,-0.11611986162029785,0.48219147555142733,0.46239769861958424,0.00939465333315132,0.0451853818519369,0.4085999999999999,157069.0,0.0623849999999999,34466.6,0,2.0,0
2892,2023-01-22 17:10:59.999,0.4050230408597065,0.4087,0.0621423970178633,0.06239,-0.8947738884119054,-0.9038113224822092,-2.7743502728594422,-2.778326801286424,0.039577866558404895,0.04536457382315029,0.04066055143576394,0.009388820588842984,0.04066030087226537,0.009387748553770654,-0.115302866034445,0.5010237806627467,0.48219147555142733,0.009394340444331767,0.04536457382315,0.4086999999999999,206953.0,0.06239,23807.6,0,2.0,0
2893,2023-01-22 17:11:59.999,0.4049856409511017,0.40855,0.0621486027552055,0.062385,-0.8951409731514205,-0.9039036669458458,-2.7744304171191523,-2.778226943093012,0.03940389016077406,0.045063005299131986,0.04066301469521393,0.009388579366360459,0.04066272329865424,0.009387512451505313,-0.13409656119053381,0.468653502539835,0.5010237806627467,0.009394117885563224,0.0450630052991316,0.4085499999999999,314047.0,0.0623849999999999,57862.2,0,2.0,0
2894,2023-01-22 17:12:59.999,0.4047802210046137,0.4087,0.0621376041602038,0.062395,-0.8947738884119054,-0.9044110233572368,-2.7742701350223196,-2.7784039312770332,0.039041217798454375,0.0452990628579808,0.04066535460338984,0.009388474858128201,0.040664978732803184,0.009387420925307269,-0.17297199595805487,0.49355282137005063,0.468653502539835,0.009394001516794648,0.0452990628579805,0.4086999999999999,662604.0,0.062395,148923.9,0,2.0,0
2895,2023-01-22 17:13:59.999,0.4046578825689253,0.4087,0.0621493271949296,0.0624,-0.8947738884119054,-0.9047133032624693,-2.7741900036067553,-2.7782152865879617,0.03858472490097198,0.045233557142298375,0.04066758835284208,0.009388413517827612,0.04066710632010617,0.009387380548774584,-0.2218277407967684,0.4863408264650891,0.49355282137005063,0.009393957380700138,0.0452335571422983,0.4087,151639.0,0.0624,13552.9,0,2.0,0
2896,2023-01-22 17:14:59.999,0.4046237324388178,0.40875,0.0621607191207017,0.0624,-0.8946515567706739,-0.9047976994219632,-2.7741900036067553,-2.7780320041238062,0.03835049925323031,0.04535588878352992,0.04066983662283765,0.00938837302602235,0.04066929986343714,0.00938735289096431,-0.24701325678709354,0.49913357167462774,0.4863408264650891,0.00939388554239914,0.0453558887835296,0.4087499999999999,154162.0,0.0624,26520.2,0,2.0,0
2897,2023-01-22 17:15:59.999,0.4047475135565119,0.4086,0.0621683057379352,0.06239,-0.8950185965986153,-0.9044918296019724,-2.7743502728594422,-2.7779099631562763,0.038556603196574946,0.04511986563644044,0.040672075749167744,0.00938828058217722,0.0406715861697758,0.009387249316450462,-0.22530380326583027,0.47375979534702123,0.49913357167462774,0.009393795791011383,0.0451198656364402,0.4085999999999999,503042.0,0.06239,224391.5,0,2.0,0
2898,2023-01-22 17:16:59.999,0.404853952538262,0.40815,0.062152064510427,0.06237,-0.896120525084772,-0.9042288879280231,-2.774670888444106,-2.77817124338844,0.039033135863284274,0.044280033522655304,0.040674033602505225,0.009388150871250805,0.04067365385297058,0.009387097651478379,-0.1747630684792056,0.38410118985120695,0.47375979534702123,0.009393649586273803,0.0442800335226554,0.40815,395867.0,0.0623699999999999,27539.4,0,2.0,0
2899,2023-01-22 17:17:59.999,0.4048056850908114,0.4083,0.0621128398771193,0.06236,-0.895753080656607,-0.9043481169108316,-2.774831234792561,-2.778802550108608,0.03942998660062913,0.04477855765581151,0.04067547385477762,0.009388303186214392,0.040675185614265204,0.009387235882958131,-0.13264810101306237,0.437042106507466,0.38410118985120695,0.00939347924151286,0.0447785576558115,0.4083,92834.0,0.06236,75926.1,0,2.0,0
2900,2023-01-22 17:18:59.999,0.4047960555628218,0.4085,0.0620864302714222,0.06237,-0.8952633646820796,-0.9043719052193456,-2.774670888444106,-2.7792278280681892,0.039753853913949366,0.04513719392534776,0.040676906362072315,0.009388511734242913,0.04067669274197323,0.009387435789602471,-0.0983057406417633,0.4750792979261397,0.437042106507466,0.009393268093314115,0.0451371939253477,0.4085,212956.0,0.0623699999999999,53176.8,0,2.0,0
2901,2023-01-22 17:19:59.999,0.4047268567463402,0.4088,0.0620933124488013,0.0624,-0.8945292400926423,-0.904542867191139,-2.7741900036067553,-2.779116985877098,0.03949228082535294,0.04547820546156145,0.04067850856985529,0.0093887403645574,0.04067823404364736,0.009387671234004122,-0.12633092795140094,0.5112184068722434,0.4750792979261397,0.009393017362975093,0.0454782054615614,0.4088,190171.0,0.0624,243799.2,0,2.0,0
2902,2023-01-22 17:20:59.999,0.4047232774972119,0.40925,0.0621365090562282,0.062415,-0.8934290627308927,-0.9045517108467934,-2.773949647879123,-2.7784215552849183,0.03891493755780984,0.04638189716476937,0.040680372676207124,0.009389073120837303,0.040679964105247074,0.00938802501862865,-0.18800829183293574,0.607251047593694,0.5112184068722434,0.009392775919867053,0.0463818971647693,0.40925,890593.0,0.062415,49868.9,0,2.0,0
2903,2023-01-22 17:21:59.999,0.4048633224833303,0.40935,0.0621615160043982,0.062425,-0.8931847431596799,-0.9042057441830205,-2.7737894428163,-2.778019184475001,0.03893197470389187,0.046495252528969355,0.04068218805511985,0.009389439077963094,0.04068178300690156,0.00938839027248495,-0.18638001321035277,0.6191066820479941,0.607251047593694,0.009392507196575967,0.0464952525289699,0.40935,482089.0,0.0624249999999999,375895.0,0,2.0,0
2904,2023-01-22 17:22:59.999,0.4049878324299961,0.4097,0.0621714954949291,0.062475,-0.8923300944293117,-0.9038982557096351,-2.772988802261121,-2.777858656061316,0.03910823463786084,0.046695394756459785,0.040683845131419503,0.009389868467739594,0.040683480491175684,0.009388812455593334,-0.1677790307097253,0.6402165957589213,0.6191066820479941,0.009392234938220667,0.0466953947564596,0.4096999999999999,644064.0,0.062475,1261720.6,0,2.0,0
2905,2023-01-22 17:23:59.999,0.4051609442867229,0.41030002,0.0622086552528023,0.062529996,-0.890866630789177,-0.9034708975148524,-2.7721089013722273,-2.777261136943428,0.03904713375357027,0.04743955826878632,0.04068592874820279,0.009390368608901729,0.040685549485301925,0.009389315039683318,-0.17449789732339324,0.7192081378127516,0.6402165957589213,0.00939196094167153,0.0474394572304368,0.4103,690146.0,0.06253,237682.8,0,2.0,0
2906,2023-01-22 17:24:59.999,0.4052949939057518,0.4111,0.0622512247532043,0.06256,-0.8889187850783042,-0.9031400970013779,-2.771629182745081,-2.7765770690805955,0.038818723442989755,0.04899524427829527,0.04068854354744773,0.009391109282796435,0.04068811081888849,0.009390065611720833,-0.1990813965735592,0.8845281724135167,0.7192081378127516,0.009391685641841195,0.0489952442782952,0.4111,601706.0,0.06256,523262.0,0,2.0,0
2907,2023-01-22 17:25:59.999,0.40539942611184,0.41175,0.0622833134330087,0.062575,-0.8873389099243874,-0.9028824605749088,-2.771389441664299,-2.7760617312316436,0.03865508221728886,0.05037913623430401,0.04069132867565769,0.00939219861978561,0.04069085743139516,0.009391162825723722,-0.21677562745797813,1.0314738806990287,0.8845281724135167,0.009391425884014216,0.050379136234304,0.41175,1671147.0,0.062575,349790.0,0,2.0,0
2908,2023-01-22 17:26:59.999,0.4054644765935577,0.4116,0.0623189892005513,0.062565,-0.8877032750222424,-0.9027220132257538,-2.771549262665119,-2.7754890970545305,0.038347413393379215,0.050145421381001754,0.040693870807810666,0.00939327088048345,0.04069332777207486,0.009392251702664707,-0.24977124261161726,1.0062044088208641,1.0314738806990287,0.009391425884014216,0.0501454213810017,0.4116,645477.0,0.062565,367317.2,0,2.5,0
2909,2023-01-22 17:27:59.999,0.4054279003615306,0.41105,0.0623383624076521,0.06255,-0.8890404173839945,-0.9028122255229499,-2.771789042069217,-2.775178273713479,0.038003109673198865,0.04900429354564739,0.040695778722735436,0.009394121563568806,0.04069515556396442,0.009393123768009142,-0.2865975108231892,0.8844376524924987,1.0062044088208641,0.009391425884014216,0.0490042935456473,0.41105,298857.0,0.06255,263737.3,0,2.5,0
2910,2023-01-22 17:28:59.999,0.4053488573619512,0.4106,0.06233355443898,0.062535,-0.8901357743973038,-0.9030072064448297,-2.772028878981267,-2.7752554036525394,0.03787118082425611,0.04810499807025492,0.040697217631674526,0.009394780246602471,0.040696563607882014,0.009393791432824162,-0.30077129174417644,0.7884995970245655,0.8844376524924987,0.009391425884014216,0.0481049980702548,0.4105999999999999,86513.0,0.062535,99830.5,0,2.5,0
2911,2023-01-22 17:29:59.999,0.4053158503950939,0.41085,0.0623040755199486,0.062535,-0.8895270946049402,-0.9030886383033027,-2.772028878981267,-2.7757284376726954,0.038176444144127575,0.0487136778626186,0.040698946972372085,0.009395568093417015,0.040698363194814055,0.0093945591884679,-0.26844463908239685,0.8530331333410288,0.7884995970245655,0.009391425884014216,0.0487136778626187,0.41085,171342.0,0.062535,31045.3,0,2.5,0
2912,2023-01-22 17:30:59.999,0.4053268527173797,0.41065,0.0622791605711792,0.06254,-0.8900140087959357,-0.9030614936136773,-2.771948926952442,-2.776128410411938,0.038530557980037794,0.04816140460075691,0.040700705120765054,0.009396253691349027,0.040700202888147435,0.009395224341379243,-0.2309306121147004,0.7940078807004534,0.8530331333410288,0.009391425884014216,0.0481614046007567,0.41065,565683.0,0.06254,425164.5,0,2.5,0
2913,2023-01-22 17:31:59.999,0.4053394824249037,0.4112,0.0622692850799707,0.06264,-0.8886755648411817,-0.9030303347830277,-2.770351227299589,-2.7762869911341235,0.038691353154025165,0.0481937633145455,0.04070250293337102,0.009396944164285442,0.040702037497180474,0.009395906544613938,-0.21399577929049357,0.7972017551882652,0.7940078807004534,0.009391425884014216,0.0481937633145455,0.4112,720458.0,0.06264,1574524.0,0,2.5,0
2914,2023-01-22 17:32:59.999,0.4054147714560807,0.4108,0.0623937909353779,0.062584996,-0.8896488009277339,-0.9028446088838838,-2.7712297101152306,-2.774289512798369,0.037244183302820644,0.04793866811129521,0.04070416235184254,0.009397588866246436,0.04070336161612186,0.009396648759297962,-0.3681289363804697,0.7698257353476095,0.7972017551882652,0.009391425884014216,0.0479386158637213,0.4108,314535.0,0.062585,598959.6,0,2.5,0
2915,2023-01-22 17:33:59.999,0.4052925777877907,0.41075,0.0623601000437911,0.0626,-0.8897705220647596,-0.9031460584003568,-2.7709900008760844,-2.774829630499571,0.037384268436908785,0.047620989806216985,0.04070598675486164,0.00939816644053448,0.04070521801653303,0.009397214714575082,-0.3533972225273787,0.7357821437946449,0.7698257353476095,0.009391425884014216,0.0476209898062169,0.41075,276689.0,0.0625999999999999,322295.2,0,2.5,0
2916,2023-01-22 17:34:59.999,0.4052541844753135,0.41075,0.0624079566208545,0.06259,-0.8897705220647596,-0.9032407927557164,-2.7711497580455267,-2.7740625017858664,0.036662422791200466,0.04775158786998568,0.04070809379284919,0.009398725423776302,0.0407071575116639,0.009397839282277536,-0.43038985866581075,0.7494094953894814,0.7357821437946449,0.009391425884014216,0.0477515878699854,0.4107499999999999,227248.0,0.06259,153721.0,0,2.5,0
2917,2023-01-22 17:35:59.999,0.4052397876071319,0.4108,0.0624440088303887,0.06263,-0.8896488009277339,-0.9032763189130452,-2.7705108824448157,-2.773484982474802,0.03615478696844898,0.0473510418891514,0.04070993068608594,0.00939924808410787,0.04070887649869468,0.009398415808611555,-0.4845592728588248,0.706557710110255,0.7494094953894814,0.009391425884014216,0.0473510418891514,0.4108,294990.0,0.0626299999999999,605900.7,0,2.5,0
2918,2023-01-22 17:36:59.999,0.4052450940810837,0.41085,0.0624879814327594,0.062635,-0.8895270946049402,-0.9032632243468866,-2.770431051685982,-2.7727810378070843,0.03559242184835143,0.04740748827669916,0.040711457930426624,0.009399800185897068,0.04071027324260388,0.009399034976539935,-0.5445081763209358,0.7123587963411057,0.706557710110255,0.009391425884014216,0.0474074882766992,0.41085,429918.0,0.062635,316701.7,0,2.5,0
2919,2023-01-22 17:37:59.999,0.4052583477860151,0.41055,0.0624519003345245,0.06258,-0.8902575548273393,-0.9032305194766839,-2.771309540741401,-2.773358613177375,0.03609728221119313,0.04739517403848659,0.04071270547662338,0.009400329512453504,0.04071163733886234,0.009399503886154341,-0.4909147529016137,0.7108759914224612,0.7123587963411057,0.009391425884014216,0.0473951740384865,0.4105499999999999,106858.0,0.06258,249714.0,0,2.5,0
2920,2023-01-22 17:38:59.999,0.4051941659086884,0.4102,0.0623373761918559,0.062575,-0.8911104333438568,-0.9033889047648441,-2.771389441664299,-2.775194094206019,0.037439363345056154,0.04660761281483461,0.040713505611228176,0.009400684124611841,0.0407127478833258,0.009399728208770448,-0.34824246675722026,0.626987049610052,0.7108759914224612,0.009391425884014216,0.0466076128148351,0.4102,165689.0,0.0625749999999999,144107.1,0,2.5,0
2921,2023-01-22 17:39:59.999,0.4051550587431771,0.4098,0.062311619026352,0.06255,-0.8920860431773376,-0.9034854240539407,-2.771789042069217,-2.7756073693523673,0.03768068763509502,0.04595866775230428,0.04071401964253564,0.009400910202520176,0.0407133176448482,0.009399935563854376,-0.32262242535093194,0.5578872680182254,0.626987049610052,0.009391425884014216,0.0459586677523042,0.4098,273133.0,0.06255,200914.0,0,2.5,0
2922,2023-01-22 17:40:59.999,0.4051442411241239,0.4092,0.062289565392272,0.062525,-0.8935512449046656,-0.903512124358521,-2.772188802218454,-2.7759613569073522,0.037943364573744254,0.04482026138348627,0.04071416370977594,0.009400968359787548,0.040713522469522284,0.009399974960335396,-0.2946984335029749,0.43677390632161717,0.5578872680182254,0.009391584603003334,0.0448202613834862,0.4092,784180.0,0.062525,285012.4,0,2.5,0
2923,2023-01-22 17:41:59.999,0.4051056780843519,0.4091,0.0622816503327341,0.06251,-0.8937956540467841,-0.903607312371224,-2.772428735038416,-2.776088433768608,0.03795205917293121,0.04477199218194772,0.04071438488229749,0.009401052584176497,0.040713745603031266,0.009400058597120215,-0.2937945972960343,0.43161202039012525,0.43677390632161717,0.009392469719000816,0.0447719921819476,0.4091,348489.0,0.06251,204640.8,0,2.5,0
2924,2023-01-22 17:42:59.999,0.4051327296199538,0.409,0.0622741899369003,0.062505,-0.8940401229393353,-0.9035405381098345,-2.7725087254396104,-2.776208225756307,0.03811676081813209,0.044592913728852546,0.040714698225255745,0.009401159293279513,0.04071409699003077,0.009400154448372191,-0.276307818787856,0.4125252410486408,0.43161202039012525,0.009393290684212897,0.0445929137288527,0.409,168996.0,0.062505,70697.8,0,2.5,0
2925,2023-01-22 17:43:59.999,0.4050483102587131,0.4092,0.0622628006777775,0.06251,-0.8935512449046656,-0.9037489344000238,-2.772428735038416,-2.7763911313990133,0.0380578859727283,0.045016401324066146,0.04071490124998022,0.009401242718615562,0.04071428634248723,0.009400241683990628,-0.2825885183657557,0.45754590141242185,0.4125252410486408,0.009393983371735096,0.0450164013240661,0.4092,174858.0,0.06251,142914.7,0,2.5,0
2926,2023-01-22 17:44:59.999,0.4049411474399705,0.40915,0.0622621837929081,0.062505,-0.8936734420087463,-0.9040135373978759,-2.7725087254396104,-2.7764010392078284,0.037801382396341676,0.04495959465944155,0.04071508881170676,0.009401319318488139,0.040714414498720104,0.009400335872342912,-0.30988595960161075,0.45147980873150073,0.45754590141242185,0.009394725476695735,0.0449595946594416,0.40915,150734.0,0.062505,333279.1,0,2.5,0
2927,2023-01-22 17:45:59.999,0.4047738462471006,0.40925,0.0622599580296331,0.06249,-0.8934290627308927,-0.9044267721695054,-2.7727487350411466,-2.7764367880833722,0.037417371564672175,0.04540017664516727,0.040715011980845,0.009401279673678717,0.04071424881481488,0.009400325581024372,-0.3507194747379627,0.49835392914004933,0.45147980873150073,0.009395394892187917,0.0454001766451672,0.40925,59175.0,0.06249,47124.8,0,2.5,0
2928,2023-01-22 17:46:59.999,0.4047687095004436,0.40965,0.0622525563000837,0.062529996,-0.8924521423943134,-0.9044394626614891,-2.7721089013722273,-2.7765556794188813,0.03750187219262724,0.045854046663650005,0.04071481959315806,0.009401166002979949,0.04071407602745555,0.00940020513907163,-0.34171635483537405,0.546658475008625,0.49835392914004933,0.009396092098284944,0.0458539943701199,0.4096499999999999,109652.0,0.06253,261205.6,0,2.5,0
2929,2023-01-22 17:47:59.999,0.4049720827354355,0.4097,0.0623032030811889,0.06254,-0.8923300944293117,-0.9039371457689274,-2.771948926952442,-2.775742440687118,0.037339383842826424,0.04584531896738098,0.04071510148118365,0.009401301575733661,0.04071432024590516,0.009400353892475602,-0.3590222710423876,0.5456922581272446,0.546658475008625,0.009396790248117242,0.0458453189673804,0.4096999999999999,90389.0,0.06254,80647.7,0,2.5,0
2930,2023-01-22 17:48:59.999,0.405115082973275,0.4098,0.0623119150244233,0.062584996,-0.8920860431773376,-0.9035840967505548,-2.7712297101152306,-2.77560261907669,0.03757813168987334,0.04550142586169148,0.04071562955082726,0.009401506333799069,0.040714903446254024,0.009400539529425222,-0.33367997087423296,0.5090456934181864,0.5456922581272446,0.009397370856500695,0.0455013736141176,0.4098,522659.0,0.062585,393115.9,0,2.5,0
2931,2023-01-22 17:49:59.999,0.4052028669285359,0.4093,0.0623455770273095,0.062529996,-0.8933068954837797,-0.9033674312907437,-2.7721089013722273,-2.7750625471860983,0.0373532999483156,0.04499929357418364,0.040716438393629276,0.009401724520959725,0.04071566006952714,0.009400775739266459,-0.35766836849082273,0.45553931845231016,0.5090456934181864,0.009397983413861041,0.0449992412806536,0.4093,273128.0,0.06253,526613.6,0,2.5,0
2932,2023-01-22 17:50:59.999,0.4050452851192824,0.4091,0.0622700708526285,0.062525,-0.8937956540467841,-0.903756403017102,-2.772188802218454,-2.7762743722691563,0.037954969268156336,0.04457585224136784,0.04071717874976048,0.009401902477253732,0.04071653949739261,0.009400908375456674,-0.2937556796581504,0.41041411575399217,0.45553931845231016,0.00939857060059365,0.0445758522413677,0.4091,173900.0,0.062525,44997.4,0,2.5,0
2933,2023-01-22 17:51:59.999,0.4048808692904239,0.40895,0.0622626117901194,0.062529996,-0.894162379801154,-0.9041624050463533,-2.7721089013722273,-2.776394165119671,0.037646895328049546,0.044143809256809385,0.0407178850969341,0.009402045258282473,0.040717174384189626,0.009401073303380372,-0.3265881412749001,0.36438073480419697,0.41041411575399217,0.009399152203943537,0.0441437569632796,0.40895,113320.0,0.06253,40722.8,0,2.5,0
2934,2023-01-22 17:52:59.999,0.4047548018462294,0.40925,0.0622755988166092,0.062565,-0.8934290627308927,-0.9044738227610306,-2.771549262665119,-2.7761856021979203,0.0371649818925871,0.044419633672351466,0.04071895144499084,0.009402203802426545,0.04071812895724439,0.00940127120141815,-0.3779432577289447,0.3935973209180539,0.36438073480419697,0.009399559966808368,0.0444196336723514,0.40925,289411.0,0.062565,77218.4,0,2.5,0
2935,2023-01-22 17:53:59.999,0.4048521454417704,0.40925,0.062324095833944,0.06258,-0.8934290627308927,-0.9042333515142457,-2.771309540741401,-2.7754071569550196,0.03676909082882329,0.044223666134933115,0.04072005469230992,0.009402335356245588,0.0407191403289997,0.009401439400403645,-0.42015369476367825,0.3726320440480657,0.3935973209180539,0.00939978004754143,0.0442236661349331,0.40925,264045.0,0.06258,15229.9,0,2.5,0
2936,2023-01-22 17:54:59.999,0.4049514558771394,0.4093,0.0623391317359726,0.062565,-0.8933068954837797,-0.90398808109138,-2.771549262665119,-2.7751659326197506,0.036817165525011464,0.04454180091946447,0.040720967281122004,0.009402514924686802,0.04072006383243973,0.00940161438603151,-0.41513065173434616,0.4063629432068928,0.3726320440480657,0.009399945412974632,0.0445418009194644,0.4093,282916.0,0.062565,359396.9,0,2.5,0
2937,2023-01-22 17:55:59.999,0.4050583042011886,0.40935,0.062301835534544,0.062525,-0.8931847431596799,-0.9037242612463978,-2.772188802218454,-2.775764390788978,0.03757021210342115,0.04518676312847203,0.04072208354890849,0.00940275878445809,0.040721354117886625,0.009401792931377157,-0.3351639455862702,0.47482655696147963,0.4063629432068928,0.0093999958695316,0.0451867631284721,0.40935,85849.0,0.062525,598753.9,0,2.5,0
2938,2023-01-22 17:56:59.999,0.4050802539339883,0.40925,0.0622388906113493,0.06251,-0.8934290627308927,-0.9036700736445743,-2.772428735038416,-2.776775223638638,0.03845073390621068,0.04513858349783906,0.040723181626067105,0.009402997496919389,0.04072265571824025,0.009401972917141725,-0.24164309257766445,0.4695738644212685,0.47482655696147963,0.00940008255993321,0.045138583497839,0.40925,104127.0,0.06251,96271.1,0,2.5,0
2939,2023-01-22 17:57:59.999,0.4050008265520061,0.40925,0.062222524495766,0.062485,-0.8934290627308927,-0.9038661710085296,-2.7728287510443903,-2.7770382146332935,0.03846962604670501,0.045465588013750224,0.04072443263106469,0.009403268849283462,0.04072391080588895,0.009402243253584276,-0.23976031021369001,0.5042028956820492,0.4695738644212685,0.00940016712104705,0.0454655880137502,0.40925,214759.0,0.062485,61741.0,0,2.5,0
2940,2023-01-22 17:58:59.999,0.4049354765515328,0.4094,0.0622139596626841,0.062495,-0.8930626057549479,-0.9040275417246334,-2.772668725439952,-2.777175872542119,0.03842078772221702,0.0457012274860672,0.0407256653714402,0.009403572131972633,0.040725131958422554,0.0094025493082214,-0.24507653835866217,0.5291140478106005,0.5042028956820492,0.00940021427530138,0.045701227486067,0.4094,27395.0,0.0624949999999999,89733.3,0,2.5,0
2941,2023-01-22 17:59:59.999,0.4049575960116273,0.4092,0.0622517185277647,0.062485,-0.8935512449046656,-0.9039729185630103,-2.7728287510443903,-2.7765691371466605,0.037979417695279905,0.04534340583997731,0.040726640223912085,0.009403832498772954,0.04072600443994342,0.009402837138473003,-0.2921019160722752,0.49094511377862593,0.5291140478106005,0.009400262658249064,0.0453434058399773,0.4092,237324.0,0.062485,158348.2,0,2.5,0
2942,2023-01-22 18:00:59.999,0.4049361804206083,0.4094,0.0622547042860878,0.062525,-0.8930626057549479,-0.9040258035008804,-2.772188802218454,-2.7765211756318053,0.03788732524642713,0.04530890053320402,0.04072737094367177,0.009404065884362189,0.04072671367783117,0.00940307687549378,-0.3019637581400651,0.4871860369620308,0.49094511377862593,0.009400328153854007,0.0453089005332039,0.4094,277862.0,0.062525,284867.7,0,2.5,0
2943,2023-01-22 18:01:59.999,0.4050482503549619,0.40925,0.0622862600804755,0.0625,-0.8934290627308927,-0.9037490822928902,-2.772588722239781,-2.776014421966881,0.03774978618880276,0.0452693696077775,0.04072782713684682,0.009404238404152452,0.040727137935053705,0.009403259251097815,-0.3166297628030776,0.4829250680124566,0.4871860369620308,0.009400340377376085,0.0452693696077775,0.40925,62711.0,0.0625,79820.4,0,2.5,0
2944,2023-01-22 18:02:59.999,0.4050126176070147,0.4093,0.0622313684381403,0.06251,-0.8933068954837797,-0.9038370577756705,-2.772428735038416,-2.776896090635712,0.03838255595606088,0.04526075074495206,0.040727620412108395,0.009404128942586805,0.04072707769874203,0.009403108349562237,-0.24933475777616637,0.4820361737401627,0.4829250680124566,0.009400400301713007,0.045260750744952,0.4093,46248.0,0.06251,69566.5,0,2.5,0
2945,2023-01-22 18:03:59.999,0.4050786415246878,0.4092,0.0622291657858258,0.06251,-0.8935512449046656,-0.9036740541212672,-2.772428735038416,-2.7769314858287095,0.03857449442251892,0.045016401324066146,0.040726606768452876,0.009403430590207705,0.04072610870959013,0.009402399406352839,-0.22883672497654592,0.4561946317847513,0.4820361737401627,0.00940059858188553,0.0450164013240661,0.4092,49131.0,0.06251,57171.2,0,2.5,0
2946,2023-01-22 18:04:59.999,0.4050250526273476,0.4094,0.0622384563919564,0.06254,-0.8930626057549479,-0.9038063554496162,-2.771948926952442,-2.7767822003199916,0.03832015538872391,0.045112807641744745,0.04072630069538809,0.009403266298184396,0.04072574384620812,0.009402249381970217,-0.25585244123572964,0.4664875807253927,0.4561946317847513,0.009400808898314014,0.0451128076417441,0.4094,280871.0,0.06254,134184.7,0,2.5,0
2947,2023-01-22 18:05:59.999,0.4050080249860968,0.4095,0.062302059977526,0.062529996,-0.892818375689013,-0.9038483972914222,-2.7721089013722273,-2.775760788285524,0.03744313108899422,0.04548781336895036,0.04072654934675642,0.009403377999698174,0.040725789472130694,0.009402422482747688,-0.34912900256925883,0.506335491601716,0.4664875807253927,0.009400949607437599,0.0454877610754205,0.4095,56597.0,0.06253,290733.9,0,2.5,0
2948,2023-01-22 18:06:59.999,0.404995515086075,0.4095,0.0623309300116359,0.062525,-0.892818375689013,-0.9038792857984568,-2.772188802218454,-2.775297507502021,0.03703352046564978,0.0455531305991389,0.04072689679284293,0.009403528600099053,0.04072604204247792,0.009402608254714648,-0.39271247687859767,0.5132364680897696,0.506335491601716,0.009401122777889816,0.045553130599139,0.4095,34932.0,0.062525,171294.7,0,2.5,0
2949,2023-01-22 18:07:59.999,0.4049764357413489,0.40965,0.0623698764245342,0.06254,-0.8924521423943134,-0.903926396923009,-2.771948926952442,-2.774672869774685,0.03647578137972374,0.04572327100237927,0.04072756008064994,0.009403779940748645,0.04072657610039053,0.009402914146833996,-0.4520720549275731,0.5312449837412527,0.5132364680897696,0.009401313251164525,0.0457232710023787,0.4096499999999999,158485.0,0.06254,231450.9,0,2.5,0
2950,2023-01-22 18:08:59.999,0.4050041811620678,0.4097,0.0623812901279422,0.062545,-0.8923300944293117,-0.903857888071931,-2.7718689813154325,-2.7744898862602976,0.0363947051275848,0.04577996512168714,0.04072805068389712,0.009403988228326008,0.040727047826790826,0.009403131020738142,-0.46073405652343397,0.5372097789928116,0.5312449837412527,0.009401483146810611,0.045779965121687,0.4096999999999999,149443.0,0.062545,54905.1,0,2.5,0
2951,2023-01-22 18:09:59.999,0.4050180938082612,0.40945,0.0623409130576991,0.06252,-0.8929404832659399,-0.903823536803763,-2.772268773428861,-2.775137358332188,0.03695835094465205,0.04549639777361014,0.04072814307082945,0.009404033112616467,0.040727270635715775,0.009403119716333997,-0.4008158786404471,0.5070435892429596,0.5372097789928116,0.009401659022367921,0.0454963977736104,0.40945,91406.0,0.0625199999999999,203361.2,0,2.5,0
2952,2023-01-22 18:10:59.999,0.4049535025886353,0.40935,0.0622723872819795,0.062525,-0.8931847431596799,-0.9039830268897122,-2.772188802218454,-2.7762371732386253,0.03769793598494897,0.04518676312847203,0.040728217916047256,0.009404067311039368,0.04072751662423261,0.00940309204147499,-0.32218983137895674,0.4741081773405555,0.5070435892429596,0.0094018379278183,0.0451867631284721,0.40935,103890.0,0.062525,61939.5,0,2.5,0
2953,2023-01-22 18:11:59.999,0.4049662421197031,0.40915,0.0622544029547179,0.062495,-0.8936734420087463,-0.9039515681404914,-2.772668725439952,-2.776526015942311,0.03796551745696719,0.04509039123226877,0.040728605508763185,0.009404212585224081,0.04072796605306964,0.00940321825275863,-0.29377693060479915,0.46381190173846437,0.4741081773405555,0.009402040501252363,0.0450903912322688,0.40915,67715.0,0.062495,153806.7,0,2.5,0
2954,2023-01-22 18:12:59.999,0.405001695156397,0.4086,0.0622259102514827,0.062429998,-0.8950185965986153,-0.9038640263130068,-2.773709381944365,-2.776983802446842,0.03842728994539846,0.044595951042256665,0.04072883330196946,0.00940429433985592,0.0407283006606002,0.009403271238549095,-0.24470321623486269,0.41120764626625345,0.46381190173846437,0.00940224478568076,0.0445959248536107,0.4086,767302.0,0.06243,382933.0,0,2.5,0
2955,2023-01-22 18:13:59.999,0.4049706400534298,0.40825,0.0621718670480637,0.062425,-0.8958755471315626,-0.9039407081986279,-2.7737894428163,-2.7778526798173573,0.03906089669745216,0.04380444855708665,0.04072910233425884,0.009404365697022006,0.04072871626491452,0.009403311655385278,-0.17736512715785563,0.327012615407082,0.41120764626625345,0.009402286888065874,0.0438044485570867,0.40825,285017.0,0.062425,129242.4,0,2.5,0
2956,2023-01-22 18:14:59.999,0.4049358010301846,0.40875,0.0621820749815505,0.062485,-0.8946515567706739,-0.9040267404154357,-2.7728287510443903,-2.7776885043462283,0.038840654549893716,0.04424309397396908,0.040729860913595414,0.00940451694446347,0.04072942369851471,0.009403472556968768,-0.20085868674346888,0.3735686884419878,0.327012615407082,0.009402405175451552,0.0442430939739688,0.4087499999999999,47787.0,0.062485,290653.2,0,2.5,0
2957,2023-01-22 18:15:59.999,0.4049992740464567,0.409,0.0622442923539302,0.06252,-0.8940401229393353,-0.9038700043550891,-2.772268773428861,-2.7766884369345126,0.03817985692418091,0.044396758100214706,0.040730755100785165,0.009404681908419638,0.040730164751751,0.00940367364516885,-0.27120335347668245,0.3898061662401908,0.3735686884419878,0.009402454189116116,0.0443967581002153,0.409,32508.0,0.0625199999999999,71858.8,0,2.5,0
2958,2023-01-22 18:16:59.999,0.4049023298092563,0.40875,0.062274292602898,0.062485,-0.8946515567706739,-0.9041094019243787,-2.7728287510443903,-2.776206577145331,0.03754654929943069,0.04424309397396908,0.04073152289071454,0.009404833227651737,0.04073078579893225,0.009403869688076496,-0.3386091688976691,0.3733794101664611,0.3898061662401908,0.009402564044844712,0.044243093973969,0.40875,79736.0,0.062485,118227.4,0,2.5,0
2959,2023-01-22 18:17:59.999,0.4046740515897437,0.40855,0.0622407625991517,0.062455,-0.8951409731514205,-0.9046733467992728,-2.7733089815642646,-2.7767451466299984,0.037422873441246174,0.04414625575592612,0.04073212064530339,0.009404968178869183,0.0407313547931386,0.00940401455026068,-0.35181584781796366,0.3630139991641348,0.3733794101664611,0.009402665475654238,0.0441462557559257,0.4085499999999999,95096.0,0.062455,91687.8,0,2.5,0
2960,2023-01-22 18:18:59.999,0.4045799827325962,0.4088,0.0622157289844888,0.0625,-0.8945292400926423,-0.9049058296874178,-2.772588722239781,-2.7771474336410167,0.03751925156698721,0.04416919224602789,0.040732653309026444,0.009405097663084044,0.040731909638176626,0.009404136327010934,-0.3416218097521504,0.36539109535142905,0.3630139991641348,0.009402856390563251,0.0441691922460278,0.4088,45178.0,0.0625,66782.4,0,2.5,0
2961,2023-01-22 18:19:59.999,0.4047619603444861,0.40895,0.0622720157288449,0.062535,-0.894162379801154,-0.9044561369054902,-2.772028878981267,-2.776243139835688,0.03722970353445554,0.044078392666404786,0.04073314445202592,0.009405216967577514,0.04073233365801584,0.009404279581343345,-0.37245065858196985,0.35568006840362065,0.36539109535142905,0.009402954828998942,0.044078392666405,0.40895,152929.0,0.062535,139722.8,0,2.5,0
2962,2023-01-22 18:20:59.999,0.4049457949726602,0.40905,0.0623084914911749,0.062555,-0.8939178810224298,-0.9040020604065914,-2.771709109212774,-2.7756575624578743,0.037205083070981027,0.04406148650935782,0.040733536418732834,0.009405320384569382,0.040732719836148304,0.009404385148337958,-0.3751055182794931,0.35383697253789526,0.35568006840362065,0.009403080666989083,0.0440614865093578,0.40905,111166.0,0.062555,102581.5,0,2.5,0
2963,2023-01-22 18:21:59.999,0.405040932113369,0.4091,0.0623130190172298,0.062545,-0.8937956540467841,-0.9037671500359276,-2.7718689813154325,-2.775584902031301,0.037380595099422265,0.04431440550421473,0.04073403448697649,0.009405453027459296,0.04073325840750703,0.009404502957764517,-0.3564955344414825,0.3806697037118058,0.35383697253789526,0.009403096118496802,0.0443144055042146,0.4091,55946.0,0.062545,199984.7,0,2.5,0
2964,2023-01-22 18:22:59.999,0.4050081547775576,0.409,0.0622893627269258,0.062529996,-0.8940401229393353,-0.9038480768250808,-2.7721089013722273,-2.775964610512906,0.037610071860027294,0.044266066118628045,0.040734870671659984,0.009405606421796773,0.040734147506001184,0.00940463811190397,-0.33218456774212013,0.3754351701113907,0.3806697037118058,0.009403111191255177,0.0442660138250983,0.409,33121.0,0.06253,51870.9,0,2.5,0
2965,2023-01-22 18:23:59.999,0.4048666621174542,0.40875,0.0622704419613215,0.062529996,-0.8946515567706739,-0.9041974954230944,-2.7721089013722273,-2.7762684126230197,0.03750900497911236,0.043654632287289497,0.04073588146394088,0.009405685505632347,0.0407351346746595,0.009404725161085812,-0.34303285213437035,0.31031771385517826,0.3754351701113907,0.009403122542435034,0.0436545799937593,0.4087499999999999,67382.0,0.06253,211051.1,0,2.5,0
2966,2023-01-22 18:24:59.999,0.4047112418352196,0.40875,0.0622778663573898,0.062535,-0.8946515567706739,-0.9045814492918577,-2.772028878981267,-2.776149191476184,0.037027590376715325,0.0435892156968849,0.04073698169792954,0.009405741218367163,0.04073612324124794,0.00940482203578483,-0.39432249227277766,0.3032439371588948,0.31031771385517826,0.009403152828743265,0.0435892156968846,0.4087499999999999,45432.0,0.062535,56426.2,0,2.5,0
2967,2023-01-22 18:25:59.999,0.4047288884818985,0.4087,0.0622911987149629,0.062529996,-0.8947738884119054,-0.9045378471870924,-2.7721089013722273,-2.7759351358016673,0.03689620655297299,0.04353230064605795,0.04073825573195514,0.009405747004386652,0.040737366574542744,0.009404840143475103,-0.40842374383520796,0.29705720479189196,0.3032439371588948,0.009403228502343427,0.0435322483525277,0.4086999999999999,177570.0,0.06253,93398.0,0,2.5,0
2968,2023-01-22 18:26:59.999,0.4048211851864091,0.40855,0.0622835303204844,0.062515,-0.8951409731514205,-0.904309827431644,-2.772348751035174,-2.7760582489651084,0.03722486868225661,0.043361287868044385,0.04073964992683515,0.009405689324863301,0.04073883650835689,0.009404752855402607,-0.3736374448246845,0.27872895336645975,0.29705720479189196,0.009403262247960635,0.043361287868044,0.4085499999999999,43541.0,0.062515,77885.9,0,2.5,0
2969,2023-01-22 18:27:59.999,0.4048860709328113,0.40835,0.0622483892161246,0.062505,-0.8956306291778524,-0.9041495577883853,-2.7725087254396104,-2.7766226200183017,0.03784649957178421,0.04300240749033546,0.04074094517179105,0.00940561556517208,0.04074027531629463,0.00940463019801945,-0.30769691987674636,0.24043746024644558,0.27872895336645975,0.00940328134275814,0.0430024074903354,0.40835,206211.0,0.062505,40353.6,0,2.5,0
2970,2023-01-22 18:28:59.999,0.4048450069114307,0.40825,0.0622196591811025,0.062475,-0.8958755471315626,-0.9042509841076644,-2.772988802261121,-2.7770842651698455,0.03812245827472671,0.043149942054208856,0.04074227880027447,0.009405548596145506,0.04074167250068514,0.009404544609103269,-0.2785051626447835,0.25598328787765456,0.24043746024644558,0.00940335188078115,0.0431499420542089,0.40825,181837.0,0.062475,134407.3,0,2.5,0
2971,2023-01-22 18:29:59.999,0.4047538982979836,0.40845,0.0621890136030063,0.06248,-0.8953857711942588,-0.9044760550983624,-2.7729087734507063,-2.7775769250146976,0.03830012615364553,0.04357429615334185,0.040743505497813054,0.00940557229879731,0.04074294003163759,0.009404557319458783,-0.25974788552116945,0.3009695280201897,0.25598328787765456,0.009403522829018789,0.0435742961533422,0.40845,358378.0,0.0624799999999999,164607.9,0,2.5,0
2972,2023-01-22 18:30:59.999,0.4047380088280037,0.40845,0.0622108303497409,0.0625,-0.8953857711942588,-0.9045153129830726,-2.772588722239781,-2.7772261730159,0.037974136023578464,0.04331266114441146,0.04074470336591198,0.009405569899592035,0.04074406217930187,0.009404575905620627,-0.29452961872187816,0.27302521866440654,0.3009695280201897,0.009403722655895761,0.0433126611444114,0.40845,177949.0,0.0625,102543.0,0,2.5,0
2973,2023-01-22 18:31:59.999,0.4047211908498818,0.40885,0.0622594380330213,0.062529996,-0.8944069383741509,-0.9045568665984519,-2.7721089013722273,-2.776445140141417,0.03729410476426287,0.04389925068381251,0.04074628231020474,0.00940552678725297,0.04074548337996962,0.00940458497399296,-0.36698893414765704,0.3352250697835333,0.27302521866440654,0.009403905903622542,0.0438991983902825,0.40885,130016.0,0.06253,46694.9,0,2.5,0
2974,2023-01-22 18:32:59.999,0.4048585850950139,0.40925,0.0623062110615894,0.06254,-0.8934290627308927,-0.9042174454554502,-2.771948926952442,-2.775694162145376,0.03701961748263172,0.044746350665799905,0.04074820754280144,0.00940549416003248,0.040747344642995786,0.009404576767089442,-0.39637372873694326,0.42508591839736587,0.3352250697835333,0.009404044994448243,0.0447463506657999,0.40925,114746.0,0.06254,24560.1,0,2.5,0
2975,2023-01-22 18:33:59.999,0.4050245484374425,0.40905,0.0623054875107483,0.062515,-0.8939178810224298,-0.9038076002867333,-2.772348751035174,-2.775705775033241,0.03743895593841218,0.04458437999703513,0.040750106981798324,0.009405440125040439,0.04074934068903198,0.009404486590105532,-0.35200058173326126,0.4076654536376966,0.42508591839736587,0.009404172140594037,0.0445843799970351,0.40905,107071.0,0.062515,209432.7,0,2.5,0
2976,2023-01-22 18:34:59.999,0.4049859704217327,0.40845,0.0622514611961081,0.062435,-0.8953857711942588,-0.9039028534096023,-2.7736292634150286,-2.7765732708829582,0.03805286208956038,0.044163281265146015,0.04075168573276067,0.009405440508224925,0.040751061149644906,0.009404441703553269,-0.28690688348518006,0.36272575743815033,0.4076654536376966,0.009404305973091998,0.044163281265146,0.40845,302710.0,0.062435,230462.3,0,2.5,0
2977,2023-01-22 18:35:59.999,0.4048989302713812,0.40794998,0.0621469667658653,0.062395,-0.8966107101329449,-0.9041177979050784,-2.7742701350223196,-2.7782532672708826,0.039211278653044856,0.043462241136941304,0.04075293836219283,0.00940544108071056,0.0407525815791081,0.00940438191393968,-0.1638919963233989,0.28805696101854644,0.36272575743815033,0.00940438272253925,0.0434622901625583,0.40795,163517.0,0.062395,374476.8,0,2.0,0
2978,2023-01-22 18:36:59.999,0.4047292129605502,0.4079,0.0621142443124127,0.06238,-0.8967332326586244,-0.9045370454688783,-2.77451056780248,-2.778779939334112,0.039222574218790496,0.04353626725859461,0.04075418065939886,0.009405454202572808,0.04075382620292106,0.00940439465417422,-0.16282302481328842,0.29579502906246896,0.28805696101854644,0.009404387524797024,0.0435362672585948,0.4079,324838.0,0.06238,84103.2,0,2.5,0
2979,2023-01-22 18:37:59.999,0.4046362024030056,0.4081,0.0621242878025266,0.062395,-0.896243036570377,-0.9047668812295583,-2.7742701350223196,-2.7786182585742893,0.03886056790041159,0.043829914699509254,0.040755245019539976,0.009405542038352855,0.04075480653837378,0.00940449778209276,-0.2014183725545703,0.32689978604441267,0.29579502906246896,0.009404406416518983,0.0438299146995091,0.4081,251112.0,0.062395,237646.5,0,2.5,0
2980,2023-01-22 18:38:59.999,0.40464613644173,0.408,0.0621902047063563,0.062395,-0.8964881045779755,-0.9047423309873298,-2.7742701350223196,-2.77755777224358,0.0380181932845719,0.04358484669191076,0.04075621375061389,0.009405617910726352,0.04075558009625934,0.009404621705286323,-0.2910682531918068,0.3007386615260059,0.32689978604441267,0.009404452925191334,0.0435848466919108,0.408,20691.0,0.062395,61287.4,0,2.5,0
2981,2023-01-22 18:39:59.999,0.4045886837524438,0.4078,0.0622303795556948,0.06237,-0.8969784208417823,-0.9048843236153014,-2.774670888444106,-2.776911981179778,0.037348280295803504,0.043422137765645075,0.040757146977510816,0.009405682372582552,0.0407563580706185,0.009404736883571867,-0.3623788540823721,0.283338378074798,0.3007386615260059,0.009404489388102339,0.0434221377656451,0.4078,243298.0,0.0623699999999999,84372.0,0,2.5,0
2982,2023-01-22 18:40:59.999,0.4045159705825643,0.40755,0.0621988602055141,0.062365,-0.8975916544416706,-0.9050640609822431,-2.7747510584044646,-2.7774186040750934,0.037582696293122275,0.04287444139098351,0.040758105357162414,0.009405687132562868,0.040757370478878674,0.009404722734526208,-0.33756169909206074,0.2250059994547612,0.283338378074798,0.0094044990760107,0.0428744413909834,0.4075499999999999,264668.0,0.062365,43411.8,0,2.5,0
2983,2023-01-22 18:41:59.999,0.4044336977724047,0.4079,0.0621496040820143,0.062395,-0.8967332326586244,-0.9052674674824537,-2.7742701350223196,-2.778210831407505,0.03802691866640173,0.043339718611261846,0.04075950817895731,0.009405620138385253,0.04075887578147696,0.009404623567192317,-0.29049085224480004,0.2743264552833097,0.2250059994547612,0.009404513370599206,0.043339718611262,0.4079,101203.0,0.062395,23657.1,0,2.5,0
2984,2023-01-22 18:42:59.999,0.4045401766899888,0.40805,0.062142477017342,0.062415,-0.8963655630668851,-0.9050042230896238,-2.773949647879123,-2.7783255139297878,0.0383839135645172,0.043445396828777016,0.04076126871659142,0.009405410915822629,0.040760718530256757,0.009404392041068457,-0.2527335052983945,0.2853812700166149,0.2743264552833097,0.009404513370599206,0.0434453968287771,0.40805,44649.0,0.062415,256621.4,0,2.0,0
2985,2023-01-22 18:43:59.999,0.4046267725541863,0.4079,0.062135013954859,0.062405,-0.8967332326586244,-0.9047901860120864,-2.77410987861172,-2.7784456171348584,0.03869613243940018,0.04320871242854163,0.04076275332245616,0.00940529094468851,0.040762275048704,0.00940425509752446,-0.2197029523207751,0.26006203534477457,0.2853812700166149,0.009404513370599206,0.0432087124285418,0.4079,89334.0,0.062405,140324.5,0,2.0,0
2986,2023-01-22 18:44:59.999,0.4046828025293838,0.40755,0.0621254557949161,0.062374998,-0.8975916544416706,-0.9046517223709482,-2.774590756974583,-2.778599457853166,0.0389603575722447,0.042743398405964306,0.04076424110841819,0.009405095781761205,0.04076382363942116,0.009404047448208788,-0.19177551762778194,0.21043457115919947,0.26006203534477457,0.009404513370599206,0.0427433721942256,0.4075499999999999,43417.0,0.062375,44579.5,0,2.0,0
2987,2023-01-22 18:45:59.999,0.4047010082777396,0.40760002,0.0621124292131285,0.062344998,-0.897468928565855,-0.9046067356832587,-2.7750718346131453,-2.7788091617101576,0.039176772670837745,0.04325939494586417,0.04076573408306016,0.00940497982180444,0.04076536635304113,0.009403922531572526,-0.16892883548007476,0.26514260636931136,0.21043457115919947,0.009404513370599206,0.0432593196538007,0.4075999999999999,156550.0,0.062345,47726.1,0,2.0,0
2988,2023-01-22 18:46:59.999,0.4047769262983031,0.4078,0.0620969297585648,0.06237,-0.8969784208417823,-0.9044191628846848,-2.774670888444106,-2.7790587315456747,0.03956836346376835,0.043422137765645075,0.040767335617916206,0.009404842959974749,0.04076705814229618,0.009403772310290971,-0.12746955572457225,0.28228032717050244,0.26514260636931136,0.009404513370599206,0.0434221377656451,0.4078,48055.0,0.06237,321350.9,0,2.0,0
2989,2023-01-22 18:47:59.999,0.4047644163982813,0.40785,0.062125981569268,0.06241,-0.8968558192355477,-0.9044500690271213,-2.7740297600361856,-2.778590994782427,0.03915509253703475,0.043020630632384926,0.040769069390492955,0.009404567811392676,0.04076869587120264,0.009403511555915848,-0.1715958261520667,0.23941145271603376,0.28228032717050244,0.009404513370599206,0.043020630632385,0.40785,80866.0,0.06241,64707.9,0,2.0,0
2990,2023-01-22 18:48:59.999,0.4045975095717729,0.40785,0.0621632519930868,0.06241,-0.8968558192355477,-0.9048625095522285,-2.7740297600361856,-2.7779912578001045,0.038252379876189124,0.043020630632384926,0.04077070258254869,0.00940434605431216,0.040770119772387536,0.009403335801199854,-0.26774965282821783,0.23924343456125602,0.23941145271603376,0.009404513370599206,0.0430206306323848,0.40785,100988.0,0.06241,92552.3,0,2.0,0
2991,2023-01-22 18:49:59.999,0.4044164654600042,0.40775,0.0621638822112027,0.0624,-0.8971010374810138,-0.9053100768882161,-2.7741900036067553,-2.7779811197378073,0.03779652489144669,0.04290640807319002,0.040772031387975124,0.009404242175238916,0.04077134277272483,0.009403262836066318,-0.3163601755199474,0.22695892400927756,0.23924343456125602,0.009404513370599206,0.04290640807319,0.40775,10623.0,0.0624,50052.7,0,2.0,0
2992,2023-01-22 18:50:59.999,0.4043469671247672,0.40775,0.0621597426826196,0.06239,-0.8971010374810138,-0.9054819400872877,-2.7743502728594422,-2.77804771252881,0.03767909987249751,0.04303742475404193,0.04077344133022116,0.009404125114107856,0.04077272521324414,0.00940315466413301,-0.3289986660058693,0.24074365199846082,0.22695892400927756,0.009404513370599206,0.0430374247540419,0.40775,31608.0,0.06239,124746.1,0,2.0,0
2993,2023-01-22 18:51:59.999,0.4044665050600916,0.4078,0.0621566827025579,0.062395,-0.8969784208417823,-0.9051863516968722,-2.7742701350223196,-2.778096941422785,0.038014931829177256,0.04309453042810396,0.04077515644528865,0.009403872622109614,0.040774517652274044,0.009402878137794607,-0.29348309981862986,0.24664030192861033,0.24074365199846082,0.009404513370599206,0.043094530428104,0.4078,142021.0,0.062395,71413.1,0,2.0,0
2994,2023-01-22 18:52:59.999,0.4046449283827495,0.40785,0.0621562720385671,0.06244,-0.8968558192355477,-0.9047453164619829,-2.7735491833349055,-2.778103548360761,0.03846136809433098,0.04262776947379765,0.04077680694327028,0.009403571913722484,0.04077627108609626,0.009402549690375754,-0.2461994956681547,0.19683611158716074,0.24664030192861033,0.009404513370599206,0.0426277694737979,0.40785,104956.0,0.0624399999999999,319280.9,0,2.0,0
2995,2023-01-22 18:53:59.999,0.4047403949940893,0.4078,0.0621890598249273,0.06251,-0.8969784208417823,-0.9045094174185354,-2.772428735038416,-2.7775761817659927,0.0382661562435781,0.041589225386949535,0.04077826455717488,0.009403209694530791,0.04077768318519765,0.009402199197703125,-0.26712122225969187,0.08624298044170375,0.19683611158716074,0.009404513370599206,0.0415892253869496,0.4078,55395.0,0.06251,850099.8,0,2.0,0
2996,2023-01-22 18:54:59.999,0.4046719100306417,0.40765,0.0622528327427269,0.0625,-0.8973463158732172,-0.9046786388726347,-2.772588722239781,-2.776551238765423,0.03725906584240568,0.041352116465453004,0.0407797127629977,0.009402816186489716,0.0407788979870383,0.009401880603727868,-0.3743753290418299,0.06087577286449036,0.08624298044170375,0.009404513370599206,0.0413521164654528,0.4076499999999999,130771.0,0.0625,112988.4,0,2.0,0
2997,2023-01-22 18:55:59.999,0.4044911404777324,0.40760002,0.0622398270496921,0.06248,-0.897468928565855,-0.90512544512708,-2.7729087734507063,-2.776760177880449,0.03698306283868913,0.041491138781745596,0.040781165530811216,0.00940244114840353,0.04078028654384243,0.0094015306023415,-0.40389420252565905,0.07550945969546735,0.06087577286449036,0.009404513370599206,0.0414910897140332,0.4075999999999999,134000.0,0.06248,223127.5,0,2.0,0
2998,2023-01-22 18:56:59.999,0.404375890652591,0.40775,0.0622247289258467,0.06252,-0.8971010374810138,-0.9054104111882143,-2.772268773428861,-2.7770027870923824,0.03689642461123921,0.041335843558536256,0.04078267734168157,0.009402005144045503,0.04078177795433364,0.009401102992263754,-0.4132869671028728,0.05883491961339971,0.07550945969546735,0.009404513370599206,0.0413358435585367,0.40775,11620.0,0.0625199999999999,86158.9,0,2.0,0
2999,2023-01-22 18:57:59.999,0.4044465471270161,0.4077,0.0622770512515898,0.06252,-0.8972236691569293,-0.9052356967606601,-2.772268773428861,-2.776162279771944,0.036384042309324904,0.041213211882620726,0.040784754232089784,0.009401109006634524,0.040783735784526085,0.009400259444088739,-0.4680395792658557,0.04557522418137816,0.05883491961339971,0.009404513370599206,0.0412132118826211,0.4077,29814.0,0.0625199999999999,182444.7,0,2.0,0
3000,2023-01-22 18:58:59.999,0.4045508844854983,0.40765,0.0622755934833106,0.062515,-0.8973463158732172,-0.9049777543865966,-2.772348751035174,-2.776185687838186,0.03666112027610369,0.04115594514624765,0.04078662383991117,0.009400379500304822,0.040785669083242854,0.009399501160641586,-0.4388050745086174,0.03928791452775997,0.04557522418137816,0.009404513370599206,0.0411559451462475,0.4076499999999999,60796.0,0.062515,41782.6,0,2.0,0
3001,2023-01-22 18:59:59.999,0.4046548624214739,0.40760002,0.0622518105271653,0.062505,-0.897468928565855,-0.9047207667491625,-2.7725087254396104,-2.7765676592865343,0.037230361390132694,0.04116410810233284,0.04078831925140318,0.009399786922920888,0.04078749584065074,0.009398854990687851,-0.3784646591571387,0.03997844355528108,0.03928791452775997,0.009404513370599206,0.0411640590346205,0.4075999999999999,124616.0,0.062505,65509.4,0,2.0,0
3002,2023-01-22 19:00:59.999,0.4046539838331244,0.4074,0.06222307382552,0.06249,-0.8979597751894316,-0.9047229379557509,-2.7727487350411466,-2.777029386201249,0.037605642045406285,0.0408694641866284,0.04078981603460591,0.009399284893740421,0.04078907912787385,0.009398322007197145,-0.3387239849868646,0.008473852311417453,0.03997844355528108,0.009404513370599206,0.0408694641866285,0.4074,132140.0,0.06249,90612.7,0,2.0,0
3003,2023-01-22 19:01:59.999,0.4045221506528863,0.40735,0.0622073645945454,0.06249,-0.8980825122254863,-0.9050487834071576,-2.7727487350411466,-2.777281884404382,0.037486208466151916,0.0407467271505737,0.0407913416968766,0.009398742856356305,0.040790576796800065,0.009397789702404652,-0.3516112229881721,-0.004746863169335952,0.008473852311417453,0.009404513370599206,0.0407467271505737,0.40735,54206.0,0.06249,71170.2,3,2.0,0
3004,2023-01-22 19:02:59.999,0.4044268487768619,0.40745,0.0622245040384231,0.06252,-0.8978370532159083,-0.9052844024054689,-2.772268773428861,-2.777006401215479,0.037025387862196,0.04059982782364169,0.04079288081869758,0.00939816693584538,0.04079200891567594,0.009397254114194705,-0.4008214535552889,-0.020541558409605493,-0.004746863169335952,0.009404513370599206,0.0405998278236421,0.40745,40742.0,0.0625199999999999,337998.7,0,2.0,3
3005,2023-01-22 19:03:59.999,0.4044381006981107,0.4074,0.0622847107572373,0.06251,-0.8979597751894316,-0.9052565808976712,-2.772428735038416,-2.776039296513942,0.03626262199339225,0.04060787103930019,0.04079431704793102,0.009397664452367952,0.04079326828721485,0.009396829779949666,-0.48214625569676606,-0.019839611168905463,-0.020541558409605493,0.009404513370599206,0.0406078710393003,0.4074,48433.0,0.06251,52325.7,0,2.0,0
3006,2023-01-22 19:04:59.999,0.4044561566870887,0.4074,0.0622870276310298,0.062525,-0.8979597751894316,-0.9052119372651665,-2.772188802218454,-2.776002099091433,0.036276857529823014,0.040411731098720316,0.04079558934829365,0.009397240500263311,0.040794543587632126,0.009396404443849583,-0.4807888043565604,-0.040847975484141257,-0.019839611168905463,0.009404513370599206,0.0404117310987204,0.4074,170054.0,0.062525,200286.0,0,2.0,0
3007,2023-01-22 19:05:59.999,0.4045421135779411,0.40735,0.0622916911561986,0.062535,-0.8980825122254863,-0.9049994352257054,-2.772028878981267,-2.7759272303623854,0.03642815598709381,0.040158260242072474,0.04079671412007713,0.009396873350914449,0.0407957031137978,0.009396020914294142,-0.4648294386041275,-0.06794322474746578,-0.040847975484141257,0.009404513370599206,0.0401582602420724,0.40735,54579.0,0.062535,50125.7,0,2.0,0
3008,2023-01-22 19:06:59.999,0.4045602694065043,0.40695,0.0622780841337486,0.062495,-0.8990649512090867,-0.9049545562859123,-2.772668725439952,-2.7761456946322687,0.036651624787668036,0.039698882031928395,0.04079773255431196,0.009396515889229197,0.04079677302925604,0.00939564018127583,-0.44117784010595573,-0.1169423364295194,-0.06794322474746578,0.009404513370599206,0.0396988820319286,0.40695,328362.0,0.062495,314794.1,0,2.0,0
3009,2023-01-22 19:07:59.999,0.4045027118856537,0.40645,0.0622180694136834,0.062405,-0.9002943587895558,-0.9050968382152024,-2.77410987861172,-2.7771098163822816,0.037297491736007715,0.03964758629761023,0.04079865029385852,0.009396209897756719,0.04079784002805018,0.009395273501709022,-0.3725648105300761,-0.12250301012572119,-0.1169423364295194,0.009404513370599206,0.0396475862976102,0.40645,469085.0,0.062405,676434.5,0,2.0,0
3010,2023-01-22 19:08:59.999,0.4042917857860436,0.40645,0.0621290477715114,0.06239,-0.9002943587895558,-0.9056184196675963,-2.7743502728594422,-2.7785416414120196,0.037946396573478314,0.039844103445499934,0.04079939265485222,0.009396007764129266,0.04079873239193128,0.00939502068070744,-0.3036008025304517,-0.10166969135543395,-0.12250301012572119,0.009404513370599206,0.0398441034454999,0.40645,277300.0,0.06239,122049.4,0,2.0,0
3011,2023-01-22 19:09:59.999,0.4041946418696729,0.40665,0.062138768597061,0.06239,-0.8998024143693528,-0.9058587302368655,-2.7743502728594422,-2.7783851918041726,0.03757819180119126,0.040336047865702884,0.0408001643511166,0.009395832776281135,0.04079941869674264,0.009394873316790472,-0.34287071117759677,-0.04939599250694772,-0.10166969135543395,0.009404513370599206,0.0403360478657028,0.4066499999999999,97715.0,0.06239,48139.5,0,2.0,0
3012,2023-01-22 19:10:59.999,0.404200901811663,0.40695,0.0621900420407496,0.062425,-0.8990649512090867,-0.9058432429125248,-2.7737894428163,-2.7775603878615893,0.036919419571069034,0.040615044479562545,0.04080121577344916,0.009395557858045212,0.040800317417466196,0.009394656153581784,-0.41309631592184887,-0.019814820652421492,-0.04939599250694772,0.009404513370599206,0.0406150444795627,0.40695,117760.0,0.062425,76161.0,0,2.0,0
3013,2023-01-22 19:11:59.999,0.4042691222002099,0.40665,0.0622686273064788,0.06242,-0.8998024143693528,-0.9056744787365316,-2.7738695421395034,-2.776297554559819,0.03605584457474231,0.03994306080016141,0.04080229313130834,0.009395192547220755,0.04080119467063799,0.00939438276422596,-0.5051263308076062,-0.09145446746603454,-0.019814820652421492,0.009404513370599206,0.0399430608001614,0.4066499999999999,176680.0,0.06242,24718.1,0,2.0,0
3014,2023-01-22 19:12:59.999,0.4041512815378334,0.4064,0.0622580491531821,0.062385,-0.900417382717865,-0.9059660118612926,-2.7744304171191523,-2.7764674483307425,0.03590319596831926,0.0397865957326875,0.04080342302296793,0.00939477681035355,0.04080228897366113,0.009393985356503968,-0.5215138005244988,-0.10823325671343582,-0.09145446746603454,0.009404513370599206,0.0397865957326875,0.4064,247759.0,0.0623849999999999,181602.0,0,2.0,0
3015,2023-01-22 19:13:59.999,0.4040539179743753,0.40645,0.0621762092419929,0.06237,-0.9002943587895558,-0.9062069495934127,-2.774670888444106,-2.777782840475077,0.03673756313642207,0.04010619981787156,0.04080458352246317,0.00939438096502498,0.04080364230043446,0.009393497552530642,-0.4328610447039482,-0.07434057732932847,-0.10823325671343582,0.009404513370599206,0.0401061998178715,0.40645,105893.0,0.06237,63843.8,0,2.0,0
3016,2023-01-22 19:14:59.999,0.4040635325264272,0.40615,0.0621205771600378,0.06234,-0.9010327294851742,-0.9061831546560645,-2.775152004642946,-2.7786779896946223,0.03749312338524324,0.039761131308538755,0.0408054770253565,0.009394098115395419,0.04080471045427571,0.009393146153900241,-0.3525535549830044,-0.11117040763138626,-0.07434057732932847,0.009404513370599206,0.0397611313085386,0.40615,289701.0,0.06234,17748.1,0,2.0,0
3017,2023-01-22 19:15:59.999,0.4039878641048267,0.40595,0.0620578944573568,0.062325,-0.9015252796736817,-0.9063704408166655,-2.7753926495725154,-2.779687548069572,0.038131129569833666,0.03946530319496122,0.04080623329020063,0.009393858685933638,0.04080561419653704,0.009392859762011044,-0.2847359264875001,-0.1427453978254239,-0.11117040763138626,0.009404513370599206,0.0394653031949614,0.40595,202400.0,0.062325,66939.0,0,2.0,0
3018,2023-01-22 19:16:59.999,0.4040337603621294,0.40625,0.0620399936851063,0.06235,-0.9007865453381898,-0.9062568392595727,-2.7749916068560916,-2.779976042461259,0.03848056911212683,0.03987619370074258,0.04080690755956499,0.009393687365513447,0.04080636917991967,0.00939266697857147,-0.24761870862652202,-0.09907864958751872,-0.1427453978254239,0.009404513370599206,0.0398761937007425,0.40625,72986.0,0.06235,113779.8,0,2.0,0
3019,2023-01-22 19:17:59.999,0.4042940122087929,0.40645,0.062090247135441,0.06234,-0.9002943587895558,-0.9056129127127256,-2.775152004642946,-2.7791663533355795,0.038462592143546526,0.040499502004157195,0.04080759771884689,0.009393555228208743,0.04080705501910718,0.009392535931538576,-0.2496091463103527,-0.03279862705916601,-0.09907864958751872,0.009404513370599206,0.0404995020041571,0.40645,62366.0,0.06234,51595.7,0,2.0,0
3020,2023-01-22 19:18:59.999,0.4044345913366919,0.40645,0.0620965622054042,0.062325,-0.9002943587895558,-0.9052652580639383,-2.7753926495725154,-2.779064650586275,0.0387271069734102,0.04069622407908713,0.04080817011187331,0.009393473086184326,0.04080768849578017,0.009392439410504452,-0.22151662964608115,-0.011917427319914877,-0.03279862705916601,0.009404513370599206,0.0406962240790871,0.40645,136102.0,0.062325,50369.4,0,2.0,0
3021,2023-01-22 19:19:59.999,0.4043551988985645,0.40645,0.0620835591790186,0.06233,-0.9002943587895558,-0.9054615821010142,-2.775312428161378,-2.779274072614345,0.03870198095813182,0.040630644793951065,0.040808690467519976,0.009393400974678993,0.04080820291614081,0.009392368630629406,-0.2242482211718565,-0.018954335500938745,-0.011917427319914877,0.009404513370599206,0.040630644793951,0.40645,33473.0,0.0623299999999999,34457.1,0,2.0,0
3022,2023-01-22 19:20:59.999,0.4041456605691883,0.4066,0.062083709400262,0.062344998,-0.8999253777878907,-0.9059799200387267,-2.7750718346131453,-2.7792716529550394,0.03818166500077036,0.040802945723828477,0.040809205440720496,0.009393339662194645,0.0408085973545275,0.009392337696672581,-0.27968887390918473,-0.0006663995040244264,-0.018954335500938745,0.009404513370599206,0.0408029194994772,0.4065999999999999,50684.0,0.062345,31871.6,0,2.0,0
3023,2023-01-22 19:21:59.999,0.4039977532157378,0.4066,0.0621006195123008,0.062335,-0.8999253777878907,-0.9063459623836351,-2.7752322131851987,-2.7789993140489733,0.03759299143408101,0.040934051770920576,0.040809668738399314,0.009393296450739266,0.04080892430949297,0.009392336899324921,-0.34239965089445445,0.013241680721305573,-0.0006663995040244264,0.009404509488845386,0.0409340517709204,0.4065999999999999,68088.0,0.062335,64352.4,4,2.0,0
3024,2023-01-22 19:22:59.999,0.4039549769454715,0.40670002,0.0620973822000612,0.06234,-0.8996794168926624,-0.9064518504355208,-2.775152004642946,-2.7790514455196202,0.03752971974271091,0.04111444390105057,0.04081041156392564,0.009393193633923944,0.04080965232027342,0.00939223921889521,-0.34921731667183015,0.03236730221624532,0.013241680721305573,0.009404489388102339,0.0411143947247547,0.4067,49010.0,0.06234,117818.5,0,2.0,4
3025,2023-01-22 19:23:59.999,0.404126980582803,0.40695,0.0621094332326498,0.062374998,-0.8990649512090867,-0.9060261420322413,-2.774590756974583,-2.7788573976715303,0.037796798186987335,0.04127010163854816,0.04081120828888625,0.009393086620046742,0.040810510670255866,0.009392111571500408,-0.32087698919733815,0.0488543721807634,0.03236730221624532,0.009404452925191334,0.0412700754268098,0.40695,285531.0,0.062375,116651.3,0,2.0,0
3026,2023-01-22 19:24:59.999,0.4043913408283962,0.40685,0.0621411099151387,0.062365,-0.8993107118394708,-0.9053722044577592,-2.7747510584044646,-2.77834751365215,0.03803391649814425,0.0411553839931833,0.04081177227154926,0.009393034124373572,0.040811129398192765,0.009392042205180553,-0.29569851150334847,0.03658154724919202,0.0488543721807634,0.009404406416518983,0.0411553839931833,0.40685,91272.0,0.062365,13441.0,0,2.0,0
3027,2023-01-22 19:25:59.999,0.404445618618874,0.4066,0.0621113803310739,0.06234,-0.8999253777878907,-0.9052379925132497,-2.775152004642946,-2.778826048683089,0.038559320579472756,0.04086848300582224,0.04081220884643809,0.009392992920589092,0.04081168746521454,0.009391968475950358,-0.23981840351246184,0.005991078654046766,0.03658154724919202,0.009404392694344899,0.0408684830058221,0.4065999999999999,61571.0,0.06234,67965.2,0,2.0,0
3028,2023-01-22 19:26:59.999,0.4042998328566083,0.40655,0.0620683921667332,0.06234,-0.9000483563282905,-0.9055985157497731,-2.775152004642946,-2.7795184024407624,0.03876478170854003,0.040745504465422466,0.04081252652332626,0.009392967452092178,0.04081205261802314,0.009391932143309828,-0.217981867654511,-0.007135344420773477,0.005991078654046766,0.009404384445721874,0.0407455044654223,0.4065499999999999,166132.0,0.06234,8079.9,3,2.0,0
3029,2023-01-22 19:27:59.999,0.4041314933320526,0.40655,0.0620650735216903,0.06232,-0.9000483563282905,-0.9060149754329533,-2.775472877419644,-2.7795718714231237,0.038392031773050506,0.041007811086773205,0.040812981690432786,0.009392929261846674,0.04081242141505269,0.009391914500502533,-0.2577099314386513,0.020742133887008043,-0.007135344420773477,0.009404286801628265,0.041007811086773,0.4065499999999999,59018.0,0.06232,132736.8,4,2.0,3
3030,2023-01-22 19:28:59.999,0.4040223536895237,0.40655,0.0620524291596344,0.06229,-0.9000483563282905,-0.9062850716370229,-2.775954379716083,-2.779775619675006,0.03828849540028634,0.04140142889957488,0.040813439682842685,0.009392909707144213,0.040812855340263986,0.009391901283794662,-0.268780501806735,0.06259926210990502,0.020742133887008043,0.009404099360537706,0.0414014288995747,0.4065499999999999,13482.0,0.06229,119161.9,0,2.0,4
3031,2023-01-22 19:29:59.999,0.4040505284204588,0.4066,0.0620328288429024,0.062315,-0.8999253777878907,-0.9062153384939605,-2.775553111703797,-2.780091536605196,0.03861648386634087,0.041196379435723185,0.04081378923066993,0.0093928958539092,0.04081328071288138,0.009391868374283664,-0.23390413483175185,0.0407318691704673,0.06259926210990502,0.009403953760731592,0.041196379435723,0.4065999999999999,92468.0,0.0623149999999999,45369.2,0,2.0,0
3032,2023-01-22 19:30:59.999,0.4042065527321837,0.4065,0.062060231331019,0.062305,-0.9001713499942718,-0.9058292625354538,-2.775713599587306,-2.7796498924306774,0.03864152517289221,0.041081602636207526,0.04081413012446483,0.00939287884394179,0.040813627323041196,0.00939185003682369,-0.2312752164517724,0.028476095155343002,0.0407318691704673,0.00940380986561136,0.0410816026362075,0.4065,70710.0,0.062305,374234.7,0,2.0,0
3033,2023-01-22 19:31:59.999,0.4043071910340354,0.40655,0.0620371434814556,0.06235,-0.9000483563282905,-0.9055803161121002,-2.7749916068560916,-2.780021984908293,0.03919464922589,0.04061438271064188,0.04081440805943363,0.00939285516525409,0.040814033202031745,0.009391800535446705,-0.1724252948121968,-0.021295478879699518,0.028476095155343002,0.009403576744509628,0.0406143827106417,0.4065499999999999,91539.0,0.06235,49241.2,3,2.0,0
3034,2023-01-22 19:32:59.999,0.4043426241028123,0.4066,0.062071558368325,0.062355,-0.8999253777878907,-0.905492680974773,-2.7749114176094265,-2.7794673922449493,0.038828916741181496,0.0406718082596732,0.040814721431741134,0.009392827819675192,0.04081426186111152,0.00939178945033178,-0.21139157031037234,-0.015215138061891228,-0.021295478879699518,0.009403379739878853,0.040671808259673,0.4065999999999999,121083.0,0.062355,39939.5,0,2.0,3
3035,2023-01-22 19:33:59.999,0.4042813375734555,0.4068,0.0620764690029948,0.06236,-0.8994336148077322,-0.9056442632488056,-2.774831234792561,-2.779388282898207,0.038612664270833874,0.041098023504686276,0.0408151901767691,0.009392791418135779,0.04081468045080151,0.009391764234193795,-0.2344624636072611,0.030111743711361015,-0.015215138061891228,0.009403281077349702,0.0410980235046862,0.4068,30838.0,0.06236,79073.0,4,2.0,0
3036,2023-01-22 19:34:59.999,0.404265647782646,0.40675,0.0620965422055345,0.06235,-0.8995565328829899,-0.9056830730918838,-2.7749916068560916,-2.7790649726632504,0.03830955523649282,0.041106206155942515,0.04081598259441186,0.009392671535295967,0.040815402537166326,0.00939166199387941,-0.26681617186676626,0.030898936520887228,0.030111743711361015,0.009403181707116336,0.0411062061559426,0.40675,91452.0,0.06235,87620.6,0,2.0,4
3037,2023-01-22 19:35:59.999,0.404225192782735,0.40665,0.0621047705963641,0.06232,-0.8998024143693528,-0.9057831484369959,-2.775472877419644,-2.7789324717958115,0.038101163270626626,0.041253753045710884,0.040817224074587356,0.00939237486985515,0.040816595502311495,0.00939137885155635,-0.289140953059823,0.04647695361101569,0.030898936520887228,0.009402947269379208,0.0412537530457108,0.40665,18340.0,0.06232,15656.6,0,2.0,0
3038,2023-01-22 19:36:59.999,0.4042253425421128,0.4066,0.0620819485228467,0.062295,-0.8999253777878907,-0.9057827779520466,-2.7758741132313105,-2.779300016311621,0.03840199352386797,0.04145879130810759,0.04081842449103728,0.009392125394824457,0.04081786526146839,0.009391110463395932,-0.25725091266010003,0.06818124653906192,0.04647695361101569,0.009402631802230468,0.0414587913081074,0.4065999999999999,75819.0,0.062295,23437.9,0,2.0,0
3039,2023-01-22 19:37:59.999,0.4043011058113192,0.4066,0.0620412012327937,0.0623,-0.8999253777878907,-0.9055953672134556,-2.7757938531887296,-2.7799565786305274,0.039126129893566564,0.0413931804425941,0.04081950545873735,0.009391922751332929,0.04081911356436911,0.009390871237291097,-0.18027972357662822,0.06108174002765639,0.06818124653906192,0.009402286820871282,0.0413931804425939,0.4065999999999999,118066.0,0.0623,75694.5,0,2.0,0
3040,2023-01-22 19:38:59.999,0.4043651379292682,0.4069,0.0620222724672415,0.062325,-0.8991878239744928,-0.9054370024527685,-2.7753926495725154,-2.7802617251032893,0.039533945359018885,0.04180275889415008,0.04082068123626417,0.009391727826288056,0.040820383449669116,0.009390661406527938,-0.13699121232887398,0.10456836868046912,0.06108174002765639,0.009401960252221682,0.04180275889415,0.4069,129180.0,0.062325,78933.2,0,2.0,0
3041,2023-01-22 19:39:59.999,0.4045258347335791,0.4069,0.0620349803844388,0.062335,-0.8991878239744928,-0.9050396762076851,-2.7752322131851987,-2.7800568532888708,0.039763793284491866,0.04167160558431848,0.04082198790303888,0.009391453440848357,0.04082174300726971,0.009390380451117787,-0.11266313737607016,0.09046711317166022,0.10456836868046912,0.009401618102688091,0.0416716055843184,0.4069,91034.0,0.062335,112048.2,0,2.0,0
3042,2023-01-22 19:40:59.999,0.404478600625835,0.4069,0.0620562082461216,0.062344998,-0.8991878239744928,-0.9051564471566028,-2.7750718346131453,-2.779714720021809,0.03936733571878415,0.04154049953722638,0.04082318330515636,0.009391216153412495,0.04082284638139186,0.009390155508051936,-0.15500389331780826,0.07638161238673796,0.09046711317166022,0.00940120989478319,0.0415404733128752,0.4069,45306.0,0.062345,62676.3,0,2.0,0
3043,2023-01-22 19:41:59.999,0.4043912659487073,0.4069,0.0620959919868974,0.062335,-0.8991878239744928,-0.9053723896241767,-2.7752322131851987,-2.7790738333993756,0.03862748216617151,0.04167160558431848,0.040824173036983845,0.009391080211729748,0.040823664661406245,0.009390052920444134,-0.23388393162866833,0.09023802674756934,0.07638161238673796,0.009400470331132492,0.0416716055843184,0.4069,87909.0,0.062335,685123.3,0,2.0,0
3044,2023-01-22 19:42:59.999,0.4043341277541143,0.40685,0.0621444085603119,0.06231,-0.8993107118394708,-0.9055136939411499,-2.7756333524260066,-2.778294431922043,0.03784903383748528,0.04187664045566697,0.04082492606341648,0.009391034149486048,0.04082423735889763,0.009390056520234405,-0.3168461781887212,0.11199132869813379,0.09023802674756934,0.009399690731503374,0.0418766404556665,0.40685,157481.0,0.06231,61385.4,0,2.0,0
3045,2023-01-22 19:43:59.999,0.4042814074611651,0.4068,0.0621570058115637,0.062315,-0.8994336148077322,-0.9056440903798231,-2.775553111703797,-2.778091743137549,0.03755294365940132,0.0416881424158817,0.040825438022968556,0.009391020909106021,0.040824680676436825,0.009390066114345239,-0.3484253441024514,0.09186481440762445,0.11199132869813379,0.009399016533176284,0.0416881424158817,0.4068,22807.0,0.062315,110836.1,0,2.0,0
3046,2023-01-22 19:44:59.999,0.4042500678153802,0.4069,0.0621571382551452,0.062325,-0.8991878239744928,-0.9057216127688924,-2.7753926495725154,-2.7780896123489334,0.03747367939628343,0.04180275889415008,0.04082615292576734,0.009390977728195402,0.040825377069824385,0.009390029467021936,-0.35694218908601033,0.10399406714069676,0.09186481440762445,0.009398455253069822,0.04180275889415,0.4069,11559.0,0.062325,27507.6,0,2.0,0
3047,2023-01-22 19:45:59.999,0.4042809681669904,0.4068,0.0621241282480106,0.06231,-0.8994336148077322,-0.905645176985354,-2.7756333524260066,-2.7786208268889783,0.037984371686856866,0.04175373748740552,0.04082670946197142,0.009390961442041525,0.04082605166568004,0.009389974248568082,-0.3026291556930005,0.09871492191246467,0.10399406714069676,0.009397922778602776,0.041753737487405,0.4068,28418.0,0.06231,393672.3,0,2.0,0
3048,2023-01-22 19:46:59.999,0.4042397743541491,0.40685,0.0620667619551332,0.062295,-0.8993107118394708,-0.905747076196371,-2.7758741132313105,-2.7795446675485254,0.03863769242489823,0.04207345725652756,0.040827226721728914,0.009390968558897409,0.04082672000238227,0.009389940894499743,-0.23312474509464579,0.13270521852806239,0.09871492191246467,0.009397388011247192,0.0420734572565275,0.40685,7704.0,0.062295,74077.4,0,2.0,0
3049,2023-01-22 19:47:59.999,0.404299208859201,0.40675,0.062020124925679,0.062275,-0.8995565328829899,-0.9056000591535495,-2.776195217833893,-2.7802963510313243,0.0393991946126645,0.04209013234705361,0.04082788110989832,0.009390958043769066,0.04082755047196793,0.009389896463728283,-0.15211625227402067,0.13441133814805994,0.13270521852806239,0.009396935863510926,0.0420901323470537,0.40675,186409.0,0.062275,134584.2,0,2.0,0
3050,2023-01-22 19:48:59.999,0.4043768241527124,0.40665,0.0619953233095044,0.062265,-0.8998024143693528,-0.9054081026948904,-2.776355808809025,-2.7806963272739327,0.03991812308153486,0.041975530542749606,0.04082849321964112,0.009390946649275254,0.040828282534582545,0.00938987013366748,-0.09692992981705859,0.12214288569055075,0.13441133814805994,0.009396510777874604,0.0419755305427496,0.4066499999999999,62768.0,0.062265,140479.2,0,2.0,0
3051,2023-01-22 19:49:59.999,0.404480337834617,0.40675,0.0620048601362529,0.06229,-0.8995565328829899,-0.9051521522321032,-2.775954379716083,-2.780542507714924,0.040048329349889555,0.04189325234487551,0.04082926057963959,0.009390898183512995,0.040829079850357074,0.009389818976362511,-0.08314862112176422,0.1133003195694209,0.12214288569055075,0.009396116796683002,0.0418932523448756,0.40675,19019.0,0.06229,63546.9,0,2.0,0
3052,2023-01-22 19:50:59.999,0.4045792788635207,0.40665,0.0620556313609916,0.06228,-0.8998024143693528,-0.904907569441528,-2.7761149320163394,-2.779724016236124,0.039623812889922116,0.04177861892468915,0.04083002872825622,0.009390840088816878,0.040829749576245494,0.00938977130057855,-0.12843089013776876,0.1010122829758931,0.1133003195694209,0.009395735364530408,0.0417786189246891,0.4066499999999999,50218.0,0.06228,123366.8,0,2.0,0
3053,2023-01-22 19:51:59.999,0.4044676681912589,0.40655,0.0620490002930874,0.062275,-0.9000483563282905,-0.9051834759840991,-2.776195217833893,-2.7798308787733577,0.03943526418237542,0.04159830890175298,0.04083068684630377,0.009390794284992704,0.0408303639065528,0.009389731566934562,-0.14857716796613768,0.08174197327226476,0.1010122829758931,0.009395365171600724,0.0415983089017528,0.4065499999999999,24213.0,0.062275,59970.7,0,2.0,0
3054,2023-01-22 19:52:59.999,0.4042305641524171,0.40665,0.0620363630420963,0.06228,-0.8998024143693528,-0.9057698604626421,-2.7761149320163394,-2.780034565182377,0.039015388979922294,0.04177861892468915,0.040831185224265445,0.009390787448740638,0.04083076499833526,0.009389741363216202,-0.19333610460503228,0.10088969701372161,0.08174197327226476,0.009395083885957837,0.0417786189246891,0.40665,34344.0,0.06228,185124.4,0,2.0,0
3055,2023-01-22 19:53:59.999,0.4040684396420383,0.40645,0.0620445252111352,0.06227,-0.9002943587895558,-0.9061710103138526,-2.7762755100977765,-2.7799030031156384,0.03850668995741946,0.04141794364622542,0.04083157074607354,0.00939077734302195,0.04083103270377115,0.009389757229953026,-0.24754023873344774,0.062441359083824644,0.10088969701372161,0.009394910157769713,0.0414179436462254,0.40645,135856.0,0.06227,69922.9,0,2.0,0
3056,2023-01-22 19:54:59.999,0.4039487769072325,0.4064,0.0620433905518618,0.06226,-0.900417382717865,-0.9064671988930803,-2.776436113968675,-2.7799212911055116,0.03822545141815559,0.04142620994198776,0.040832089306185246,0.009390748313197365,0.040831486057426154,0.00938974532304681,-0.2775405029222831,0.06326659132878251,0.062441359083824644,0.009394710444383956,0.0414262099419877,0.4064,214128.0,0.0622599999999999,107328.7,0,2.0,0
3057,2023-01-22 19:55:59.999,0.4040630133605843,0.40625,0.0620352754936271,0.06224,-0.9007865453381898,-0.9061844395188017,-2.776757399112001,-2.7800520961585464,0.038615141121240315,0.041319691043898654,0.04083258531639755,0.00939071746533731,0.04083207213792148,0.009389691346996017,-0.23610265074265832,0.051870981029840404,0.06326659132878251,0.009394451111564915,0.0413196910438986,0.40625,141030.0,0.06224,95146.8,0,2.0,0
3058,2023-01-22 19:56:59.999,0.4041886714624797,0.4062,0.0620080894485446,0.062225,-0.9009096298358528,-0.905873501465056,-2.776998430728481,-2.7804904274716393,0.03928440563369262,0.04139364472943141,0.04083298519692005,0.00939070456782673,0.04083262681238795,0.009389647415721429,-0.16488597602750116,0.059703670631085747,0.051870981029840404,0.009394084708434466,0.0413936447294314,0.4062,31441.0,0.062225,45904.2,0,2.0,0
3059,2023-01-22 19:57:59.999,0.4042628123384272,0.4046,0.0619714221319071,0.062135,-0.904856354248492,-0.9056900869308732,-2.7784458417241793,-2.7810819335558166,0.03995136372069863,0.03863014779995355,0.04083273387960708,0.009390748989644005,0.04083252990595308,0.009389671856936444,-0.09384419377802945,-0.23454849896238408,0.059703670631085747,0.009393619503523973,0.0386301477999535,0.4046,3188844.0,0.0621349999999999,1224043.4,3,2.0,0
3060,2023-01-22 19:58:59.999,0.4035191771562032,0.40485,0.0618667205919027,0.06217,-0.9042386508500138,-0.9075312653725027,-2.777882710700891,-2.782772875662168,0.03949249422836987,0.038787503650046684,0.0408328714524687,0.009390714672996958,0.04083256125176884,0.009389650108938346,-0.14271746101841565,-0.21780746978752122,-0.23454849896238408,0.009393234003557842,0.0387875036500466,0.40485,453067.0,0.06217,288018.3,0,2.0,3
3061,2023-01-22 19:59:59.999,0.403457670979759,0.4047,0.0619000083750051,0.062165,-0.9046092271003171,-0.9076837014100555,-2.777963138577236,-2.7822349639926442,0.03890032692389578,0.03848267546576378,0.04083299725966483,0.009390679546022825,0.0408325499858079,0.009389638871146778,-0.20578246814684345,-0.25028239781608363,-0.21780746978752122,0.009392931359983344,0.0384826754657638,0.4047,382290.0,0.062165,120090.9,0,2.0,0
3062,2023-01-22 20:00:59.999,0.4032458612998202,0.40485,0.0619034296860457,0.062155,-0.9042386508500138,-0.9082088253901317,-2.7781240137384584,-2.782179693943685,0.038330020862767045,0.03898476371416715,0.04083318256707753,0.009390635174216018,0.0408326032655954,0.009389625683666998,-0.26652632246901303,-0.196836403354867,-0.25028239781608363,0.009392715174431363,0.0389847637141671,0.40485,307627.0,0.062155,45289.8,0,2.0,0
3063,2023-01-22 20:01:59.999,0.4033613207880904,0.4045,0.0619008643694276,0.06213,-0.9051035424835906,-0.9079225410831661,-2.7785263149065345,-2.782221135424177,0.038650182692293256,0.03844874466756776,0.04083312626288388,0.009390648741416041,0.04083262106881524,0.009389620760982433,-0.23243093965955172,-0.25391021014343396,-0.196836403354867,0.009392568693296799,0.0384487446675676,0.4044999999999999,507735.0,0.06213,212301.8,0,2.0,0
3064,2023-01-22 20:02:59.999,0.4033640963285582,0.4044,0.0618760485311234,0.062115,-0.9053507918358208,-0.9079156600790254,-2.778767773316497,-2.7826221122793138,0.038984853685952614,0.03839888239306255,0.04083304686015909,0.009390667873630795,0.04083261913667512,0.009389623264958492,-0.1967880285057078,-0.2592110060597208,-0.25391021014343396,0.009392463540762983,0.0383988823930625,0.4044,287561.0,0.062115,114497.9,0,2.0,0
3065,2023-01-22 20:03:59.999,0.4034897843823291,0.4043,0.0618425447494285,0.06209,-0.9055981023354119,-0.9076041091085404,-2.7791703336053355,-2.7831637250090666,0.039739161460813244,0.03848065630612185,0.04083301575681262,0.00939067544253684,0.04083276260839883,0.009389603489492727,-0.11646936410140903,-0.2504994944277715,-0.2592110060597208,0.009392386325598167,0.0384806563061217,0.4043,464777.0,0.06209,82404.5,0,2.0,0
3066,2023-01-22 20:04:59.999,0.403468079256513,0.40365002,0.0617995725849835,0.062045,-0.9072070635932381,-0.9076579040507531,-2.779895350755554,-2.7838588306429988,0.040253600484082996,0.03746438103759098,0.04083279656918043,0.00939074301747073,0.04083266252704085,0.009389660447780137,-0.06167017925496445,-0.35869531572983987,-0.2504994944277715,0.009392345430161788,0.0374643314897165,0.40365,647967.0,0.062045,817417.3,0,2.0,0
3067,2023-01-22 20:05:59.999,0.4030013391798003,0.40295,0.0617543017688495,0.061965,-0.9089427942116168,-0.9088153940141755,-2.7811855694652996,-2.784591641627627,0.03969516780262927,0.03678337657591313,0.040832697936496194,0.009390783310994787,0.040832434680274525,0.009389712546037661,-0.12111839122542309,-0.4312016608712603,-0.35869531572983987,0.009392337098661836,0.0367833765759133,0.40295,1261836.0,0.061965,1290556.6,0,2.0,0
3068,2023-01-22 20:06:59.999,0.4024215507407994,0.40055,0.0616839835603646,0.061745,-0.9149166763210111,-0.9102551061117681,-2.7847422784123514,-2.7857309675005326,0.03918683019998337,0.03371702784042874,0.04083200514261645,0.009391197828699285,0.040831624403217553,0.009390144418725757,-0.17516175789098068,-0.7576219170300627,-0.4312016608712603,0.009392263639002637,0.0337170278404284,0.4005499999999999,6140743.0,0.061745,4045364.1,0,2.0,0
3069,2023-01-22 20:07:59.999,0.4002453073670082,0.4002,0.0614539908367366,0.061685,-0.915790856832504,-0.9156776514288628,-2.785714489458709,-2.7894665006242696,0.03681800319054329,0.03363760903304225,0.04083139597914015,0.009391579118932316,0.04083046716803425,0.009390690753062793,-0.42728102575226257,-0.7659826803349903,-0.7576219170300627,0.009392143483349108,0.0336376090330423,0.4002,3126788.0,0.061685,1850456.3,0,2.0,0
3070,2023-01-22 20:08:59.999,0.3999589849086671,0.40105,0.0613915592435305,0.061715,-0.9136691711692034,-0.9163932748598396,-2.785228265786245,-2.790482924882865,0.036933284817560086,0.035361817259779715,0.040830807616605264,0.0093918421374592,0.0408299056210489,0.009390942443527667,-0.41493394586550836,-0.5823128494688571,-0.7659826803349903,0.009392059546760517,0.0353618172597798,0.40105,1341032.0,0.061715,584310.7,0,2.0,0
3071,2023-01-22 20:09:59.999,0.4011046815883408,0.40085,0.0614203750557715,0.061645,-0.9141679864931764,-0.913532834401045,-2.786363155661621,-2.7900136575769765,0.03941010930623545,0.03579075009779897,0.04083015384978465,0.009392094651170309,0.04082982521184354,0.009391032633283225,-0.15117782687458722,-0.5365580245039099,-0.5823128494688571,0.009391986908257906,0.0357907500977989,0.40085,1015724.0,0.061645,425223.8,0,2.0,0
3072,2023-01-22 20:10:59.999,0.4013113445376641,0.4016,0.0613208512598075,0.0617,-0.9122987106046175,-0.9130177326404519,-2.785471348070795,-2.7916353428210083,0.041250904014773826,0.03693099238478015,0.040829648666061945,0.009392245671689772,0.04082974615630696,0.009391160980942394,0.044846197325498584,-0.41509309035997394,-0.5365580245039099,0.00939194122646996,0.0369309923847795,0.4015999999999999,563769.0,0.0617,145585.2,0,2.0,0
3073,2023-01-22 20:11:59.999,0.402036479444756,0.402,0.0613690393902661,0.0617,-0.9113031903631159,-0.9112124495927315,-2.785471348070795,-2.790849815461237,0.042414035273113604,0.03792651262628177,0.04082928377530607,0.009392327831357817,0.0408296505310334,0.009391271882472753,0.16870821779073342,-0.3090576906113652,-0.41509309035997394,0.009391918911204358,0.0379265126262813,0.402,582715.0,0.0617,314380.0,0,2.0,0
3074,2023-01-22 20:12:59.999,0.402204197467894,0.4023,0.0613731789188492,0.061725,-0.9105572000263945,-0.9107953654277943,-2.7850662437508937,-2.790782364690969,0.04277597987825854,0.03834133885945634,0.04082914804970202,0.009392359546371255,0.040829598600923625,0.00939131934562684,0.2072532309575084,-0.2648758470076721,-0.3090576906113652,0.00939190458797163,0.0383413388594564,0.4023,628894.0,0.061725,176039.9,0,2.0,0
3075,2023-01-22 20:13:59.999,0.4022105223056145,0.40195,0.0614302456581229,0.061695,-0.9114275762081673,-0.9107796401120705,-2.78555238863164,-2.7898529648215753,0.04203194070996141,0.03786837570370449,0.04082888920819213,0.009392425729677908,0.040829167627887054,0.009391356661009174,0.12807234625301847,-0.3152022267403291,-0.2648758470076721,0.009391876601661414,0.0378683757037046,0.40195,467333.0,0.061695,200548.6,0,2.0,0
3076,2023-01-22 20:14:59.999,0.4017809350345334,0.4014,0.0614443962325868,0.061645,-0.9127968426198994,-0.9118482766206826,-2.786363155661621,-2.789622639437774,0.040775018134023844,0.037161893971076054,0.040828482553300176,0.009392546456346238,0.04082847018014135,0.00939145957996951,-0.005691558981046227,-0.3903721529901752,-0.3152022267403291,0.009391854621188684,0.037161893971076,0.4014,1179686.0,0.061645,205385.3,0,2.0,0
3077,2023-01-22 20:15:59.999,0.4012049005639347,0.4009,0.0614371447242809,0.061635,-0.9140432593336758,-0.9132830082034161,-2.7865253879786542,-2.7897406638091784,0.039436768946645606,0.036048098701202846,0.040827865239759266,0.009392772982275144,0.040827543301251254,0.009391709881687,-0.1480853190873724,-0.5088770427621525,-0.3903721529901752,0.00939181291079095,0.0360480987012028,0.4009,607600.0,0.0616349999999999,77952.1,0,2.0,0
3078,2023-01-22 20:16:59.999,0.4006932102099888,0.4016,0.0614256514658357,0.06169,-0.9122987106046175,-0.9145592063051935,-2.7856334357605896,-2.789927754756725,0.038313513686705214,0.037063495599013785,0.04082739700914972,0.009392910206486426,0.0408268152263859,0.009391901096553615,-0.26760306713652976,-0.4007172779674514,-0.5088770427621525,0.00939181291079095,0.0370634955990136,0.4016,466854.0,0.06169,89000.8,0,2.5,0
3079,2023-01-22 20:17:59.999,0.401341620891867,0.4022,0.0614500610845644,0.06176,-0.9108058016435854,-0.9129422919318986,-2.7844993732656165,-2.7895304489174646,0.039605639047321395,0.03762933276380953,0.04082707547558581,0.009392995900966022,0.040826792801105766,0.00939192731428513,-0.13002163591353552,-0.3404390617744663,-0.4007172779674514,0.00939181291079095,0.0376293327638095,0.4022,435192.0,0.0617599999999999,112577.3,0,2.5,0
3080,2023-01-22 20:18:59.999,0.4018105948792978,0.4026,0.0614798684459002,0.061795,-0.909811765776446,-0.9117744584091315,-2.783932823940438,-2.7890455001009506,0.04037703730095499,0.03816022669399399,0.04082671866986979,0.009393067921688538,0.040826614601050325,0.00939198344054985,-0.04786819556711407,-0.2838787069471608,-0.3404390617744663,0.00939181291079095,0.0381602266939939,0.4026,246237.0,0.061795,236275.9,0,2.5,0
3081,2023-01-22 20:19:59.999,0.4021757307061723,0.40215,0.0614788333415337,0.06179,-0.910930125632059,-0.9108661448213035,-2.784013739909249,-2.789062336719286,0.04129911446360557,0.03710801390953611,0.04082603036419185,0.009393231449046734,0.04082613984905633,0.009392147214939087,0.050358517996494837,-0.3958186780368391,-0.2838787069471608,0.00939181291079095,0.0371080139095361,0.40215,377536.0,0.06179,127133.0,0,2.5,0
3082,2023-01-22 20:20:59.999,0.4020356158323443,0.4022,0.0614728458249918,0.06176,-0.9108058016435854,-0.9112145976896914,-2.7844993732656165,-2.789159732974258,0.04103028094727612,0.03762933276380953,0.04082550775219371,0.009393346483262474,0.040825555142426306,0.00939225999558414,0.021797288932170575,-0.34025945855178213,-0.3958186780368391,0.00939181291079095,0.0376293327638095,0.4022,254709.0,0.0617599999999999,127113.9,0,2.5,0
3083,2023-01-22 20:21:59.999,0.4023439604071843,0.40215,0.0614668596417745,0.061765,-0.910930125632059,-0.910447933296285,-2.78441841799336,-2.7892571170244196,0.041876554715569836,0.037438829574455657,0.040825013274557335,0.009393468523831775,0.040825256630595524,0.00939239512506662,0.11193077707821142,-0.36048278561968183,-0.34025945855178213,0.00939181291079095,0.0374388295744556,0.40215,121762.0,0.061765,78286.1,0,2.5,0
3084,2023-01-22 20:22:59.999,0.4024450080513351,0.40245,0.0614913528155144,0.061809998,-0.9101844134423943,-0.9101968174171114,-2.7836901476681795,-2.788858718681204,0.04180198848348471,0.03758919637398195,0.040824670907688765,0.0093935595017544,0.04082489708625294,0.00939248423751629,0.10402906968201055,-0.3444354116352315,-0.36048278561968183,0.00939181291079095,0.037589169922644,0.40245,707214.0,0.06181,260213.5,0,2.5,0
3085,2023-01-22 20:23:59.999,0.4025260079067838,0.4026,0.0615428000358484,0.061825,-0.909811765776446,-0.9099955682935622,-2.7834474655746573,-2.788022410678259,0.04131957372966044,0.03776345662710834,0.040824427562146666,0.009393625184230639,0.04082454215278947,0.009392541167547872,0.052704754553683085,-0.3258561923651022,-0.3444354116352315,0.00939181291079095,0.0377634566271081,0.4025999999999999,171659.0,0.061825,36467.1,0,2.5,0
3086,2023-01-22 20:24:59.999,0.402274477047885,0.40265,0.0615495373252827,0.06185,-0.9096875807405831,-0.9106206446243819,-2.78304318014364,-2.787912943434636,0.040605010272139586,0.03755714698354495,0.04082421086280324,0.009393689755830258,0.04082416013366863,0.009392603303749424,-0.023332174738132733,-0.3477934618003069,-0.3258561923651022,0.00939181291079095,0.0375571469835447,0.4026499999999999,135848.0,0.06185,116861.0,0,2.5,0
3087,2023-01-22 20:25:59.999,0.4019740921839727,0.40245,0.0615715162931825,0.061825,-0.9101844134423943,-0.9113676397434832,-2.7834474655746573,-2.7875559132194563,0.039566150600277905,0.03739080896115998,0.040823883336475034,0.009393784794163201,0.0408235922620163,0.009392717222961242,-0.13387411032288743,-0.3654623190269572,-0.3477934618003069,0.00939181291079095,0.03739080896116,0.40245,122081.0,0.061825,132702.7,0,2.5,0
3088,2023-01-22 20:26:59.999,0.4017525880803139,0.4021,0.0615507599839827,0.061785,-0.9110544650789086,-0.9119188323683043,-2.7840946624259835,-2.7878930790033265,0.0392905837811488,0.03704982688662961,0.04082312932856598,0.009393956966406882,0.04082277465475265,0.009392898819235086,-0.16312225896292784,-0.4016733795385512,-0.3654623190269572,0.00939181291079095,0.0370498268866295,0.4021,335495.0,0.061785,98988.9,0,2.5,0
3089,2023-01-22 20:27:59.999,0.4017242261501566,0.40195,0.0615168695381406,0.061785,-0.9114275762081673,-0.9119894303735403,-2.7840946624259835,-2.788443840350244,0.039670221378842685,0.03667671575737097,0.040822252460407125,0.009394167168808358,0.040821985848261425,0.009393096415433875,-0.12261818877173088,-0.4412883684676875,-0.4016733795385512,0.00939181291079095,0.036676715757371,0.40195,345790.0,0.061785,100274.1,0,2.5,0
3090,2023-01-22 20:28:59.999,0.4019244669181638,0.40195,0.0615169868707094,0.06179,-0.9114275762081673,-0.9114911012556605,-2.784013739909249,-2.7884419330285977,0.040166991302134414,0.036610563333427826,0.040821428176174,0.009394380457152551,0.040821276721215875,0.009393298608093148,-0.0696544894801638,-0.44823230887356375,-0.4412883684676875,0.00939181291079095,0.0366105633334279,0.40195,188835.0,0.06179,28884.5,0,2.5,0
3091,2023-01-22 20:29:59.999,0.4020682134569024,0.4017,0.0615123673452539,0.061775,-0.9120497376169006,-0.9111335195418487,-2.7842565271074635,-2.7885170293417842,0.04058596264329528,0.03618687525835096,0.040820372997255695,0.009394644949458287,0.04082031874815735,0.00939355847175076,-0.02494859701643923,-0.4932062641890381,-0.44823230887356375,0.00939181291079095,0.0361868752583509,0.4017,285942.0,0.061775,52385.9,0,2.5,0
3092,2023-01-22 20:30:59.999,0.4017403801950372,0.40155,0.0614847319697658,0.061775,-0.9124232203476658,-0.911949219405303,-2.7842565271074635,-2.788966395645657,0.040137610107123245,0.03581339252758575,0.040819582892514805,0.009394922477230085,0.040819425064978265,0.009393841018334249,-0.07258106205164651,-0.5328612744876031,-0.4932062641890381,0.009391825675723432,0.0358133925275856,0.40155,175342.0,0.061775,307886.3,0,2.5,0
3093,2023-01-22 20:31:59.999,0.4013147290996013,0.4019,0.0614743484818674,0.061855,-0.9115519775269817,-0.9130092989200723,-2.782962342667342,-2.789135289034985,0.03921559732016722,0.03562666729193886,0.040818766345234236,0.009395220479103409,0.04081839532717705,0.009394164909000023,-0.17061633711308194,-0.5526319541774988,-0.5328612744876031,0.009391907650986494,0.0356266672919389,0.4019,147883.0,0.061855,180655.6,0,2.5,0
3094,2023-01-22 20:32:59.999,0.4014144363973213,0.4018,0.0615876881878092,0.061865,-0.911800826601303,-0.9127608781512293,-2.782800687316198,-2.787293295499769,0.03795822783237246,0.035245668430969324,0.04081780082435396,0.009395578830890523,0.040817139039352336,0.009394592264339452,-0.30431455953994946,-0.5930589795132936,-0.5526319541774988,0.00939194134585131,0.0352456684309694,0.4018,100521.0,0.061865,45182.2,0,2.5,0
3095,2023-01-22 20:33:59.999,0.4014033916432118,0.40185,0.0616128218018205,0.06187,-0.9116763943234096,-0.9127883931209382,-2.7827198694392394,-2.7868852839686142,0.03759717217619385,0.03530403382569536,0.040816916933154736,0.00939591788318134,0.040816171794354233,0.009394958235971853,-0.3426305404781182,-0.5867317249895744,-0.5930589795132936,0.009392024384147159,0.0353040338256955,0.40185,72915.0,0.06187,76081.2,0,2.5,0
3096,2023-01-22 20:34:59.999,0.4017390273686581,0.40155,0.0616163053346779,0.06183,-0.9124232203476658,-0.9119525868254669,-2.7833665954116595,-2.7868287464772066,0.03838676028356136,0.03508589243000426,0.04081582219674562,0.009396310036226447,0.04081526004402329,0.009395295342127562,-0.2584804066321131,-0.6098063755506408,-0.5867317249895744,0.00939217541010035,0.0350858924300045,0.4015499999999999,195393.0,0.0618299999999999,211913.9,0,2.5,0
3097,2023-01-22 20:35:59.999,0.4017540981540396,0.40145,0.0615507537618011,0.061809998,-0.9126722863514442,-0.9119150736597543,-2.7836901476681795,-2.78789318009358,0.03929442512881565,0.03510132346493211,0.0408146744877372,0.009396705153634182,0.04081432265960508,0.009395646217783594,-0.1617661516365579,-0.6080164195207772,-0.6098063755506408,0.009392293777954759,0.0351012970135942,0.40145,97389.0,0.06181,66475.0,0,2.5,0
3098,2023-01-22 20:36:59.999,0.4017101188167721,0.40135,0.0615103664694024,0.0618,-0.9129214144045512,-0.9120245479496667,-2.783851914518492,-2.788549557896298,0.03972152563197939,0.03498443634665471,0.04081347253182042,0.00939711873834875,0.040813219824831326,0.009396045978241733,-0.11618655287340558,-0.6203003651936376,-0.6080164195207772,0.009392417403179037,0.0349844363466547,0.40135,279628.0,0.0618,51217.5,0,2.5,0
3099,2023-01-22 20:37:59.999,0.4014288407534718,0.40085,0.0614951176798721,0.061765,-0.9141679864931764,-0.912724994793762,-2.78441841799336,-2.788797494640158,0.03922376176479403,0.03420096871333822,0.04081233749336818,0.00939762122440714,0.04081196985260711,0.009396564794949566,-0.16902007515200754,-0.7035151366666241,-0.6203003651936376,0.009392498470024185,0.0342009687133382,0.40085,614120.0,0.061765,419785.6,0,2.5,0
3100,2023-01-22 20:38:59.999,0.4007397928644396,0.40065,0.0614721769404612,0.061655,-0.9146670507580574,-0.914442957899339,-2.7862009496596434,-2.7891706140089765,0.03781081575042189,0.035159085901009135,0.04081151022327833,0.009397961535433872,0.0408108157788273,0.009396984849024854,-0.31925134248957837,-0.6014521660848913,-0.7035151366666241,0.00939255670159826,0.0351590859010091,0.40065,393893.0,0.061655,344582.9,0,2.5,0
3101,2023-01-22 20:39:59.999,0.4004800951274739,0.4011,0.0613711184878301,0.06168,-0.9135445062061298,-0.9150912137650568,-2.7857955497270632,-2.7908159374281607,0.038507576534469456,0.03595022469235731,0.0408109248239055,0.00939818556076251,0.0408103917648244,0.009397163311049311,-0.24505429501765305,-0.5171955905873621,-0.6014521660848913,0.009392631783552378,0.0359502246923573,0.4011,209240.0,0.06168,242720.6,0,2.5,0
3102,2023-01-22 20:40:59.999,0.4010465350139376,0.40005,0.0614027031709185,0.061639998,-0.916165739686004,-0.9136778109922451,-2.7864443009766857,-2.790301419213146,0.039500371688296565,0.03385933146177622,0.04080982604509838,0.009398720743388296,0.04080952300081308,0.009397654225302378,-0.13930618015203589,-0.7395149588002824,-0.5171955905873621,0.009392762622029703,0.0338593049374873,0.40005,2251038.0,0.06164,964589.1,0,2.5,0
3103,2023-01-22 20:41:59.999,0.4001895943824935,0.40075,0.0613544172633192,0.061725,-0.9144174874924748,-0.9158168582137816,-2.7850662437508937,-2.791088109385069,0.03800442683016514,0.034481051393376094,0.040808886913138026,0.009399150372982387,0.040808237882801766,0.00939815951230067,-0.29833618475690826,-0.6732348423694902,-0.7395149588002824,0.009392948218284784,0.0344810513933762,0.40075,390873.0,0.061725,184448.9,0,2.5,0
3104,2023-01-22 20:42:59.999,0.4014194258805902,0.4009,0.0614309092093549,0.061735,-0.9140432593336758,-0.9127484484730519,-2.78490424796243,-2.7898421631775125,0.04005430223634687,0.03472285146531062,0.040807960746879625,0.009399552894201742,0.04080778632926552,0.009398472163436459,-0.08017091286921965,-0.6473828436374559,-0.6732348423694902,0.009393146963598694,0.0347228514653106,0.4009,283999.0,0.061735,183988.3,0,2.5,0
3105,2023-01-22 20:43:59.999,0.401653404940416,0.4006,0.0614292687755992,0.06168,-0.9147918557504191,-0.9121657390164084,-2.7857955497270632,-2.7898688672533605,0.04065884170295275,0.034702875148068024,0.04080705307385183,0.009399953058940307,0.040807018773603994,0.009398865560634349,-0.015765420804810443,-0.6493838732501026,-0.6473828436374559,0.009393363574007552,0.034702875148068,0.4006,120162.0,0.06168,99363.3,0,2.5,0
3106,2023-01-22 20:44:59.999,0.4012106088922169,0.40025,0.0613739104696381,0.061635,-0.915665927105313,-0.9132687803421272,-2.7865253879786542,-2.7907704450472113,0.040292820910491245,0.034425430929565626,0.040805857794059694,0.009400436147989712,0.040805739063005865,0.009399351562950627,-0.05456952525708122,-0.6787373228271462,-0.6493838732501026,0.009393629108396633,0.0344254309295655,0.40025,271793.0,0.061635,77905.3,0,2.5,0
3107,2023-01-22 20:45:59.999,0.4005580299076579,0.4003,0.0613588527899736,0.061645,-0.9155410129836091,-0.9148966293177149,-2.786363155661621,-2.791015818480354,0.03886555946021242,0.03441772360736628,0.04080456757321607,0.009400930323211393,0.04080411883262061,0.009399888713922345,-0.20623216204006317,-0.679384246693153,-0.6787373228271462,0.009393921991000692,0.0344177236073663,0.4003,144370.0,0.061645,49091.1,0,2.5,0
3108,2023-01-22 20:46:59.999,0.4003801507107392,0.4002,0.0614046667136799,0.06165,-0.915790856832504,-0.9153408064193881,-2.7862820493717835,-2.790269441608489,0.03781123525435748,0.03410157710395356,0.04080311834670139,0.009401480948887198,0.040802425941449755,0.009400503163894862,-0.3181947428708648,-0.7128176166267775,-0.679384246693153,0.00939427174783488,0.0341015771039541,0.4002,276575.0,0.0616499999999999,37053.5,0,2.5,0
3109,2023-01-22 20:47:59.999,0.4001421431236517,0.40015,0.061456851262543,0.061635,-0.9159158021690819,-0.915935437189658,-2.7865253879786542,-2.789419955897083,0.03652216811233444,0.03417555586579679,0.04080159833497506,0.009402021515888434,0.04080060795538176,0.00940115886996638,-0.45509706858752635,-0.7047465758274379,-0.7128176166267775,0.009394683757247552,0.0341755558657967,0.40015,179822.0,0.061635,140069.9,0,2.5,0
3110,2023-01-22 20:48:59.999,0.4000510494861423,0.40045,0.0614405829241003,0.06168,-0.9151663642124459,-0.9161631163020129,-2.7857955497270632,-2.789684702490783,0.03651091366904036,0.03432836668604122,0.04080018082215607,0.009402535721472923,0.040799188166022515,0.009401674040903139,-0.45611818473236715,-0.688305189985604,-0.7047465758274379,0.00939504251251078,0.0343283666860412,0.40045,88518.0,0.06168,166570.0,0,2.5,0
3111,2023-01-22 20:49:59.999,0.4003603774808962,0.4003,0.0614546517213193,0.061655,-0.9155410129836091,-0.9153901937780913,-2.7862009496596434,-2.789455746545973,0.037096669612676436,0.03428512367545744,0.040798802539830335,0.009403054223472984,0.0407979457629437,0.009402134738274764,-0.3936633810617385,-0.6927194834325959,-0.688305189985604,0.00939538306104157,0.0342851236754575,0.4003,193150.0,0.061655,32782.4,0,2.5,0
3112,2023-01-22 20:50:59.999,0.4001083324481337,0.39995,0.061382635746119,0.06161,-0.916415739687306,-0.9160199374219482,-2.7869310839556576,-2.7906282892638403,0.037425454522965085,0.03400726611812632,0.0407973306538534,0.0094036195287126,0.040796550307606955,0.009402671223729023,-0.3585253280083232,-0.722069253758576,-0.6927194834325959,0.009395746157898129,0.0340072661181263,0.39995,349911.0,0.06161,114239.0,0,2.5,0
3113,2023-01-22 20:51:59.999,0.399739657307965,0.39985,0.0612787817561476,0.061545,-0.9166658022042382,-0.9169418005034331,-2.787986664419878,-2.792321633705837,0.037887864248708825,0.03462011801849885,0.040796074906867465,0.009404082118210833,0.0407954018657524,0.009403097928010104,-0.309210606898239,-0.6567314928491522,-0.722069253758576,0.00939617568241869,0.034620118018499,0.39985,232750.0,0.061545,1348947.7,0,2.5,0
3114,2023-01-22 20:52:59.999,0.3999204143809262,0.39905,0.0612005133772424,0.061425,-0.9186685566601192,-0.9164897157178116,-2.789938360574894,-2.7935997009820075,0.03938474165438688,0.0342128333609395,0.04079465272728079,0.009404613014765887,0.040794326434507616,0.009403549162377437,-0.14989923015028522,-0.6998501007970648,-0.6567314928491522,0.009396669808468388,0.0342128333609395,0.39905,1065824.0,0.061425,2193869.7,0,2.5,0
3115,2023-01-22 20:53:59.999,0.3992692156786321,0.39765,0.0610989878165438,0.061244998,-0.9221830575789928,-0.9181193636059206,-2.792873098198216,-2.7952599789558183,0.03911233544410009,0.03309741758243134,0.040793089489919,0.009405331040247553,0.0407927005165226,0.009404277400348326,-0.17868093431189824,-0.8182244595704419,-0.6998501007970648,0.009397029464530969,0.0330973908870735,0.39765,2928542.0,0.061245,3693315.8,0,2.5,0
3116,2023-01-22 20:54:59.999,0.3974296363780145,0.39725,0.0609352186614142,0.061315,-0.9231894735653117,-0.9227373759580472,-2.7917307677681475,-2.7979439682760177,0.036688426865959634,0.031157170940047774,0.04079093070370382,0.009406472151998942,0.04078998126981403,0.009405590643968887,-0.4360762188267698,-1.0241628963531035,-0.8182244595704419,0.009397286039612578,0.0311571709400477,0.39725,1299589.0,0.061315,928592.5,0,2.5,0
3117,2023-01-22 20:55:59.999,0.3966108344681054,0.39715,0.061000476902869,0.06123,-0.923441235902996,-0.924799744893118,-2.7931180134922737,-2.7968735967595673,0.03375105214523355,0.032039452264849055,0.040789007546514676,0.00940741186087376,0.040787378767204036,0.00940693240714623,-0.747993747316091,-0.9300703967321531,-1.0241628963531035,0.00939778054705195,0.032039452264849,0.39715,914359.0,0.06123,782908.6,0,2.5,0
3118,2023-01-22 20:56:59.999,0.3960047158345054,0.39795,0.0608816230106345,0.061295,-0.9214289097302787,-0.9263291591255707,-2.7920570054351797,-2.7988239066080625,0.033815974435218665,0.03318442707935498,0.04078736300918852,0.009408120098905378,0.04078574963529961,0.009407629049556113,-0.74086416071112,-0.8081248804124138,-0.9300703967321531,0.009398237675084617,0.0331844270793548,0.39795,383883.0,0.061295,266428.8,0,2.5,0
3119,2023-01-22 20:57:59.999,0.3966673736251874,0.39790002,0.0609397897427409,0.061275,-0.9215545112853699,-0.9246571992978883,-2.792383349567961,-2.797868955664512,0.034707282323101385,0.03332560486200731,0.04078569046306222,0.009408804207866713,0.04078428374976901,0.009408169743729869,-0.6459281233438287,-0.7928834989272627,-0.8081248804124138,0.009398570512735932,0.0333255545981232,0.3979,346547.0,0.0612749999999999,544010.0,0,2.5,0
3120,2023-01-22 20:58:59.999,0.3965461833447284,0.39785,0.0609376635343727,0.061275,-0.9216802291585933,-0.9249627671499178,-2.792383349567961,-2.797903846586684,0.03443023705252901,0.033199886988783955,0.040783885315453926,0.00940951132542677,0.04078241490391425,0.009408918818098466,-0.6751230374276956,-0.8059927943522611,-0.7928834989272627,0.009398987061213419,0.0331998869887839,0.39785,253611.0,0.0612749999999999,160007.1,0,2.5,0
3121,2023-01-22 20:59:59.999,0.3967579031690405,0.398,0.0609660984602065,0.061235,-0.9213032736976993,-0.924429000003276,-2.7930363575088863,-2.797437332249731,0.03458263872218259,0.034110662452926266,0.04078236736347748,0.009410058782653125,0.04078093257323418,0.009409442426986152,-0.6587312584298267,-0.7089971555597608,-0.8059927943522611,0.009399485850693556,0.0341106624529263,0.398,133105.0,0.061235,302573.6,0,2.5,0
3122,2023-01-22 21:00:59.999,0.3973922564373267,0.39775,0.0609397097432621,0.06121,-0.9219316117642409,-0.9228314346171084,-2.7934447041191586,-2.797870268428006,0.03653412015991597,0.033816138992855294,0.04078103329225926,0.009410637752033215,0.040780050438028216,0.009409770494065706,-0.4512257000093625,-0.7401086390663764,-0.7089971555597608,0.009400042326415475,0.0338161389928552,0.39775,310998.0,0.06121,287947.1,0,2.5,0
3123,2023-01-22 21:01:59.999,0.397279614921348,0.39775,0.0609087108341347,0.061195,-0.9219316117642409,-0.9231149265105373,-2.7936897921478354,-2.7983790794515593,0.03666657037870846,0.034016493206126874,0.04077987434031969,0.00941116244774603,0.04077892240697981,0.00941028138462435,-0.43700627645317874,-0.7186552322038222,-0.7401086390663764,0.009400667090412741,0.0340164932061268,0.39775,203515.0,0.061195,126507.7,0,2.5,0
3124,2023-01-22 21:02:59.999,0.3971111481013212,0.39815,0.0608748901656157,0.06125,-0.9209264602786832,-0.9235390674507248,-2.7927914295573006,-2.798934501841944,0.03669647534463849,0.0342872525182637,0.04077872152659247,0.009411652653206792,0.04077777678088963,0.009410768393502926,-0.43368418662484776,-0.6897267937440251,-0.7186552322038222,0.00940128766270057,0.0342872525182635,0.39815,265111.0,0.06125,171885.6,0,2.5,0
3125,2023-01-22 21:03:59.999,0.3972924168521564,0.39845,0.060912788140901,0.061315,-0.9201732591383799,-0.9230827030486042,-2.7917307677681475,-2.7983121404169533,0.03664407261379088,0.03417338536697956,0.04077770998221583,0.009412127682067251,0.040776753343158105,0.009411248547216765,-0.4391214097293609,-0.7016824291301709,-0.6897267937440251,0.009401789215246046,0.0341733853669794,0.3984499999999999,1073888.0,0.061315,201275.9,0,2.5,0
3126,2023-01-22 21:04:59.999,0.3974812584355268,0.39855,0.0609993271325829,0.061335,-0.9199223181082048,-0.9226074945891499,-2.791404636497422,-2.7968924454830586,0.03595871087688651,0.034157721069581815,0.040776618346215945,0.00941262192683549,0.04077550334795874,0.0094118180140553,-0.511781301325524,-0.703193788944564,-0.7016824291301709,0.009402268859638328,0.0341577210695818,0.3985499999999999,148229.0,0.061335,131463.2,0,2.5,0
3127,2023-01-22 21:05:59.999,0.3977202768984141,0.3984,0.0610589622995657,0.061329998,-0.920298753271694,-0.9220063426560489,-2.7914861919547134,-2.7959152865861836,0.03576105634407434,0.03384795574538191,0.04077548433955917,0.00941316148888973,0.0407743238609673,0.009412381246619595,-0.5326247827767758,-0.7359406935017279,-0.703193788944564,0.009402777899799293,0.0338479290870223,0.3984,567874.0,0.0613299999999999,45280.4,0,2.5,0
3128,2023-01-22 21:06:59.999,0.3979142527324519,0.3977,0.0610618013921777,0.0613,-0.9220573267684922,-0.9215187423052421,-2.791975436039971,-2.795868790109636,0.03621064682133113,0.03248932880790334,0.04077396771246636,0.009413968570707953,0.04077291163264893,0.009413135108755317,-0.4846700656696578,-0.8800368136283244,-0.7359406935017279,0.009403210736601938,0.0324893288079033,0.3977,188684.0,0.0613,199462.8,0,2.5,0
3129,2023-01-22 21:07:59.999,0.3972819686395684,0.39745,0.0610215376545295,0.061315,-0.9226861389630153,-0.9231090019396315,-2.7917307677681475,-2.796528400821834,0.0351596048142635,0.03166050554234412,0.04077227284923646,0.00941495002941939,0.04077097392120245,0.009414247646730949,-0.5960507220019295,-0.9677977342864612,-0.8800368136283244,0.00940373122187016,0.0316605055423444,0.3974499999999999,124048.0,0.0613149999999999,158974.3,0,2.5,0
3130,2023-01-22 21:08:59.999,0.3969374771429175,0.39695,0.0610264362892775,0.061235,-0.9239449508110146,-0.9239764990025257,-2.7930363575088863,-2.796448126900156,0.034226485539991636,0.031468985339610955,0.040770520031525995,0.009415976968973443,0.0407690055592993,0.009415413543895362,-0.6948733572674153,-0.9878459476445725,-0.9677977342864612,0.009404605711253466,0.031468985339611,0.39695,446286.0,0.061235,330894.9,0,2.5,0
3131,2023-01-22 21:09:59.999,0.3959503182365254,0.39695,0.0609295418095147,0.06114,-0.9239449508110146,-0.9264665345969683,-2.7945889625194487,-2.7980371346988897,0.033035429781965275,0.03273820667650218,0.04076906101505091,0.009416733117007357,0.04076727123693633,0.009416378233664256,-0.8211056590026456,-0.8528280709203042,-0.9878459476445725,0.009405926084763223,0.0327382066765022,0.39695,359958.0,0.06114,609783.7,0,2.5,0
3132,2023-01-22 21:10:59.999,0.395694219716605,0.39765,0.0608138367856516,0.061225,-0.9221830575789928,-0.9271135384391634,-2.7931996761439057,-2.7999379371907476,0.03394229125868209,0.03336438805721886,0.04076794818630114,0.009417324024851532,0.04076636853878259,0.009416806624968117,-0.7246700024620722,-0.7861638942808912,-0.8528280709203042,0.0094071065677487,0.0333643880572189,0.39765,282850.0,0.061225,134026.1,0,2.5,0
3133,2023-01-22 21:11:59.999,0.3966106023410699,0.3977,0.0609167374485013,0.06121,-0.9220573267684922,-0.9248003301698763,-2.7934447041191586,-2.7982473070757323,0.0348734456249028,0.033690423988604,0.04076715135307491,0.009417777201250855,0.040765787385074866,0.009417114100874048,-0.6257056776688275,-0.751422253175727,-0.7861638942808912,0.009407764223099552,0.033690423988604,0.3977,75008.0,0.06121,142863.7,0,2.5,0
3134,2023-01-22 21:12:59.999,0.3968321214206665,0.39745,0.0609150476817338,0.06114,-0.9226861389630153,-0.9242419556868339,-2.7945889625194487,-2.7982750464175763,0.0354544964256821,0.03399701852450143,0.040766374232088065,0.00941819729627338,0.040765144915308055,0.009417454038137948,-0.5639155198548749,-0.7187528031787093,-0.751422253175727,0.009408357012322018,0.0339970185245013,0.3974499999999999,754878.0,0.06114,533641.3,0,2.5,0
3135,2023-01-22 21:13:59.999,0.3968086940620063,0.39705,0.0608415903825915,0.061025,-0.923693061640917,-0.9243009933729255,-2.796471662703113,-2.7994816715219253,0.03638184891458651,0.03452916291634389,0.04076553229092815,0.009418592253414812,0.040764517784245356,0.009417738387786681,-0.46536319965550044,-0.6621339162785389,-0.7187528031787093,0.009409049720320388,0.034529162916344,0.39705,409216.0,0.0610249999999999,1435928.2,0,2.5,0
3136,2023-01-22 21:14:59.999,0.3967339117167241,0.39775,0.0607078659205845,0.061085,-0.9219316117642409,-0.9244894705761885,-2.7954889421261138,-2.801682002482275,0.03799209513685631,0.03548725977274492,0.04076486494751742,0.009418864078618189,0.04076422325119466,0.009417868562935265,-0.29434771740691623,-0.5603228935804709,-0.6621339162785389,0.009409524443756041,0.0354872597727449,0.39775,390689.0,0.061085,279519.0,0,2.5,0
3137,2023-01-22 21:15:59.999,0.3978378629698484,0.39805,0.0607570202669697,0.061135,-0.9211776534475499,-0.9217107361720023,-2.7946707453859836,-2.800872643487897,0.04010919590088258,0.035572359781441354,0.0407640452655069,0.00941916183904963,0.04076389371508695,0.009418077115028884,-0.06951501948944971,-0.5511833826383615,-0.5603228935804709,0.009409898216705367,0.0355723597814412,0.39805,519275.0,0.061135,45313.8,0,2.5,0
3138,2023-01-22 21:16:59.999,0.3979984998704082,0.39805,0.0608123287954774,0.061175,-0.9211776534475499,-0.9213070428746314,-2.7940166696534017,-2.7999627343249345,0.039769057949218145,0.03503766688138754,0.04076295931721343,0.009419551537468545,0.04076272930069688,0.009418473634487355,-0.10550237650400576,-0.6078094496380377,-0.5511833826383615,0.009410403136843994,0.0350376668813874,0.39805,131181.0,0.061175,119967.0,0,2.5,0
3139,2023-01-22 21:17:59.999,0.3975902732785742,0.398,0.0608976002398629,0.06116,-0.9213032736976993,-0.9223332680840314,-2.7942618979212757,-2.79856150997104,0.03759736184694085,0.035112515487049634,0.040762041561522785,0.00941990887156117,0.04076130916630996,0.009418941805006721,-0.3359132463996424,-0.5997431770841378,-0.6078094496380377,0.009410888431931386,0.0351125154870497,0.398,97148.0,0.06116,209951.5,0,2.5,0
3140,2023-01-22 21:18:59.999,0.3971558113397471,0.39765,0.0608588360479994,0.06111,-0.9221830575789928,-0.9234266034033611,-2.795079760075313,-2.7991982597701486,0.037024555848199636,0.03490131639678651,0.04076109171327293,0.009420292898357887,0.040760226974586276,0.009419374252756811,-0.3965944049089359,-0.6220374864891813,-0.5997431770841378,0.009411390913926398,0.0349013163967861,0.3976499999999999,152735.0,0.06111,104333.6,0,2.5,0
3141,2023-01-22 21:19:59.999,0.3964989966607872,0.3976,0.060862494690827,0.061025,-0.9223088041997181,-0.925081768400254,-2.796471662703113,-2.7991381447055748,0.03532024807377676,0.03591342035754286,0.040760455910803677,0.00942052736697868,0.04075919689487287,0.009419800699386244,-0.5773953180825244,-0.5145184939699765,-0.6220374864891813,0.009411958822196373,0.0359134203575428,0.3976,340585.0,0.0610249999999999,698520.7,0,2.5,0
3142,2023-01-22 21:20:59.999,0.3964070444028454,0.3976,0.0607833427621233,0.060964998,-0.9223088041997181,-0.9253137057385814,-2.7974553827756177,-2.800439495274265,0.03615213694837571,0.036717590443982484,0.04075989292644475,0.00942069628505703,0.04075882656310801,0.009419866866606931,-0.48903977943285337,-0.4290874432364527,-0.5145184939699765,0.009412569712153526,0.0367175636260181,0.3975999999999999,283319.0,0.060965,530092.2,0,2.5,0
3143,2023-01-22 21:21:59.999,0.3963739925081748,0.39790002,0.0606839411875852,0.061019998,-0.9215545112853699,-0.9253970878911579,-2.796553632469753,-2.802076176255267,0.037406706437485004,0.036734721800197545,0.04075930242309115,0.009420868624108214,0.04075852653880844,0.009419916474691604,-0.35582269867559185,-0.42719846581817444,-0.4290874432364527,0.009413413243249225,0.0367346447425214,0.3979,222436.0,0.06102,93167.6,0,2.5,0
3144,2023-01-22 21:22:59.999,0.3967380550595087,0.39785,0.060662699992656,0.061025,-0.9216802291585933,-0.9244790269992049,-2.796471662703113,-2.802426267447566,0.03861095937963821,0.03654199539866765,0.040758716631055625,0.009421052159993195,0.0407582195800833,0.009420018600389853,-0.2279464926275436,-0.4475849576859813,-0.42719846581817444,0.009414539121022053,0.0365419953986676,0.39785,167296.0,0.0610249999999999,94249.8,0,2.5,0
3145,2023-01-22 21:23:59.999,0.3967416667565022,0.3981,0.0606054492545811,0.06107,-0.9210520489758656,-0.9244699235605305,-2.795734531747094,-2.803370468256824,0.03939192675361358,0.03656758681535477,0.04075802144616304,0.009421250594263016,0.0407577052937232,0.009420183279609133,-0.14498428529155796,-0.44478539116240046,-0.4475849576859813,0.009415654716337585,0.0365675868153547,0.3981,355368.0,0.06107,200569.2,0,2.5,0
3146,2023-01-22 21:24:59.999,0.3974123965776452,0.39855,0.060640078362277,0.061185,-0.9199223181082048,-0.9227807551444948,-2.7938532175445054,-2.8027992453949473,0.04061413271655756,0.03615938362311155,0.040757170965745396,0.00942149984929325,0.040757137862702304,0.009420409838457709,-0.015180352935489298,-0.48801012749352696,-0.44478539116240046,0.009416485331490221,0.0361593836231115,0.3985499999999999,146307.0,0.061185,261795.9,0,2.5,0
3147,2023-01-22 21:25:59.999,0.3985131504680544,0.3986,0.0608195736371601,0.06122,-0.9197968712034427,-0.9200147813765173,-2.793281345464871,-2.799843606998199,0.040963935409621066,0.03581733735317261,0.04075621196750026,0.009421791765195562,0.04075626004050237,0.009420701999195839,0.02204457471815006,-0.5241969614072808,-0.48801012749352696,0.0094168834939446,0.0358173373531724,0.3985999999999999,272302.0,0.06122,311683.1,0,2.5,0
3148,2023-01-22 21:26:59.999,0.3988518238128796,0.3981,0.0609095561619601,0.061205,-0.9210520489758656,-0.9191652999568031,-2.7935263934546612,-2.798365200944727,0.04060485155040705,0.034762481063089545,0.04075514190427093,0.009422209916532661,0.040755107122888413,0.009421119849630427,-0.015948801722043382,-0.636014363325357,-0.5241969614072808,0.009417199085190023,0.0347624810630895,0.3981,124284.0,0.0612049999999999,167286.3,0,2.5,0
3149,2023-01-22 21:27:59.999,0.3978645575789333,0.39815,0.0608881243016065,0.06119,-0.9209264602786832,-0.9216436392060876,-2.793771501507688,-2.798717126539586,0.03841420393611905,0.03508844034302083,0.040754192379196176,0.009422574237291407,0.04075365084056088,0.009421551085308096,-0.24830804219593383,-0.6012955582511822,-0.636014363325357,0.009417525125550132,0.0350884403430207,0.39815,100834.0,0.0611899999999999,48330.9,0,2.5,0
3150,2023-01-22 21:28:59.999,0.3973718841699727,0.39835,0.0608396232842977,0.061215,-0.9204242631557621,-0.922882700813751,-2.7933630214562584,-2.799514003518537,0.03782657218838903,0.03525671377418427,0.0407531979709154,0.009422927672559922,0.04075252066802661,0.009421942412746322,-0.3105462070835049,-0.5833096026765858,-0.6012955582511822,0.009417770931573827,0.0352567137741841,0.39835,114398.0,0.061215,193923.6,0,2.5,0
3151,2023-01-22 21:29:59.999,0.3971915988390515,0.39855,0.0608543796325922,0.06129,-0.9199223181082048,-0.9233364979938892,-2.7921385814844966,-2.799271487897173,0.03717452368285201,0.03475770537425804,0.040752135215761126,0.009423344897464412,0.04075130725660054,0.009422411571407812,-0.3796038356679549,-0.6361254848176083,-0.5833096026765858,0.00941792070095867,0.034757705374258,0.39855,772256.0,0.06129,177234.0,0,2.5,0
3152,2023-01-22 21:30:59.999,0.3973776199541408,0.3984,0.0609565514113024,0.061329998,-0.920298753271694,-0.922868266619987,-2.7914861919547134,-2.7975939405408674,0.036271396028680014,0.03384795574538191,0.04075086396386964,0.009423905768796852,0.040749827289966574,0.009423061577814642,-0.4752628669890513,-0.7324890961180553,-0.6361254848176083,0.009418176244893502,0.0338479290870223,0.3984,653548.0,0.06133,65955.9,0,2.5,0
3153,2023-01-22 21:31:59.999,0.3974955454801647,0.39895,0.0610275073934095,0.061365,-0.918919183227847,-0.9225715512897503,-2.7909156389326655,-2.796430575576541,0.03561708542168862,0.03476111091584844,0.040749844961517685,0.009424315375954739,0.04074865709770379,0.00942354821786145,-0.5445477178424956,-0.6354556067753149,-0.7324890961180553,0.009418590677117197,0.0347611109158485,0.39895,91497.0,0.061365,285400.6,0,2.5,0
3154,2023-01-22 21:32:59.999,0.3988074301413336,0.3992,0.0610797897194132,0.06142,-0.9182927345448282,-0.9192766098209382,-2.7900197639694606,-2.7955742413453395,0.038211992000520834,0.034655201007499414,0.04074875427473429,0.009424747993935468,0.04074816719714248,0.009423736355302607,-0.2691262892976174,-0.6465481380675523,-0.6354556067753149,0.009419049916944243,0.0346552010074994,0.3992,218397.0,0.06142,871461.9,0,2.5,0
3155,2023-01-22 21:33:59.999,0.3993765232647732,0.3992,0.0611332667042994,0.061435,-0.9182927345448282,-0.9178506397361137,-2.7897755736626024,-2.7946990977254327,0.038922550923025545,0.034455580662583696,0.04074761527539526,0.009425211131472069,0.0407471929045662,0.009424161328278065,-0.1936131946368161,-0.6675749248525163,-0.6465481380675523,0.00941948086441417,0.0344555806625836,0.3992,111410.0,0.061435,108721.6,0,2.5,0
3156,2023-01-22 21:34:59.999,0.3991979776386235,0.3994,0.0611325440423415,0.06144,-0.9177918580004223,-0.9182978005931728,-2.78969419014272,-2.794710918887105,0.038485053612405506,0.03488992792284917,0.040746504513563445,0.00942561863483357,0.040745981150707364,0.009424590672813251,-0.2398966296566987,-0.6213466529475901,-0.6675749248525163,0.009419817241191416,0.0348899279228491,0.3994,111814.0,0.06144,75297.1,0,2.5,0
3157,2023-01-22 21:35:59.999,0.399084412606482,0.39905,0.0611229787713339,0.061405,-0.9186685566601192,-0.9185823240507748,-2.7902640139197894,-2.7948673988694726,0.03832844918834166,0.03447904799438417,0.040745316476073726,0.009426085072479252,0.040744757145528075,0.009425065977951992,-0.2563704023758422,-0.664779538218341,-0.6213466529475901,0.0094198792686281,0.0344790479943841,0.39905,178760.0,0.061405,97244.3,0,2.5,0
3158,2023-01-22 21:36:59.999,0.3982872384467104,0.39865,0.0610987593735879,0.061329998,-0.9196714400336325,-0.9205818293612832,-2.7914861919547134,-2.7952637178619955,0.03665292616444382,0.03447526898344333,0.04074435287265305,0.009426513212136186,0.04074340600232021,0.00942562783080717,-0.43397425734409634,-0.6650480138444589,-0.664779538218341,0.009419942006116167,0.0344752423250835,0.3986499999999999,57086.0,0.0613299999999999,94394.1,0,2.5,0
3159,2023-01-22 21:37:59.999,0.3978420462484671,0.39895,0.0610552854346346,0.06139,-0.918919183227847,-0.9217002211933777,-2.790508323542732,-2.795975506666976,0.03611640643278424,0.03442813930991517,0.04074349580943319,0.009426919120522893,0.04074242497180842,0.009426091001089683,-0.4907674388555547,-0.6699279392107182,-0.6650480138444589,0.009420059770194673,0.0344281393099152,0.39895,112599.0,0.06139,139064.7,0,2.5,0
3160,2023-01-22 21:38:59.999,0.3986998055645096,0.3989,0.0611226481068218,0.061375,-0.9190445200707762,-0.919546512268612,-2.790752692867452,-2.7948728087073627,0.03736868339709254,0.03450256915516903,0.040742694884478396,0.009427302333871164,0.04074191404405086,0.009426351113670765,-0.3578511564316991,-0.6619206118901425,-0.6699279392107182,0.009420239919321277,0.034502569155169,0.3989,138846.0,0.061375,97878.4,0,2.5,0
3161,2023-01-22 21:39:59.999,0.3990117119165505,0.399,0.0610993464808735,0.06137,-0.9187938620922735,-0.9187645093487575,-2.7908341625811315,-2.79525410875584,0.03846239093852977,0.03481982687939489,0.040741922294646585,0.00942765092724063,0.04074139474746858,0.009426623724109767,-0.24176246720339295,-0.6281623557083724,-0.6619206118901425,0.009420482878642241,0.0348198268793948,0.399,61245.0,0.06137,71226.7,0,2.5,0
3162,2023-01-22 21:40:59.999,0.3991815465388941,0.3992,0.0610838199153754,0.0614,-0.9182927345448282,-0.9183389617182621,-2.79034544382904,-2.7955082610427646,0.03909570261924389,0.03492143731613062,0.04074117115774588,0.00942798536438665,0.0407407903504007,0.009426927579079519,-0.17450942710195774,-0.6172828676207717,-0.6281623557083724,0.009420806461804486,0.034921437316131,0.3992,35828.0,0.0613999999999999,97030.7,0,2.5,0
3163,2023-01-22 21:41:59.999,0.3991738738667738,0.39895,0.061097863379426,0.061385,-0.918919183227847,-0.9183581829120424,-2.7905897733493337,-2.795278382656189,0.03888856076879499,0.03449472278202881,0.040740168105601444,0.009428419360692475,0.040739739591984965,0.009427370369892493,-0.1963621615102714,-0.6624063996994228,-0.6172828676207717,0.009421227658549844,0.0344947227820289,0.39895,86741.0,0.061385,57864.7,0,2.5,0
3164,2023-01-22 21:42:59.999,0.3985478272519738,0.3992,0.0610786821710743,0.06141,-0.9182927345448282,-0.9199277697552974,-2.7901825906408293,-2.7955923743216577,0.037575655385864826,0.03478830832334001,0.04073922463342297,0.009428810962971084,0.04073849249520322,0.009427842663891932,-0.3354783508905881,-0.6311417562037732,-0.6624063996994228,0.009421648917167652,0.03478830832334,0.3992,16822.0,0.06141,24390.4,0,2.5,0
3165,2023-01-22 21:43:59.999,0.3988383429728919,0.39945,0.06112202766642,0.061444998,-0.9176666780540861,-0.9191990996463324,-2.7896128457950113,-2.7948829595036715,0.037724394077908396,0.03494861060745724,0.040738572589742096,0.009429113985746262,0.04073787502470811,0.009428134323310959,-0.31962643333887547,-0.6140515419622017,-0.6311417562037732,0.009422059702411695,0.0349485839989913,0.3994499999999999,124293.0,0.061445,25019.2,0,2.5,0
3166,2023-01-22 21:44:59.999,0.3993338668020092,0.39975,0.0611650344973058,0.06146,-0.9169159272680735,-0.9179574530775577,-2.7893687222797983,-2.794179584479398,0.03839104663173998,0.035499795649293175,0.040738385970103,0.009429209690452812,0.04073784273026538,0.00942818614608515,-0.2489127879067022,-0.5555704552963713,-0.6140515419622017,0.00942257407300952,0.0354997956492932,0.39975,183034.0,0.06146,189140.9,0,2.5,0
3167,2023-01-22 21:45:59.999,0.4000290273696434,0.39955,0.061177054418986,0.06145,-0.9174163651616652,-0.9162181660830072,-2.7895314429700933,-2.7939830875612013,0.039969701604937735,0.035132378434284184,0.04073809650797068,0.009429362586673748,0.04073791867994406,0.009428278659424534,-0.08148009862207564,-0.5944959717222986,-0.5555704552963713,0.009423183237826344,0.0351323784342842,0.39955,110525.0,0.06145,84467.6,0,2.5,0
3168,2023-01-22 21:46:59.999,0.4000818400142088,0.3995,0.0611532239075949,0.061435,-0.9175415137758076,-0.9160861527663657,-2.7897755736626024,-2.794372696937041,0.04042021224028236,0.03520680143160426,0.04073788731366193,0.00942947527305429,0.04073781379478358,0.0094283853263063,-0.03368567824811645,-0.5865740904865961,-0.5944959717222986,0.00942359525222174,0.0352068014316042,0.3994999999999999,110987.0,0.061435,26354.1,0,2.5,0
3169,2023-01-22 21:47:59.999,0.4001346401788261,0.39935,0.061123813432562,0.061425,-0.9179170536187391,-0.9159541880643113,-2.789938360574894,-2.794853743521744,0.040945422220556194,0.03496433640231955,0.04073755132229328,0.009429655129066721,0.04073759942942086,0.009428564453423473,0.022041827487309016,-0.6122403036965699,-0.5865740904865961,0.009423842598546471,0.0349643364023195,0.39935,152328.0,0.061425,30841.2,0,2.5,0
3170,2023-01-22 21:48:59.999,0.3997116073765114,0.39925,0.0611132321681745,0.061425,-0.9181674918870153,-0.9170119734650737,-2.789938360574894,-2.7950268704876637,0.04002916440578086,0.03471389813404335,0.040737066903323925,0.00942991080676288,0.04073690307492829,0.009428825719925272,-0.07506116776045793,-0.6387301950895353,-0.6122403036965699,0.009424268664411862,0.0347138981340433,0.39925,51488.0,0.061425,41612.7,0,2.5,0
3171,2023-01-22 21:49:59.999,0.3992044122998878,0.39935,0.0611591616466834,0.061444998,-0.9179170536187391,-0.9182816817504802,-2.7896128457950113,-2.7942756055580076,0.03814531313365799,0.034698235042804226,0.040736765431320626,0.009430083043183948,0.04073616569693098,0.009429074183528898,-0.2747727415061391,-0.6403475304367592,-0.6387301950895353,0.009424709499097936,0.0346982084343385,0.39935,62944.0,0.061445,51037.3,0,2.5,0
3172,2023-01-22 21:50:59.999,0.3990468005387587,0.39955,0.0611646078334192,0.061465,-0.9174163651616652,-0.9186765743873903,-2.789287371862833,-2.794186560121253,0.03767762775969474,0.03493285553248604,0.04073645927705401,0.009430249995397428,0.040735751378068265,0.009429273515141641,-0.32432229412613284,-0.6154241666340237,-0.6403475304367592,0.009425206441165786,0.0349328555324859,0.3995499999999999,109596.0,0.061465,329819.8,0,2.5,0
3173,2023-01-22 21:51:59.999,0.3991858171771498,0.39955,0.0612483335100988,0.06148,-0.9174163651616652,-0.9183282632893187,-2.789043360311742,-2.7928186379258317,0.03690769176605613,0.03473338131658099,0.040736004757889015,0.009430491998741597,0.040735118779413694,0.009429580505250952,-0.4058957883891258,-0.6365122246123545,-0.6154241666340237,0.009425743623377798,0.0347333813165808,0.3995499999999999,76137.0,0.06148,155882.1,0,2.5,0
3174,2023-01-22 21:52:59.999,0.3991559027414431,0.3995,0.0612630196366287,0.061465,-0.9175415137758076,-0.9184032047209747,-2.789287371862833,-2.792578886650166,0.036636758802393254,0.03480770691834367,0.04073550849008053,0.009430747542040038,0.040734559925005846,0.009429862314265309,-0.4345557746281745,-0.6285611554452202,-0.6365122246123545,0.009426156029234953,0.0348077069183436,0.3994999999999999,238356.0,0.061465,248329.2,0,2.5,0
3175,2023-01-22 21:53:59.999,0.3990371385629038,0.39985,0.0612091577653615,0.061525,-0.9166658022042382,-0.9187007873188426,-2.7883116827050176,-2.793458463969396,0.037058211821064946,0.03488581350419695,0.04073495354125313,0.009431021208429322,0.04073410264060046,0.00943009568829649,-0.3898041908628344,-0.6202021931440782,-0.6285611554452202,0.009426419266280515,0.0348858135041971,0.39985,116223.0,0.0615249999999999,506575.7,0,2.5,0
3176,2023-01-22 21:54:59.999,0.399425711732397,0.40005,0.0612228692315754,0.06154,-0.916165739686004,-0.9177274841776265,-2.7880679090882414,-2.793234479010435,0.03784841205644052,0.035186596312731466,0.040734468218075866,0.009431252767492205,0.04073380030412964,0.009430263558525415,-0.30597111414564776,-0.5882433693715531,-0.6202021931440782,0.009426699687852206,0.0351865963127315,0.40005,175431.0,0.06154,271974.8,0,2.5,0
3177,2023-01-22 21:55:59.999,0.3997495688827828,0.40015,0.0611891658956252,0.06154,-0.9159158021690819,-0.91691700573574,-2.7880679090882414,-2.7937851329843975,0.039109038326166634,0.035436533829653616,0.04073424712799153,0.009431365764925268,0.04073387100931487,0.009430306763638355,-0.17229902736709637,-0.5617122090673037,-0.5882433693715531,0.009427038276782762,0.0354365338296536,0.40015,102370.0,0.06154,154971.1,0,2.5,0
3178,2023-01-22 21:56:59.999,0.4001734228656856,0.40005,0.0611880401251827,0.061525,-0.916165739686004,-0.9158572686686918,-2.7883116827050176,-2.793803531352511,0.04018381566502549,0.03538587602243115,0.04073414607059232,0.009431420733278552,0.04073401870877664,0.009430333038531464,-0.058343967440287546,-0.5670693948887174,-0.5617122090673037,0.009427488443392352,0.0353858760224312,0.40005,124315.0,0.0615249999999999,136154.9,0,2.5,0
3179,2023-01-22 21:57:59.999,0.4004285828935053,0.3996,0.0612079262178305,0.06147,-0.9172912322077386,-0.9152198482410046,-2.789206028063219,-2.7934785844867447,0.04055559899082217,0.03499149167274085,0.040734278606862705,0.009431336009602808,0.04073423725541257,0.009430245000925206,-0.018943120202377955,-0.6089049237854169,-0.5670693948887174,0.009427915578746688,0.0349914916727409,0.3996,1052313.0,0.06147,143030.7,0,2.5,0
3180,2023-01-22 21:58:59.999,0.4001051899971905,0.39945,0.0611775819711041,0.061495,-0.9176666780540861,-0.9160277914530414,-2.788799408287763,-2.793974464232594,0.040153026848492535,0.03428364287039387,0.040733967685165795,0.009431526519616755,0.040733833239242005,0.009430439237391213,-0.06158847707184229,-0.68391100861094,-0.6089049237854169,0.009428147279004507,0.0342836428703936,0.3994499999999999,87828.0,0.0614949999999999,277000.4,0,2.5,0
3181,2023-01-22 21:59:59.999,0.3997242295960665,0.39985,0.0611957609637639,0.061515,-0.9166658022042382,-0.9169803956473868,-2.788474231470005,-2.793677357160784,0.038957543987443666,0.03501869363752386,0.04073382490089072,0.009431608372860997,0.040733413819910975,0.009430555646453046,-0.1883102013331778,-0.6059551072764937,-0.68391100861094,0.009428209274419997,0.035018693637524,0.39985,167607.0,0.061515,68457.5,0,2.5,0
3182,2023-01-22 22:00:59.999,0.3996880077945668,0.3999,0.061193353868337,0.06154,-0.9165407631293644,-0.9170710167308036,-2.7880679090882414,-2.7937166922835273,0.03889907852424934,0.03481157286937109,0.0407336301410838,0.009431721975908889,0.04073320557463695,0.009430671816961316,-0.19448530136409603,-0.6278871755167518,-0.6059551072764937,0.009428305326144975,0.0348115728693712,0.3999,141220.0,0.06154,126659.7,0,2.5,0
3183,2023-01-22 22:01:59.999,0.3992359491288534,0.4001,0.0612133066272171,0.06152,-0.9160407631189477,-0.9182026856713602,-2.7883929537847485,-2.793390684548719,0.03750090524408589,0.03557728995621334,0.04073328597509356,0.009431882997644496,0.040732537911976,0.009430919701868627,-0.3426635757750964,-0.5466560622272213,-0.6278871755167518,0.009428430108085594,0.0355772899562132,0.4001,98485.0,0.06152,22781.1,0,2.5,0
3184,2023-01-22 22:02:59.999,0.3994027111879634,0.3999,0.061208727990384,0.061495,-0.9165407631293644,-0.9177850698713249,-2.788799408287763,-2.793465485410337,0.037979669146141704,0.035409557795115565,0.04073268919768559,0.009432138259566254,0.0407320520720083,0.009431139736195854,-0.29183990512866664,-0.5643610447685292,-0.5466560622272213,0.009428629770048923,0.0354095577951156,0.3999,51624.0,0.061495,64728.1,0,2.5,0
3185,2023-01-22 22:03:59.999,0.3995195384785504,0.39975,0.0612021431444009,0.061505,-0.9169159272680735,-0.9174926076411931,-2.7886368066613887,-2.7935730713776357,0.038360080599879165,0.034901470310028215,0.040731904329112424,0.00943248237802573,0.04073135542290338,0.009431459848779002,-0.2514218223948866,-0.6181229696932178,-0.5643610447685292,0.00942888783582618,0.0349014703100283,0.39975,40442.0,0.061505,154047.7,0,2.5,0
3186,2023-01-22 22:04:59.999,0.3997955100678989,0.39965,0.0612267527618265,0.061505,-0.917166114910109,-0.9168020874243749,-2.7886368066613887,-2.793171048349087,0.03872195560282521,0.03465128266799267,0.040731086809065974,0.009432856300137236,0.04073062184002959,0.009431814235554213,-0.21296711184498335,-0.6445347991768785,-0.6181229696932178,0.009429124016432084,0.0346512826679927,0.39965,81431.0,0.061505,138196.0,0,2.5,0
3187,2023-01-22 22:05:59.999,0.3998723441166563,0.3995,0.0612170546027959,0.06149,-0.9175415137758076,-0.9166099225184284,-2.788880719016759,-2.7933294583047985,0.039043617254174934,0.034475276927822485,0.040730095021006704,0.009433288744140202,0.04072970472298152,0.009432232002351023,-0.17875805730672467,-0.663058055661617,-0.6445347991768785,0.00942935026266897,0.0344752769278224,0.3994999999999999,60828.0,0.06149,26643.1,0,2.5,0
3188,2023-01-22 22:06:59.999,0.3994990014758809,0.39970002,0.0611819726091621,0.061495,-0.9170409632273323,-0.9175440132135223,-2.788799408287763,-2.7939026980664794,0.03857813778455721,0.03490935769714765,0.040729227875730335,0.009433651590454924,0.040728730053445864,0.00943261667289533,-0.22799530008130106,-0.6169265551921908,-0.663058055661617,0.009429650957504542,0.0349093076596207,0.3997,42299.0,0.0614949999999999,68535.3,0,2.5,0
3189,2023-01-22 22:07:59.999,0.3993842159048106,0.4002,0.0611746019905211,0.061525,-0.915790856832504,-0.9178313782985883,-2.7883116827050176,-2.794023175755137,0.03838926062914694,0.03576075887593111,0.040728644005592674,0.009433881023407462,0.0407281026069867,0.009432856447689368,-0.24794631306115916,-0.5266003585730186,-0.6169265551921908,0.009429920657773105,0.0357607588759312,0.4002,182452.0,0.0615249999999999,158866.0,0,2.5,0
3190,2023-01-22 22:08:59.999,0.3997359807152411,0.40005,0.0612243474441658,0.061499998,-0.916165739686004,-0.9169509980137739,-2.7887181366899907,-2.7932103345238453,0.03860516061971919,0.03571814344826263,0.04072786009272642,0.009434156637397165,0.04072736884082339,0.009433120170304196,-0.22497415306814242,-0.5310190234286747,-0.5266003585730186,0.009430133016453669,0.0357181168635927,0.40005,64487.0,0.0615,13812.5,0,2.5,0
3191,2023-01-22 22:09:59.999,0.3996502484634553,0.40015,0.0612302989609423,0.061505,-0.9159158021690819,-0.9171654932076742,-2.7886368066613887,-2.7931131309149024,0.03831120355776274,0.035901595409019826,0.04072723210754584,0.009434387582217802,0.04072667297110756,0.009433367414111948,-0.2560559031901347,-0.5114944299746081,-0.5310190234286747,0.009430249640325258,0.0359015954090198,0.40015,104350.0,0.061505,105141.4,0,2.5,0
3192,2023-01-22 22:10:59.999,0.4001614171555688,0.4002,0.0612311531775986,0.061515,-0.915790856832504,-0.9158872703867661,-2.788474231470005,-2.7930991801305307,0.03957802191129456,0.035893639009258016,0.04072679260439637,0.00943456851969834,0.04072652674679556,0.009433492929062055,-0.12174756944617712,-0.5122813603025154,-0.5114944299746081,0.00943027435980365,0.0358936390092581,0.4002,88270.0,0.061515,76375.5,0,2.5,0
3193,2023-01-22 22:11:59.999,0.4005512108639907,0.4003,0.0612292696343159,0.061535,-0.9155410129836091,-0.9149136533222334,-2.788149160357837,-2.7931299417960487,0.040576785978424845,0.03587774418749079,0.04072636311210349,0.009434747020635209,0.04072632849578003,0.009433655499939807,-0.015852022299959564,-0.5139108567519659,-0.5122813603025154,0.009430313332361632,0.0358777441874909,0.4003,79004.0,0.061535,59392.3,0,2.5,0
3194,2023-01-22 22:12:59.999,0.4007000167737078,0.40045,0.0612388953493741,0.061545,-0.9151663642124459,-0.9145422194790263,-2.787986664419878,-2.79297274641259,0.04081971596302725,0.036119556010291154,0.04072583077409395,0.009434942055954522,0.04072585250174703,0.009433850346411353,0.009949644931130455,-0.48821442002346116,-0.5139108567519659,0.0094303595882464,0.0361195560102911,0.40045,65333.0,0.061545,54517.0,0,2.5,0
3195,2023-01-22 22:13:59.999,0.4006293353393865,0.40055,0.0612400926749059,0.061555,-0.9149166763210111,-0.9147186299257877,-2.7878241948825586,-2.7929531948870405,0.04062732256295343,0.03623642853532061,0.040725178377428395,0.009435155018928514,0.04072515573086175,0.00943406329407468,-0.01037020474197703,-0.4757473335734915,-0.48821442002346116,0.009430468339656672,0.0362364285353202,0.4005499999999999,107680.0,0.061555,114873.0,0,2.5,0
3196,2023-01-22 22:14:59.999,0.4005144249688347,0.40055,0.061252584149069,0.06155,-0.9149166763210111,-0.9150054957219977,-2.7879054263516747,-2.7927492402584,0.04017372822685883,0.03630283352121688,0.040724539239288905,0.009435361047240137,0.04072441176624738,0.009434272901455239,-0.05837053317628832,-0.46863132167744465,-0.4757473335734915,0.009430584689080113,0.0363028335212165,0.4005499999999999,83240.0,0.06155,118017.3,0,2.5,0
3197,2023-01-22 22:15:59.999,0.4004632272295594,0.40045,0.0612620747538965,0.06156,-0.9151663642124459,-0.9151333338438343,-2.7877429700114584,-2.7925943101474817,0.03991923805819342,0.035920341051726146,0.040724076464724014,0.009435547637873543,0.04072389020265354,0.00943446369317923,-0.08528859409802533,-0.5091103979716084,-0.46863132167744465,0.009430733788188143,0.0359203410517261,0.40045,83265.0,0.06156,31998.8,0,2.5,0
3198,2023-01-22 22:16:59.999,0.4004685561674179,0.40015,0.0612819875130372,0.061545,-0.9159158021690819,-0.9151200269980603,-2.787986664419878,-2.7922693207690066,0.039666873048848195,0.0353701180536552,0.04072352946638163,0.009435789504068004,0.04072328492659512,0.009434711279030285,-0.11197076905733395,-0.5673517208515984,-0.5091103979716084,0.009430974710450433,0.0353701180536552,0.40015,79079.0,0.061545,17800.6,0,2.5,0
3199,2023-01-22 22:17:59.999,0.4004019207322856,0.4001,0.0612610094275047,0.061565,-0.9160407631189477,-0.915286434518897,-2.787661751737302,-2.792611699954455,0.039780353177814365,0.034979547945924616,0.040722848915634845,0.009436097733634349,0.04072263079581587,0.009435016674112567,-0.09987026526268758,-0.608652128436378,-0.5673517208515984,0.009431219764341641,0.0349795479459245,0.4001,59802.0,0.061565,125998.1,0,2.5,0
3200,2023-01-22 22:18:59.999,0.4007650497834981,0.4003,0.0612652773996953,0.061585,-0.9155410129836091,-0.9143799341526992,-2.7873369445886893,-2.792542033725226,0.04062990289397761,0.035213775195152563,0.0407221636905109,0.009436390278915938,0.04072214233878756,0.009435298398059436,-0.009775996573560897,-0.5837389438698738,-0.608652128436378,0.009431548445472804,0.0352137751951526,0.4003,21364.0,0.061585,18461.2,0,2.5,0
3201,2023-01-22 22:19:59.999,0.4010735166618299,0.40045,0.0612751573353193,0.061595,-0.9151663642124459,-0.9136105351577959,-2.7871745805681996,-2.792380781879388,0.04126748195917718,0.03545569485765854,0.040721446152922114,0.009436672854551437,0.040721572520847654,0.00943558449222851,0.05785645168872723,-0.5580093086223533,-0.5837389438698738,0.009431918677253416,0.0354556948576585,0.40045,14752.0,0.061595,121013.9,0,2.5,0
3202,2023-01-22 22:20:59.999,0.4010369379338132,0.3999,0.0612891470219426,0.06159,-0.9165407631293644,-0.9137017413696898,-2.7872557592831853,-2.7921524986649984,0.040989659109705534,0.03414765780126505,0.040720475209194286,0.009437133387697284,0.04072053750586185,0.009436042204849834,0.02852060196438792,-0.6964845295604155,-0.5580093086223533,0.0094323281699871,0.0341476578012649,0.3999,111254.0,0.06159,55767.3,0,2.5,0
3203,2023-01-22 22:21:59.999,0.4001282080135515,0.3996,0.0613218752531353,0.061585,-0.9172912322077386,-0.9159702631958491,-2.7873369445886893,-2.7916186440186097,0.038284722546130245,0.03346355597102313,0.04071943005034705,0.009437686992543026,0.04071886659107738,0.009436667528378033,-0.2579453008837235,-0.7688191063188451,-0.6964845295604155,0.00943267661659384,0.033463555971023,0.3995999999999999,74614.0,0.061585,65543.5,0,2.5,0
3204,2023-01-22 22:22:59.999,0.3994736372292684,0.39970002,0.0613315285235695,0.061575,-0.9170409632273323,-0.9176075053668009,-2.7874993349755353,-2.791461236720371,0.03651880328078039,0.033846575614018604,0.040718467291509484,0.00943817591028968,0.040717495372043916,0.009437299926316828,-0.44490395812843325,-0.7280953165959763,-0.7688191063188451,0.009432922378343075,0.0338465255764917,0.3997,36821.0,0.061575,21143.6,0,2.5,0
3205,2023-01-22 22:23:59.999,0.3994728509925351,0.3995,0.0613722367027663,0.061575,-0.9175415137758076,-0.917609473550515,-2.7874993349755353,-2.7907977170538762,0.035974421983342775,0.033346025065543294,0.04071740444730629,0.009438747526213638,0.04071630678878651,0.009437931019656063,-0.502428423726341,-0.7809700769398616,-0.7280953165959763,0.009433181981256134,0.0333460250655432,0.3994999999999999,93008.0,0.061575,21193.4,0,2.5,0
3206,2023-01-22 22:24:59.999,0.3991693236776796,0.3988,0.0613705824913226,0.06154,-0.9192952408944538,-0.9183695819923082,-2.7880679090882414,-2.7908246711592923,0.03523634794532804,0.032057095104281674,0.040716043239686125,0.009439572315552182,0.04071477508525559,0.009438847995737335,-0.5804126883282424,-0.9173030139446453,-0.7809700769398616,0.009433398792849474,0.0320570951042817,0.3988,365533.0,0.06154,183350.4,0,2.5,0
3207,2023-01-22 22:25:59.999,0.3980999768247753,0.3989,0.0612968029720577,0.061535,-0.9190445200707762,-0.9210521071904482,-2.788149160357837,-2.7920275912000654,0.03353718411207873,0.03237423710032372,0.040714767050549446,0.0094403272989337,0.040713105957529666,0.009439866237418337,-0.7601719839002127,-0.883500082795625,-0.9173030139446453,0.009433533571781493,0.0323742371003237,0.3989,96293.0,0.061535,14860.5,0,2.5,0
3208,2023-01-22 22:26:59.999,0.3981835899813658,0.39885,0.0612352802618183,0.06153,-0.9191698726249986,-0.9208420986950244,-2.788230418229738,-2.7930317806953493,0.034568096008577354,0.0323153111157084,0.040713518305236084,0.009441081455951423,0.040712096082996634,0.009440451741929303,-0.6508163213346037,-0.8895386856591161,-0.883500082795625,0.009433704211557694,0.0323153111157084,0.39885,68489.0,0.06153,14171.5,0,2.5,0
3209,2023-01-22 22:27:59.999,0.3981807395612092,0.39865,0.0611773953056537,0.061515,-0.9196714400336325,-0.9208492572782279,-2.788474231470005,-2.7939775154439883,0.035334055323259284,0.03201305580812952,0.04071209749395662,0.009441928810653106,0.04071085286489606,0.00944119060188747,-0.5695041831442167,-0.9213204060606957,-0.8895386856591161,0.009433903583327186,0.0320130558081295,0.39865,32327.0,0.061515,22807.5,0,2.5,0
3210,2023-01-22 22:28:59.999,0.3981937012353539,0.3987,0.0611598465311097,0.06153,-0.9195460245948277,-0.9208167055701824,-2.788230418229738,-2.7942644072260965,0.035601134917504274,0.0319391591458793,0.04071050076161226,0.009442828978153867,0.040709318311752486,0.009442056107888184,-0.5410032874069324,-0.9288891746345926,-0.9213204060606957,0.00943411569591982,0.0319391591458793,0.3987,64581.0,0.06153,38468.7,0,2.5,0
3211,2023-01-22 22:29:59.999,0.3987279902794032,0.3985,0.0612141817326261,0.06153,-0.9200477807518672,-0.919475823197947,-2.788230418229738,-2.793376388651274,0.03621608112757846,0.03143740298883979,0.040708917237424966,0.009443810266058011,0.04070787746975316,0.009442964721946634,-0.47567649296996806,-0.9817556671916541,-0.9288891746345926,0.009434320599386236,0.0314374029888395,0.3984999999999999,49129.0,0.06153,23343.5,0,2.5,0
3212,2023-01-22 22:30:59.999,0.3986874304479277,0.3984,0.0612442842031501,0.061505,-0.920298753271694,-0.9195775514325816,-2.7886368066613887,-2.7928847530440453,0.035712451315642935,0.03151864430640772,0.04070726205352914,0.00944479420461171,0.04070610611491819,0.009444006861429115,-0.5287644188051334,-0.9728764383912991,-0.9817556671916541,0.009434525589641994,0.0315186443064077,0.3984,57056.0,0.061505,38301.9,0,2.5,0
3213,2023-01-22 22:31:59.999,0.3982990045418227,0.3981,0.0612078217740666,0.061465,-0.9210520489758656,-0.920552288064991,-2.789287371862833,-2.793480290864651,0.035224554094221316,0.03129717171828572,0.04070548304710142,0.00944584265235606,0.04070421460716786,0.0094451175282535,-0.5801580019046931,-0.996026683386368,-0.9728764383912991,0.009434787627800856,0.0312971717182857,0.3981,188032.0,0.061465,43846.9,0,2.5,0
3214,2023-01-22 22:32:59.999,0.3972844746131561,0.39805,0.0611332253712354,0.06143,-0.9211776534475499,-0.9231026941635885,-2.789856963806301,-2.794699773839768,0.03367104920453645,0.03163719645883056,0.04070377120840464,0.009446815763960944,0.040702143640248226,0.009446328307768063,-0.7443203546006173,-0.959749292895341,-0.996026683386368,0.009435087105099285,0.0316371964588304,0.39805,179152.0,0.06143,295055.8,0,2.5,0
3215,2023-01-22 22:33:59.999,0.3967662123185163,0.3986,0.0610894981005995,0.061485,-0.9197968712034427,-0.9244080576038861,-2.7889620363577263,-2.7954153080916555,0.032950619687286964,0.0322863946844828,0.04070226429580687,0.009447639097424793,0.04070047034889446,0.00944728164977486,-0.8203259888829695,-0.8907907599495453,-0.959749292895341,0.009435369921601704,0.0322863946844826,0.3985999999999999,53367.0,0.061485,90319.5,0,2.5,0
3216,2023-01-22 22:34:59.999,0.3974297911293715,0.3982,0.0611705553502217,0.06147,-0.9208008873520411,-0.9227369865776067,-2.789206028063219,-2.7940893269684555,0.033537729549953266,0.03148183652843828,0.04070071423283201,0.009448602381120025,0.04069905651825601,0.009448137245741626,-0.757961784639658,-0.9756869145869315,-0.8907907599495453,0.009435698920383841,0.0314818365284383,0.3982,694515.0,0.06147,120040.8,0,2.5,0
3217,2023-01-22 22:35:59.999,0.3972029406159268,0.39795,0.0611762664241204,0.06144,-0.9214289097302787,-0.9233079434751638,-2.78969419014272,-2.7939959682065356,0.03289045386441847,0.03125287619299277,0.04069912695416891,0.00944961338368744,0.040697319809274275,0.00944926641804375,-0.8261875154613364,-0.9996441523716615,-0.9756869145869315,0.009436198535731884,0.0312528761929926,0.39795,83983.0,0.06144,72403.2,0,2.5,0
3218,2023-01-22 22:36:59.999,0.3972859123031826,0.39825,0.0611561474441012,0.061485,-0.9206753301919791,-0.9230990753777635,-2.7889620363577263,-2.794324891335973,0.0333682095740826,0.031407935695946354,0.04069757556890929,0.009450588435066179,0.04069587934905397,0.009450152456078853,-0.7754022815005294,-0.9829694665883397,-0.9996441523716615,0.009436825627862732,0.0314079356959462,0.39825,95942.0,0.061485,73366.7,0,2.5,0
3219,2023-01-22 22:37:59.999,0.3979806161047146,0.39865,0.0611957120751936,0.061505,-0.9196714400336325,-0.9213519781382273,-2.7886368066613887,-2.793678156049286,0.03458661457084,0.03214595754446914,0.04069618133392088,0.009451405617432426,0.04069476740965263,0.009450768824344646,-0.6463127976507448,-0.9046510260528319,-0.9829694665883397,0.009437457699651637,0.0321459575444689,0.3986499999999999,139159.0,0.061505,73590.7,0,2.5,0
3220,2023-01-22 22:38:59.999,0.3983994281885663,0.3988,0.0611979058386771,0.06149,-0.9192952408944538,-0.9203001885423868,-2.788880719016759,-2.7936423083715867,0.035609099458075,0.0327215498091763,0.04069493611963924,0.009452101799685739,0.040693759115089,0.00945132460631609,-0.5379838137837359,-0.8435569653648923,-0.9046510260528319,0.00943816026367638,0.0327215498091764,0.3988,69000.0,0.06149,37834.9,0,2.5,0
3221,2023-01-22 22:39:59.999,0.3982055796499996,0.3987,0.0611697837996934,0.06148,-0.9195460245948277,-0.9207868752704027,-2.789043360311742,-2.7941019401512155,0.03549815186386929,0.032603721883418535,0.04069357523930332,0.009452843398082689,0.04069237287332891,0.009452079883997539,-0.5495320684131633,-0.8558116341508043,-0.8435569653648923,0.009439102556157585,0.0326037218834185,0.3987,76019.0,0.06148,18498.2,0,2.5,0
3222,2023-01-22 22:40:59.999,0.3977916796737383,0.39855,0.0611724655599973,0.06147,-0.9199223181082048,-0.9218268286338497,-2.789206028063219,-2.794058099853716,0.03442235999634502,0.032360405772274614,0.04069196982852113,0.009453669548192824,0.04069051886581986,0.009453056629817052,-0.6630827588299502,-0.8813047688809037,-0.8558116341508043,0.009440012613546078,0.0323604057722746,0.3985499999999999,40948.0,0.06147,30050.8,0,2.5,0
3223,2023-01-22 22:41:59.999,0.3976883132552218,0.3987,0.0611962218496497,0.061475,-0.9195460245948277,-0.9220867130307348,-2.7891246908798806,-2.7936698258523562,0.033845069920788506,0.03267020788064312,0.04069049922927404,0.009454423126635449,0.040688915005874716,0.009453902495520297,-0.723917460364029,-0.8483110223865248,-0.8813047688809037,0.009440636456918845,0.0326702078806431,0.3987,171369.0,0.061475,40484.3,0,2.5,0
3224,2023-01-22 22:42:59.999,0.3983121883590445,0.39875,0.0611994778284343,0.061475,-0.9194206248830827,-0.9205191883110824,-2.7891246908798806,-2.793616621715382,0.035369101398180725,0.03279560759238809,0.040689057657738,0.009455151990653901,0.04068782647137846,0.009454404152366768,-0.5625658674498565,-0.8348305847597499,-0.8483110223865248,0.009441406978387648,0.032795607592388,0.39875,49867.0,0.061475,102230.8,0,2.5,0
3225,2023-01-22 22:43:59.999,0.3987809102515227,0.3988,0.0611891943398843,0.061475,-0.9192952408944538,-0.9193431100152806,-2.7891246908798806,-2.793784668126737,0.036682554035446624,0.03292099158101702,0.04068765876770145,0.009455854100542406,0.040686731874683114,0.009454956134778368,-0.4235004141910122,-0.8213607257581226,-0.8348305847597499,0.009442283261402796,0.0329209915810171,0.3988,61875.0,0.061475,37842.2,0,2.5,0
3226,2023-01-22 22:44:59.999,0.3988838149119578,0.3986,0.0611803063977966,0.06146,-0.9197968712034427,-0.9190850951933642,-2.7893687222797983,-2.79392993213533,0.03705931907260407,0.03261885171392398,0.04068639396344934,0.00945656783728841,0.040685554557087195,0.00945563447462948,-0.3834999644088103,-0.8531152515729916,-0.8213607257581226,0.009443225256817254,0.0326188517139238,0.3985999999999999,598036.0,0.06146,225169.6,0,2.5,0
3227,2023-01-22 22:45:59.999,0.3982984853759798,0.3989,0.0611553607825603,0.061475,-0.9190445200707762,-0.9205535915233863,-2.7891246908798806,-2.7943377545824872,0.035924208856933926,0.03317171240469463,0.040685404492176454,0.009457130426009324,0.04068430261862051,0.009456313373872463,-0.50337732829779,-0.7945002076758304,-0.8531152515729916,0.009444284528135212,0.0331717124046946,0.3989,43935.0,0.061475,39695.0,0,2.5,0
3228,2023-01-22 22:46:59.999,0.3984607346858401,0.3985,0.0611675015923417,0.061465,-0.9200477807518672,-0.9201463183898783,-2.789287371862833,-2.7941392502377465,0.03616920894089193,0.03230143994228407,0.04068418201464206,0.00945787274110893,0.040683137123858966,0.009457027641304586,-0.47730939933515376,-0.8863242614718365,-0.7945002076758304,0.00944542022313214,0.032301439942284,0.3985,126643.0,0.061465,79872.8,0,2.5,0
3229,2023-01-22 22:47:59.999,0.3978134197434091,0.3981,0.0611753522078551,0.061455,-0.9210520489758656,-0.9217721782307988,-2.789450079315193,-2.7940109122877916,0.03443843557508419,0.03143018157514055,0.04068284424971469,0.009458772817603989,0.04068139911926465,0.009458155191727578,-0.6600614409077112,-0.9782096317350756,-0.8863242614718365,0.009446566643269762,0.0314301815751405,0.3981,105070.0,0.0614549999999999,96062.6,0,2.5,0
3230,2023-01-22 22:48:59.999,0.3973878285517244,0.3982,0.0611705211282225,0.061455,-0.9208008873520411,-0.922842577034202,-2.789450079315193,-2.79408988642077,0.03343259643364094,0.031681343198964984,0.04068150356550001,0.00945963809258885,0.040679825966071205,0.009459186091918073,-0.7661578345120305,-0.9514275576341761,-0.9782096317350756,0.009447495548766551,0.031681343198965,0.3982,50014.0,0.0614549999999999,54815.5,0,2.5,0
3231,2023-01-22 22:49:59.999,0.3978766930805108,0.39825,0.06116651093213,0.06147,-0.9206753301919791,-0.9216131380813353,-2.789206028063219,-2.7941554462275824,0.03471562912418258,0.031607393688500296,0.04067979213147573,0.00946061076711153,0.040678411857694836,0.009459950995173542,-0.6303185647107964,-0.9589654057552331,-0.9514275576341761,0.009448419538817157,0.0316073936885001,0.39825,98907.0,0.06147,32849.2,0,2.5,0
3232,2023-01-22 22:50:59.999,0.3983371881911711,0.39835,0.0611689873604385,0.06152,-0.9204242631557621,-0.9204564258640869,-2.7883929537847485,-2.794114960377712,0.0358392450264321,0.031193789919398918,0.040677855687558384,0.0094616960085676,0.04067673589800479,0.009460887381714396,-0.5113147082716984,-1.0023642441663323,-0.9589654057552331,0.009449487927552526,0.0311937899193988,0.39835,32860.0,0.06152,253045.7,0,2.5,0
3233,2023-01-22 22:51:59.999,0.3985861656526792,0.39885,0.0612078466627933,0.061595,-0.9191698726249986,-0.9198315791497625,-2.7871745805681996,-2.7934798842381627,0.0359449306010059,0.031452186445105834,0.04067592449870796,0.009462727368459201,0.04067482961467701,0.009461905999474685,-0.49988860742578867,-0.9747441402936677,-1.0023642441663323,0.009450306548145302,0.0314521864451058,0.39885,111050.0,0.061595,210471.2,0,2.5,0
3234,2023-01-22 22:52:59.999,0.3990173603410816,0.39915,0.0612896007967636,0.06159,-0.9184179928903292,-0.918750353412019,-2.7872557592831853,-2.7921450948559516,0.035934994612081606,0.032270428040300225,0.040674171223928066,0.009463582878842447,0.04067307444618869,0.009462762333495366,-0.5007078976649014,-0.8880086211762281,-0.9747441402936677,0.009450907769837508,0.0322704280403001,0.39915,59668.0,0.06159,38746.9,0,2.5,0
3235,2023-01-22 22:53:59.999,0.399041102194435,0.3992,0.0613224232495647,0.061605,-0.9182927345448282,-0.9186908543791161,-2.7870122429055053,-2.7916097076646804,0.03555682608495703,0.03219661696355214,0.04067236931946801,0.009464455753485944,0.04067118543998768,0.009463680421812181,-0.540419702174528,-0.895535102775887,-0.8880086211762281,0.009451513425736451,0.0321966169635521,0.3992,27465.0,0.061605,106870.4,0,2.5,0
3236,2023-01-22 22:54:59.999,0.3988086806321378,0.3993,0.0613507381761804,0.061625,-0.9180422649129615,-0.9192734742503614,-2.7866876466192827,-2.791148075686024,0.03459683196004337,0.03218173608479502,0.04067078141365741,0.009465304654269546,0.04066937573222867,0.009464660277718211,-0.6416018741297385,-0.8968591755821835,-0.895535102775887,0.009452324070452416,0.0321817360847949,0.3993,62769.0,0.061625,235281.0,0,2.5,0
3237,2023-01-22 22:55:59.999,0.398810847151136,0.39955,0.0614216292698214,0.06163,-0.9174163651616652,-0.919268041788084,-2.7866065140079854,-2.789993237622795,0.03365820904408101,0.03274131166434413,0.04066941346957085,0.009466023482885964,0.04066779088118263,0.009465528881565943,-0.7405377897850731,-0.837532446392118,-0.8968591755821835,0.009453268096242863,0.032741311664344,0.3995499999999999,53170.0,0.06163,102040.3,0,2.5,0
3238,2023-01-22 22:56:59.999,0.3991319612089193,0.4,0.061425919908531,0.061655,-0.916290731874155,-0.9184631869244182,-2.7862009496596434,-2.7899233845611744,0.034405960526234125,0.03353540478491157,0.040668206224436315,0.009466600655532908,0.04066675696600119,0.009465984455808003,-0.6613994000302476,-0.7534701947478754,-0.837532446392118,0.009454027909731915,0.0335354047849114,0.4,71938.0,0.061655,179591.1,0,2.5,0
3239,2023-01-22 22:57:59.999,0.3996763789788841,0.3999,0.0614178079613871,0.06165,-0.9165407631293644,-0.9171001118865947,-2.7862820493717835,-2.790055453935759,0.03587699944864653,0.033351670807093226,0.04066705520025995,0.00946718787624059,0.04066594664766759,0.009466372734315548,-0.5058904116104738,-0.772709329190122,-0.7534701947478754,0.009454542147969668,0.0333516708070937,0.3999,342788.0,0.0616499999999999,64814.5,0,2.5,0
3240,2023-01-22 22:58:59.999,0.3994671376722738,0.39995,0.0613677540653077,0.06165,-0.916415739687306,-0.9176237758018541,-2.7862820493717835,-2.790870759872807,0.03601983067178749,0.03347669424915156,0.040665946785025504,0.009467749330351813,0.040664871544082846,0.009466917508951598,-0.49066033034545437,-0.7593412420443536,-0.772709329190122,0.009455125719741147,0.033476694249152,0.39995,40558.0,0.0616499999999999,35388.3,0,2.5,0
3241,2023-01-22 22:59:59.999,0.3995953916033836,0.40025,0.0613164775105283,0.06166,-0.915665927105313,-0.9173027647983037,-2.7861198565241327,-2.7917066710099845,0.03702418112344785,0.03409391765261616,0.040664965490102234,0.00946821074530271,0.04066412291098475,0.009467277054947345,-0.38447610293973195,-0.6940115734903821,-0.7593412420443536,0.009455804199440226,0.034093917652616,0.40025,62231.0,0.06166,60068.7,0,2.5,0
3242,2023-01-22 23:00:59.999,0.4002667204620376,0.40005,0.0613282263228639,0.061675,-0.916165739686004,-0.9156241529321755,-2.785876616566717,-2.7915150799831516,0.03854617142932171,0.03339526161732065,0.0406638518954804,0.009468782777208567,0.04066336180511563,0.009467741841027093,-0.2236214729281467,-0.7676372400954539,-0.6940115734903821,0.009456491940730494,0.0333952616173207,0.40005,86707.0,0.061675,202466.0,0,2.5,0
3243,2023-01-22 23:01:59.999,0.4004037278287771,0.39975,0.0613785148840809,0.061625,-0.9169159272680735,-0.9152819213227307,-2.7866876466192827,-2.790695425520197,0.03821835307358967,0.03330807372968303,0.04066261828718741,0.009469393852183408,0.04066205261599703,0.009468371045313694,-0.2580908089377051,-0.7766647656976063,-0.7676372400954539,0.009457309528910333,0.0333080737296831,0.39975,186322.0,0.061625,285254.4,0,2.5,0
3244,2023-01-22 23:02:59.999,0.4002594596282061,0.3998,0.0613409622398788,0.061595,-0.9167908569158374,-0.9156422930855204,-2.7871745805681996,-2.7913074334305024,0.038358284667301845,0.03383120215426705,0.040661499481693675,0.009469915378327117,0.04066096645350242,0.009468884325760209,-0.2431840655119321,-0.7212627626069891,-0.7766647656976063,0.009458412916775202,0.033831202154267,0.3998,145100.0,0.061595,120101.4,0,2.5,0
3245,2023-01-22 23:03:59.999,0.4001392028478684,0.40055,0.0613053695829057,0.061675,-0.9149166763210111,-0.9159427852949165,-2.785876616566717,-2.7918878447227655,0.038532266256007475,0.03464432498231351,0.04066054578327637,0.009470313843111521,0.04066005323999304,0.009469273270704077,-0.22470435936921238,-0.63527153382978,-0.7212627626069891,0.009459377317731941,0.0346443249823131,0.4005499999999999,411926.0,0.0616749999999999,535045.1,0,2.5,0
3246,2023-01-22 23:04:59.999,0.4004973973275839,0.40075,0.0613820690831446,0.061685,-0.9144174874924748,-0.9150480110526819,-2.785714489458709,-2.790637520955884,0.03840492760271996,0.035010978373071544,0.04065967275786967,0.00947066076721735,0.04065915094691036,0.009469626924355459,-0.23804774593523173,-0.5964414230051464,-0.63527153382978,0.009460185091808756,0.0350109783730716,0.40075,126872.0,0.061685,241337.1,0,2.5,0
3247,2023-01-22 23:05:59.999,0.4002613665642828,0.40045,0.0613855397271971,0.061635,-0.9151663642124459,-0.9156375288470038,-2.7865253879786542,-2.7905809808947546,0.03776918951960173,0.03492499382243275,0.040658846040559735,0.009471005440142483,0.04065817729338988,0.009470011456118178,-0.30506697770906,-0.6054111418650738,-0.5964414230051464,0.009461142036154467,0.0349249938224327,0.40045,215438.0,0.0616349999999999,188452.5,0,2.5,0
3248,2023-01-22 23:06:59.999,0.3998202228612182,0.40065,0.0613378920376615,0.061655,-0.9146670507580574,-0.9167402757508184,-2.7862009496596434,-2.791357486102351,0.03730121898903305,0.035159085901009135,0.04065806931284744,0.009471318851905927,0.040657292443992125,0.009470360477768862,-0.3543765269376252,-0.5805932096491226,-0.6054111418650738,0.009462120082979855,0.0351590859010091,0.40065,165094.0,0.061655,119075.9,0,2.5,0
3249,2023-01-22 23:07:59.999,0.4003999688683955,0.40085,0.061376830450612,0.06165,-0.9141679864931764,-0.9152913092923345,-2.7862820493717835,-2.790722869269622,0.038231399781252895,0.03572444744328118,0.04065739190945044,0.009471567034997755,0.04065683046716203,0.00947054287278572,-0.2561026034609676,-0.520816085442025,-0.5805932096491226,0.00946299185557457,0.0357244474432816,0.40085,96295.0,0.0616499999999999,80198.9,0,2.5,0
3250,2023-01-22 23:08:59.999,0.401004118166178,0.40105,0.0613777584445653,0.06168,-0.9136691711692034,-0.9137835819872091,-2.7857955497270632,-2.7907077497704385,0.03972676721967927,0.035825559729283696,0.04065675368553862,0.009471799702708391,0.040656538460714306,0.009470714184554382,-0.09817329748493332,-0.5100608234856869,-0.520816085442025,0.009463925385788689,0.0358255597292838,0.40105,127272.0,0.06168,294407.5,0,2.5,0
3251,2023-01-22 23:09:59.999,0.4013645215967154,0.40095,0.0614019013983649,0.061675,-0.9139185477290994,-0.9128852331811492,-2.785876616566717,-2.7903144769084407,0.04030362388557984,0.03564245357422524,0.04065613196959058,0.009472040664486212,0.04065605038938137,0.009470946071630888,-0.037211330434789046,-0.5293134365610637,-0.5100608234856869,0.009464877428680143,0.0356424535742254,0.40095,71082.0,0.061675,40099.9,0,2.5,0
3252,2023-01-22 23:10:59.999,0.4011219837884509,0.40085,0.0613818290847084,0.061665,-0.9141679864931764,-0.9134896989610016,-2.7860387699641858,-2.790641430874676,0.03996643596925564,0.035525571738998174,0.04065532021776421,0.0094723300485559,0.040655160790722206,0.009471239700927985,-0.07271749456399909,-0.5415508594475222,-0.5293134365610637,0.009465642775126458,0.0355255717389981,0.40085,58298.0,0.061665,101957.5,0,2.5,0
3253,2023-01-22 23:11:59.999,0.4007057924937099,0.40085,0.0613571954674391,0.06165,-0.9141679864931764,-0.9145278055081382,-2.7862820493717835,-2.7910428291697973,0.039256463929797536,0.03572444744328118,0.040654552384027334,0.009472595272869321,0.040654228827338094,0.009471522972533076,-0.1475755167985132,-0.5204597893954764,-0.5415508594475222,0.00946608152543489,0.0357244474432816,0.40085,98595.0,0.0616499999999999,33341.6,0,2.5,0
3254,2023-01-22 23:12:59.999,0.4004658879545042,0.40085,0.0613593403423524,0.06165,-0.9141679864931764,-0.9151266897478852,-2.7862820493717835,-2.791007872594477,0.038629003438551135,0.03572444744328118,0.040653929674307844,0.009472830923710344,0.04065346104986078,0.009471784802547692,-0.21373560036595318,-0.5203811057883707,-0.5204597893954764,0.00946650892797456,0.0357244474432816,0.40085,53653.0,0.0616499999999999,54800.7,0,2.5,0
3255,2023-01-22 23:13:59.999,0.4005467205786477,0.401,0.0613852610623462,0.06166,-0.9137938516755678,-0.9149248636503763,-2.7861198565241327,-2.79058552048966,0.03848556573781925,0.03596599308236137,0.04065337445629128,0.00947303538159814,0.040652872764849836,0.009471996552478889,-0.2288120582627732,-0.49481303353256684,-0.5203811057883707,0.009467007395450535,0.0359659930823612,0.401,46468.0,0.06166,16669.1,0,2.5,0
3256,2023-01-22 23:14:59.999,0.401039725954229,0.4012,0.0613953405522254,0.061685,-0.9132952228943566,-0.9136947893648719,-2.785714489458709,-2.79042133348016,0.03958142066020165,0.036133242971189694,0.040652799029896186,0.009473234431634746,0.04065255108303904,0.009472152201961995,-0.11308205358181714,-0.47708690113420704,-0.49481303353256684,0.009467393251467282,0.0361332429711898,0.4012,112859.0,0.061685,66058.9,0,2.5,0
3257,2023-01-22 23:15:59.999,0.4015212173296506,0.40115,0.0614013027355991,0.061675,-0.9134198567824721,-0.9124949018367806,-2.785876616566717,-2.790324226861954,0.04070192560808639,0.0361411445208526,0.04065210975390387,0.009473454345372962,0.040652121282682904,0.009472358101379731,0.005257859222639399,-0.4761689948138636,-0.47708690113420704,0.009467899142098744,0.0361411445208526,0.40115,113422.0,0.061675,238116.1,0,2.5,0
3258,2023-01-22 23:16:59.999,0.4015158359760099,0.40125,0.0613735904717231,0.061655,-0.9131706045379114,-0.9125083043407339,-2.7862009496596434,-2.790775658968677,0.04105755918099241,0.03665553212115513,0.04065142395879222,0.009473636401606237,0.04065151794981795,0.009472542120703404,0.04286507528818525,-0.4217907114273027,-0.4761689948138636,0.009468499365425322,0.0366555321211552,0.40125,138857.0,0.061655,20593.2,0,2.5,0
3259,2023-01-22 23:17:59.999,0.4014071181557284,0.40105,0.0613462310944367,0.061635,-0.9136691711692034,-0.9127791094544413,-2.7865253879786542,-2.791221542565809,0.04115125435641187,0.03642218686567522,0.0406506274578237,0.00947384729403643,0.040650743316860624,0.009472754035079745,0.05283690864322467,-0.44632771258728043,-0.4217907114273027,0.009468981561996177,0.0364221868656753,0.40105,232939.0,0.061635,40042.0,0,2.5,0
3260,2023-01-22 23:18:59.999,0.4010121377808568,0.40075,0.0613352111662407,0.06158,-0.9144174874924748,-0.9137635833534666,-2.787418136485783,-2.791401193669066,0.040313641385889665,0.03640367332290306,0.04064976570946635,0.00947406424632061,0.04064968792091658,0.009472969281186452,-0.035474255753611995,-0.4481806620862128,-0.44632771258728043,0.009469361684116922,0.0364036733229031,0.40075,128612.0,0.0615799999999999,727012.3,0,2.5,0
3261,2023-01-22 23:19:59.999,0.4006559575647722,0.4008,0.0612905630127162,0.061545,-0.9142927292114821,-0.9146521811200221,-2.787986664419878,-2.792129395481392,0.04002033300168173,0.03699319101125498,0.04064915593906493,0.009474214798677636,0.04064901041188664,0.009473123265283453,-0.06636432278980818,-0.38588579692326935,-0.4481806620862128,0.00946972305729614,0.036993191011255,0.4008,37721.0,0.061545,180530.0,0,2.5,0
3262,2023-01-22 23:20:59.999,0.4008181644428087,0.4008,0.0612623663075524,0.061545,-0.9142927292114821,-0.9142474097723337,-2.787986664419878,-2.7925895510373255,0.04080127165908931,0.03699319101125498,0.04064872278221339,0.009474339160964509,0.04064875808628117,0.009473243068458734,0.016099404576236067,-0.3858350127489283,-0.38588579692326935,0.00947009871153085,0.036993191011255,0.4008,137673.0,0.061545,33374.8,0,2.5,0
3263,2023-01-22 23:21:59.999,0.4010647657221897,0.4011,0.0612571081195916,0.06156,-0.9135445062061298,-0.9136323541878378,-2.7877429700114584,-2.7926753853585815,0.04148649496250523,0.037542199058042236,0.04064840304604744,0.009474420685818849,0.040648597003908236,0.009473332877294311,0.0884480646304813,-0.3278516007479508,-0.3858350127489283,0.009470406076523077,0.0375421990580422,0.4011,113931.0,0.06156,127051.7,0,2.5,0
3264,2023-01-22 23:22:59.999,0.4015936459567124,0.4007,0.0612554632414205,0.061545,-0.9145422613400381,-0.9123145325507193,-2.787986664419878,-2.7927022377567137,0.04282626785987642,0.036743658882698926,0.040647649405595065,0.009474601768033821,0.04064815359871108,0.009473563321907859,0.2299149947230939,-0.41204798032438034,-0.3278516007479508,0.009470585700727886,0.036743658882699,0.4007,959324.0,0.061545,71886.7,0,2.5,0
3265,2023-01-22 23:23:59.999,0.4013426192877187,0.40015,0.0612290554134895,0.061545,-0.9159158021690819,-0.9129398042890579,-2.787986664419878,-2.79313344046919,0.04255349510194628,0.0353701180536552,0.040646577815876696,0.009474936809058383,0.04064701912975914,0.009473884767180146,0.20123487028168635,-0.5568860108045272,-0.41204798032438034,0.009470772156323509,0.0353701180536552,0.40015,1073718.0,0.061545,47667.1,0,2.5,0
3266,2023-01-22 23:24:59.999,0.4006128967516882,0.40035,0.0612323278366114,0.061565,-0.9154161144634942,-0.9147596626797844,-2.787661751737302,-2.7930799963052286,0.04068994725203956,0.035604196601378035,0.040645503753883754,0.00947524535041081,0.04064551403934965,0.009474148892972085,0.004689942409800136,-0.5320503022422682,-0.5568860108045272,0.009471019478955163,0.035604196601378,0.40035,181157.0,0.061565,341072.3,0,2.5,0
3267,2023-01-22 23:25:59.999,0.4005214287157344,0.40035,0.061292781220485,0.061555,-0.9154161144634942,-0.914988008996859,-2.7878241948825586,-2.792093204467304,0.03965491974609625,0.03573699039283751,0.04064442173096952,0.009475538917954773,0.04064419273259302,0.009474454357839215,-0.1044147714615603,-0.5179052485165927,-0.5320503022422682,0.009471310518829257,0.0357369903928375,0.40035,128883.0,0.061555,39756.2,0,2.5,0
3268,2023-01-22 23:26:59.999,0.4002866908750613,0.4004,0.06129215411346,0.061545,-0.9152912315410716,-0.9155742614127714,-2.787986664419878,-2.7921034358554153,0.03907703127079232,0.03599468868166544,0.0406435505936062,0.009475793358671963,0.040643188057313026,0.009474726777072761,-0.16529835882028215,-0.4906039775219725,-0.5179052485165927,0.00947158843003673,0.0359946886816655,0.4004,59230.0,0.061545,138641.3,0,2.5,0
3269,2023-01-22 23:27:59.999,0.4002298422152653,0.4004,0.0613341996172763,0.061545,-0.9152912315410716,-0.9157162913585418,-2.787986664419878,-2.7914176859462843,0.03837441546414999,0.03599468868166544,0.04064271310916382,0.009476044312449021,0.04064218816178011,0.009475010559752141,-0.23934249817758987,-0.49050260575418586,-0.4906039775219725,0.009471837740030492,0.0359946886816655,0.4004,95633.0,0.061545,137622.4,0,2.5,0
3270,2023-01-22 23:28:59.999,0.4002061852255592,0.40045,0.0613315649677765,0.06154,-0.9151663642124459,-0.9157754016157067,-2.7880679090882414,-2.7914606425040347,0.03835042127274879,0.03618597178628957,0.04064190839956261,0.009476275137437838,0.04064137808548559,0.009475242647511584,-0.2417834453388332,-0.47022026573173326,-0.49050260575418586,0.009472035464849666,0.0361859717862895,0.40045,17938.0,0.06154,146513.9,0,2.5,0
3271,2023-01-22 23:29:59.999,0.4002197534251838,0.4005,0.0612919261149456,0.06154,-0.9150415124737231,-0.9157414991670959,-2.7880679090882414,-2.792107155726935,0.03891283443174964,0.03631082352501236,0.04064097211241269,0.009476503196050022,0.040640572173120705,0.009475443031161993,-0.1823384654088502,-0.45693527431143727,-0.47022026573173326,0.00947220367681643,0.0363108235250122,0.4004999999999999,114054.0,0.06154,111203.1,0,2.5,0
3272,2023-01-22 23:30:59.999,0.4001993162620995,0.4004,0.0612355958153178,0.061535,-0.9152912315410716,-0.9157925653244695,-2.788149160357837,-2.793026627576345,0.03961341681473407,0.0361275256300283,0.04063996618520016,0.009476751597844522,0.04063972861302463,0.00947566780774045,-0.1083102340768205,-0.47615899906020637,-0.45693527431143727,0.00947240410621065,0.0361275256300284,0.4004,83137.0,0.061535,112566.3,0,2.5,0
3273,2023-01-22 23:31:59.999,0.4001409150967541,0.4002,0.0611785339649011,0.061525,-0.915790856832504,-0.9159385061710265,-2.7883116827050176,-2.7939589031992984,0.04022959131913029,0.03576075887593111,0.04063899280195258,0.009477036746014907,0.04063889805502297,0.009475942103419717,-0.0431943052654335,-0.5147425357480826,-0.47615899906020637,0.009472595099297489,0.0357607588759312,0.4002,51115.0,0.0615249999999999,37292.9,0,2.5,0
3274,2023-01-22 23:32:59.999,0.4001999103076312,0.4003,0.0611659469358049,0.06157,-0.9155410129836091,-0.9157910809513917,-2.787580540059018,-2.794164666941936,0.0405452239905878,0.03541290927394802,0.04063816031811653,0.009477337820594782,0.04063813881005647,0.0094762412023385,-0.009805028965044062,-0.551341647104079,-0.5147425357480826,0.009472807846606422,0.0354129092739481,0.4003,28306.0,0.06157,1142930.8,0,2.5,0
3275,2023-01-22 23:33:59.999,0.4006748047824627,0.40035,0.0612545303586101,0.06159,-0.9154161144634942,-0.9146051413242734,-2.7872557592831853,-2.792717467254047,0.04054810887415272,0.035272306467135195,0.04063763460150177,0.009477572462057937,0.04063761388274978,0.009476475809049189,-0.009444967770781194,-0.5661078462703266,-0.551341647104079,0.009473007777210702,0.0352723064671351,0.40035,42742.0,0.06159,111652.7,0,2.5,0
3276,2023-01-22 23:34:59.999,0.4009184508101227,0.4005,0.0613028513770917,0.061625,-0.9150415124737231,-0.9139972369202297,-2.7866876466192827,-2.791928921997921,0.04051139442319418,0.035182488524033384,0.040637074407587376,0.00947782336027705,0.04063704532173123,0.009476726773213338,-0.013258892183344334,-0.5755103968718137,-0.5661078462703266,0.009473153216077274,0.0351824885240332,0.4004999999999999,41398.0,0.061625,106803.6,0,2.5,0
3277,2023-01-22 23:35:59.999,0.4009134812947708,0.40065,0.061339178251503,0.061639998,-0.9146670507580574,-0.9140096323241865,-2.7864443009766857,-2.7913365170029336,0.04001472062608247,0.0353580203897228,0.04063637623089805,0.00947810111974625,0.04063623236244056,0.009477009025236804,-0.06558100078864924,-0.5569001400690443,-0.5755103968718137,0.009473265520667629,0.0353579938654338,0.40065,116428.0,0.06164,307179.5,0,2.5,0
3278,2023-01-22 23:36:59.999,0.4005974166240075,0.4006,0.0613382315910046,0.061635,-0.9147918557504191,-0.9147983045380436,-2.7865253879786542,-2.7913519503333184,0.03923866482920901,0.03529950228445955,0.040635648764259735,0.009478390101969778,0.040635325463187044,0.009477317078771134,-0.14736877772154555,-0.5629802553380072,-0.5569001400690443,0.009473390488447697,0.0352995022844595,0.4006,60743.0,0.0616349999999999,40652.3,0,2.5,0
3279,2023-01-22 23:37:59.999,0.4000787000592552,0.4006,0.0613258690048905,0.06165,-0.9147918557504191,-0.916094001078789,-2.7862820493717835,-2.79155351845465,0.038107745909745416,0.03510057818603851,0.040634918332607906,0.009478695032638186,0.04063433347437536,0.009477676108839816,-0.2665830247431012,-0.5838715274109871,-0.5629802553380072,0.009473643683225931,0.0351005781860389,0.4006,75540.0,0.0616499999999999,30016.5,0,2.5,0
3280,2023-01-22 23:38:59.999,0.3999910059596209,0.40075,0.0613545461513683,0.06168,-0.9144174874924748,-0.9163132172278965,-2.7857955497270632,-2.7910860086738327,0.03750635052961537,0.03507724340601237,0.04063427077809417,0.00947897913308272,0.04063354689004777,0.009478001640948037,-0.3299425848294747,-0.5862474528176923,-0.5838715274109871,0.00947395079862813,0.0350772434060124,0.40075,64454.0,0.06168,126009.3,0,2.5,0
3281,2023-01-22 23:39:59.999,0.4004996761661155,0.40095,0.061404602714097,0.06171,-0.9139185477290994,-0.9150423210480438,-2.7853092866491616,-2.790270483868299,0.038110572650769114,0.035178673519723924,0.04063370557395418,0.009479231619153802,0.040633121650574595,0.009478212379845793,-0.2661418523570287,-0.5754719658086823,-0.5862474528176923,0.009474225259188868,0.0351786735197241,0.40095,56375.0,0.06171,224270.0,0,2.5,0
3282,2023-01-22 23:40:59.999,0.4010933847392788,0.4008,0.061441889582253,0.06173,-0.9142927292114821,-0.9135609991387499,-2.7849852425763326,-2.7896634356961605,0.03909564568326784,0.034539592949337616,0.04063303762724515,0.009479559343568362,0.04063268183184039,0.009478491210803072,-0.16216042346705117,-0.6427983049699223,-0.5754719658086823,0.009474522462647602,0.0345395929493377,0.4008,1002326.0,0.06173,187795.3,0,2.5,0
3283,2023-01-22 23:41:59.999,0.4011151048410326,0.4007,0.0614538797263495,0.06173,-0.9145422613400381,-0.9135068483736029,-2.7849852425763326,-2.789468308651479,0.03899028426931572,0.034290060820781565,0.04063241601479208,0.00947988720670011,0.04063203597967394,0.009478823099473899,-0.1732020624426826,-0.669032769665015,-0.6427983049699223,0.009474797722742605,0.0342900608207816,0.4007,158350.0,0.06173,110496.8,0,2.5,0
3284,2023-01-22 23:42:59.999,0.4008611129363593,0.40055,0.0614414202519778,0.06171,-0.9149166763210111,-0.9141402634488511,-2.7853092866491616,-2.789671074329525,0.03852262579231014,0.034180544927812195,0.04063185539692752,0.009480197121511836,0.04063136726232799,0.009479154362525158,-0.22246092735387205,-0.6805038319800796,-0.669032769665015,0.009475068581692002,0.0341805449278118,0.4005499999999999,101235.0,0.06171,51366.6,0,2.5,0
3285,2023-01-22 23:43:59.999,0.4003769857958893,0.40055,0.0614053467092492,0.06172,-0.9149166763210111,-0.9153487112252414,-2.785147251487177,-2.7902583676650807,0.03779427773698907,0.03404808465393783,0.040631277835301585,0.009480522197711946,0.04063062127429758,0.009479523329978553,-0.2992074008973331,-0.6943914105229946,-0.6805038319800796,0.009475292743424187,0.0340480846539374,0.4005499999999999,72882.0,0.06172,54414.8,0,2.5,0
3286,2023-01-22 23:44:59.999,0.4001237801279492,0.40035,0.0614335478588286,0.061715,-0.9154161144634942,-0.915981329424157,-2.785228265786245,-2.78979921097576,0.03678630878041278,0.0336148739654889,0.04063046842782158,0.009480971919528805,0.04062957878198788,0.009480055110826032,-0.40540587123656696,-0.7399657463262845,-0.6943914105229946,0.009475499225306607,0.0336148739654889,0.40035,112937.0,0.061715,211355.7,0,2.5,0
3287,2023-01-22 23:45:59.999,0.3999822051001881,0.40045,0.0614530459540044,0.061725,-0.9151663642124459,-0.9163352201132718,-2.7850662437508937,-2.789481876191965,0.03617300370335641,0.03373217467340495,0.04062961563667943,0.009481426669413075,0.040628584252293105,0.009480571835300383,-0.46996959954953227,-0.7274686820629553,-0.7399657463262845,0.009475736381660266,0.0337321746734049,0.40045,188705.0,0.061725,116592.1,0,2.5,0
3288,2023-01-22 23:46:59.999,0.400465169109491,0.4005,0.0614651218753197,0.061735,-0.9150415124737231,-0.9151284847713318,-2.78490424796243,-2.789285389023837,0.037219114994416436,0.03372459832526331,0.040628774784038604,0.00948187791533092,0.040627985693598975,0.009480922526251706,-0.35955052788837,-0.7281444161617151,-0.7274686820629553,0.009476016878149413,0.0337245983252632,0.4004999999999999,31738.0,0.061735,54284.9,0,2.5,0
3289,2023-01-22 23:47:59.999,0.4008354691389084,0.4004,0.0614539935033859,0.06171,-0.9152912315410716,-0.9142042372714494,-2.7853092866491616,-2.7894664572316565,0.038291381875425134,0.03380598970775173,0.0406279253898578,0.009482324704164153,0.04062738464847516,0.009481294017588108,-0.2463801637958556,-0.7194370468151369,-0.7281444161617151,0.009476299854016173,0.0338059897077518,0.4004,62571.0,0.06171,107617.2,0,2.5,0
3290,2023-01-22 23:48:59.999,0.4007738231870449,0.40025,0.0614078542484661,0.061685,-0.915665927105313,-0.9143580427539336,-2.785714489458709,-2.790217532653898,0.03875156446140526,0.033762538760233274,0.04062703444105719,0.0094827888959732,0.04062660040495915,0.009481734457413054,-0.19775242092842366,-0.7238899606569198,-0.7194370468151369,0.009476538550090226,0.0337625387602331,0.40025,17002.0,0.061685,6788.1,0,2.5,0
3291,2023-01-22 23:49:59.999,0.4003729323087314,0.40025,0.0613765935632666,0.06169,-0.915665927105313,-0.9153588354527095,-2.7856334357605896,-2.790726728833578,0.038167028731734054,0.033696279098318294,0.04062621647799069,0.009483234280858933,0.04062564735330977,0.009482210658559536,-0.2592874921373252,-0.7307567412586081,-0.7238899606569198,0.009476797336219204,0.0336962790983186,0.40025,5664.0,0.0616899999999999,68733.0,0,2.5,0
3292,2023-01-22 23:50:59.999,0.4001373308556465,0.4003,0.0613935570082912,0.06169,-0.9155410129836091,-0.9159474636583148,-2.7856334357605896,-2.7904503840534574,0.03735249458812018,0.033821193220022194,0.04062530967289249,0.009483697641027465,0.04062455225213694,0.00948273085793394,-0.3450543638786415,-0.7174539626226567,-0.7307567412586081,0.009477086038620387,0.0338211932200227,0.4003,20767.0,0.0616899999999999,19300.1,0,2.5,0
3293,2023-01-22 23:51:59.999,0.4001433162387774,0.4004,0.0614132155468661,0.061675,-0.9152912315410716,-0.9159325054479601,-2.785876616566717,-2.7901302300695394,0.0371057337748244,0.034269769762253044,0.040624316522571716,0.009484138492853556,0.04062350222431952,0.009483192014417916,-0.3709477193066244,-0.6700183432693354,-0.7174539626226567,0.009477406836288305,0.0342697697622531,0.4004,77028.0,0.061675,144893.9,0,2.5,0
3294,2023-01-22 23:52:59.999,0.4003805900049139,0.40055,0.0614003858526844,0.06168,-0.9149166763210111,-0.9153397092272997,-2.7857955497270632,-2.790339159603112,0.0378693254135809,0.03457805457747598,0.0406232089595113,0.009484565126101928,0.040622571633997316,0.009483560079972744,-0.2903177917574102,-0.6373675863534106,-0.6700183432693354,0.009477757491866872,0.0345780545774756,0.4005499999999999,33679.0,0.06168,52361.0,0,2.5,0
3295,2023-01-22 23:53:59.999,0.4008026518672629,0.40095,0.0614026551712313,0.06171,-0.9139185477290994,-0.9142861127980839,-2.7853092866491616,-2.7903022009328993,0.03889270892161045,0.035178673519723924,0.040622125095515785,0.009484919702357219,0.040621724860344786,0.009483858585072918,-0.18231144246032005,-0.5739059208312579,-0.6373675863534106,0.009478054325672476,0.0351786735197241,0.40095,67877.0,0.06171,457750.1,0,2.5,0
3296,2023-01-22 23:54:59.999,0.4011324769288522,0.401,0.0614190079535681,0.06171,-0.9137938516755678,-0.9134635398284179,-2.7853092866491616,-2.790035915946727,0.03949759961932453,0.03530336957325553,0.04062121691025579,0.009485241094884314,0.04062095687385427,0.009484158856713764,-0.11844563882800496,-0.5606444036375988,-0.5739059208312579,0.009478282087585114,0.0353033695732554,0.401,130151.0,0.06171,48410.4,0,2.5,0
3297,2023-01-22 23:55:59.999,0.4012679567499387,0.40095,0.0614073382518282,0.061715,-0.9139185477290994,-0.913125853514484,-2.785228265786245,-2.790225935468361,0.03999062282167676,0.03511244069988373,0.040620517435925825,0.009485535884280541,0.040620371660731604,0.009484443051493393,-0.06639808322278738,-0.5806816613461026,-0.5606444036375988,0.009478574182970777,0.0351124406998839,0.40095,67768.0,0.061715,42156.2,0,2.5,0
3298,2023-01-22 23:56:59.999,0.4010261228107495,0.40075,0.0614155701981902,0.061695,-0.9144174874924748,-0.9137287096308992,-2.78555238863164,-2.790091889686866,0.03927818715036091,0.034878464419397015,0.040619799398946936,0.009485853109558086,0.040619488912427934,0.009484777354410358,-0.14141626228509488,-0.6052523598288558,-0.5806816613461026,0.009478905915236714,0.0348784644193971,0.40075,200273.0,0.061695,55896.6,0,2.5,0
3299,2023-01-22 23:57:59.999,0.4005017877733418,0.40045,0.0614257705761707,0.061665,-0.9151663642124459,-0.9150370486301486,-2.7860387699641858,-2.789925815660978,0.037834086192515604,0.0345271940197287,0.04061917237505177,0.009486166285414656,0.0406185278283768,0.009485163146335247,-0.2935575901967497,-0.6421960328367549,-0.6052523598288558,0.009479246604388506,0.0345271940197287,0.40045,132918.0,0.061665,109795.3,0,2.5,0
3300,2023-01-22 23:58:59.999,0.3999438567155242,0.4005,0.0613156112939502,0.06169,-0.9150415124737231,-0.9164310999364801,-2.7856334357605896,-2.791720798088575,0.03790739456939518,0.0343206937299082,0.04061852084371779,0.009486502193766157,0.04061789341342982,0.009485494054710747,-0.28575199440334204,-0.663872414212697,-0.6421960328367549,0.009479656275190422,0.034320693729908,0.4004999999999999,25044.0,0.06169,110578.1,0,2.5,0
3301,2023-01-22 23:59:59.999,0.3998918652515468,0.40045,0.0615032056271723,0.06168,-0.9151663642124459,-0.9165611052928869,-2.7857955497270632,-2.7886659815090127,0.035280142098176204,0.03432836668604122,0.040618016286052654,0.009486778764675194,0.04061678095298441,0.009486028440948679,-0.5625788377116125,-0.6629910695747919,-0.663872414212697,0.00948018429194462,0.0343283666860412,0.40045,99548.0,0.06168,194120.3,0,2.5,0
