index,close_time,transaction_id,positions,XRPUSDT_units,ATOMUSDT_units,entry_XRPUSDT_price,entry_ATOMUSDT_price,historical_XRPUSDT_mid,historical_ATOMUSDT_mid,historical_XRPUSDT_vol,historical_ATOMUSDT_vol,signal,portfolio_value,XRPUSDT_raw_pnl,ATOMUSDT_raw_pnl,XRPUSDT_cost,ATOMUSDT_cost,trade_duration,is_profitable_trade,is_new_transaction,interval_arithmetic_return,cumulative_return
0.0,2023-01-20 16:58:59.999,,,0.0,0.0,,,0.3964999999999999,12.4705,330335.0,3482.93,0.0,10000.0,0.0,0.0,0.0,0.0,0,0,0,,
1.0,2023-01-20 16:59:59.999,,,0.0,0.0,,,0.3966,12.4635,367451.0,6420.61,0.0,10000.0,0.0,0.0,0.0,0.0,0,0,0,0.0,0.0
2.0,2023-01-20 17:00:59.999,,,0.0,0.0,,,0.3972,12.482,800336.0,1275.41,0.0,10000.0,0.0,0.0,0.0,0.0,0,0,0,0.0,0.0
3.0,2023-01-20 17:01:59.999,,,0.0,0.0,,,0.3974,12.484,325232.0,1508.66,0.0,10000.0,0.0,0.0,0.0,0.0,0,0,0,0.0,0.0
4.0,2023-01-20 17:02:59.999,,,0.0,0.0,,,0.3969,12.486,390580.0,1779.42,0.0,10000.0,0.0,0.0,0.0,0.0,0,0,0,0.0,0.0
5.0,2023-01-20 17:03:59.999,,,0.0,0.0,,,0.397,12.4905,207685.0,1167.66,0.0,10000.0,0.0,0.0,0.0,0.0,0,0,0,0.0,0.0
6.0,2023-01-20 17:04:59.999,,,0.0,0.0,,,0.39725,12.503,202179.0,5433.24,0.0,10000.0,0.0,0.0,0.0,0.0,0,0,0,0.0,0.0
7.0,2023-01-20 17:05:59.999,,,0.0,0.0,,,0.39735,12.5105,440693.0,2637.6,0.0,10000.0,0.0,0.0,0.0,0.0,0,0,0,0.0,0.0
8.0,2023-01-20 17:06:59.999,,,0.0,0.0,,,0.3977,12.5385,360435.0,10208.36,0.0,10000.0,0.0,0.0,0.0,0.0,0,0,0,0.0,0.0
9.0,2023-01-20 17:07:59.999,,,0.0,0.0,,,0.3977,12.569,368463.0,6863.26,0.0,10000.0,0.0,0.0,0.0,0.0,0,0,0,0.0,0.0
10.0,2023-01-20 17:08:59.999,,,0.0,0.0,,,0.3981,12.5895,702715.0,10292.52,0.0,10000.0,0.0,0.0,0.0,0.0,0,0,0,0.0,0.0
11.0,2023-01-20 17:09:59.999,,,0.0,0.0,,,0.39825,12.6275,223741.0,13836.52,0.0,10000.0,0.0,0.0,0.0,0.0,0,0,0,0.0,0.0
12.0,2023-01-20 17:10:59.999,,,0.0,0.0,,,0.39805,12.63,296691.0,12873.25,3.0,10000.0,0.0,0.0,0.0,0.0,0,0,0,0.0,0.0
13.0,2023-01-20 17:11:59.999,,,0.0,0.0,,,0.398,12.6425,176159.0,6949.01,0.0,10000.0,0.0,0.0,0.0,0.0,0,0,0,0.0,0.0
14.0,2023-01-20 17:12:59.999,,,0.0,0.0,,,0.39805,12.64,113913.0,3922.28,0.0,10000.0,0.0,0.0,0.0,0.0,0,0,0,0.0,0.0
15.0,2023-01-20 17:13:59.999,,,0.0,0.0,,,0.3978,12.6385,358643.0,2887.57,0.0,10000.0,0.0,0.0,0.0,0.0,0,0,0,0.0,0.0
16.0,2023-01-20 17:14:59.999,,,0.0,0.0,,,0.39735,12.625,269248.0,5341.83,0.0,10000.0,0.0,0.0,0.0,0.0,0,0,0,0.0,0.0
17.0,2023-01-20 17:15:59.999,,,0.0,0.0,,,0.39735,12.6235,282948.0,1850.98,0.0,10000.0,0.0,0.0,0.0,0.0,0,0,0,0.0,0.0
18.0,2023-01-20 17:16:59.999,,,0.0,0.0,,,0.3977,12.6405,400452.0,7898.03,0.0,10000.0,0.0,0.0,0.0,0.0,0,0,0,0.0,0.0
19.0,2023-01-20 17:17:59.999,,,0.0,0.0,,,0.39715,12.629,559916.0,3022.24,0.0,10000.0,0.0,0.0,0.0,0.0,0,0,0,0.0,0.0
20.0,2023-01-20 17:18:59.999,,,0.0,0.0,,,0.3967,12.6585,405359.0,21087.29,0.0,10000.0,0.0,0.0,0.0,0.0,0,0,0,0.0,0.0
21.0,2023-01-20 17:19:59.999,,,0.0,0.0,,,0.3962,12.67,327483.0,1817.57,0.0,10000.0,0.0,0.0,0.0,0.0,0,0,0,0.0,0.0
22.0,2023-01-20 17:20:59.999,,,0.0,0.0,,,0.39635,12.659,274113.0,1896.76,0.0,10000.0,0.0,0.0,0.0,0.0,0,0,0,0.0,0.0
23.0,2023-01-20 17:21:59.999,,,0.0,0.0,,,0.3967,12.641,253891.0,1784.45,0.0,10000.0,0.0,0.0,0.0,0.0,0,0,0,0.0,0.0
24.0,2023-01-20 17:22:59.999,,,0.0,0.0,,,0.39685,12.6225,277957.0,7788.35,0.0,10000.0,0.0,0.0,0.0,0.0,0,0,0,0.0,0.0
25.0,2023-01-20 17:23:59.999,,,0.0,0.0,,,0.3964,12.614,179805.0,2256.48,0.0,10000.0,0.0,0.0,0.0,0.0,0,0,0,0.0,0.0
26.0,2023-01-20 17:24:59.999,,,0.0,0.0,,,0.3963,12.615,133098.0,1476.52,0.0,10000.0,0.0,0.0,0.0,0.0,0,0,0,0.0,0.0
27.0,2023-01-20 17:25:59.999,,,0.0,0.0,,,0.39605,12.5895,181307.0,4863.59,0.0,10000.0,0.0,0.0,0.0,0.0,0,0,0,0.0,0.0
28.0,2023-01-20 17:26:59.999,,,0.0,0.0,,,0.39585,12.5585,418128.0,23760.42,0.0,10000.0,0.0,0.0,0.0,0.0,0,0,0,0.0,0.0
29.0,2023-01-20 17:27:59.999,,,0.0,0.0,,,0.396,12.552,833412.0,1655.09,0.0,10000.0,0.0,0.0,0.0,0.0,0,0,0,0.0,0.0
30.0,2023-01-20 17:28:59.999,,,0.0,0.0,,,0.39605,12.571000000000002,195582.0,784.68,0.0,10000.0,0.0,0.0,0.0,0.0,0,0,0,0.0,0.0
31.0,2023-01-20 17:29:59.999,,,0.0,0.0,,,0.39585,12.5555,270775.0,1520.8,0.0,10000.0,0.0,0.0,0.0,0.0,0,0,0,0.0,0.0
32.0,2023-01-20 17:30:59.999,,,0.0,0.0,,,0.3955999999999999,12.5625,136862.0,1143.26,0.0,10000.0,0.0,0.0,0.0,0.0,0,0,0,0.0,0.0
33.0,2023-01-20 17:31:59.999,,,0.0,0.0,,,0.396,12.6005,432627.0,14878.79,0.0,10000.0,0.0,0.0,0.0,0.0,0,0,0,0.0,0.0
34.0,2023-01-20 17:32:59.999,,,0.0,0.0,,,0.39605,12.645,110072.0,12246.13,0.0,10000.0,0.0,0.0,0.0,0.0,0,0,0,0.0,0.0
35.0,2023-01-20 17:33:59.999,,,0.0,0.0,,,0.3959,12.672,279793.0,7121.37,0.0,10000.0,0.0,0.0,0.0,0.0,0,0,0,0.0,0.0
36.0,2023-01-20 17:34:59.999,,,0.0,0.0,,,0.39585,12.7025,160445.0,25789.41,0.0,10000.0,0.0,0.0,0.0,0.0,0,0,0,0.0,0.0
37.0,2023-01-20 17:35:59.999,,,0.0,0.0,,,0.3958,12.6895,193652.0,4573.02,0.0,10000.0,0.0,0.0,0.0,0.0,0,0,0,0.0,0.0
38.0,2023-01-20 17:36:59.999,,,0.0,0.0,,,0.39525,12.665,564120.0,4427.76,0.0,10000.0,0.0,0.0,0.0,0.0,0,0,0,0.0,0.0
39.0,2023-01-20 17:37:59.999,,,0.0,0.0,,,0.3951,12.6985,227482.0,5199.64,0.0,10000.0,0.0,0.0,0.0,0.0,0,0,0,0.0,0.0
40.0,2023-01-20 17:38:59.999,,,0.0,0.0,,,0.3951,12.7135,284382.0,4505.62,0.0,10000.0,0.0,0.0,0.0,0.0,0,0,0,0.0,0.0
41.0,2023-01-20 17:39:59.999,,,0.0,0.0,,,0.3954,12.7235,185512.0,1443.15,0.0,10000.0,0.0,0.0,0.0,0.0,0,0,0,0.0,0.0
42.0,2023-01-20 17:40:59.999,,,0.0,0.0,,,0.3956,12.7495,185554.0,5805.78,0.0,10000.0,0.0,0.0,0.0,0.0,0,0,0,0.0,0.0
43.0,2023-01-20 17:41:59.999,,,0.0,0.0,,,0.3957,12.758,486756.0,5997.46,0.0,10000.0,0.0,0.0,0.0,0.0,0,0,0,0.0,0.0
44.0,2023-01-20 17:42:59.999,,,0.0,0.0,,,0.3957,12.735,231211.0,4086.63,0.0,10000.0,0.0,0.0,0.0,0.0,0,0,0,0.0,0.0
45.0,2023-01-20 17:43:59.999,,,0.0,0.0,,,0.3959,12.7475,132635.0,1987.14,0.0,10000.0,0.0,0.0,0.0,0.0,0,0,0,0.0,0.0
46.0,2023-01-20 17:44:59.999,,,0.0,0.0,,,0.39585,12.769,127486.0,1688.65,0.0,10000.0,0.0,0.0,0.0,0.0,0,0,0,0.0,0.0
47.0,2023-01-20 17:45:59.999,,,0.0,0.0,,,0.39615,12.749,684843.0,7078.13,0.0,10000.0,0.0,0.0,0.0,0.0,0,0,0,0.0,0.0
48.0,2023-01-20 17:46:59.999,,,0.0,0.0,,,0.3965499999999999,12.7235,148329.0,2276.06,0.0,10000.0,0.0,0.0,0.0,0.0,0,0,0,0.0,0.0
49.0,2023-01-20 17:47:59.999,,,0.0,0.0,,,0.3964999999999999,12.701,128688.0,2972.21,0.0,10000.0,0.0,0.0,0.0,0.0,0,0,0,0.0,0.0
50.0,2023-01-20 17:48:59.999,,,0.0,0.0,,,0.3965499999999999,12.693,158938.0,1921.11,0.0,10000.0,0.0,0.0,0.0,0.0,0,0,0,0.0,0.0
51.0,2023-01-20 17:49:59.999,,,0.0,0.0,,,0.3968,12.6815,153077.0,2671.36,0.0,10000.0,0.0,0.0,0.0,0.0,0,0,0,0.0,0.0
52.0,2023-01-20 17:50:59.999,,,0.0,0.0,,,0.397,12.6845,146864.0,1770.26,0.0,10000.0,0.0,0.0,0.0,0.0,0,0,0,0.0,0.0
53.0,2023-01-20 17:51:59.999,,,0.0,0.0,,,0.39705,12.6905,188371.0,2118.55,0.0,10000.0,0.0,0.0,0.0,0.0,0,0,0,0.0,0.0
54.0,2023-01-20 17:52:59.999,,,0.0,0.0,,,0.39705,12.694,160678.0,1523.88,0.0,10000.0,0.0,0.0,0.0,0.0,0,0,0,0.0,0.0
55.0,2023-01-20 17:53:59.999,,,0.0,0.0,,,0.3972,12.6955,261195.0,12446.63,0.0,10000.0,0.0,0.0,0.0,0.0,0,0,0,0.0,0.0
56.0,2023-01-20 17:54:59.999,,,0.0,0.0,,,0.39735,12.694,436271.0,6028.49,0.0,10000.0,0.0,0.0,0.0,0.0,0,0,0,0.0,0.0
57.0,2023-01-20 17:55:59.999,,,0.0,0.0,,,0.3969,12.675,285685.0,4735.53,0.0,10000.0,0.0,0.0,0.0,0.0,0,0,0,0.0,0.0
58.0,2023-01-20 17:56:59.999,,,0.0,0.0,,,0.3968,12.667,113934.0,3534.55,0.0,10000.0,0.0,0.0,0.0,0.0,0,0,0,0.0,0.0
59.0,2023-01-20 17:57:59.999,,,0.0,0.0,,,0.3971,12.685,139206.0,789.98,0.0,10000.0,0.0,0.0,0.0,0.0,0,0,0,0.0,0.0
60.0,2023-01-20 17:58:59.999,,,0.0,0.0,,,0.3967,12.691,145626.0,597.83,0.0,10000.0,0.0,0.0,0.0,0.0,0,0,0,0.0,0.0
61.0,2023-01-20 17:59:59.999,,,0.0,0.0,,,0.39635,12.691,157461.0,946.44,0.0,10000.0,0.0,0.0,0.0,0.0,0,0,0,0.0,0.0
62.0,2023-01-20 18:00:59.999,,,0.0,0.0,,,0.3964499999999999,12.701,635402.0,3618.28,0.0,10000.0,0.0,0.0,0.0,0.0,0,0,0,0.0,0.0
63.0,2023-01-20 18:01:59.999,,,0.0,0.0,,,0.39675,12.7145,368661.0,2186.02,0.0,10000.0,0.0,0.0,0.0,0.0,0,0,0,0.0,0.0
64.0,2023-01-20 18:02:59.999,,,0.0,0.0,,,0.3974,12.715,388654.0,4722.79,0.0,10000.0,0.0,0.0,0.0,0.0,0,0,0,0.0,0.0
65.0,2023-01-20 18:03:59.999,,,0.0,0.0,,,0.3976,12.7155,2168715.0,2191.88,0.0,10000.0,0.0,0.0,0.0,0.0,0,0,0,0.0,0.0
66.0,2023-01-20 18:04:59.999,,,0.0,0.0,,,0.3978,12.6995,172194.0,9042.5,0.0,10000.0,0.0,0.0,0.0,0.0,0,0,0,0.0,0.0
67.0,2023-01-20 18:05:59.999,,,0.0,0.0,,,0.3975999999999999,12.687,119894.0,1173.47,0.0,10000.0,0.0,0.0,0.0,0.0,0,0,0,0.0,0.0
68.0,2023-01-20 18:06:59.999,,,0.0,0.0,,,0.39735,12.668,65562.0,9618.83,0.0,10000.0,0.0,0.0,0.0,0.0,0,0,0,0.0,0.0
69.0,2023-01-20 18:07:59.999,,,0.0,0.0,,,0.3971,12.644,268868.0,2925.69,0.0,10000.0,0.0,0.0,0.0,0.0,0,0,0,0.0,0.0
70.0,2023-01-20 18:08:59.999,,,0.0,0.0,,,0.39695,12.635,190209.0,4634.26,0.0,10000.0,0.0,0.0,0.0,0.0,0,0,0,0.0,0.0
71.0,2023-01-20 18:09:59.999,,,0.0,0.0,,,0.397,12.645499999999998,137293.0,3238.75,0.0,10000.0,0.0,0.0,0.0,0.0,0,0,0,0.0,0.0
72.0,2023-01-20 18:10:59.999,,,0.0,0.0,,,0.3969,12.6445,130006.0,2395.38,0.0,10000.0,0.0,0.0,0.0,0.0,0,0,0,0.0,0.0
73.0,2023-01-20 18:11:59.999,,,0.0,0.0,,,0.3965499999999999,12.6425,139546.0,1082.34,0.0,10000.0,0.0,0.0,0.0,0.0,0,0,0,0.0,0.0
74.0,2023-01-20 18:12:59.999,,,0.0,0.0,,,0.39625,12.6575,821230.0,1668.72,0.0,10000.0,0.0,0.0,0.0,0.0,0,0,0,0.0,0.0
75.0,2023-01-20 18:13:59.999,,,0.0,0.0,,,0.39605,12.677,504798.0,991.55,0.0,10000.0,0.0,0.0,0.0,0.0,0,0,0,0.0,0.0
76.0,2023-01-20 18:14:59.999,,,0.0,0.0,,,0.3962,12.6915,492802.0,2442.01,0.0,10000.0,0.0,0.0,0.0,0.0,0,0,0,0.0,0.0
77.0,2023-01-20 18:15:59.999,,,0.0,0.0,,,0.39625,12.7005,193658.0,1250.57,0.0,10000.0,0.0,0.0,0.0,0.0,0,0,0,0.0,0.0
78.0,2023-01-20 18:16:59.999,,,0.0,0.0,,,0.3964,12.7105,461692.0,2213.66,0.0,10000.0,0.0,0.0,0.0,0.0,0,0,0,0.0,0.0
79.0,2023-01-20 18:17:59.999,,,0.0,0.0,,,0.39595,12.699,268051.0,1979.18,0.0,10000.0,0.0,0.0,0.0,0.0,0,0,0,0.0,0.0
80.0,2023-01-20 18:18:59.999,,,0.0,0.0,,,0.39575,12.6965,273990.0,1333.71,0.0,10000.0,0.0,0.0,0.0,0.0,0,0,0,0.0,0.0
81.0,2023-01-20 18:19:59.999,,,0.0,0.0,,,0.3957,12.693,252464.0,1552.27,0.0,10000.0,0.0,0.0,0.0,0.0,0,0,0,0.0,0.0
82.0,2023-01-20 18:20:59.999,,,0.0,0.0,,,0.3957,12.7035,288590.0,1058.65,0.0,10000.0,0.0,0.0,0.0,0.0,0,0,0,0.0,0.0
83.0,2023-01-20 18:21:59.999,,,0.0,0.0,,,0.39585,12.7285,221267.0,1871.98,0.0,10000.0,0.0,0.0,0.0,0.0,0,0,0,0.0,0.0
84.0,2023-01-20 18:22:59.999,,,0.0,0.0,,,0.3955999999999999,12.7205,244039.0,3085.11,0.0,10000.0,0.0,0.0,0.0,0.0,0,0,0,0.0,0.0
85.0,2023-01-20 18:23:59.999,,,0.0,0.0,,,0.3959,12.7015,95451.0,4679.38,0.0,10000.0,0.0,0.0,0.0,0.0,0,0,0,0.0,0.0
86.0,2023-01-20 18:24:59.999,,,0.0,0.0,,,0.39595,12.6845,101488.0,1409.45,0.0,10000.0,0.0,0.0,0.0,0.0,0,0,0,0.0,0.0
87.0,2023-01-20 18:25:59.999,,,0.0,0.0,,,0.3959,12.668,132601.0,757.86,0.0,10000.0,0.0,0.0,0.0,0.0,0,0,0,0.0,0.0
88.0,2023-01-20 18:26:59.999,,,0.0,0.0,,,0.3961,12.6795,139573.0,1159.9,0.0,10000.0,0.0,0.0,0.0,0.0,0,0,0,0.0,0.0
89.0,2023-01-20 18:27:59.999,,,0.0,0.0,,,0.3962,12.68,95716.0,166.99,0.0,10000.0,0.0,0.0,0.0,0.0,0,0,0,0.0,0.0
90.0,2023-01-20 18:28:59.999,,,0.0,0.0,,,0.3961,12.6695,140464.0,737.05,0.0,10000.0,0.0,0.0,0.0,0.0,0,0,0,0.0,0.0
91.0,2023-01-20 18:29:59.999,,,0.0,0.0,,,0.39625,12.6715,78580.0,743.33,0.0,10000.0,0.0,0.0,0.0,0.0,0,0,0,0.0,0.0
92.0,2023-01-20 18:30:59.999,,,0.0,0.0,,,0.39615,12.6845,186539.0,1682.22,0.0,10000.0,0.0,0.0,0.0,0.0,0,0,0,0.0,0.0
93.0,2023-01-20 18:31:59.999,,,0.0,0.0,,,0.3964,12.714,154059.0,1716.17,0.0,10000.0,0.0,0.0,0.0,0.0,0,0,0,0.0,0.0
94.0,2023-01-20 18:32:59.999,,,0.0,0.0,,,0.3967,12.7385,300950.0,2139.01,0.0,10000.0,0.0,0.0,0.0,0.0,0,0,0,0.0,0.0
95.0,2023-01-20 18:33:59.999,,,0.0,0.0,,,0.39695,12.742,94280.0,37449.01,0.0,10000.0,0.0,0.0,0.0,0.0,0,0,0,0.0,0.0
96.0,2023-01-20 18:34:59.999,,,0.0,0.0,,,0.3971,12.7315,118225.0,8897.03,0.0,10000.0,0.0,0.0,0.0,0.0,0,0,0,0.0,0.0
97.0,2023-01-20 18:35:59.999,,,0.0,0.0,,,0.39725,12.732,232129.0,3589.77,0.0,10000.0,0.0,0.0,0.0,0.0,0,0,0,0.0,0.0
98.0,2023-01-20 18:36:59.999,,,0.0,0.0,,,0.39735,12.7315,81873.0,1559.09,0.0,10000.0,0.0,0.0,0.0,0.0,0,0,0,0.0,0.0
99.0,2023-01-20 18:37:59.999,,,0.0,0.0,,,0.3975499999999999,12.738499999999998,148266.0,767.82,0.0,10000.0,0.0,0.0,0.0,0.0,0,0,0,0.0,0.0
100.0,2023-01-20 18:38:59.999,,,0.0,0.0,,,0.3977,12.7385,188677.0,1795.3,0.0,10000.0,0.0,0.0,0.0,0.0,0,0,0,0.0,0.0
101.0,2023-01-20 18:39:59.999,,,0.0,0.0,,,0.39775,12.734,171963.0,2651.65,0.0,10000.0,0.0,0.0,0.0,0.0,0,0,0,0.0,0.0
102.0,2023-01-20 18:40:59.999,,,0.0,0.0,,,0.3979,12.7395,199610.0,977.58,0.0,10000.0,0.0,0.0,0.0,0.0,0,0,0,0.0,0.0
103.0,2023-01-20 18:41:59.999,,,0.0,0.0,,,0.39785,12.7405,118962.0,3635.29,0.0,10000.0,0.0,0.0,0.0,0.0,0,0,0,0.0,0.0
104.0,2023-01-20 18:42:59.999,,,0.0,0.0,,,0.39795,12.7455,186395.0,1178.56,0.0,10000.0,0.0,0.0,0.0,0.0,0,0,0,0.0,0.0
105.0,2023-01-20 18:43:59.999,,,0.0,0.0,,,0.3981,12.759,111053.0,3433.71,0.0,10000.0,0.0,0.0,0.0,0.0,0,0,0,0.0,0.0
106.0,2023-01-20 18:44:59.999,,,0.0,0.0,,,0.3981,12.7445,267251.0,649.52,0.0,10000.0,0.0,0.0,0.0,0.0,0,0,0,0.0,0.0
107.0,2023-01-20 18:45:59.999,,,0.0,0.0,,,0.39785,12.7375,168612.0,741.69,0.0,10000.0,0.0,0.0,0.0,0.0,0,0,0,0.0,0.0
108.0,2023-01-20 18:46:59.999,,,0.0,0.0,,,0.39765,12.7325,62700.0,542.18,0.0,10000.0,0.0,0.0,0.0,0.0,0,0,0,0.0,0.0
109.0,2023-01-20 18:47:59.999,,,0.0,0.0,,,0.3975499999999999,12.739,83048.0,1688.94,0.0,10000.0,0.0,0.0,0.0,0.0,0,0,0,0.0,0.0
110.0,2023-01-20 18:48:59.999,,,0.0,0.0,,,0.3974999999999999,12.7455,112202.0,844.69,0.0,10000.0,0.0,0.0,0.0,0.0,0,0,0,0.0,0.0
111.0,2023-01-20 18:49:59.999,,,0.0,0.0,,,0.3977,12.7545,80846.0,998.33,0.0,10000.0,0.0,0.0,0.0,0.0,0,0,0,0.0,0.0
112.0,2023-01-20 18:50:59.999,,,0.0,0.0,,,0.3978,12.7565,170477.0,669.49,0.0,10000.0,0.0,0.0,0.0,0.0,0,0,0,0.0,0.0
113.0,2023-01-20 18:51:59.999,,,0.0,0.0,,,0.3974999999999999,12.746,193016.0,375.91,0.0,10000.0,0.0,0.0,0.0,0.0,0,0,0,0.0,0.0
114.0,2023-01-20 18:52:59.999,,,0.0,0.0,,,0.3973,12.7545,166406.0,2820.62,0.0,10000.0,0.0,0.0,0.0,0.0,0,0,0,0.0,0.0
115.0,2023-01-20 18:53:59.999,,,0.0,0.0,,,0.3974,12.762,58975.0,325.64,0.0,10000.0,0.0,0.0,0.0,0.0,0,0,0,0.0,0.0
116.0,2023-01-20 18:54:59.999,,,0.0,0.0,,,0.3974499999999999,12.754,92011.0,2272.76,0.0,10000.0,0.0,0.0,0.0,0.0,0,0,0,0.0,0.0
117.0,2023-01-20 18:55:59.999,,,0.0,0.0,,,0.39735,12.741,144132.0,757.81,0.0,10000.0,0.0,0.0,0.0,0.0,0,0,0,0.0,0.0
118.0,2023-01-20 18:56:59.999,,,0.0,0.0,,,0.3973,12.731,114710.0,565.86,0.0,10000.0,0.0,0.0,0.0,0.0,0,0,0,0.0,0.0
119.0,2023-01-20 18:57:59.999,,,0.0,0.0,,,0.3973,12.738,104992.0,972.28,0.0,10000.0,0.0,0.0,0.0,0.0,0,0,0,0.0,0.0
120.0,2023-01-20 18:58:59.999,,,0.0,0.0,,,0.3974,12.747,97195.0,1102.97,0.0,10000.0,0.0,0.0,0.0,0.0,0,0,0,0.0,0.0
121.0,2023-01-20 18:59:59.999,,,0.0,0.0,,,0.39765,12.762,84754.0,3426.69,0.0,10000.0,0.0,0.0,0.0,0.0,0,0,0,0.0,0.0
122.0,2023-01-20 19:00:59.999,,,0.0,0.0,,,0.3981,12.770499999999998,133376.0,9444.89,0.0,10000.0,0.0,0.0,0.0,0.0,0,0,0,0.0,0.0
123.0,2023-01-20 19:01:59.999,,,0.0,0.0,,,0.39795,12.7625,179378.0,2127.86,0.0,10000.0,0.0,0.0,0.0,0.0,0,0,0,0.0,0.0
124.0,2023-01-20 19:02:59.999,,,0.0,0.0,,,0.3977,12.7695,182483.0,948.39,0.0,10000.0,0.0,0.0,0.0,0.0,0,0,0,0.0,0.0
125.0,2023-01-20 19:03:59.999,,,0.0,0.0,,,0.39755,12.78,115048.0,1914.43,0.0,10000.0,0.0,0.0,0.0,0.0,0,0,0,0.0,0.0
126.0,2023-01-20 19:04:59.999,,,0.0,0.0,,,0.3977,12.7925,193271.0,5662.68,0.0,10000.0,0.0,0.0,0.0,0.0,0,0,0,0.0,0.0
127.0,2023-01-20 19:05:59.999,,,0.0,0.0,,,0.39795,12.8025,97068.0,3735.42,0.0,10000.0,0.0,0.0,0.0,0.0,0,0,0,0.0,0.0
128.0,2023-01-20 19:06:59.999,,,0.0,0.0,,,0.39855,12.7815,530600.0,6092.05,0.0,10000.0,0.0,0.0,0.0,0.0,0,0,0,0.0,0.0
129.0,2023-01-20 19:07:59.999,,,0.0,0.0,,,0.3994499999999999,12.7885,1829149.0,1378.09,0.0,10000.0,0.0,0.0,0.0,0.0,0,0,0,0.0,0.0
130.0,2023-01-20 19:08:59.999,,,0.0,0.0,,,0.39935,12.787,277322.0,2448.18,0.0,10000.0,0.0,0.0,0.0,0.0,0,0,0,0.0,0.0
131.0,2023-01-20 19:09:59.999,,,0.0,0.0,,,0.39925,12.789,113972.0,2238.35,0.0,10000.0,0.0,0.0,0.0,0.0,0,0,0,0.0,0.0
132.0,2023-01-20 19:10:59.999,,,0.0,0.0,,,0.39915,12.797,130657.0,623.38,0.0,10000.0,0.0,0.0,0.0,0.0,0,0,0,0.0,0.0
133.0,2023-01-20 19:11:59.999,,,0.0,0.0,,,0.39895,12.8,150392.0,715.51,0.0,10000.0,0.0,0.0,0.0,0.0,0,0,0,0.0,0.0
134.0,2023-01-20 19:12:59.999,,,0.0,0.0,,,0.3985499999999999,12.8045,344986.0,871.61,0.0,10000.0,0.0,0.0,0.0,0.0,0,0,0,0.0,0.0
135.0,2023-01-20 19:13:59.999,,,0.0,0.0,,,0.39835,12.8025,84547.0,368.02,0.0,10000.0,0.0,0.0,0.0,0.0,0,0,0,0.0,0.0
136.0,2023-01-20 19:14:59.999,,,0.0,0.0,,,0.3984499999999999,12.804,119725.0,865.72,0.0,10000.0,0.0,0.0,0.0,0.0,0,0,0,0.0,0.0
137.0,2023-01-20 19:15:59.999,,,0.0,0.0,,,0.3985499999999999,12.8025,154139.0,297.31,0.0,10000.0,0.0,0.0,0.0,0.0,0,0,0,0.0,0.0
138.0,2023-01-20 19:16:59.999,,,0.0,0.0,,,0.39865,12.8045,62986.0,262.44,0.0,10000.0,0.0,0.0,0.0,0.0,0,0,0,0.0,0.0
139.0,2023-01-20 19:17:59.999,,,0.0,0.0,,,0.39865,12.792,70241.0,1293.09,0.0,10000.0,0.0,0.0,0.0,0.0,0,0,0,0.0,0.0
140.0,2023-01-20 19:18:59.999,,,0.0,0.0,,,0.3985499999999999,12.7725,155440.0,4059.92,0.0,10000.0,0.0,0.0,0.0,0.0,0,0,0,0.0,0.0
141.0,2023-01-20 19:19:59.999,,,0.0,0.0,,,0.39835,12.768,94142.0,2078.29,0.0,10000.0,0.0,0.0,0.0,0.0,0,0,0,0.0,0.0
142.0,2023-01-20 19:20:59.999,,,0.0,0.0,,,0.3987,12.7885,123374.0,1897.97,0.0,10000.0,0.0,0.0,0.0,0.0,0,0,0,0.0,0.0
143.0,2023-01-20 19:21:59.999,,,0.0,0.0,,,0.39915,12.803,114465.0,871.33,0.0,10000.0,0.0,0.0,0.0,0.0,0,0,0,0.0,0.0
144.0,2023-01-20 19:22:59.999,,,0.0,0.0,,,0.39935,12.790500000000002,118033.0,2781.9,0.0,10000.0,0.0,0.0,0.0,0.0,0,0,0,0.0,0.0
145.0,2023-01-20 19:23:59.999,,,0.0,0.0,,,0.3999,12.7855,407985.0,2623.91,0.0,10000.0,0.0,0.0,0.0,0.0,0,0,0,0.0,0.0
146.0,2023-01-20 19:24:59.999,,,0.0,0.0,,,0.4002,12.796,441439.0,1358.88,0.0,10000.0,0.0,0.0,0.0,0.0,0,0,0,0.0,0.0
147.0,2023-01-20 19:25:59.999,,,0.0,0.0,,,0.4001,12.799,134314.0,356.8,0.0,10000.0,0.0,0.0,0.0,0.0,0,0,0,0.0,0.0
148.0,2023-01-20 19:26:59.999,,,0.0,0.0,,,0.3998,12.7975,244605.0,416.21,0.0,10000.0,0.0,0.0,0.0,0.0,0,0,0,0.0,0.0
149.0,2023-01-20 19:27:59.999,,,0.0,0.0,,,0.3994999999999999,12.7905,181370.0,1365.32,0.0,10000.0,0.0,0.0,0.0,0.0,0,0,0,0.0,0.0
150.0,2023-01-20 19:28:59.999,,,0.0,0.0,,,0.3994499999999999,12.789,190968.0,2190.4,0.0,10000.0,0.0,0.0,0.0,0.0,0,0,0,0.0,0.0
151.0,2023-01-20 19:29:59.999,,,0.0,0.0,,,0.4001,12.7965,368606.0,1218.81,0.0,10000.0,0.0,0.0,0.0,0.0,0,0,0,0.0,0.0
152.0,2023-01-20 19:30:59.999,,,0.0,0.0,,,0.4004,12.799,336279.0,352.54,0.0,10000.0,0.0,0.0,0.0,0.0,0,0,0,0.0,0.0
153.0,2023-01-20 19:31:59.999,,,0.0,0.0,,,0.40035,12.793,281524.0,307.33,0.0,10000.0,0.0,0.0,0.0,0.0,0,0,0,0.0,0.0
154.0,2023-01-20 19:32:59.999,,,0.0,0.0,,,0.40095,12.7955,639614.0,1045.95,0.0,10000.0,0.0,0.0,0.0,0.0,0,0,0,0.0,0.0
155.0,2023-01-20 19:33:59.999,,,0.0,0.0,,,0.40105,12.798,123671.0,308.29,0.0,10000.0,0.0,0.0,0.0,0.0,0,0,0,0.0,0.0
156.0,2023-01-20 19:34:59.999,,,0.0,0.0,,,0.40075,12.795,205111.0,674.77,0.0,10000.0,0.0,0.0,0.0,0.0,0,0,0,0.0,0.0
157.0,2023-01-20 19:35:59.999,,,0.0,0.0,,,0.4009,12.794,200313.0,785.48,0.0,10000.0,0.0,0.0,0.0,0.0,0,0,0,0.0,0.0
158.0,2023-01-20 19:36:59.999,,,0.0,0.0,,,0.401,12.801,199428.0,1567.36,0.0,10000.0,0.0,0.0,0.0,0.0,0,0,0,0.0,0.0
159.0,2023-01-20 19:37:59.999,,,0.0,0.0,,,0.40125,12.802,138359.0,498.09,0.0,10000.0,0.0,0.0,0.0,0.0,0,0,0,0.0,0.0
160.0,2023-01-20 19:38:59.999,,,0.0,0.0,,,0.40145,12.799,432312.0,290.08,0.0,10000.0,0.0,0.0,0.0,0.0,0,0,0,0.0,0.0
161.0,2023-01-20 19:39:59.999,,,0.0,0.0,,,0.4017,12.8015,538036.0,292.21,4.0,10000.0,0.0,0.0,0.0,0.0,0,0,0,0.0,0.0
162.0,2023-01-20 19:40:59.999,,,0.0,0.0,,,0.4014,12.7995,273914.0,734.42,0.0,10000.0,0.0,0.0,0.0,0.0,0,0,0,0.0,0.0
163.0,2023-01-20 19:41:59.999,,,0.0,0.0,,,0.40115,12.8,408725.0,1016.94,0.0,10000.0,0.0,0.0,0.0,0.0,0,0,0,0.0,0.0
164.0,2023-01-20 19:42:59.999,,,0.0,0.0,,,0.4013,12.8065,116814.0,1256.52,3.0,10000.0,0.0,0.0,0.0,0.0,0,0,0,0.0,0.0
165.0,2023-01-20 19:43:59.999,,,0.0,0.0,,,0.4015999999999999,12.8125,199339.0,2296.2,0.0,10000.0,0.0,0.0,0.0,0.0,0,0,0,0.0,0.0
166.0,2023-01-20 19:44:59.999,,,0.0,0.0,,,0.4017,12.802499999999998,1076013.0,9044.94,4.0,10000.0,0.0,0.0,0.0,0.0,0,0,0,0.0,0.0
167.0,2023-01-20 19:45:59.999,,,0.0,0.0,,,0.40045,12.7765,520829.0,6986.56,0.0,10000.0,0.0,0.0,0.0,0.0,0,0,0,0.0,0.0
168.0,2023-01-20 19:46:59.999,,,0.0,0.0,,,0.4,12.7795,477530.0,3245.64,3.0,10000.0,0.0,0.0,0.0,0.0,0,0,0,0.0,0.0
169.0,2023-01-20 19:47:59.999,,,0.0,0.0,,,0.40005,12.7955,211650.0,755.67,0.0,10000.0,0.0,0.0,0.0,0.0,0,0,0,0.0,0.0
170.0,2023-01-20 19:48:59.999,,,0.0,0.0,,,0.4009,12.816,276927.0,1062.39,0.0,10000.0,0.0,0.0,0.0,0.0,0,0,0,0.0,0.0
171.0,2023-01-20 19:49:59.999,,,0.0,0.0,,,0.40105,12.8035,251283.0,881.47,0.0,10000.0,0.0,0.0,0.0,0.0,0,0,0,0.0,0.0
172.0,2023-01-20 19:50:59.999,,,0.0,0.0,,,0.4014,12.8005,695899.0,3022.51,0.0,10000.0,0.0,0.0,0.0,0.0,0,0,0,0.0,0.0
173.0,2023-01-20 19:51:59.999,,,0.0,0.0,,,0.4015999999999999,12.8075,112216.0,1212.64,4.0,10000.0,0.0,0.0,0.0,0.0,0,0,0,0.0,0.0
174.0,2023-01-20 19:52:59.999,,,0.0,0.0,,,0.4012,12.8015,110002.0,1067.25,0.0,10000.0,0.0,0.0,0.0,0.0,0,0,0,0.0,0.0
175.0,2023-01-20 19:53:59.999,,,0.0,0.0,,,0.40145,12.8165,218820.0,981.98,3.0,10000.0,0.0,0.0,0.0,0.0,0,0,0,0.0,0.0
176.0,2023-01-20 19:54:59.999,,,0.0,0.0,,,0.4017,12.8175,623040.0,1205.47,0.0,10000.0,0.0,0.0,0.0,0.0,0,0,0,0.0,0.0
177.0,2023-01-20 19:55:59.999,,,0.0,0.0,,,0.4015499999999999,12.8075,397787.0,856.38,4.0,10000.0,0.0,0.0,0.0,0.0,0,0,0,0.0,0.0
178.0,2023-01-20 19:56:59.999,,,0.0,0.0,,,0.40215,12.823,1183505.0,583.7,0.0,10000.0,0.0,0.0,0.0,0.0,0,0,0,0.0,0.0
179.0,2023-01-20 19:57:59.999,,,0.0,0.0,,,0.4024,12.8315,300724.0,2144.68,0.0,10000.0,0.0,0.0,0.0,0.0,0,0,0,0.0,0.0
180.0,2023-01-20 19:58:59.999,,,0.0,0.0,,,0.4024999999999999,12.8295,310993.0,1122.05,0.0,10000.0,0.0,0.0,0.0,0.0,0,0,0,0.0,0.0
181.0,2023-01-20 19:59:59.999,,,0.0,0.0,,,0.40245,12.8405,726683.0,3440.71,0.0,10000.0,0.0,0.0,0.0,0.0,0,0,0,0.0,0.0
182.0,2023-01-20 20:00:59.999,,,0.0,0.0,,,0.40235,12.843,414141.0,1465.6,0.0,10000.0,0.0,0.0,0.0,0.0,0,0,0,0.0,0.0
183.0,2023-01-20 20:01:59.999,,,0.0,0.0,,,0.40255,12.849,743908.0,3156.63,0.0,10000.0,0.0,0.0,0.0,0.0,0,0,0,0.0,0.0
184.0,2023-01-20 20:02:59.999,,,0.0,0.0,,,0.4027,12.8525,434539.0,3724.28,0.0,10000.0,0.0,0.0,0.0,0.0,0,0,0,0.0,0.0
185.0,2023-01-20 20:03:59.999,,,0.0,0.0,,,0.403,12.8645,1129851.0,5350.61,0.0,10000.0,0.0,0.0,0.0,0.0,0,0,0,0.0,0.0
186.0,2023-01-20 20:04:59.999,,,0.0,0.0,,,0.4029,12.8665,284929.0,1527.26,0.0,10000.0,0.0,0.0,0.0,0.0,0,0,0,0.0,0.0
187.0,2023-01-20 20:05:59.999,,,0.0,0.0,,,0.4043,12.9275,3950018.0,31655.63,0.0,10000.0,0.0,0.0,0.0,0.0,0,0,0,0.0,0.0
188.0,2023-01-20 20:06:59.999,,,0.0,0.0,,,0.4044999999999999,12.9305,2578061.0,8649.49,0.0,10000.0,0.0,0.0,0.0,0.0,0,0,0,0.0,0.0
189.0,2023-01-20 20:07:59.999,,,0.0,0.0,,,0.40395,12.9035,1525420.0,5331.14,0.0,10000.0,0.0,0.0,0.0,0.0,0,0,0,0.0,0.0
190.0,2023-01-20 20:08:59.999,,,0.0,0.0,,,0.40425,12.905,1133866.0,6019.06,0.0,10000.0,0.0,0.0,0.0,0.0,0,0,0,0.0,0.0
191.0,2023-01-20 20:09:59.999,,,0.0,0.0,,,0.40425,12.893,882079.0,2742.61,0.0,10000.0,0.0,0.0,0.0,0.0,0,0,0,0.0,0.0
192.0,2023-01-20 20:10:59.999,,,0.0,0.0,,,0.40445,12.8855,910981.0,4102.2,0.0,10000.0,0.0,0.0,0.0,0.0,0,0,0,0.0,0.0
193.0,2023-01-20 20:11:59.999,,,0.0,0.0,,,0.4041,12.896999999999998,774550.0,2317.88,0.0,10000.0,0.0,0.0,0.0,0.0,0,0,0,0.0,0.0
194.0,2023-01-20 20:12:59.999,,,0.0,0.0,,,0.40405,12.888000000000002,311796.0,3067.09,0.0,10000.0,0.0,0.0,0.0,0.0,0,0,0,0.0,0.0
195.0,2023-01-20 20:13:59.999,,,0.0,0.0,,,0.40355,12.8645,599343.0,5216.51,0.0,10000.0,0.0,0.0,0.0,0.0,0,0,0,0.0,0.0
196.0,2023-01-20 20:14:59.999,,,0.0,0.0,,,0.404,12.874,522602.0,1312.81,0.0,10000.0,0.0,0.0,0.0,0.0,0,0,0,0.0,0.0
197.0,2023-01-20 20:15:59.999,,,0.0,0.0,,,0.40475,12.8995,221821.0,3242.69,0.0,10000.0,0.0,0.0,0.0,0.0,0,0,0,0.0,0.0
198.0,2023-01-20 20:16:59.999,,,0.0,0.0,,,0.40455,12.913,544483.0,1411.17,0.0,10000.0,0.0,0.0,0.0,0.0,0,0,0,0.0,0.0
199.0,2023-01-20 20:17:59.999,,,0.0,0.0,,,0.40425,12.9295,388245.0,1553.95,0.0,10000.0,0.0,0.0,0.0,0.0,0,0,0,0.0,0.0
200.0,2023-01-20 20:18:59.999,,,0.0,0.0,,,0.40475,12.96,507373.0,3226.3,0.0,10000.0,0.0,0.0,0.0,0.0,0,0,0,0.0,0.0
201.0,2023-01-20 20:19:59.999,,,0.0,0.0,,,0.4059,12.9835,1841171.0,10480.72,0.0,10000.0,0.0,0.0,0.0,0.0,0,0,0,0.0,0.0
202.0,2023-01-20 20:20:59.999,,,0.0,0.0,,,0.40575,12.985,803528.0,4376.03,0.0,10000.0,0.0,0.0,0.0,0.0,0,0,0,0.0,0.0
203.0,2023-01-20 20:21:59.999,,,0.0,0.0,,,0.4054,12.991,673905.0,2699.52,0.0,10000.0,0.0,0.0,0.0,0.0,0,0,0,0.0,0.0
204.0,2023-01-20 20:22:59.999,,,0.0,0.0,,,0.40565,12.9955,577589.0,1705.67,0.0,10000.0,0.0,0.0,0.0,0.0,0,0,0,0.0,0.0
205.0,2023-01-20 20:23:59.999,,,0.0,0.0,,,0.40605,13.001,287587.0,816.49,0.0,10000.0,0.0,0.0,0.0,0.0,0,0,0,0.0,0.0
206.0,2023-01-20 20:24:59.999,,,0.0,0.0,,,0.4064,12.9935,1079722.0,2307.75,0.0,10000.0,0.0,0.0,0.0,0.0,0,0,0,0.0,0.0
207.0,2023-01-20 20:25:59.999,,,0.0,0.0,,,0.4058,12.989,977711.0,3652.61,0.0,10000.0,0.0,0.0,0.0,0.0,0,0,0,0.0,0.0
208.0,2023-01-20 20:26:59.999,,,0.0,0.0,,,0.40445,12.9505,576581.0,2665.95,0.0,10000.0,0.0,0.0,0.0,0.0,0,0,0,0.0,0.0
209.0,2023-01-20 20:27:59.999,,,0.0,0.0,,,0.40385,12.93,354630.0,1400.63,0.0,10000.0,0.0,0.0,0.0,0.0,0,0,0,0.0,0.0
210.0,2023-01-20 20:28:59.999,,,0.0,0.0,,,0.40445,12.928,452713.0,1529.74,0.0,10000.0,0.0,0.0,0.0,0.0,0,0,0,0.0,0.0
211.0,2023-01-20 20:29:59.999,,,0.0,0.0,,,0.40515,12.966,347353.0,3023.61,0.0,10000.0,0.0,0.0,0.0,0.0,0,0,0,0.0,0.0
212.0,2023-01-20 20:30:59.999,,,0.0,0.0,,,0.4051,12.993,617872.0,2147.4,0.0,10000.0,0.0,0.0,0.0,0.0,0,0,0,0.0,0.0
213.0,2023-01-20 20:31:59.999,,,0.0,0.0,,,0.40485,13.0085,231707.0,4868.93,0.0,10000.0,0.0,0.0,0.0,0.0,0,0,0,0.0,0.0
214.0,2023-01-20 20:32:59.999,,,0.0,0.0,,,0.4052,13.03,257849.0,2058.29,0.0,10000.0,0.0,0.0,0.0,0.0,0,0,0,0.0,0.0
215.0,2023-01-20 20:33:59.999,,,0.0,0.0,,,0.40575,13.036,249578.0,833.2,0.0,10000.0,0.0,0.0,0.0,0.0,0,0,0,0.0,0.0
216.0,2023-01-20 20:34:59.999,,,0.0,0.0,,,0.4065,13.055,733056.0,5731.38,0.0,10000.0,0.0,0.0,0.0,0.0,0,0,0,0.0,0.0
217.0,2023-01-20 20:35:59.999,,,0.0,0.0,,,0.4065999999999999,13.0655,324343.0,1089.48,0.0,10000.0,0.0,0.0,0.0,0.0,0,0,0,0.0,0.0
218.0,2023-01-20 20:36:59.999,,,0.0,0.0,,,0.4066499999999999,13.073,406782.0,1700.79,0.0,10000.0,0.0,0.0,0.0,0.0,0,0,0,0.0,0.0
219.0,2023-01-20 20:37:59.999,,,0.0,0.0,,,0.40685,13.0735,1866249.0,11636.42,0.0,10000.0,0.0,0.0,0.0,0.0,0,0,0,0.0,0.0
220.0,2023-01-20 20:38:59.999,,,0.0,0.0,,,0.406,13.0805,3269866.0,9112.88,0.0,10000.0,0.0,0.0,0.0,0.0,0,0,0,0.0,0.0
221.0,2023-01-20 20:39:59.999,,,0.0,0.0,,,0.40595,13.0885,1496253.0,6890.74,3.0,10000.0,0.0,0.0,0.0,0.0,0,0,0,0.0,0.0
222.0,2023-01-20 20:40:59.999,,,0.0,0.0,,,0.4054999999999999,13.0915,644427.0,1902.37,0.0,10000.0,0.0,0.0,0.0,0.0,0,0,0,0.0,0.0
223.0,2023-01-20 20:41:59.999,,,0.0,0.0,,,0.40505,13.084,757666.0,2270.55,0.0,10000.0,0.0,0.0,0.0,0.0,0,0,0,0.0,0.0
224.0,2023-01-20 20:42:59.999,,,0.0,0.0,,,0.40525,13.0915,334217.0,1071.0,0.0,10000.0,0.0,0.0,0.0,0.0,0,0,0,0.0,0.0
225.0,2023-01-20 20:43:59.999,,,0.0,0.0,,,0.40475,13.071,469119.0,2979.28,0.0,10000.0,0.0,0.0,0.0,0.0,0,0,0,0.0,0.0
226.0,2023-01-20 20:44:59.999,,,0.0,0.0,,,0.40515,13.081,328189.0,2270.83,0.0,10000.0,0.0,0.0,0.0,0.0,0,0,0,0.0,0.0
227.0,2023-01-20 20:45:59.999,,,0.0,0.0,,,0.4045499999999999,13.07,545003.0,1142.85,0.0,10000.0,0.0,0.0,0.0,0.0,0,0,0,0.0,0.0
228.0,2023-01-20 20:46:59.999,,,0.0,0.0,,,0.4043,13.0755,489003.0,3227.38,0.0,10000.0,0.0,0.0,0.0,0.0,0,0,0,0.0,0.0
229.0,2023-01-20 20:47:59.999,,,0.0,0.0,,,0.4048,13.0915,389661.0,1316.41,0.0,10000.0,0.0,0.0,0.0,0.0,0,0,0,0.0,0.0
230.0,2023-01-20 20:48:59.999,,,0.0,0.0,,,0.4049,13.1,503688.0,2647.13,0.0,10000.0,0.0,0.0,0.0,0.0,0,0,0,0.0,0.0
231.0,2023-01-20 20:49:59.999,,,0.0,0.0,,,0.4054,13.112,445396.0,3023.95,0.0,10000.0,0.0,0.0,0.0,0.0,0,0,0,0.0,0.0
232.0,2023-01-20 20:50:59.999,,,0.0,0.0,,,0.4048,13.1085,457648.0,1448.81,0.0,10000.0,0.0,0.0,0.0,0.0,0,0,0,0.0,0.0
233.0,2023-01-20 20:51:59.999,,,0.0,0.0,,,0.40475,13.114,257174.0,2746.99,0.0,10000.0,0.0,0.0,0.0,0.0,0,0,0,0.0,0.0
234.0,2023-01-20 20:52:59.999,,,0.0,0.0,,,0.40515,13.117,345608.0,1052.58,0.0,10000.0,0.0,0.0,0.0,0.0,0,0,0,0.0,0.0
235.0,2023-01-20 20:53:59.999,,,0.0,0.0,,,0.40515,13.1275,389791.0,2577.02,0.0,10000.0,0.0,0.0,0.0,0.0,0,0,0,0.0,0.0
236.0,2023-01-20 20:54:59.999,,,0.0,0.0,,,0.406,13.151,1270955.0,5634.37,0.0,10000.0,0.0,0.0,0.0,0.0,0,0,0,0.0,0.0
237.0,2023-01-20 20:55:59.999,,,0.0,0.0,,,0.4057,13.1625,1149319.0,16710.31,0.0,10000.0,0.0,0.0,0.0,0.0,0,0,0,0.0,0.0
238.0,2023-01-20 20:56:59.999,,,0.0,0.0,,,0.40545,13.1665,435116.0,1897.4,0.0,10000.0,0.0,0.0,0.0,0.0,0,0,0,0.0,0.0
239.0,2023-01-20 20:57:59.999,,,0.0,0.0,,,0.4054,13.164,395937.0,5228.8,0.0,10000.0,0.0,0.0,0.0,0.0,0,0,0,0.0,0.0
240.0,2023-01-20 20:58:59.999,,,0.0,0.0,,,0.40565,13.1665,315446.0,1865.95,0.0,10000.0,0.0,0.0,0.0,0.0,0,0,0,0.0,0.0
241.0,2023-01-20 20:59:59.999,,,0.0,0.0,,,0.4062,13.197,332550.0,7664.86,0.0,10000.0,0.0,0.0,0.0,0.0,0,0,0,0.0,0.0
242.0,2023-01-20 21:00:59.999,,,0.0,0.0,,,0.40605,13.2115,549341.0,1837.63,0.0,10000.0,0.0,0.0,0.0,0.0,0,0,0,0.0,0.0
243.0,2023-01-20 21:01:59.999,,,0.0,0.0,,,0.40595,13.2225,413567.0,2942.06,0.0,10000.0,0.0,0.0,0.0,0.0,0,0,0,0.0,0.0
244.0,2023-01-20 21:02:59.999,,,0.0,0.0,,,0.4065999999999999,13.2435,288095.0,5049.45,0.0,10000.0,0.0,0.0,0.0,0.0,0,0,0,0.0,0.0
245.0,2023-01-20 21:03:59.999,,,0.0,0.0,,,0.4065,13.2525,279475.0,4027.14,0.0,10000.0,0.0,0.0,0.0,0.0,0,0,0,0.0,0.0
246.0,2023-01-20 21:04:59.999,,,0.0,0.0,,,0.40685,13.2345,551141.0,5532.75,0.0,10000.0,0.0,0.0,0.0,0.0,0,0,0,0.0,0.0
247.0,2023-01-20 21:05:59.999,,,0.0,0.0,,,0.4068,13.2465,1235213.0,3859.84,0.0,10000.0,0.0,0.0,0.0,0.0,0,0,0,0.0,0.0
248.0,2023-01-20 21:06:59.999,,,0.0,0.0,,,0.4062,13.2355,509029.0,2372.08,0.0,10000.0,0.0,0.0,0.0,0.0,0,0,0,0.0,0.0
249.0,2023-01-20 21:07:59.999,,,0.0,0.0,,,0.4065999999999999,13.2465,391266.0,1335.09,0.0,10000.0,0.0,0.0,0.0,0.0,0,0,0,0.0,0.0
250.0,2023-01-20 21:08:59.999,,,0.0,0.0,,,0.4069,13.2605,335641.0,307.08,0.0,10000.0,0.0,0.0,0.0,0.0,0,0,0,0.0,0.0
251.0,2023-01-20 21:09:59.999,,,0.0,0.0,,,0.4071,13.239,284791.0,3307.11,0.0,10000.0,0.0,0.0,0.0,0.0,0,0,0,0.0,0.0
252.0,2023-01-20 21:10:59.999,,,0.0,0.0,,,0.4065,13.1825,369573.0,4446.08,0.0,10000.0,0.0,0.0,0.0,0.0,0,0,0,0.0,0.0
253.0,2023-01-20 21:11:59.999,,,0.0,0.0,,,0.4058,13.1845,386726.0,5991.16,0.0,10000.0,0.0,0.0,0.0,0.0,0,0,0,0.0,0.0
254.0,2023-01-20 21:12:59.999,,,0.0,0.0,,,0.4053,13.1555,386286.0,2346.64,0.0,10000.0,0.0,0.0,0.0,0.0,0,0,0,0.0,0.0
255.0,2023-01-20 21:13:59.999,,,0.0,0.0,,,0.40525,13.123,338823.0,6139.05,0.0,10000.0,0.0,0.0,0.0,0.0,0,0,0,0.0,0.0
256.0,2023-01-20 21:14:59.999,,,0.0,0.0,,,0.40455,13.0775,334843.0,4673.23,0.0,10000.0,0.0,0.0,0.0,0.0,0,0,0,0.0,0.0
257.0,2023-01-20 21:15:59.999,,,0.0,0.0,,,0.4049,13.084,322089.0,2892.44,0.0,10000.0,0.0,0.0,0.0,0.0,0,0,0,0.0,0.0
258.0,2023-01-20 21:16:59.999,,,0.0,0.0,,,0.40555,13.0835,304164.0,15321.49,0.0,10000.0,0.0,0.0,0.0,0.0,0,0,0,0.0,0.0
259.0,2023-01-20 21:17:59.999,,,0.0,0.0,,,0.406,13.1005,437881.0,2651.57,0.0,10000.0,0.0,0.0,0.0,0.0,0,0,0,0.0,0.0
260.0,2023-01-20 21:18:59.999,,,0.0,0.0,,,0.4065499999999999,13.112,367653.0,2447.3,0.0,10000.0,0.0,0.0,0.0,0.0,0,0,0,0.0,0.0
261.0,2023-01-20 21:19:59.999,,,0.0,0.0,,,0.40735,13.117,272796.0,2512.07,4.0,10000.0,0.0,0.0,0.0,0.0,0,0,0,0.0,0.0
262.0,2023-01-20 21:20:59.999,,,0.0,0.0,,,0.40785,13.1195,331947.0,887.78,0.0,10000.0,0.0,0.0,0.0,0.0,0,0,0,0.0,0.0
263.0,2023-01-20 21:21:59.999,,,0.0,0.0,,,0.40905,13.11,2813238.0,1263.6,0.0,10000.0,0.0,0.0,0.0,0.0,0,0,0,0.0,0.0
264.0,2023-01-20 21:22:59.999,,,0.0,0.0,,,0.41065,13.11,2026746.0,2669.0,0.0,10000.0,0.0,0.0,0.0,0.0,0,0,0,0.0,0.0
265.0,2023-01-20 21:23:59.999,,,0.0,0.0,,,0.4125,13.1135,2628075.0,2124.39,0.0,10000.0,0.0,0.0,0.0,0.0,0,0,0,0.0,0.0
266.0,2023-01-20 21:24:59.999,,,0.0,0.0,,,0.41295,13.125,1343209.0,1695.38,0.0,10000.0,0.0,0.0,0.0,0.0,0,0,0,0.0,0.0
267.0,2023-01-20 21:25:59.999,,,0.0,0.0,,,0.4121,13.119,1529321.0,2413.23,0.0,10000.0,0.0,0.0,0.0,0.0,0,0,0,0.0,0.0
268.0,2023-01-20 21:26:59.999,,,0.0,0.0,,,0.4115999999999999,13.103000000000002,890366.0,459.37,0.0,10000.0,0.0,0.0,0.0,0.0,0,0,0,0.0,0.0
269.0,2023-01-20 21:27:59.999,,,0.0,0.0,,,0.41245,13.0925,507798.0,220.28,0.0,10000.0,0.0,0.0,0.0,0.0,0,0,0,0.0,0.0
270.0,2023-01-20 21:28:59.999,,,0.0,0.0,,,0.4122,13.0895,340544.0,836.87,0.0,10000.0,0.0,0.0,0.0,0.0,0,0,0,0.0,0.0
271.0,2023-01-20 21:29:59.999,,,0.0,0.0,,,0.4115999999999999,13.088,620697.0,1021.21,0.0,10000.0,0.0,0.0,0.0,0.0,0,0,0,0.0,0.0
272.0,2023-01-20 21:30:59.999,,,0.0,0.0,,,0.41135,13.1035,332300.0,990.37,0.0,10000.0,0.0,0.0,0.0,0.0,0,0,0,0.0,0.0
273.0,2023-01-20 21:31:59.999,,,0.0,0.0,,,0.4115999999999999,13.117,272924.0,350.07,0.0,10000.0,0.0,0.0,0.0,0.0,0,0,0,0.0,0.0
274.0,2023-01-20 21:32:59.999,,,0.0,0.0,,,0.4106999999999999,13.106,515901.0,959.89,0.0,10000.0,0.0,0.0,0.0,0.0,0,0,0,0.0,0.0
275.0,2023-01-20 21:33:59.999,,,0.0,0.0,,,0.41095,13.1105,337404.0,1189.78,0.0,10000.0,0.0,0.0,0.0,0.0,0,0,0,0.0,0.0
276.0,2023-01-20 21:34:59.999,,,0.0,0.0,,,0.41145,13.1215,124550.0,3144.26,0.0,10000.0,0.0,0.0,0.0,0.0,0,0,0,0.0,0.0
277.0,2023-01-20 21:35:59.999,,,0.0,0.0,,,0.41175,13.1375,268654.0,620.21,0.0,10000.0,0.0,0.0,0.0,0.0,0,0,0,0.0,0.0
278.0,2023-01-20 21:36:59.999,,,0.0,0.0,,,0.4116499999999999,13.146,166793.0,4361.45,0.0,10000.0,0.0,0.0,0.0,0.0,0,0,0,0.0,0.0
279.0,2023-01-20 21:37:59.999,,,0.0,0.0,,,0.4116499999999999,13.1405,308030.0,318.4,0.0,10000.0,0.0,0.0,0.0,0.0,0,0,0,0.0,0.0
280.0,2023-01-20 21:38:59.999,,,0.0,0.0,,,0.41095,13.135,339656.0,1368.55,0.0,10000.0,0.0,0.0,0.0,0.0,0,0,0,0.0,0.0
281.0,2023-01-20 21:39:59.999,,,0.0,0.0,,,0.4108,13.1435,364500.0,3143.35,0.0,10000.0,0.0,0.0,0.0,0.0,0,0,0,0.0,0.0
282.0,2023-01-20 21:40:59.999,,,0.0,0.0,,,0.4112,13.1375,209726.0,1057.43,0.0,10000.0,0.0,0.0,0.0,0.0,0,0,0,0.0,0.0
283.0,2023-01-20 21:41:59.999,,,0.0,0.0,,,0.41045,13.1195,351831.0,781.06,0.0,10000.0,0.0,0.0,0.0,0.0,0,0,0,0.0,0.0
284.0,2023-01-20 21:42:59.999,,,0.0,0.0,,,0.4098,13.0865,777961.0,2879.42,0.0,10000.0,0.0,0.0,0.0,0.0,0,0,0,0.0,0.0
285.0,2023-01-20 21:43:59.999,,,0.0,0.0,,,0.4091,13.0745,911313.0,1552.46,0.0,10000.0,0.0,0.0,0.0,0.0,0,0,0,0.0,0.0
286.0,2023-01-20 21:44:59.999,,,0.0,0.0,,,0.4095499999999999,13.0795,370797.0,2121.17,0.0,10000.0,0.0,0.0,0.0,0.0,0,0,0,0.0,0.0
287.0,2023-01-20 21:45:59.999,,,0.0,0.0,,,0.4099,13.075,458428.0,287.64,0.0,10000.0,0.0,0.0,0.0,0.0,0,0,0,0.0,0.0
288.0,2023-01-20 21:46:59.999,,,0.0,0.0,,,0.4095999999999999,13.0445,226514.0,6867.48,0.0,10000.0,0.0,0.0,0.0,0.0,0,0,0,0.0,0.0
289.0,2023-01-20 21:47:59.999,,,0.0,0.0,,,0.40905,13.0285,464029.0,1633.69,0.0,10000.0,0.0,0.0,0.0,0.0,0,0,0,0.0,0.0
290.0,2023-01-20 21:48:59.999,,,0.0,0.0,,,0.4094,13.035,128323.0,2397.68,0.0,10000.0,0.0,0.0,0.0,0.0,0,0,0,0.0,0.0
291.0,2023-01-20 21:49:59.999,,,0.0,0.0,,,0.4095499999999999,13.0385,196345.0,2464.47,0.0,10000.0,0.0,0.0,0.0,0.0,0,0,0,0.0,0.0
292.0,2023-01-20 21:50:59.999,,,0.0,0.0,,,0.4095,13.0375,128585.0,293.69,0.0,10000.0,0.0,0.0,0.0,0.0,0,0,0,0.0,0.0
293.0,2023-01-20 21:51:59.999,,,0.0,0.0,,,0.4095999999999999,13.044,298241.0,1615.09,0.0,10000.0,0.0,0.0,0.0,0.0,0,0,0,0.0,0.0
294.0,2023-01-20 21:52:59.999,,,0.0,0.0,,,0.4104,13.0505,266099.0,669.38,0.0,10000.0,0.0,0.0,0.0,0.0,0,0,0,0.0,0.0
295.0,2023-01-20 21:53:59.999,,,0.0,0.0,,,0.4107499999999999,13.0565,147746.0,1522.77,0.0,10000.0,0.0,0.0,0.0,0.0,0,0,0,0.0,0.0
296.0,2023-01-20 21:54:59.999,,,0.0,0.0,,,0.41115,13.061,281463.0,662.7,0.0,10000.0,0.0,0.0,0.0,0.0,0,0,0,0.0,0.0
297.0,2023-01-20 21:55:59.999,,,0.0,0.0,,,0.4111,13.0705,505151.0,272.04,0.0,10000.0,0.0,0.0,0.0,0.0,0,0,0,0.0,0.0
298.0,2023-01-20 21:56:59.999,,,0.0,0.0,,,0.411,13.071,222745.0,4673.54,0.0,10000.0,0.0,0.0,0.0,0.0,0,0,0,0.0,0.0
299.0,2023-01-20 21:57:59.999,,,0.0,0.0,,,0.4109,13.0675,218296.0,447.96,0.0,10000.0,0.0,0.0,0.0,0.0,0,0,0,0.0,0.0
300.0,2023-01-20 21:58:59.999,,,0.0,0.0,,,0.4105499999999999,13.053,288074.0,1080.44,0.0,10000.0,0.0,0.0,0.0,0.0,0,0,0,0.0,0.0
301.0,2023-01-20 21:59:59.999,,,0.0,0.0,,,0.41035,13.0355,223901.0,212.31,0.0,10000.0,0.0,0.0,0.0,0.0,0,0,0,0.0,0.0
302.0,2023-01-20 22:00:59.999,,,0.0,0.0,,,0.4105499999999999,13.036,435687.0,1488.12,0.0,10000.0,0.0,0.0,0.0,0.0,0,0,0,0.0,0.0
303.0,2023-01-20 22:01:59.999,,,0.0,0.0,,,0.41085,13.0245,275944.0,1275.78,0.0,10000.0,0.0,0.0,0.0,0.0,0,0,0,0.0,0.0
304.0,2023-01-20 22:02:59.999,,,0.0,0.0,,,0.41075,13.0365,448517.0,8343.91,0.0,10000.0,0.0,0.0,0.0,0.0,0,0,0,0.0,0.0
305.0,2023-01-20 22:03:59.999,,,0.0,0.0,,,0.41005,13.0215,462674.0,1855.45,0.0,10000.0,0.0,0.0,0.0,0.0,0,0,0,0.0,0.0
306.0,2023-01-20 22:04:59.999,,,0.0,0.0,,,0.41065,13.04,245489.0,1149.79,0.0,10000.0,0.0,0.0,0.0,0.0,0,0,0,0.0,0.0
307.0,2023-01-20 22:05:59.999,,,0.0,0.0,,,0.411,13.06,521902.0,1235.42,0.0,10000.0,0.0,0.0,0.0,0.0,0,0,0,0.0,0.0
308.0,2023-01-20 22:06:59.999,,,0.0,0.0,,,0.4112,13.07,367389.0,1297.87,0.0,10000.0,0.0,0.0,0.0,0.0,0,0,0,0.0,0.0
309.0,2023-01-20 22:07:59.999,,,0.0,0.0,,,0.4113,13.0875,351916.0,5134.08,0.0,10000.0,0.0,0.0,0.0,0.0,0,0,0,0.0,0.0
310.0,2023-01-20 22:08:59.999,,,0.0,0.0,,,0.4115499999999999,13.096,545079.0,2402.98,0.0,10000.0,0.0,0.0,0.0,0.0,0,0,0,0.0,0.0
311.0,2023-01-20 22:09:59.999,,,0.0,0.0,,,0.41145,13.099,376882.0,2890.74,0.0,10000.0,0.0,0.0,0.0,0.0,0,0,0,0.0,0.0
312.0,2023-01-20 22:10:59.999,,,0.0,0.0,,,0.41145,13.097,662150.0,2092.5,0.0,10000.0,0.0,0.0,0.0,0.0,0,0,0,0.0,0.0
313.0,2023-01-20 22:11:59.999,,,0.0,0.0,,,0.41135,13.1055,388035.0,3101.22,0.0,10000.0,0.0,0.0,0.0,0.0,0,0,0,0.0,0.0
314.0,2023-01-20 22:12:59.999,,,0.0,0.0,,,0.41115,13.12,384519.0,2289.19,0.0,10000.0,0.0,0.0,0.0,0.0,0,0,0,0.0,0.0
315.0,2023-01-20 22:13:59.999,,,0.0,0.0,,,0.4107499999999999,13.1275,137737.0,6348.12,0.0,10000.0,0.0,0.0,0.0,0.0,0,0,0,0.0,0.0
316.0,2023-01-20 22:14:59.999,,,0.0,0.0,,,0.4105999999999999,13.1055,334106.0,1144.55,0.0,10000.0,0.0,0.0,0.0,0.0,0,0,0,0.0,0.0
317.0,2023-01-20 22:15:59.999,,,0.0,0.0,,,0.4103,13.091,271901.0,669.83,0.0,10000.0,0.0,0.0,0.0,0.0,0,0,0,0.0,0.0
318.0,2023-01-20 22:16:59.999,,,0.0,0.0,,,0.41015,13.073,191483.0,3615.18,0.0,10000.0,0.0,0.0,0.0,0.0,0,0,0,0.0,0.0
319.0,2023-01-20 22:17:59.999,,,0.0,0.0,,,0.41015,13.1065,459144.0,1479.48,0.0,10000.0,0.0,0.0,0.0,0.0,0,0,0,0.0,0.0
320.0,2023-01-20 22:18:59.999,,,0.0,0.0,,,0.4105,13.145,658549.0,4591.76,0.0,10000.0,0.0,0.0,0.0,0.0,0,0,0,0.0,0.0
321.0,2023-01-20 22:19:59.999,,,0.0,0.0,,,0.4106999999999999,13.1665,274339.0,3600.7,0.0,10000.0,0.0,0.0,0.0,0.0,0,0,0,0.0,0.0
322.0,2023-01-20 22:20:59.999,,,0.0,0.0,,,0.41185,13.2045,2334302.0,12778.36,0.0,10000.0,0.0,0.0,0.0,0.0,0,0,0,0.0,0.0
323.0,2023-01-20 22:21:59.999,,,0.0,0.0,,,0.41105,13.1735,1368528.0,6344.82,0.0,10000.0,0.0,0.0,0.0,0.0,0,0,0,0.0,0.0
324.0,2023-01-20 22:22:59.999,,,0.0,0.0,,,0.4113,13.164,892239.0,2422.38,0.0,10000.0,0.0,0.0,0.0,0.0,0,0,0,0.0,0.0
325.0,2023-01-20 22:23:59.999,,,0.0,0.0,,,0.4113,13.1525,562485.0,707.67,0.0,10000.0,0.0,0.0,0.0,0.0,0,0,0,0.0,0.0
326.0,2023-01-20 22:24:59.999,,,0.0,0.0,,,0.4116999999999999,13.1615,451194.0,1799.68,0.0,10000.0,0.0,0.0,0.0,0.0,0,0,0,0.0,0.0
327.0,2023-01-20 22:25:59.999,,,0.0,0.0,,,0.4112,13.1465,355559.0,2908.24,0.0,10000.0,0.0,0.0,0.0,0.0,0,0,0,0.0,0.0
328.0,2023-01-20 22:26:59.999,,,0.0,0.0,,,0.4105,13.14,624945.0,2098.47,0.0,10000.0,0.0,0.0,0.0,0.0,0,0,0,0.0,0.0
329.0,2023-01-20 22:27:59.999,,,0.0,0.0,,,0.41005,13.125,657076.0,1149.55,0.0,10000.0,0.0,0.0,0.0,0.0,0,0,0,0.0,0.0
330.0,2023-01-20 22:28:59.999,,,0.0,0.0,,,0.4096999999999999,13.117,464340.0,1071.75,0.0,10000.0,0.0,0.0,0.0,0.0,0,0,0,0.0,0.0
331.0,2023-01-20 22:29:59.999,,,0.0,0.0,,,0.41025,13.117,291503.0,816.84,0.0,10000.0,0.0,0.0,0.0,0.0,0,0,0,0.0,0.0
332.0,2023-01-20 22:30:59.999,,,0.0,0.0,,,0.4103,13.116,214605.0,1671.67,0.0,10000.0,0.0,0.0,0.0,0.0,0,0,0,0.0,0.0
333.0,2023-01-20 22:31:59.999,,,0.0,0.0,,,0.4094,13.112,742984.0,7419.51,0.0,10000.0,0.0,0.0,0.0,0.0,0,0,0,0.0,0.0
334.0,2023-01-20 22:32:59.999,,,0.0,0.0,,,0.40975,13.1105,219093.0,2411.71,0.0,10000.0,0.0,0.0,0.0,0.0,0,0,0,0.0,0.0
335.0,2023-01-20 22:33:59.999,,,0.0,0.0,,,0.4104,13.1185,285408.0,1458.53,0.0,10000.0,0.0,0.0,0.0,0.0,0,0,0,0.0,0.0
336.0,2023-01-20 22:34:59.999,,,0.0,0.0,,,0.41085,13.1215,299003.0,4110.6,0.0,10000.0,0.0,0.0,0.0,0.0,0,0,0,0.0,0.0
337.0,2023-01-20 22:35:59.999,,,0.0,0.0,,,0.41085,13.099,253005.0,15432.74,0.0,10000.0,0.0,0.0,0.0,0.0,0,0,0,0.0,0.0
338.0,2023-01-20 22:36:59.999,,,0.0,0.0,,,0.4112,13.09,312565.0,2799.45,0.0,10000.0,0.0,0.0,0.0,0.0,0,0,0,0.0,0.0
339.0,2023-01-20 22:37:59.999,,,0.0,0.0,,,0.41135,13.099,479631.0,1580.12,0.0,10000.0,0.0,0.0,0.0,0.0,0,0,0,0.0,0.0
340.0,2023-01-20 22:38:59.999,,,0.0,0.0,,,0.4114,13.111,239077.0,2198.35,0.0,10000.0,0.0,0.0,0.0,0.0,0,0,0,0.0,0.0
341.0,2023-01-20 22:39:59.999,,,0.0,0.0,,,0.41145,13.1195,241041.0,860.85,0.0,10000.0,0.0,0.0,0.0,0.0,0,0,0,0.0,0.0
342.0,2023-01-20 22:40:59.999,,,0.0,0.0,,,0.4112,13.12,234232.0,1506.98,0.0,10000.0,0.0,0.0,0.0,0.0,0,0,0,0.0,0.0
343.0,2023-01-20 22:41:59.999,,,0.0,0.0,,,0.41075,13.109,162632.0,1129.09,0.0,10000.0,0.0,0.0,0.0,0.0,0,0,0,0.0,0.0
344.0,2023-01-20 22:42:59.999,,,0.0,0.0,,,0.4106999999999999,13.1115,101792.0,1183.95,0.0,10000.0,0.0,0.0,0.0,0.0,0,0,0,0.0,0.0
345.0,2023-01-20 22:43:59.999,,,0.0,0.0,,,0.4108,13.114,72566.0,808.24,0.0,10000.0,0.0,0.0,0.0,0.0,0,0,0,0.0,0.0
346.0,2023-01-20 22:44:59.999,,,0.0,0.0,,,0.4105,13.1105,652201.0,2671.28,0.0,10000.0,0.0,0.0,0.0,0.0,0,0,0,0.0,0.0
347.0,2023-01-20 22:45:59.999,,,0.0,0.0,,,0.41025,13.114,664761.0,325.53,0.0,10000.0,0.0,0.0,0.0,0.0,0,0,0,0.0,0.0
348.0,2023-01-20 22:46:59.999,,,0.0,0.0,,,0.4102,13.1295,350388.0,561.65,0.0,10000.0,0.0,0.0,0.0,0.0,0,0,0,0.0,0.0
349.0,2023-01-20 22:47:59.999,,,0.0,0.0,,,0.41025,13.132,147914.0,520.17,0.0,10000.0,0.0,0.0,0.0,0.0,0,0,0,0.0,0.0
350.0,2023-01-20 22:48:59.999,,,0.0,0.0,,,0.4103,13.1395,71077.0,347.15,0.0,10000.0,0.0,0.0,0.0,0.0,0,0,0,0.0,0.0
351.0,2023-01-20 22:49:59.999,,,0.0,0.0,,,0.4104,13.14,219716.0,380.76,0.0,10000.0,0.0,0.0,0.0,0.0,0,0,0,0.0,0.0
352.0,2023-01-20 22:50:59.999,,,0.0,0.0,,,0.41,13.1225,289523.0,1064.19,0.0,10000.0,0.0,0.0,0.0,0.0,0,0,0,0.0,0.0
353.0,2023-01-20 22:51:59.999,,,0.0,0.0,,,0.40935,13.109,155947.0,341.17,0.0,10000.0,0.0,0.0,0.0,0.0,0,0,0,0.0,0.0
354.0,2023-01-20 22:52:59.999,,,0.0,0.0,,,0.4095999999999999,13.1125,196793.0,453.07,0.0,10000.0,0.0,0.0,0.0,0.0,0,0,0,0.0,0.0
355.0,2023-01-20 22:53:59.999,,,0.0,0.0,,,0.40995,13.1125,187135.0,926.56,0.0,10000.0,0.0,0.0,0.0,0.0,0,0,0,0.0,0.0
356.0,2023-01-20 22:54:59.999,,,0.0,0.0,,,0.4098,13.105,216513.0,382.32,0.0,10000.0,0.0,0.0,0.0,0.0,0,0,0,0.0,0.0
357.0,2023-01-20 22:55:59.999,,,0.0,0.0,,,0.4096499999999999,13.094,186141.0,1809.47,0.0,10000.0,0.0,0.0,0.0,0.0,0,0,0,0.0,0.0
358.0,2023-01-20 22:56:59.999,,,0.0,0.0,,,0.41,13.089,226926.0,636.05,0.0,10000.0,0.0,0.0,0.0,0.0,0,0,0,0.0,0.0
359.0,2023-01-20 22:57:59.999,,,0.0,0.0,,,0.4101,13.089,99124.0,942.39,0.0,10000.0,0.0,0.0,0.0,0.0,0,0,0,0.0,0.0
360.0,2023-01-20 22:58:59.999,,,0.0,0.0,,,0.41005,13.0855,162476.0,138.51,0.0,10000.0,0.0,0.0,0.0,0.0,0,0,0,0.0,0.0
361.0,2023-01-20 22:59:59.999,,,0.0,0.0,,,0.40995,13.084,178285.0,479.64,0.0,10000.0,0.0,0.0,0.0,0.0,0,0,0,0.0,0.0
362.0,2023-01-20 23:00:59.999,,,0.0,0.0,,,0.4104,13.1025,299481.0,1690.02,0.0,10000.0,0.0,0.0,0.0,0.0,0,0,0,0.0,0.0
363.0,2023-01-20 23:01:59.999,,,0.0,0.0,,,0.4105,13.1015,301974.0,1429.98,0.0,10000.0,0.0,0.0,0.0,0.0,0,0,0,0.0,0.0
364.0,2023-01-20 23:02:59.999,,,0.0,0.0,,,0.4109,13.116,458004.0,2686.17,0.0,10000.0,0.0,0.0,0.0,0.0,0,0,0,0.0,0.0
365.0,2023-01-20 23:03:59.999,,,0.0,0.0,,,0.4113,13.117,192666.0,622.45,0.0,10000.0,0.0,0.0,0.0,0.0,0,0,0,0.0,0.0
366.0,2023-01-20 23:04:59.999,,,0.0,0.0,,,0.4113,13.1195,153666.0,357.11,0.0,10000.0,0.0,0.0,0.0,0.0,0,0,0,0.0,0.0
367.0,2023-01-20 23:05:59.999,,,0.0,0.0,,,0.4112,13.128,125925.0,749.42,0.0,10000.0,0.0,0.0,0.0,0.0,0,0,0,0.0,0.0
368.0,2023-01-20 23:06:59.999,,,0.0,0.0,,,0.411,13.1245,333998.0,162.65,0.0,10000.0,0.0,0.0,0.0,0.0,0,0,0,0.0,0.0
369.0,2023-01-20 23:07:59.999,,,0.0,0.0,,,0.41095,13.1285,138790.0,388.68,0.0,10000.0,0.0,0.0,0.0,0.0,0,0,0,0.0,0.0
370.0,2023-01-20 23:08:59.999,,,0.0,0.0,,,0.4108,13.1235,120420.0,1201.48,0.0,10000.0,0.0,0.0,0.0,0.0,0,0,0,0.0,0.0
371.0,2023-01-20 23:09:59.999,,,0.0,0.0,,,0.4105499999999999,13.1315,268827.0,2487.58,0.0,10000.0,0.0,0.0,0.0,0.0,0,0,0,0.0,0.0
372.0,2023-01-20 23:10:59.999,,,0.0,0.0,,,0.4105999999999999,13.135,128458.0,484.78,0.0,10000.0,0.0,0.0,0.0,0.0,0,0,0,0.0,0.0
373.0,2023-01-20 23:11:59.999,,,0.0,0.0,,,0.41105,13.1405,311489.0,449.97,0.0,10000.0,0.0,0.0,0.0,0.0,0,0,0,0.0,0.0
374.0,2023-01-20 23:12:59.999,,,0.0,0.0,,,0.41135,13.1495,102591.0,123.96,0.0,10000.0,0.0,0.0,0.0,0.0,0,0,0,0.0,0.0
375.0,2023-01-20 23:13:59.999,,,0.0,0.0,,,0.4115,13.1515,178241.0,1974.88,0.0,10000.0,0.0,0.0,0.0,0.0,0,0,0,0.0,0.0
376.0,2023-01-20 23:14:59.999,,,0.0,0.0,,,0.4116999999999999,13.15,211048.0,134.12,0.0,10000.0,0.0,0.0,0.0,0.0,0,0,0,0.0,0.0
377.0,2023-01-20 23:15:59.999,,,0.0,0.0,,,0.4118,13.144,182262.0,2507.73,0.0,10000.0,0.0,0.0,0.0,0.0,0,0,0,0.0,0.0
378.0,2023-01-20 23:16:59.999,,,0.0,0.0,,,0.412,13.1355,241380.0,2147.48,0.0,10000.0,0.0,0.0,0.0,0.0,0,0,0,0.0,0.0
379.0,2023-01-20 23:17:59.999,,,0.0,0.0,,,0.4126,13.138,394965.0,417.59,0.0,10000.0,0.0,0.0,0.0,0.0,0,0,0,0.0,0.0
380.0,2023-01-20 23:18:59.999,,,0.0,0.0,,,0.41305,13.146,249708.0,1236.91,0.0,10000.0,0.0,0.0,0.0,0.0,0,0,0,0.0,0.0
381.0,2023-01-20 23:19:59.999,,,0.0,0.0,,,0.4129,13.1575,476252.0,493.33,0.0,10000.0,0.0,0.0,0.0,0.0,0,0,0,0.0,0.0
382.0,2023-01-20 23:20:59.999,,,0.0,0.0,,,0.4127499999999999,13.162,449443.0,4223.85,0.0,10000.0,0.0,0.0,0.0,0.0,0,0,0,0.0,0.0
383.0,2023-01-20 23:21:59.999,,,0.0,0.0,,,0.41235,13.155,239565.0,716.96,0.0,10000.0,0.0,0.0,0.0,0.0,0,0,0,0.0,0.0
384.0,2023-01-20 23:22:59.999,,,0.0,0.0,,,0.41255,13.152,289392.0,1961.49,0.0,10000.0,0.0,0.0,0.0,0.0,0,0,0,0.0,0.0
385.0,2023-01-20 23:23:59.999,,,0.0,0.0,,,0.412,13.12,486413.0,7937.92,0.0,10000.0,0.0,0.0,0.0,0.0,0,0,0,0.0,0.0
386.0,2023-01-20 23:24:59.999,,,0.0,0.0,,,0.4121,13.095,579723.0,4262.89,0.0,10000.0,0.0,0.0,0.0,0.0,0,0,0,0.0,0.0
387.0,2023-01-20 23:25:59.999,,,0.0,0.0,,,0.41255,13.111,213922.0,1934.15,0.0,10000.0,0.0,0.0,0.0,0.0,0,0,0,0.0,0.0
388.0,2023-01-20 23:26:59.999,,,0.0,0.0,,,0.4122,13.1195,197576.0,1672.0,0.0,10000.0,0.0,0.0,0.0,0.0,0,0,0,0.0,0.0
389.0,2023-01-20 23:27:59.999,,,0.0,0.0,,,0.4124,13.1325,456449.0,3429.07,0.0,10000.0,0.0,0.0,0.0,0.0,0,0,0,0.0,0.0
390.0,2023-01-20 23:28:59.999,,,0.0,0.0,,,0.4129,13.1465,279216.0,1927.01,0.0,10000.0,0.0,0.0,0.0,0.0,0,0,0,0.0,0.0
391.0,2023-01-20 23:29:59.999,,,0.0,0.0,,,0.41245,13.141,155756.0,254.82,0.0,10000.0,0.0,0.0,0.0,0.0,0,0,0,0.0,0.0
392.0,2023-01-20 23:30:59.999,,,0.0,0.0,,,0.4119,13.1325,355551.0,2726.79,0.0,10000.0,0.0,0.0,0.0,0.0,0,0,0,0.0,0.0
393.0,2023-01-20 23:31:59.999,,,0.0,0.0,,,0.41185,13.1175,250904.0,3154.64,0.0,10000.0,0.0,0.0,0.0,0.0,0,0,0,0.0,0.0
394.0,2023-01-20 23:32:59.999,,,0.0,0.0,,,0.41195,13.1145,226403.0,267.74,0.0,10000.0,0.0,0.0,0.0,0.0,0,0,0,0.0,0.0
395.0,2023-01-20 23:33:59.999,,,0.0,0.0,,,0.412,13.094,87552.0,10057.54,0.0,10000.0,0.0,0.0,0.0,0.0,0,0,0,0.0,0.0
396.0,2023-01-20 23:34:59.999,,,0.0,0.0,,,0.4117499999999999,13.0535,204503.0,5303.51,0.0,10000.0,0.0,0.0,0.0,0.0,0,0,0,0.0,0.0
397.0,2023-01-20 23:35:59.999,,,0.0,0.0,,,0.41125,13.0445,238681.0,5012.62,0.0,10000.0,0.0,0.0,0.0,0.0,0,0,0,0.0,0.0
398.0,2023-01-20 23:36:59.999,,,0.0,0.0,,,0.41095,13.0495,297910.0,1964.32,0.0,10000.0,0.0,0.0,0.0,0.0,0,0,0,0.0,0.0
399.0,2023-01-20 23:37:59.999,,,0.0,0.0,,,0.41185,13.079,385753.0,434.21,0.0,10000.0,0.0,0.0,0.0,0.0,0,0,0,0.0,0.0
400.0,2023-01-20 23:38:59.999,,,0.0,0.0,,,0.4126499999999999,13.106000000000002,400871.0,1932.72,0.0,10000.0,0.0,0.0,0.0,0.0,0,0,0,0.0,0.0
401.0,2023-01-20 23:39:59.999,,,0.0,0.0,,,0.41285,13.11,201180.0,502.54,0.0,10000.0,0.0,0.0,0.0,0.0,0,0,0,0.0,0.0
402.0,2023-01-20 23:40:59.999,,,0.0,0.0,,,0.4131,13.12,291729.0,1017.41,0.0,10000.0,0.0,0.0,0.0,0.0,0,0,0,0.0,0.0
403.0,2023-01-20 23:41:59.999,,,0.0,0.0,,,0.41295,13.108,211666.0,3495.59,0.0,10000.0,0.0,0.0,0.0,0.0,0,0,0,0.0,0.0
404.0,2023-01-20 23:42:59.999,,,0.0,0.0,,,0.41295,13.1125,231919.0,1810.42,0.0,10000.0,0.0,0.0,0.0,0.0,0,0,0,0.0,0.0
405.0,2023-01-20 23:43:59.999,,,0.0,0.0,,,0.41305,13.1225,250700.0,597.67,0.0,10000.0,0.0,0.0,0.0,0.0,0,0,0,0.0,0.0
406.0,2023-01-20 23:44:59.999,,,0.0,0.0,,,0.4132,13.137,179720.0,520.81,0.0,10000.0,0.0,0.0,0.0,0.0,0,0,0,0.0,0.0
407.0,2023-01-20 23:45:59.999,,,0.0,0.0,,,0.4129,13.156,791582.0,6094.0,0.0,10000.0,0.0,0.0,0.0,0.0,0,0,0,0.0,0.0
408.0,2023-01-20 23:46:59.999,,,0.0,0.0,,,0.4126999999999999,13.153,131302.0,1534.26,0.0,10000.0,0.0,0.0,0.0,0.0,0,0,0,0.0,0.0
409.0,2023-01-20 23:47:59.999,,,0.0,0.0,,,0.41305,13.1655,312347.0,4197.29,0.0,10000.0,0.0,0.0,0.0,0.0,0,0,0,0.0,0.0
410.0,2023-01-20 23:48:59.999,,,0.0,0.0,,,0.41285,13.1685,130841.0,1069.5,0.0,10000.0,0.0,0.0,0.0,0.0,0,0,0,0.0,0.0
411.0,2023-01-20 23:49:59.999,,,0.0,0.0,,,0.41295,13.181,186884.0,1552.77,0.0,10000.0,0.0,0.0,0.0,0.0,0,0,0,0.0,0.0
412.0,2023-01-20 23:50:59.999,,,0.0,0.0,,,0.41305,13.192,185825.0,1567.8,0.0,10000.0,0.0,0.0,0.0,0.0,0,0,0,0.0,0.0
413.0,2023-01-20 23:51:59.999,,,0.0,0.0,,,0.41335,13.19,269085.0,541.29,0.0,10000.0,0.0,0.0,0.0,0.0,0,0,0,0.0,0.0
414.0,2023-01-20 23:52:59.999,,,0.0,0.0,,,0.4134,13.1825,505662.0,391.41,0.0,10000.0,0.0,0.0,0.0,0.0,0,0,0,0.0,0.0
415.0,2023-01-20 23:53:59.999,,,0.0,0.0,,,0.41305,13.1715,225084.0,971.98,0.0,10000.0,0.0,0.0,0.0,0.0,0,0,0,0.0,0.0
416.0,2023-01-20 23:54:59.999,,,0.0,0.0,,,0.41325,13.154,424452.0,1593.87,0.0,10000.0,0.0,0.0,0.0,0.0,0,0,0,0.0,0.0
417.0,2023-01-20 23:55:59.999,,,0.0,0.0,,,0.4133,13.1595,448155.0,1310.99,0.0,10000.0,0.0,0.0,0.0,0.0,0,0,0,0.0,0.0
418.0,2023-01-20 23:56:59.999,,,0.0,0.0,,,0.4135,13.162,194643.0,343.66,0.0,10000.0,0.0,0.0,0.0,0.0,0,0,0,0.0,0.0
419.0,2023-01-20 23:57:59.999,,,0.0,0.0,,,0.4133,13.161,317228.0,726.9,0.0,10000.0,0.0,0.0,0.0,0.0,0,0,0,0.0,0.0
420.0,2023-01-20 23:58:59.999,,,0.0,0.0,,,0.4131,13.2705,81469.0,40341.02,0.0,10000.0,0.0,0.0,0.0,0.0,0,0,0,0.0,0.0
421.0,2023-01-20 23:59:59.999,,,0.0,0.0,,,0.41305,13.174,200010.0,4217.87,0.0,10000.0,0.0,0.0,0.0,0.0,0,0,0,0.0,0.0
422.0,2023-01-21 00:00:59.999,,,0.0,0.0,,,0.4128,13.3465,745519.0,40990.54,0.0,10000.0,0.0,0.0,0.0,0.0,0,0,0,0.0,0.0
423.0,2023-01-21 00:01:59.999,,,0.0,0.0,,,0.41225,13.216,431613.0,11444.34,0.0,10000.0,0.0,0.0,0.0,0.0,0,0,0,0.0,0.0
424.0,2023-01-21 00:02:59.999,,,0.0,0.0,,,0.4115499999999999,13.1915,649625.0,9855.97,0.0,10000.0,0.0,0.0,0.0,0.0,0,0,0,0.0,0.0
425.0,2023-01-21 00:03:59.999,,,0.0,0.0,,,0.41095,13.1875,571465.0,8217.81,0.0,10000.0,0.0,0.0,0.0,0.0,0,0,0,0.0,0.0
426.0,2023-01-21 00:04:59.999,,,0.0,0.0,,,0.4114,13.1935,598062.0,2814.56,0.0,10000.0,0.0,0.0,0.0,0.0,0,0,0,0.0,0.0
427.0,2023-01-21 00:05:59.999,,,0.0,0.0,,,0.41205,13.306,490636.0,81546.56,0.0,10000.0,0.0,0.0,0.0,0.0,0,0,0,0.0,0.0
428.0,2023-01-21 00:06:59.999,,,0.0,0.0,,,0.413,13.38,808787.0,10352.63,0.0,10000.0,0.0,0.0,0.0,0.0,0,0,0,0.0,0.0
429.0,2023-01-21 00:07:59.999,,,0.0,0.0,,,0.4138,13.369,1297374.0,11450.32,0.0,10000.0,0.0,0.0,0.0,0.0,0,0,0,0.0,0.0
430.0,2023-01-21 00:08:59.999,,,0.0,0.0,,,0.4132,13.3535,908155.0,11709.9,0.0,10000.0,0.0,0.0,0.0,0.0,0,0,0,0.0,0.0
431.0,2023-01-21 00:09:59.999,,,0.0,0.0,,,0.41205,13.363499999999998,607378.0,10098.37,0.0,10000.0,0.0,0.0,0.0,0.0,0,0,0,0.0,0.0
432.0,2023-01-21 00:10:59.999,,,0.0,0.0,,,0.4117,13.382,820731.0,5781.83,0.0,10000.0,0.0,0.0,0.0,0.0,0,0,0,0.0,0.0
433.0,2023-01-21 00:11:59.999,,,0.0,0.0,,,0.40935,13.325,3559072.0,30805.54,0.0,10000.0,0.0,0.0,0.0,0.0,0,0,0,0.0,0.0
434.0,2023-01-21 00:12:59.999,,,0.0,0.0,,,0.4087,13.3075,3496232.0,26197.85,3.0,10000.0,0.0,0.0,0.0,0.0,0,0,0,0.0,0.0
435.0,2023-01-21 00:13:59.999,,,0.0,0.0,,,0.4092,13.352,1141634.0,16305.29,0.0,10000.0,0.0,0.0,0.0,0.0,0,0,0,0.0,0.0
436.0,2023-01-21 00:14:59.999,,,0.0,0.0,,,0.41,13.405,953606.0,15676.33,0.0,10000.0,0.0,0.0,0.0,0.0,0,0,0,0.0,0.0
437.0,2023-01-21 00:15:59.999,,,0.0,0.0,,,0.40925,13.411,506924.0,7228.18,0.0,10000.0,0.0,0.0,0.0,0.0,0,0,0,0.0,0.0
438.0,2023-01-21 00:16:59.999,,,0.0,0.0,,,0.4086499999999999,13.3665,493603.0,5835.22,0.0,10000.0,0.0,0.0,0.0,0.0,0,0,0,0.0,0.0
439.0,2023-01-21 00:17:59.999,,,0.0,0.0,,,0.40805,13.339,1084419.0,31408.6,0.0,10000.0,0.0,0.0,0.0,0.0,0,0,0,0.0,0.0
440.0,2023-01-21 00:18:59.999,,,0.0,0.0,,,0.4088,13.3975,1026325.0,9212.8,0.0,10000.0,0.0,0.0,0.0,0.0,0,0,0,0.0,0.0
441.0,2023-01-21 00:19:59.999,,,0.0,0.0,,,0.4092,13.427,458038.0,2516.37,0.0,10000.0,0.0,0.0,0.0,0.0,0,0,0,0.0,0.0
442.0,2023-01-21 00:20:59.999,,,0.0,0.0,,,0.4101,13.431,416491.0,4300.08,0.0,10000.0,0.0,0.0,0.0,0.0,0,0,0,0.0,0.0
443.0,2023-01-21 00:21:59.999,,,0.0,0.0,,,0.4098,13.435,612612.0,3510.59,0.0,10000.0,0.0,0.0,0.0,0.0,0,0,0,0.0,0.0
444.0,2023-01-21 00:22:59.999,,,0.0,0.0,,,0.40925,13.4615,371788.0,4421.95,0.0,10000.0,0.0,0.0,0.0,0.0,0,0,0,0.0,0.0
445.0,2023-01-21 00:23:59.999,,,0.0,0.0,,,0.409,13.469,179642.0,3646.08,0.0,10000.0,0.0,0.0,0.0,0.0,0,0,0,0.0,0.0
446.0,2023-01-21 00:24:59.999,,,0.0,0.0,,,0.40945,13.5395,356905.0,38752.88,0.0,10000.0,0.0,0.0,0.0,0.0,0,0,0,0.0,0.0
447.0,2023-01-21 00:25:59.999,,,0.0,0.0,,,0.40945,13.564,431099.0,10664.75,0.0,10000.0,0.0,0.0,0.0,0.0,0,0,0,0.0,0.0
448.0,2023-01-21 00:26:59.999,,,0.0,0.0,,,0.4096499999999999,13.5065,220918.0,4199.66,0.0,10000.0,0.0,0.0,0.0,0.0,0,0,0,0.0,0.0
449.0,2023-01-21 00:27:59.999,,,0.0,0.0,,,0.4102,13.519,239419.0,3296.78,0.0,10000.0,0.0,0.0,0.0,0.0,0,0,0,0.0,0.0
450.0,2023-01-21 00:28:59.999,,,0.0,0.0,,,0.4099,13.5285,566654.0,3732.17,0.0,10000.0,0.0,0.0,0.0,0.0,0,0,0,0.0,0.0
451.0,2023-01-21 00:29:59.999,,,0.0,0.0,,,0.40985,13.5685,146843.0,9089.43,0.0,10000.0,0.0,0.0,0.0,0.0,0,0,0,0.0,0.0
452.0,2023-01-21 00:30:59.999,,,0.0,0.0,,,0.41005,13.5885,317854.0,6728.63,0.0,10000.0,0.0,0.0,0.0,0.0,0,0,0,0.0,0.0
453.0,2023-01-21 00:31:59.999,,,0.0,0.0,,,0.4097499999999999,13.532,125910.0,3896.32,0.0,10000.0,0.0,0.0,0.0,0.0,0,0,0,0.0,0.0
454.0,2023-01-21 00:32:59.999,,,0.0,0.0,,,0.4103,13.4945,231669.0,4067.63,0.0,10000.0,0.0,0.0,0.0,0.0,0,0,0,0.0,0.0
455.0,2023-01-21 00:33:59.999,,,0.0,0.0,,,0.41105,13.4875,401555.0,1829.17,0.0,10000.0,0.0,0.0,0.0,0.0,0,0,0,0.0,0.0
456.0,2023-01-21 00:34:59.999,,,0.0,0.0,,,0.41135,13.477,455365.0,3667.74,0.0,10000.0,0.0,0.0,0.0,0.0,0,0,0,0.0,0.0
457.0,2023-01-21 00:35:59.999,,,0.0,0.0,,,0.41135,13.4625,184156.0,2259.45,0.0,10000.0,0.0,0.0,0.0,0.0,0,0,0,0.0,0.0
458.0,2023-01-21 00:36:59.999,,,0.0,0.0,,,0.41085,13.416,141497.0,19487.87,0.0,10000.0,0.0,0.0,0.0,0.0,0,0,0,0.0,0.0
459.0,2023-01-21 00:37:59.999,,,0.0,0.0,,,0.41035,13.3935,380629.0,9953.35,0.0,10000.0,0.0,0.0,0.0,0.0,0,0,0,0.0,0.0
460.0,2023-01-21 00:38:59.999,,,0.0,0.0,,,0.4108,13.425,78538.0,1352.43,0.0,10000.0,0.0,0.0,0.0,0.0,0,0,0,0.0,0.0
461.0,2023-01-21 00:39:59.999,,,0.0,0.0,,,0.41025,13.4225,162845.0,1097.37,0.0,10000.0,0.0,0.0,0.0,0.0,0,0,0,0.0,0.0
462.0,2023-01-21 00:40:59.999,,,0.0,0.0,,,0.4101,13.408,115846.0,1113.2,0.0,10000.0,0.0,0.0,0.0,0.0,0,0,0,0.0,0.0
463.0,2023-01-21 00:41:59.999,,,0.0,0.0,,,0.4095999999999999,13.3955,140630.0,8975.92,0.0,10000.0,0.0,0.0,0.0,0.0,0,0,0,0.0,0.0
464.0,2023-01-21 00:42:59.999,,,0.0,0.0,,,0.4094,13.3855,149433.0,4851.92,0.0,10000.0,0.0,0.0,0.0,0.0,0,0,0,0.0,0.0
465.0,2023-01-21 00:43:59.999,,,0.0,0.0,,,0.4097499999999999,13.386,63921.0,3417.22,0.0,10000.0,0.0,0.0,0.0,0.0,0,0,0,0.0,0.0
466.0,2023-01-21 00:44:59.999,,,0.0,0.0,,,0.40995,13.3895,290099.0,1982.1,0.0,10000.0,0.0,0.0,0.0,0.0,0,0,0,0.0,0.0
467.0,2023-01-21 00:45:59.999,,,0.0,0.0,,,0.4102,13.386500000000002,335130.0,1366.27,0.0,10000.0,0.0,0.0,0.0,0.0,0,0,0,0.0,0.0
468.0,2023-01-21 00:46:59.999,,,0.0,0.0,,,0.4103,13.383500000000002,130433.0,1632.78,0.0,10000.0,0.0,0.0,0.0,0.0,0,0,0,0.0,0.0
469.0,2023-01-21 00:47:59.999,,,0.0,0.0,,,0.40965,13.3715,192732.0,6384.38,0.0,10000.0,0.0,0.0,0.0,0.0,0,0,0,0.0,0.0
470.0,2023-01-21 00:48:59.999,,,0.0,0.0,,,0.409,13.338,189876.0,8275.38,0.0,10000.0,0.0,0.0,0.0,0.0,0,0,0,0.0,0.0
471.0,2023-01-21 00:49:59.999,,,0.0,0.0,,,0.40885,13.3315,116952.0,6811.65,0.0,10000.0,0.0,0.0,0.0,0.0,0,0,0,0.0,0.0
472.0,2023-01-21 00:50:59.999,,,0.0,0.0,,,0.4094,13.337,453158.0,1802.51,0.0,10000.0,0.0,0.0,0.0,0.0,0,0,0,0.0,0.0
473.0,2023-01-21 00:51:59.999,,,0.0,0.0,,,0.4086999999999999,13.337,689592.0,523.43,0.0,10000.0,0.0,0.0,0.0,0.0,0,0,0,0.0,0.0
474.0,2023-01-21 00:52:59.999,,,0.0,0.0,,,0.4086499999999999,13.3345,381379.0,1593.0,0.0,10000.0,0.0,0.0,0.0,0.0,0,0,0,0.0,0.0
475.0,2023-01-21 00:53:59.999,,,0.0,0.0,,,0.4085,13.3565,638557.0,6987.45,0.0,10000.0,0.0,0.0,0.0,0.0,0,0,0,0.0,0.0
476.0,2023-01-21 00:54:59.999,,,0.0,0.0,,,0.40905,13.378,304542.0,4253.5,0.0,10000.0,0.0,0.0,0.0,0.0,0,0,0,0.0,0.0
477.0,2023-01-21 00:55:59.999,,,0.0,0.0,,,0.4088,13.3725,267847.0,2954.21,0.0,10000.0,0.0,0.0,0.0,0.0,0,0,0,0.0,0.0
478.0,2023-01-21 00:56:59.999,,,0.0,0.0,,,0.4088,13.383,427874.0,1341.87,0.0,10000.0,0.0,0.0,0.0,0.0,0,0,0,0.0,0.0
479.0,2023-01-21 00:57:59.999,,,0.0,0.0,,,0.40835,13.3775,405335.0,1236.29,0.0,10000.0,0.0,0.0,0.0,0.0,0,0,0,0.0,0.0
480.0,2023-01-21 00:58:59.999,,,0.0,0.0,,,0.4082,13.379,178942.0,1542.87,0.0,10000.0,0.0,0.0,0.0,0.0,0,0,0,0.0,0.0
481.0,2023-01-21 00:59:59.999,,,0.0,0.0,,,0.40825,13.3765,147153.0,913.33,0.0,10000.0,0.0,0.0,0.0,0.0,0,0,0,0.0,0.0
482.0,2023-01-21 01:00:59.999,,,0.0,0.0,,,0.40865,13.395,425797.0,5857.32,0.0,10000.0,0.0,0.0,0.0,0.0,0,0,0,0.0,0.0
483.0,2023-01-21 01:01:59.999,,,0.0,0.0,,,0.40895,13.4235,172131.0,3050.88,0.0,10000.0,0.0,0.0,0.0,0.0,0,0,0,0.0,0.0
484.0,2023-01-21 01:02:59.999,,,0.0,0.0,,,0.4094,13.4135,195839.0,680.05,0.0,10000.0,0.0,0.0,0.0,0.0,0,0,0,0.0,0.0
485.0,2023-01-21 01:03:59.999,,,0.0,0.0,,,0.40925,13.409,342916.0,608.51,0.0,10000.0,0.0,0.0,0.0,0.0,0,0,0,0.0,0.0
486.0,2023-01-21 01:04:59.999,,,0.0,0.0,,,0.40885,13.4095,79778.0,363.23,0.0,10000.0,0.0,0.0,0.0,0.0,0,0,0,0.0,0.0
487.0,2023-01-21 01:05:59.999,,,0.0,0.0,,,0.4092,13.4165,181862.0,726.12,0.0,10000.0,0.0,0.0,0.0,0.0,0,0,0,0.0,0.0
488.0,2023-01-21 01:06:59.999,,,0.0,0.0,,,0.4095499999999999,13.4215,246818.0,293.98,0.0,10000.0,0.0,0.0,0.0,0.0,0,0,0,0.0,0.0
489.0,2023-01-21 01:07:59.999,,,0.0,0.0,,,0.40905,13.4165,120435.0,870.74,0.0,10000.0,0.0,0.0,0.0,0.0,0,0,0,0.0,0.0
490.0,2023-01-21 01:08:59.999,,,0.0,0.0,,,0.4085499999999999,13.4055,145968.0,1009.14,0.0,10000.0,0.0,0.0,0.0,0.0,0,0,0,0.0,0.0
491.0,2023-01-21 01:09:59.999,,,0.0,0.0,,,0.4085,13.4035,120981.0,4348.36,0.0,10000.0,0.0,0.0,0.0,0.0,0,0,0,0.0,0.0
492.0,2023-01-21 01:10:59.999,,,0.0,0.0,,,0.40865,13.406,185839.0,1816.08,0.0,10000.0,0.0,0.0,0.0,0.0,0,0,0,0.0,0.0
493.0,2023-01-21 01:11:59.999,,,0.0,0.0,,,0.4095,13.414,180569.0,1826.11,0.0,10000.0,0.0,0.0,0.0,0.0,0,0,0,0.0,0.0
494.0,2023-01-21 01:12:59.999,,,0.0,0.0,,,0.41025,13.4035,336193.0,3463.04,0.0,10000.0,0.0,0.0,0.0,0.0,0,0,0,0.0,0.0
495.0,2023-01-21 01:13:59.999,,,0.0,0.0,,,0.41015,13.3925,99588.0,9395.02,0.0,10000.0,0.0,0.0,0.0,0.0,0,0,0,0.0,0.0
496.0,2023-01-21 01:14:59.999,,,0.0,0.0,,,0.4098,13.403,76636.0,1274.27,0.0,10000.0,0.0,0.0,0.0,0.0,0,0,0,0.0,0.0
497.0,2023-01-21 01:15:59.999,,,0.0,0.0,,,0.41005,13.419,438089.0,1895.99,0.0,10000.0,0.0,0.0,0.0,0.0,0,0,0,0.0,0.0
498.0,2023-01-21 01:16:59.999,,,0.0,0.0,,,0.4103,13.44,60610.0,1550.79,0.0,10000.0,0.0,0.0,0.0,0.0,0,0,0,0.0,0.0
499.0,2023-01-21 01:17:59.999,,,0.0,0.0,,,0.41015,13.4525,124849.0,1967.5,0.0,10000.0,0.0,0.0,0.0,0.0,0,0,0,0.0,0.0
500.0,2023-01-21 01:18:59.999,,,0.0,0.0,,,0.4097499999999999,13.4335,200535.0,616.19,0.0,10000.0,0.0,0.0,0.0,0.0,0,0,0,0.0,0.0
501.0,2023-01-21 01:19:59.999,,,0.0,0.0,,,0.4098,13.4485,181092.0,7947.77,0.0,10000.0,0.0,0.0,0.0,0.0,0,0,0,0.0,0.0
502.0,2023-01-21 01:20:59.999,,,0.0,0.0,,,0.4099,13.4635,107522.0,374.56,0.0,10000.0,0.0,0.0,0.0,0.0,0,0,0,0.0,0.0
503.0,2023-01-21 01:21:59.999,,,0.0,0.0,,,0.41015,13.465,94525.0,459.26,0.0,10000.0,0.0,0.0,0.0,0.0,0,0,0,0.0,0.0
504.0,2023-01-21 01:22:59.999,,,0.0,0.0,,,0.40985,13.474,421246.0,873.89,0.0,10000.0,0.0,0.0,0.0,0.0,0,0,0,0.0,0.0
505.0,2023-01-21 01:23:59.999,,,0.0,0.0,,,0.4098,13.493,125517.0,7635.02,0.0,10000.0,0.0,0.0,0.0,0.0,0,0,0,0.0,0.0
506.0,2023-01-21 01:24:59.999,,,0.0,0.0,,,0.4102,13.503,150811.0,2278.44,0.0,10000.0,0.0,0.0,0.0,0.0,0,0,0,0.0,0.0
507.0,2023-01-21 01:25:59.999,,,0.0,0.0,,,0.4105,13.4985,85651.0,4601.53,0.0,10000.0,0.0,0.0,0.0,0.0,0,0,0,0.0,0.0
508.0,2023-01-21 01:26:59.999,,,0.0,0.0,,,0.4105999999999999,13.514,58045.0,7252.43,0.0,10000.0,0.0,0.0,0.0,0.0,0,0,0,0.0,0.0
509.0,2023-01-21 01:27:59.999,,,0.0,0.0,,,0.4105999999999999,13.52,128728.0,4584.49,0.0,10000.0,0.0,0.0,0.0,0.0,0,0,0,0.0,0.0
510.0,2023-01-21 01:28:59.999,,,0.0,0.0,,,0.4101,13.4935,119872.0,576.41,0.0,10000.0,0.0,0.0,0.0,0.0,0,0,0,0.0,0.0
511.0,2023-01-21 01:29:59.999,,,0.0,0.0,,,0.41005,13.465,131998.0,807.36,0.0,10000.0,0.0,0.0,0.0,0.0,0,0,0,0.0,0.0
512.0,2023-01-21 01:30:59.999,,,0.0,0.0,,,0.4099,13.449000000000002,318009.0,1106.69,0.0,10000.0,0.0,0.0,0.0,0.0,0,0,0,0.0,0.0
513.0,2023-01-21 01:31:59.999,,,0.0,0.0,,,0.4096999999999999,13.4425,197126.0,999.11,0.0,10000.0,0.0,0.0,0.0,0.0,0,0,0,0.0,0.0
514.0,2023-01-21 01:32:59.999,,,0.0,0.0,,,0.40995,13.456499999999998,227002.0,934.82,0.0,10000.0,0.0,0.0,0.0,0.0,0,0,0,0.0,0.0
515.0,2023-01-21 01:33:59.999,,,0.0,0.0,,,0.4101,13.4575,122127.0,2201.3,0.0,10000.0,0.0,0.0,0.0,0.0,0,0,0,0.0,0.0
516.0,2023-01-21 01:34:59.999,,,0.0,0.0,,,0.41015,13.4575,187874.0,1248.43,0.0,10000.0,0.0,0.0,0.0,0.0,0,0,0,0.0,0.0
517.0,2023-01-21 01:35:59.999,,,0.0,0.0,,,0.4104,13.461,63477.0,2099.11,0.0,10000.0,0.0,0.0,0.0,0.0,0,0,0,0.0,0.0
518.0,2023-01-21 01:36:59.999,,,0.0,0.0,,,0.4102,13.455,64561.0,622.75,0.0,10000.0,0.0,0.0,0.0,0.0,0,0,0,0.0,0.0
519.0,2023-01-21 01:37:59.999,,,0.0,0.0,,,0.4105499999999999,13.4615,400875.0,1221.76,0.0,10000.0,0.0,0.0,0.0,0.0,0,0,0,0.0,0.0
520.0,2023-01-21 01:38:59.999,,,0.0,0.0,,,0.4109,13.4675,129601.0,412.68,0.0,10000.0,0.0,0.0,0.0,0.0,0,0,0,0.0,0.0
521.0,2023-01-21 01:39:59.999,,,0.0,0.0,,,0.41105,13.482,197929.0,1560.1,0.0,10000.0,0.0,0.0,0.0,0.0,0,0,0,0.0,0.0
522.0,2023-01-21 01:40:59.999,,,0.0,0.0,,,0.41095,13.491,356839.0,1127.22,0.0,10000.0,0.0,0.0,0.0,0.0,0,0,0,0.0,0.0
523.0,2023-01-21 01:41:59.999,,,0.0,0.0,,,0.4108,13.494,135517.0,500.92,0.0,10000.0,0.0,0.0,0.0,0.0,0,0,0,0.0,0.0
524.0,2023-01-21 01:42:59.999,,,0.0,0.0,,,0.41085,13.491,232964.0,715.0,0.0,10000.0,0.0,0.0,0.0,0.0,0,0,0,0.0,0.0
525.0,2023-01-21 01:43:59.999,,,0.0,0.0,,,0.41035,13.484,198076.0,156.99,0.0,10000.0,0.0,0.0,0.0,0.0,0,0,0,0.0,0.0
526.0,2023-01-21 01:44:59.999,,,0.0,0.0,,,0.41005,13.4685,85889.0,518.75,0.0,10000.0,0.0,0.0,0.0,0.0,0,0,0,0.0,0.0
527.0,2023-01-21 01:45:59.999,,,0.0,0.0,,,0.4101,13.464,47494.0,642.33,0.0,10000.0,0.0,0.0,0.0,0.0,0,0,0,0.0,0.0
528.0,2023-01-21 01:46:59.999,,,0.0,0.0,,,0.4102,13.4595,72273.0,342.05,0.0,10000.0,0.0,0.0,0.0,0.0,0,0,0,0.0,0.0
529.0,2023-01-21 01:47:59.999,,,0.0,0.0,,,0.41035,13.4545,74110.0,240.95,0.0,10000.0,0.0,0.0,0.0,0.0,0,0,0,0.0,0.0
530.0,2023-01-21 01:48:59.999,,,0.0,0.0,,,0.4103,13.4505,50582.0,1756.03,0.0,10000.0,0.0,0.0,0.0,0.0,0,0,0,0.0,0.0
531.0,2023-01-21 01:49:59.999,,,0.0,0.0,,,0.4103,13.4555,105870.0,1288.31,0.0,10000.0,0.0,0.0,0.0,0.0,0,0,0,0.0,0.0
532.0,2023-01-21 01:50:59.999,,,0.0,0.0,,,0.4102,13.4455,432320.0,994.39,0.0,10000.0,0.0,0.0,0.0,0.0,0,0,0,0.0,0.0
533.0,2023-01-21 01:51:59.999,,,0.0,0.0,,,0.41025,13.45,312948.0,2437.57,0.0,10000.0,0.0,0.0,0.0,0.0,0,0,0,0.0,0.0
534.0,2023-01-21 01:52:59.999,,,0.0,0.0,,,0.41035,13.4595,62680.0,1604.72,0.0,10000.0,0.0,0.0,0.0,0.0,0,0,0,0.0,0.0
535.0,2023-01-21 01:53:59.999,,,0.0,0.0,,,0.41015,13.462,159456.0,3020.61,0.0,10000.0,0.0,0.0,0.0,0.0,0,0,0,0.0,0.0
536.0,2023-01-21 01:54:59.999,,,0.0,0.0,,,0.4101,13.4715,50942.0,5113.2,0.0,10000.0,0.0,0.0,0.0,0.0,0,0,0,0.0,0.0
537.0,2023-01-21 01:55:59.999,,,0.0,0.0,,,0.4102,13.479500000000002,172485.0,4314.88,0.0,10000.0,0.0,0.0,0.0,0.0,0,0,0,0.0,0.0
538.0,2023-01-21 01:56:59.999,,,0.0,0.0,,,0.41025,13.4785,39068.0,834.45,0.0,10000.0,0.0,0.0,0.0,0.0,0,0,0,0.0,0.0
539.0,2023-01-21 01:57:59.999,,,0.0,0.0,,,0.41015,13.4715,101187.0,1500.87,0.0,10000.0,0.0,0.0,0.0,0.0,0,0,0,0.0,0.0
540.0,2023-01-21 01:58:59.999,,,0.0,0.0,,,0.41015,13.4725,61533.0,2298.24,0.0,10000.0,0.0,0.0,0.0,0.0,0,0,0,0.0,0.0
541.0,2023-01-21 01:59:59.999,,,0.0,0.0,,,0.41015,13.472,56315.0,1176.02,0.0,10000.0,0.0,0.0,0.0,0.0,0,0,0,0.0,0.0
542.0,2023-01-21 02:00:59.999,,,0.0,0.0,,,0.41,13.476,215305.0,612.59,0.0,10000.0,0.0,0.0,0.0,0.0,0,0,0,0.0,0.0
543.0,2023-01-21 02:01:59.999,,,0.0,0.0,,,0.4099,13.487,150825.0,1117.09,0.0,10000.0,0.0,0.0,0.0,0.0,0,0,0,0.0,0.0
544.0,2023-01-21 02:02:59.999,,,0.0,0.0,,,0.4098,13.4955,242311.0,1006.8,0.0,10000.0,0.0,0.0,0.0,0.0,0,0,0,0.0,0.0
545.0,2023-01-21 02:03:59.999,,,0.0,0.0,,,0.41005,13.497,99775.0,542.33,0.0,10000.0,0.0,0.0,0.0,0.0,0,0,0,0.0,0.0
546.0,2023-01-21 02:04:59.999,,,0.0,0.0,,,0.41015,13.497,546950.0,203.3,0.0,10000.0,0.0,0.0,0.0,0.0,0,0,0,0.0,0.0
547.0,2023-01-21 02:05:59.999,,,0.0,0.0,,,0.41015,13.4925,105041.0,1480.98,0.0,10000.0,0.0,0.0,0.0,0.0,0,0,0,0.0,0.0
548.0,2023-01-21 02:06:59.999,,,0.0,0.0,,,0.41005,13.4775,78970.0,3010.5,0.0,10000.0,0.0,0.0,0.0,0.0,0,0,0,0.0,0.0
549.0,2023-01-21 02:07:59.999,,,0.0,0.0,,,0.4101,13.489,75461.0,858.16,0.0,10000.0,0.0,0.0,0.0,0.0,0,0,0,0.0,0.0
550.0,2023-01-21 02:08:59.999,,,0.0,0.0,,,0.4105499999999999,13.487,511046.0,444.81,0.0,10000.0,0.0,0.0,0.0,0.0,0,0,0,0.0,0.0
551.0,2023-01-21 02:09:59.999,,,0.0,0.0,,,0.411,13.4865,141078.0,528.05,0.0,10000.0,0.0,0.0,0.0,0.0,0,0,0,0.0,0.0
552.0,2023-01-21 02:10:59.999,,,0.0,0.0,,,0.4108,13.48,195605.0,878.61,0.0,10000.0,0.0,0.0,0.0,0.0,0,0,0,0.0,0.0
553.0,2023-01-21 02:11:59.999,,,0.0,0.0,,,0.4105499999999999,13.472,92038.0,1065.74,0.0,10000.0,0.0,0.0,0.0,0.0,0,0,0,0.0,0.0
554.0,2023-01-21 02:12:59.999,,,0.0,0.0,,,0.4104,13.4695,134404.0,1171.54,0.0,10000.0,0.0,0.0,0.0,0.0,0,0,0,0.0,0.0
555.0,2023-01-21 02:13:59.999,,,0.0,0.0,,,0.41045,13.4665,38246.0,562.47,0.0,10000.0,0.0,0.0,0.0,0.0,0,0,0,0.0,0.0
556.0,2023-01-21 02:14:59.999,,,0.0,0.0,,,0.4105999999999999,13.464,43837.0,3282.71,0.0,10000.0,0.0,0.0,0.0,0.0,0,0,0,0.0,0.0
557.0,2023-01-21 02:15:59.999,,,0.0,0.0,,,0.41065,13.455,49798.0,1590.09,0.0,10000.0,0.0,0.0,0.0,0.0,0,0,0,0.0,0.0
558.0,2023-01-21 02:16:59.999,,,0.0,0.0,,,0.4107,13.456,68657.0,707.68,0.0,10000.0,0.0,0.0,0.0,0.0,0,0,0,0.0,0.0
559.0,2023-01-21 02:17:59.999,,,0.0,0.0,,,0.4108,13.4635,79162.0,450.21,0.0,10000.0,0.0,0.0,0.0,0.0,0,0,0,0.0,0.0
560.0,2023-01-21 02:18:59.999,,,0.0,0.0,,,0.41095,13.4665,89502.0,325.23,0.0,10000.0,0.0,0.0,0.0,0.0,0,0,0,0.0,0.0
561.0,2023-01-21 02:19:59.999,,,0.0,0.0,,,0.4109,13.4675,35377.0,351.31,0.0,10000.0,0.0,0.0,0.0,0.0,0,0,0,0.0,0.0
562.0,2023-01-21 02:20:59.999,,,0.0,0.0,,,0.411,13.474,88670.0,1173.61,0.0,10000.0,0.0,0.0,0.0,0.0,0,0,0,0.0,0.0
563.0,2023-01-21 02:21:59.999,,,0.0,0.0,,,0.41105,13.4765,104489.0,555.33,0.0,10000.0,0.0,0.0,0.0,0.0,0,0,0,0.0,0.0
564.0,2023-01-21 02:22:59.999,,,0.0,0.0,,,0.411,13.479,51007.0,208.16,0.0,10000.0,0.0,0.0,0.0,0.0,0,0,0,0.0,0.0
565.0,2023-01-21 02:23:59.999,,,0.0,0.0,,,0.41095,13.4795,58497.0,355.8,0.0,10000.0,0.0,0.0,0.0,0.0,0,0,0,0.0,0.0
566.0,2023-01-21 02:24:59.999,,,0.0,0.0,,,0.411,13.488,91900.0,2508.92,0.0,10000.0,0.0,0.0,0.0,0.0,0,0,0,0.0,0.0
567.0,2023-01-21 02:25:59.999,,,0.0,0.0,,,0.41115,13.5005,64962.0,2352.36,0.0,10000.0,0.0,0.0,0.0,0.0,0,0,0,0.0,0.0
568.0,2023-01-21 02:26:59.999,,,0.0,0.0,,,0.41105,13.5045,345374.0,571.16,0.0,10000.0,0.0,0.0,0.0,0.0,0,0,0,0.0,0.0
569.0,2023-01-21 02:27:59.999,,,0.0,0.0,,,0.411,13.4935,54707.0,237.52,0.0,10000.0,0.0,0.0,0.0,0.0,0,0,0,0.0,0.0
570.0,2023-01-21 02:28:59.999,,,0.0,0.0,,,0.41105,13.491,146621.0,554.43,0.0,10000.0,0.0,0.0,0.0,0.0,0,0,0,0.0,0.0
571.0,2023-01-21 02:29:59.999,,,0.0,0.0,,,0.4111,13.4835,86268.0,765.83,0.0,10000.0,0.0,0.0,0.0,0.0,0,0,0,0.0,0.0
572.0,2023-01-21 02:30:59.999,,,0.0,0.0,,,0.4114,13.4795,1048956.0,169.23,0.0,10000.0,0.0,0.0,0.0,0.0,0,0,0,0.0,0.0
573.0,2023-01-21 02:31:59.999,,,0.0,0.0,,,0.41175,13.4845,272011.0,10297.92,0.0,10000.0,0.0,0.0,0.0,0.0,0,0,0,0.0,0.0
574.0,2023-01-21 02:32:59.999,,,0.0,0.0,,,0.4116499999999999,13.483,132711.0,873.3,0.0,10000.0,0.0,0.0,0.0,0.0,0,0,0,0.0,0.0
575.0,2023-01-21 02:33:59.999,,,0.0,0.0,,,0.4115499999999999,13.473,47613.0,1309.01,0.0,10000.0,0.0,0.0,0.0,0.0,0,0,0,0.0,0.0
576.0,2023-01-21 02:34:59.999,,,0.0,0.0,,,0.4114,13.4725,134469.0,723.26,0.0,10000.0,0.0,0.0,0.0,0.0,0,0,0,0.0,0.0
577.0,2023-01-21 02:35:59.999,,,0.0,0.0,,,0.41115,13.4765,116141.0,1328.23,0.0,10000.0,0.0,0.0,0.0,0.0,0,0,0,0.0,0.0
578.0,2023-01-21 02:36:59.999,,,0.0,0.0,,,0.4112,13.4755,86144.0,753.83,0.0,10000.0,0.0,0.0,0.0,0.0,0,0,0,0.0,0.0
579.0,2023-01-21 02:37:59.999,,,0.0,0.0,,,0.4111,13.48,49200.0,254.33,0.0,10000.0,0.0,0.0,0.0,0.0,0,0,0,0.0,0.0
580.0,2023-01-21 02:38:59.999,,,0.0,0.0,,,0.41095,13.465,124367.0,1538.09,0.0,10000.0,0.0,0.0,0.0,0.0,0,0,0,0.0,0.0
581.0,2023-01-21 02:39:59.999,,,0.0,0.0,,,0.4106499999999999,13.448,252783.0,1059.21,0.0,10000.0,0.0,0.0,0.0,0.0,0,0,0,0.0,0.0
582.0,2023-01-21 02:40:59.999,,,0.0,0.0,,,0.41,13.4175,425634.0,3077.94,0.0,10000.0,0.0,0.0,0.0,0.0,0,0,0,0.0,0.0
583.0,2023-01-21 02:41:59.999,,,0.0,0.0,,,0.40945,13.387,186861.0,1214.78,0.0,10000.0,0.0,0.0,0.0,0.0,0,0,0,0.0,0.0
584.0,2023-01-21 02:42:59.999,,,0.0,0.0,,,0.4096499999999999,13.4,51647.0,779.4,0.0,10000.0,0.0,0.0,0.0,0.0,0,0,0,0.0,0.0
585.0,2023-01-21 02:43:59.999,,,0.0,0.0,,,0.40985,13.4285,99580.0,1103.36,0.0,10000.0,0.0,0.0,0.0,0.0,0,0,0,0.0,0.0
586.0,2023-01-21 02:44:59.999,,,0.0,0.0,,,0.4098,13.4505,144397.0,1430.08,0.0,10000.0,0.0,0.0,0.0,0.0,0,0,0,0.0,0.0
587.0,2023-01-21 02:45:59.999,,,0.0,0.0,,,0.4096499999999999,13.4565,213313.0,1721.3,0.0,10000.0,0.0,0.0,0.0,0.0,0,0,0,0.0,0.0
588.0,2023-01-21 02:46:59.999,,,0.0,0.0,,,0.4093,13.4435,292914.0,777.43,0.0,10000.0,0.0,0.0,0.0,0.0,0,0,0,0.0,0.0
589.0,2023-01-21 02:47:59.999,,,0.0,0.0,,,0.40945,13.4395,164923.0,735.66,0.0,10000.0,0.0,0.0,0.0,0.0,0,0,0,0.0,0.0
590.0,2023-01-21 02:48:59.999,,,0.0,0.0,,,0.4094,13.436,382711.0,2635.01,0.0,10000.0,0.0,0.0,0.0,0.0,0,0,0,0.0,0.0
591.0,2023-01-21 02:49:59.999,,,0.0,0.0,,,0.40905,13.402,368496.0,2268.66,0.0,10000.0,0.0,0.0,0.0,0.0,0,0,0,0.0,0.0
592.0,2023-01-21 02:50:59.999,,,0.0,0.0,,,0.4092,13.4025,375553.0,1191.23,0.0,10000.0,0.0,0.0,0.0,0.0,0,0,0,0.0,0.0
593.0,2023-01-21 02:51:59.999,,,0.0,0.0,,,0.40935,13.4155,221150.0,1672.31,0.0,10000.0,0.0,0.0,0.0,0.0,0,0,0,0.0,0.0
594.0,2023-01-21 02:52:59.999,,,0.0,0.0,,,0.40925,13.4205,181566.0,1038.6,0.0,10000.0,0.0,0.0,0.0,0.0,0,0,0,0.0,0.0
595.0,2023-01-21 02:53:59.999,,,0.0,0.0,,,0.4092,13.4205,162388.0,567.1,0.0,10000.0,0.0,0.0,0.0,0.0,0,0,0,0.0,0.0
596.0,2023-01-21 02:54:59.999,,,0.0,0.0,,,0.40905,13.423,631569.0,323.36,0.0,10000.0,0.0,0.0,0.0,0.0,0,0,0,0.0,0.0
597.0,2023-01-21 02:55:59.999,,,0.0,0.0,,,0.40925,13.4365,81538.0,768.4,0.0,10000.0,0.0,0.0,0.0,0.0,0,0,0,0.0,0.0
598.0,2023-01-21 02:56:59.999,,,0.0,0.0,,,0.4095499999999999,13.442,145381.0,499.49,0.0,10000.0,0.0,0.0,0.0,0.0,0,0,0,0.0,0.0
599.0,2023-01-21 02:57:59.999,,,0.0,0.0,,,0.4093,13.438,572606.0,2339.82,0.0,10000.0,0.0,0.0,0.0,0.0,0,0,0,0.0,0.0
600.0,2023-01-21 02:58:59.999,,,0.0,0.0,,,0.409,13.4225,188180.0,515.81,0.0,10000.0,0.0,0.0,0.0,0.0,0,0,0,0.0,0.0
601.0,2023-01-21 02:59:59.999,,,0.0,0.0,,,0.409,13.4195,240407.0,3346.7,0.0,10000.0,0.0,0.0,0.0,0.0,0,0,0,0.0,0.0
602.0,2023-01-21 03:00:59.999,,,0.0,0.0,,,0.4093,13.427,215810.0,2325.99,0.0,10000.0,0.0,0.0,0.0,0.0,0,0,0,0.0,0.0
603.0,2023-01-21 03:01:59.999,,,0.0,0.0,,,0.40905,13.428,523002.0,2154.35,0.0,10000.0,0.0,0.0,0.0,0.0,0,0,0,0.0,0.0
604.0,2023-01-21 03:02:59.999,,,0.0,0.0,,,0.409,13.423,101218.0,1829.83,0.0,10000.0,0.0,0.0,0.0,0.0,0,0,0,0.0,0.0
605.0,2023-01-21 03:03:59.999,,,0.0,0.0,,,0.40905,13.4115,58050.0,197.23,0.0,10000.0,0.0,0.0,0.0,0.0,0,0,0,0.0,0.0
606.0,2023-01-21 03:04:59.999,,,0.0,0.0,,,0.4088,13.398,150592.0,1113.15,0.0,10000.0,0.0,0.0,0.0,0.0,0,0,0,0.0,0.0
607.0,2023-01-21 03:05:59.999,,,0.0,0.0,,,0.40895,13.4085,96452.0,680.95,0.0,10000.0,0.0,0.0,0.0,0.0,0,0,0,0.0,0.0
608.0,2023-01-21 03:06:59.999,,,0.0,0.0,,,0.40915,13.4225,52402.0,315.42,0.0,10000.0,0.0,0.0,0.0,0.0,0,0,0,0.0,0.0
609.0,2023-01-21 03:07:59.999,,,0.0,0.0,,,0.40935,13.421,67617.0,272.21,0.0,10000.0,0.0,0.0,0.0,0.0,0,0,0,0.0,0.0
610.0,2023-01-21 03:08:59.999,,,0.0,0.0,,,0.4093,13.4115,201944.0,1326.87,0.0,10000.0,0.0,0.0,0.0,0.0,0,0,0,0.0,0.0
611.0,2023-01-21 03:09:59.999,,,0.0,0.0,,,0.40905,13.38,279959.0,1031.99,0.0,10000.0,0.0,0.0,0.0,0.0,0,0,0,0.0,0.0
612.0,2023-01-21 03:10:59.999,,,0.0,0.0,,,0.4086999999999999,13.3495,260602.0,7717.18,0.0,10000.0,0.0,0.0,0.0,0.0,0,0,0,0.0,0.0
613.0,2023-01-21 03:11:59.999,,,0.0,0.0,,,0.4078,13.331,929456.0,528.01,0.0,10000.0,0.0,0.0,0.0,0.0,0,0,0,0.0,0.0
614.0,2023-01-21 03:12:59.999,,,0.0,0.0,,,0.4076999999999999,13.3215,424142.0,1516.36,0.0,10000.0,0.0,0.0,0.0,0.0,0,0,0,0.0,0.0
615.0,2023-01-21 03:13:59.999,,,0.0,0.0,,,0.4065499999999999,13.317,1595792.0,994.56,0.0,10000.0,0.0,0.0,0.0,0.0,0,0,0,0.0,0.0
616.0,2023-01-21 03:14:59.999,,,0.0,0.0,,,0.4065999999999999,13.295,658932.0,5523.41,0.0,10000.0,0.0,0.0,0.0,0.0,0,0,0,0.0,0.0
617.0,2023-01-21 03:15:59.999,,,0.0,0.0,,,0.40705,13.3205,214135.0,3559.57,0.0,10000.0,0.0,0.0,0.0,0.0,0,0,0,0.0,0.0
618.0,2023-01-21 03:16:59.999,,,0.0,0.0,,,0.40745,13.3405,224286.0,942.65,0.0,10000.0,0.0,0.0,0.0,0.0,0,0,0,0.0,0.0
619.0,2023-01-21 03:17:59.999,,,0.0,0.0,,,0.40745,13.3335,245330.0,1050.76,0.0,10000.0,0.0,0.0,0.0,0.0,0,0,0,0.0,0.0
620.0,2023-01-21 03:18:59.999,,,0.0,0.0,,,0.407,13.307,243104.0,1137.23,0.0,10000.0,0.0,0.0,0.0,0.0,0,0,0,0.0,0.0
621.0,2023-01-21 03:19:59.999,,,0.0,0.0,,,0.40685,13.313,81323.0,815.89,0.0,10000.0,0.0,0.0,0.0,0.0,0,0,0,0.0,0.0
622.0,2023-01-21 03:20:59.999,,,0.0,0.0,,,0.4072,13.3255,64206.0,1134.73,0.0,10000.0,0.0,0.0,0.0,0.0,0,0,0,0.0,0.0
623.0,2023-01-21 03:21:59.999,,,0.0,0.0,,,0.4076499999999999,13.341,136114.0,515.41,0.0,10000.0,0.0,0.0,0.0,0.0,0,0,0,0.0,0.0
624.0,2023-01-21 03:22:59.999,,,0.0,0.0,,,0.40775,13.341,86382.0,157.56,0.0,10000.0,0.0,0.0,0.0,0.0,0,0,0,0.0,0.0
625.0,2023-01-21 03:23:59.999,,,0.0,0.0,,,0.4078,13.3455,127866.0,1172.69,0.0,10000.0,0.0,0.0,0.0,0.0,0,0,0,0.0,0.0
626.0,2023-01-21 03:24:59.999,,,0.0,0.0,,,0.40795,13.3495,140037.0,449.83,0.0,10000.0,0.0,0.0,0.0,0.0,0,0,0,0.0,0.0
627.0,2023-01-21 03:25:59.999,,,0.0,0.0,,,0.40815,13.356,305671.0,799.01,0.0,10000.0,0.0,0.0,0.0,0.0,0,0,0,0.0,0.0
628.0,2023-01-21 03:26:59.999,,,0.0,0.0,,,0.4083,13.354500000000002,168359.0,404.03,0.0,10000.0,0.0,0.0,0.0,0.0,0,0,0,0.0,0.0
629.0,2023-01-21 03:27:59.999,,,0.0,0.0,,,0.40845,13.3495,106899.0,126.29,0.0,10000.0,0.0,0.0,0.0,0.0,0,0,0,0.0,0.0
630.0,2023-01-21 03:28:59.999,,,0.0,0.0,,,0.4085499999999999,13.349,77599.0,304.01,0.0,10000.0,0.0,0.0,0.0,0.0,0,0,0,0.0,0.0
631.0,2023-01-21 03:29:59.999,,,0.0,0.0,,,0.4086999999999999,13.349,310244.0,618.56,0.0,10000.0,0.0,0.0,0.0,0.0,0,0,0,0.0,0.0
632.0,2023-01-21 03:30:59.999,,,0.0,0.0,,,0.409,13.3585,208472.0,529.93,0.0,10000.0,0.0,0.0,0.0,0.0,0,0,0,0.0,0.0
633.0,2023-01-21 03:31:59.999,,,0.0,0.0,,,0.4088,13.364,169682.0,614.18,0.0,10000.0,0.0,0.0,0.0,0.0,0,0,0,0.0,0.0
634.0,2023-01-21 03:32:59.999,,,0.0,0.0,,,0.4088,13.357500000000002,199109.0,593.34,0.0,10000.0,0.0,0.0,0.0,0.0,0,0,0,0.0,0.0
635.0,2023-01-21 03:33:59.999,,,0.0,0.0,,,0.4092,13.349,531432.0,251.58,0.0,10000.0,0.0,0.0,0.0,0.0,0,0,0,0.0,0.0
636.0,2023-01-21 03:34:59.999,,,0.0,0.0,,,0.4095,13.35,179475.0,563.95,0.0,10000.0,0.0,0.0,0.0,0.0,0,0,0,0.0,0.0
637.0,2023-01-21 03:35:59.999,,,0.0,0.0,,,0.40945,13.3515,73191.0,3033.32,0.0,10000.0,0.0,0.0,0.0,0.0,0,0,0,0.0,0.0
638.0,2023-01-21 03:36:59.999,,,0.0,0.0,,,0.4096499999999999,13.3585,73706.0,51.65,0.0,10000.0,0.0,0.0,0.0,0.0,0,0,0,0.0,0.0
639.0,2023-01-21 03:37:59.999,,,0.0,0.0,,,0.4095499999999999,13.3545,157593.0,143.17,0.0,10000.0,0.0,0.0,0.0,0.0,0,0,0,0.0,0.0
640.0,2023-01-21 03:38:59.999,,,0.0,0.0,,,0.40925,13.34,31949.0,167.99,0.0,10000.0,0.0,0.0,0.0,0.0,0,0,0,0.0,0.0
641.0,2023-01-21 03:39:59.999,,,0.0,0.0,,,0.4095499999999999,13.345,82903.0,1409.36,0.0,10000.0,0.0,0.0,0.0,0.0,0,0,0,0.0,0.0
642.0,2023-01-21 03:40:59.999,,,0.0,0.0,,,0.40985,13.351,181645.0,1166.7,0.0,10000.0,0.0,0.0,0.0,0.0,0,0,0,0.0,0.0
643.0,2023-01-21 03:41:59.999,,,0.0,0.0,,,0.4099,13.3475,111037.0,213.2,0.0,10000.0,0.0,0.0,0.0,0.0,0,0,0,0.0,0.0
644.0,2023-01-21 03:42:59.999,,,0.0,0.0,,,0.40985,13.336,73322.0,765.52,0.0,10000.0,0.0,0.0,0.0,0.0,0,0,0,0.0,0.0
645.0,2023-01-21 03:43:59.999,,,0.0,0.0,,,0.40985,13.33,79861.0,213.22,0.0,10000.0,0.0,0.0,0.0,0.0,0,0,0,0.0,0.0
646.0,2023-01-21 03:44:59.999,,,0.0,0.0,,,0.41,13.33,167636.0,1123.5,0.0,10000.0,0.0,0.0,0.0,0.0,0,0,0,0.0,0.0
647.0,2023-01-21 03:45:59.999,,,0.0,0.0,,,0.41,13.33,75091.0,708.41,0.0,10000.0,0.0,0.0,0.0,0.0,0,0,0,0.0,0.0
648.0,2023-01-21 03:46:59.999,,,0.0,0.0,,,0.41005,13.3245,117083.0,491.63,0.0,10000.0,0.0,0.0,0.0,0.0,0,0,0,0.0,0.0
649.0,2023-01-21 03:47:59.999,,,0.0,0.0,,,0.4101,13.3185,108285.0,291.3,0.0,10000.0,0.0,0.0,0.0,0.0,0,0,0,0.0,0.0
650.0,2023-01-21 03:48:59.999,,,0.0,0.0,,,0.4101,13.32,118159.0,853.68,0.0,10000.0,0.0,0.0,0.0,0.0,0,0,0,0.0,0.0
651.0,2023-01-21 03:49:59.999,,,0.0,0.0,,,0.4103,13.3215,52884.0,604.92,0.0,10000.0,0.0,0.0,0.0,0.0,0,0,0,0.0,0.0
652.0,2023-01-21 03:50:59.999,,,0.0,0.0,,,0.41045,13.322,100992.0,1406.22,0.0,10000.0,0.0,0.0,0.0,0.0,0,0,0,0.0,0.0
653.0,2023-01-21 03:51:59.999,,,0.0,0.0,,,0.4105,13.3155,239294.0,77.94,0.0,10000.0,0.0,0.0,0.0,0.0,0,0,0,0.0,0.0
654.0,2023-01-21 03:52:59.999,,,0.0,0.0,,,0.41005,13.3075,829832.0,1480.7,4.0,10000.0,0.0,0.0,0.0,0.0,0,0,0,0.0,0.0
655.0,2023-01-21 03:53:59.999,,,0.0,0.0,,,0.4095,13.299,168019.0,741.49,3.0,10000.0,0.0,0.0,0.0,0.0,0,0,0,0.0,0.0
656.0,2023-01-21 03:54:59.999,,,0.0,0.0,,,0.4092,13.292,104655.0,617.91,0.0,10000.0,0.0,0.0,0.0,0.0,0,0,0,0.0,0.0
657.0,2023-01-21 03:55:59.999,,,0.0,0.0,,,0.4095499999999999,13.292000000000002,97842.0,2471.99,0.0,10000.0,0.0,0.0,0.0,0.0,0,0,0,0.0,0.0
658.0,2023-01-21 03:56:59.999,,,0.0,0.0,,,0.4101,13.306,554115.0,175.1,0.0,10000.0,0.0,0.0,0.0,0.0,0,0,0,0.0,0.0
659.0,2023-01-21 03:57:59.999,,,0.0,0.0,,,0.41045,13.2935,142591.0,185.18,0.0,10000.0,0.0,0.0,0.0,0.0,0,0,0,0.0,0.0
660.0,2023-01-21 03:58:59.999,,,0.0,0.0,,,0.41045,13.2945,147994.0,696.92,4.0,10000.0,0.0,0.0,0.0,0.0,0,0,0,0.0,0.0
661.0,2023-01-21 03:59:59.999,,,0.0,0.0,,,0.4104,13.2865,82962.0,1881.93,0.0,10000.0,0.0,0.0,0.0,0.0,0,0,0,0.0,0.0
662.0,2023-01-21 04:00:59.999,,,0.0,0.0,,,0.4105,13.289,163256.0,693.86,0.0,10000.0,0.0,0.0,0.0,0.0,0,0,0,0.0,0.0
663.0,2023-01-21 04:01:59.999,,,0.0,0.0,,,0.4105999999999999,13.2965,75537.0,1339.77,0.0,10000.0,0.0,0.0,0.0,0.0,0,0,0,0.0,0.0
664.0,2023-01-21 04:02:59.999,,,0.0,0.0,,,0.4105,13.292,152426.0,1213.83,0.0,10000.0,0.0,0.0,0.0,0.0,0,0,0,0.0,0.0
665.0,2023-01-21 04:03:59.999,,,0.0,0.0,,,0.4104,13.294,126090.0,605.5,0.0,10000.0,0.0,0.0,0.0,0.0,0,0,0,0.0,0.0
666.0,2023-01-21 04:04:59.999,,,0.0,0.0,,,0.4101,13.2965,622930.0,193.29,0.0,10000.0,0.0,0.0,0.0,0.0,0,0,0,0.0,0.0
667.0,2023-01-21 04:05:59.999,,,0.0,0.0,,,0.4102,13.3005,403177.0,554.51,0.0,10000.0,0.0,0.0,0.0,0.0,0,0,0,0.0,0.0
668.0,2023-01-21 04:06:59.999,,,0.0,0.0,,,0.41045,13.3005,77853.0,260.36,0.0,10000.0,0.0,0.0,0.0,0.0,0,0,0,0.0,0.0
669.0,2023-01-21 04:07:59.999,,,0.0,0.0,,,0.4105499999999999,13.2975,68416.0,160.65,0.0,10000.0,0.0,0.0,0.0,0.0,0,0,0,0.0,0.0
670.0,2023-01-21 04:08:59.999,,,0.0,0.0,,,0.4105499999999999,13.3,47011.0,214.07,0.0,10000.0,0.0,0.0,0.0,0.0,0,0,0,0.0,0.0
671.0,2023-01-21 04:09:59.999,,,0.0,0.0,,,0.4105999999999999,13.3035,160286.0,449.11,0.0,10000.0,0.0,0.0,0.0,0.0,0,0,0,0.0,0.0
672.0,2023-01-21 04:10:59.999,,,0.0,0.0,,,0.41075,13.304,117475.0,462.49,0.0,10000.0,0.0,0.0,0.0,0.0,0,0,0,0.0,0.0
673.0,2023-01-21 04:11:59.999,,,0.0,0.0,,,0.41075,13.302499999999998,181584.0,69.82,0.0,10000.0,0.0,0.0,0.0,0.0,0,0,0,0.0,0.0
674.0,2023-01-21 04:12:59.999,,,0.0,0.0,,,0.4106999999999999,13.308,64790.0,73.58,0.0,10000.0,0.0,0.0,0.0,0.0,0,0,0,0.0,0.0
675.0,2023-01-21 04:13:59.999,,,0.0,0.0,,,0.4106499999999999,13.304,160289.0,870.71,0.0,10000.0,0.0,0.0,0.0,0.0,0,0,0,0.0,0.0
676.0,2023-01-21 04:14:59.999,,,0.0,0.0,,,0.4106999999999999,13.311,222730.0,506.5,0.0,10000.0,0.0,0.0,0.0,0.0,0,0,0,0.0,0.0
677.0,2023-01-21 04:15:59.999,,,0.0,0.0,,,0.4109,13.3195,83666.0,787.08,0.0,10000.0,0.0,0.0,0.0,0.0,0,0,0,0.0,0.0
678.0,2023-01-21 04:16:59.999,,,0.0,0.0,,,0.4109,13.3275,129279.0,36.22,0.0,10000.0,0.0,0.0,0.0,0.0,0,0,0,0.0,0.0
679.0,2023-01-21 04:17:59.999,,,0.0,0.0,,,0.4108,13.323,134998.0,512.64,0.0,10000.0,0.0,0.0,0.0,0.0,0,0,0,0.0,0.0
680.0,2023-01-21 04:18:59.999,,,0.0,0.0,,,0.4105999999999999,13.3205,31162.0,218.95,0.0,10000.0,0.0,0.0,0.0,0.0,0,0,0,0.0,0.0
681.0,2023-01-21 04:19:59.999,,,0.0,0.0,,,0.41085,13.3235,69746.0,223.87,0.0,10000.0,0.0,0.0,0.0,0.0,0,0,0,0.0,0.0
682.0,2023-01-21 04:20:59.999,,,0.0,0.0,,,0.41085,13.3275,292491.0,372.91,0.0,10000.0,0.0,0.0,0.0,0.0,0,0,0,0.0,0.0
683.0,2023-01-21 04:21:59.999,,,0.0,0.0,,,0.4106999999999999,13.326,274299.0,411.94,0.0,10000.0,0.0,0.0,0.0,0.0,0,0,0,0.0,0.0
684.0,2023-01-21 04:22:59.999,,,0.0,0.0,,,0.41075,13.3295,118736.0,1011.48,0.0,10000.0,0.0,0.0,0.0,0.0,0,0,0,0.0,0.0
685.0,2023-01-21 04:23:59.999,,,0.0,0.0,,,0.41085,13.3375,60042.0,611.0,0.0,10000.0,0.0,0.0,0.0,0.0,0,0,0,0.0,0.0
686.0,2023-01-21 04:24:59.999,,,0.0,0.0,,,0.4108,13.34,66274.0,1622.92,0.0,10000.0,0.0,0.0,0.0,0.0,0,0,0,0.0,0.0
687.0,2023-01-21 04:25:59.999,,,0.0,0.0,,,0.41085,13.3325,42319.0,2488.05,3.0,10000.0,0.0,0.0,0.0,0.0,0,0,0,0.0,0.0
688.0,2023-01-21 04:26:59.999,,,0.0,0.0,,,0.4109,13.3305,64484.0,1099.19,4.0,10000.0,0.0,0.0,0.0,0.0,0,0,0,0.0,0.0
689.0,2023-01-21 04:27:59.999,,,0.0,0.0,,,0.41125,13.33,755209.0,1160.59,0.0,10000.0,0.0,0.0,0.0,0.0,0,0,0,0.0,0.0
690.0,2023-01-21 04:28:59.999,,,0.0,0.0,,,0.41115,13.333,84483.0,119.65,0.0,10000.0,0.0,0.0,0.0,0.0,0,0,0,0.0,0.0
691.0,2023-01-21 04:29:59.999,,,0.0,0.0,,,0.4112,13.3345,41259.0,219.97,0.0,10000.0,0.0,0.0,0.0,0.0,0,0,0,0.0,0.0
692.0,2023-01-21 04:30:59.999,,,0.0,0.0,,,0.41135,13.339,150849.0,421.2,0.0,10000.0,0.0,0.0,0.0,0.0,0,0,0,0.0,0.0
693.0,2023-01-21 04:31:59.999,,,0.0,0.0,,,0.41105,13.336,157979.0,390.87,0.0,10000.0,0.0,0.0,0.0,0.0,0,0,0,0.0,0.0
694.0,2023-01-21 04:32:59.999,,,0.0,0.0,,,0.41095,13.339,63852.0,138.94,0.0,10000.0,0.0,0.0,0.0,0.0,0,0,0,0.0,0.0
695.0,2023-01-21 04:33:59.999,,,0.0,0.0,,,0.4108,13.3435,93594.0,363.81,0.0,10000.0,0.0,0.0,0.0,0.0,0,0,0,0.0,0.0
696.0,2023-01-21 04:34:59.999,,,0.0,0.0,,,0.41065,13.349,42591.0,656.88,3.0,10000.0,0.0,0.0,0.0,0.0,0,0,0,0.0,0.0
697.0,2023-01-21 04:35:59.999,,,0.0,0.0,,,0.4105,13.334,104483.0,582.11,0.0,10000.0,0.0,0.0,0.0,0.0,0,0,0,0.0,0.0
698.0,2023-01-21 04:36:59.999,,,0.0,0.0,,,0.4105,13.328,36276.0,87.38,0.0,10000.0,0.0,0.0,0.0,0.0,0,0,0,0.0,0.0
699.0,2023-01-21 04:37:59.999,,,0.0,0.0,,,0.4104,13.3245,28873.0,36.21,0.0,10000.0,0.0,0.0,0.0,0.0,0,0,0,0.0,0.0
700.0,2023-01-21 04:38:59.999,,,0.0,0.0,,,0.4105,13.333,356492.0,60.99,0.0,10000.0,0.0,0.0,0.0,0.0,0,0,0,0.0,0.0
701.0,2023-01-21 04:39:59.999,,,0.0,0.0,,,0.41075,13.343,30916.0,123.27,0.0,10000.0,0.0,0.0,0.0,0.0,0,0,0,0.0,0.0
702.0,2023-01-21 04:40:59.999,,,0.0,0.0,,,0.4106499999999999,13.34,141292.0,442.58,0.0,10000.0,0.0,0.0,0.0,0.0,0,0,0,0.0,0.0
703.0,2023-01-21 04:41:59.999,,,0.0,0.0,,,0.4107,13.3455,30843.0,1297.63,0.0,10000.0,0.0,0.0,0.0,0.0,0,0,0,0.0,0.0
704.0,2023-01-21 04:42:59.999,,,0.0,0.0,,,0.41065,13.3545,31061.0,1016.73,0.0,10000.0,0.0,0.0,0.0,0.0,0,0,0,0.0,0.0
705.0,2023-01-21 04:43:59.999,,,0.0,0.0,,,0.4105,13.353000000000002,86661.0,2005.02,0.0,10000.0,0.0,0.0,0.0,0.0,0,0,0,0.0,0.0
706.0,2023-01-21 04:44:59.999,,,0.0,0.0,,,0.4103,13.3515,125386.0,195.05,0.0,10000.0,0.0,0.0,0.0,0.0,0,0,0,0.0,0.0
707.0,2023-01-21 04:45:59.999,,,0.0,0.0,,,0.41045,13.355,146534.0,222.67,0.0,10000.0,0.0,0.0,0.0,0.0,0,0,0,0.0,0.0
708.0,2023-01-21 04:46:59.999,,,0.0,0.0,,,0.4104,13.353,43609.0,6.13,0.0,10000.0,0.0,0.0,0.0,0.0,0,0,0,0.0,0.0
709.0,2023-01-21 04:47:59.999,,,0.0,0.0,,,0.4104,13.353,106953.0,52.49,0.0,10000.0,0.0,0.0,0.0,0.0,0,0,0,0.0,0.0
710.0,2023-01-21 04:48:59.999,,,0.0,0.0,,,0.4103,13.346,134891.0,142.88,0.0,10000.0,0.0,0.0,0.0,0.0,0,0,0,0.0,0.0
711.0,2023-01-21 04:49:59.999,,,0.0,0.0,,,0.41025,13.3435,51982.0,182.92,0.0,10000.0,0.0,0.0,0.0,0.0,0,0,0,0.0,0.0
712.0,2023-01-21 04:50:59.999,,,0.0,0.0,,,0.4104,13.3465,39016.0,48.79,0.0,10000.0,0.0,0.0,0.0,0.0,0,0,0,0.0,0.0
713.0,2023-01-21 04:51:59.999,,,0.0,0.0,,,0.41035,13.344,56376.0,230.62,0.0,10000.0,0.0,0.0,0.0,0.0,0,0,0,0.0,0.0
714.0,2023-01-21 04:52:59.999,,,0.0,0.0,,,0.41,13.331,130919.0,1111.89,0.0,10000.0,0.0,0.0,0.0,0.0,0,0,0,0.0,0.0
715.0,2023-01-21 04:53:59.999,,,0.0,0.0,,,0.41005,13.3305,59040.0,279.5,0.0,10000.0,0.0,0.0,0.0,0.0,0,0,0,0.0,0.0
716.0,2023-01-21 04:54:59.999,,,0.0,0.0,,,0.41025,13.327,32843.0,132.84,0.0,10000.0,0.0,0.0,0.0,0.0,0,0,0,0.0,0.0
717.0,2023-01-21 04:55:59.999,,,0.0,0.0,,,0.41035,13.323,100723.0,296.89,0.0,10000.0,0.0,0.0,0.0,0.0,0,0,0,0.0,0.0
718.0,2023-01-21 04:56:59.999,,,0.0,0.0,,,0.41025,13.3175,157855.0,293.75,0.0,10000.0,0.0,0.0,0.0,0.0,0,0,0,0.0,0.0
719.0,2023-01-21 04:57:59.999,,,0.0,0.0,,,0.41,13.3065,64533.0,1322.14,0.0,10000.0,0.0,0.0,0.0,0.0,0,0,0,0.0,0.0
720.0,2023-01-21 04:58:59.999,,,0.0,0.0,,,0.41,13.303,33824.0,462.59,0.0,10000.0,0.0,0.0,0.0,0.0,0,0,0,0.0,0.0
721.0,2023-01-21 04:59:59.999,,,0.0,0.0,,,0.40995,13.3085,148866.0,1628.82,0.0,10000.0,0.0,0.0,0.0,0.0,0,0,0,0.0,0.0
722.0,2023-01-21 05:00:59.999,,,0.0,0.0,,,0.41005,13.3115,29315.0,279.5,0.0,10000.0,0.0,0.0,0.0,0.0,0,0,0,0.0,0.0
723.0,2023-01-21 05:01:59.999,,,0.0,0.0,,,0.4106,13.3,927753.0,1654.75,0.0,10000.0,0.0,0.0,0.0,0.0,0,0,0,0.0,0.0
724.0,2023-01-21 05:02:59.999,,,0.0,0.0,,,0.41095,13.291,73028.0,570.1,4.0,10000.0,0.0,0.0,0.0,0.0,0,0,0,0.0,0.0
725.0,2023-01-21 05:03:59.999,,,0.0,0.0,,,0.4105,13.298,165387.0,1552.71,0.0,10000.0,0.0,0.0,0.0,0.0,0,0,0,0.0,0.0
726.0,2023-01-21 05:04:59.999,,,0.0,0.0,,,0.41065,13.297,45175.0,53.57,0.0,10000.0,0.0,0.0,0.0,0.0,0,0,0,0.0,0.0
727.0,2023-01-21 05:05:59.999,,,0.0,0.0,,,0.4105499999999999,13.2945,50673.0,844.14,0.0,10000.0,0.0,0.0,0.0,0.0,0,0,0,0.0,0.0
728.0,2023-01-21 05:06:59.999,,,0.0,0.0,,,0.41025,13.2895,55201.0,449.18,0.0,10000.0,0.0,0.0,0.0,0.0,0,0,0,0.0,0.0
729.0,2023-01-21 05:07:59.999,,,0.0,0.0,,,0.41015,13.295000000000002,87664.0,915.95,0.0,10000.0,0.0,0.0,0.0,0.0,0,0,0,0.0,0.0
730.0,2023-01-21 05:08:59.999,,,0.0,0.0,,,0.41005,13.290500000000002,72228.0,535.02,0.0,10000.0,0.0,0.0,0.0,0.0,0,0,0,0.0,0.0
731.0,2023-01-21 05:09:59.999,,,0.0,0.0,,,0.4096499999999999,13.2775,216684.0,1006.22,3.0,10000.0,0.0,0.0,0.0,0.0,0,0,0,0.0,0.0
732.0,2023-01-21 05:10:59.999,,,0.0,0.0,,,0.4094,13.273,230370.0,721.74,0.0,10000.0,0.0,0.0,0.0,0.0,0,0,0,0.0,0.0
733.0,2023-01-21 05:11:59.999,,,0.0,0.0,,,0.40915,13.263,178110.0,2563.71,0.0,10000.0,0.0,0.0,0.0,0.0,0,0,0,0.0,0.0
734.0,2023-01-21 05:12:59.999,,,0.0,0.0,,,0.40905,13.2685,52116.0,309.55,0.0,10000.0,0.0,0.0,0.0,0.0,0,0,0,0.0,0.0
735.0,2023-01-21 05:13:59.999,,,0.0,0.0,,,0.4092,13.2635,59246.0,856.96,0.0,10000.0,0.0,0.0,0.0,0.0,0,0,0,0.0,0.0
736.0,2023-01-21 05:14:59.999,,,0.0,0.0,,,0.409,13.2565,137689.0,101.87,0.0,10000.0,0.0,0.0,0.0,0.0,0,0,0,0.0,0.0
737.0,2023-01-21 05:15:59.999,,,0.0,0.0,,,0.40935,13.27,98981.0,303.3,0.0,10000.0,0.0,0.0,0.0,0.0,0,0,0,0.0,0.0
738.0,2023-01-21 05:16:59.999,,,0.0,0.0,,,0.4093,13.2775,60592.0,907.95,0.0,10000.0,0.0,0.0,0.0,0.0,0,0,0,0.0,0.0
739.0,2023-01-21 05:17:59.999,,,0.0,0.0,,,0.40935,13.2855,85148.0,537.0,0.0,10000.0,0.0,0.0,0.0,0.0,0,0,0,0.0,0.0
740.0,2023-01-21 05:18:59.999,,,0.0,0.0,,,0.40935,13.2995,31029.0,139.96,0.0,10000.0,0.0,0.0,0.0,0.0,0,0,0,0.0,0.0
741.0,2023-01-21 05:19:59.999,,,0.0,0.0,,,0.40935,13.303,30426.0,433.28,0.0,10000.0,0.0,0.0,0.0,0.0,0,0,0,0.0,0.0
742.0,2023-01-21 05:20:59.999,,,0.0,0.0,,,0.4092,13.3055,120671.0,487.04,0.0,10000.0,0.0,0.0,0.0,0.0,0,0,0,0.0,0.0
743.0,2023-01-21 05:21:59.999,,,0.0,0.0,,,0.40905,13.31,90178.0,313.15,0.0,10000.0,0.0,0.0,0.0,0.0,0,0,0,0.0,0.0
744.0,2023-01-21 05:22:59.999,,,0.0,0.0,,,0.40905,13.3135,117585.0,280.13,0.0,10000.0,0.0,0.0,0.0,0.0,0,0,0,0.0,0.0
745.0,2023-01-21 05:23:59.999,,,0.0,0.0,,,0.40905,13.327,82430.0,964.31,0.0,10000.0,0.0,0.0,0.0,0.0,0,0,0,0.0,0.0
746.0,2023-01-21 05:24:59.999,,,0.0,0.0,,,0.4093,13.3305,57764.0,591.45,0.0,10000.0,0.0,0.0,0.0,0.0,0,0,0,0.0,0.0
747.0,2023-01-21 05:25:59.999,,,0.0,0.0,,,0.4095,13.334499999999998,95721.0,1180.2,0.0,10000.0,0.0,0.0,0.0,0.0,0,0,0,0.0,0.0
748.0,2023-01-21 05:26:59.999,,,0.0,0.0,,,0.4095,13.3365,51417.0,165.73,0.0,10000.0,0.0,0.0,0.0,0.0,0,0,0,0.0,0.0
749.0,2023-01-21 05:27:59.999,,,0.0,0.0,,,0.4097,13.3375,37523.0,326.66,0.0,10000.0,0.0,0.0,0.0,0.0,0,0,0,0.0,0.0
750.0,2023-01-21 05:28:59.999,,,0.0,0.0,,,0.40975,13.337,57341.0,139.89,0.0,10000.0,0.0,0.0,0.0,0.0,0,0,0,0.0,0.0
751.0,2023-01-21 05:29:59.999,,,0.0,0.0,,,0.4099,13.339,119992.0,560.58,0.0,10000.0,0.0,0.0,0.0,0.0,0,0,0,0.0,0.0
752.0,2023-01-21 05:30:59.999,,,0.0,0.0,,,0.40975,13.328,116696.0,1757.66,0.0,10000.0,0.0,0.0,0.0,0.0,0,0,0,0.0,0.0
753.0,2023-01-21 05:31:59.999,,,0.0,0.0,,,0.4097,13.337,132968.0,445.92,0.0,10000.0,0.0,0.0,0.0,0.0,0,0,0,0.0,0.0
754.0,2023-01-21 05:32:59.999,,,0.0,0.0,,,0.4097,13.3425,98390.0,545.53,0.0,10000.0,0.0,0.0,0.0,0.0,0,0,0,0.0,0.0
755.0,2023-01-21 05:33:59.999,,,0.0,0.0,,,0.40975,13.347,100927.0,973.34,0.0,10000.0,0.0,0.0,0.0,0.0,0,0,0,0.0,0.0
756.0,2023-01-21 05:34:59.999,,,0.0,0.0,,,0.4096499999999999,13.3465,115977.0,463.82,0.0,10000.0,0.0,0.0,0.0,0.0,0,0,0,0.0,0.0
757.0,2023-01-21 05:35:59.999,,,0.0,0.0,,,0.4095,13.346,110987.0,299.08,0.0,10000.0,0.0,0.0,0.0,0.0,0,0,0,0.0,0.0
758.0,2023-01-21 05:36:59.999,,,0.0,0.0,,,0.4095999999999999,13.35,98409.0,551.04,0.0,10000.0,0.0,0.0,0.0,0.0,0,0,0,0.0,0.0
759.0,2023-01-21 05:37:59.999,,,0.0,0.0,,,0.4097,13.3455,175623.0,790.49,0.0,10000.0,0.0,0.0,0.0,0.0,0,0,0,0.0,0.0
760.0,2023-01-21 05:38:59.999,,,0.0,0.0,,,0.4095999999999999,13.341,129046.0,653.75,0.0,10000.0,0.0,0.0,0.0,0.0,0,0,0,0.0,0.0
761.0,2023-01-21 05:39:59.999,,,0.0,0.0,,,0.4095499999999999,13.3355,78092.0,245.6,0.0,10000.0,0.0,0.0,0.0,0.0,0,0,0,0.0,0.0
762.0,2023-01-21 05:40:59.999,,,0.0,0.0,,,0.40995,13.3395,761976.0,327.95,0.0,10000.0,0.0,0.0,0.0,0.0,0,0,0,0.0,0.0
763.0,2023-01-21 05:41:59.999,,,0.0,0.0,,,0.4104,13.345,538124.0,55.87,0.0,10000.0,0.0,0.0,0.0,0.0,0,0,0,0.0,0.0
764.0,2023-01-21 05:42:59.999,,,0.0,0.0,,,0.4105,13.3435,152457.0,167.87,0.0,10000.0,0.0,0.0,0.0,0.0,0,0,0,0.0,0.0
765.0,2023-01-21 05:43:59.999,,,0.0,0.0,,,0.4105499999999999,13.3495,130787.0,281.25,0.0,10000.0,0.0,0.0,0.0,0.0,0,0,0,0.0,0.0
766.0,2023-01-21 05:44:59.999,,,0.0,0.0,,,0.41045,13.352,81214.0,270.75,0.0,10000.0,0.0,0.0,0.0,0.0,0,0,0,0.0,0.0
767.0,2023-01-21 05:45:59.999,,,0.0,0.0,,,0.4103,13.3485,193010.0,255.49,0.0,10000.0,0.0,0.0,0.0,0.0,0,0,0,0.0,0.0
768.0,2023-01-21 05:46:59.999,,,0.0,0.0,,,0.40995,13.3425,120448.0,1170.92,0.0,10000.0,0.0,0.0,0.0,0.0,0,0,0,0.0,0.0
769.0,2023-01-21 05:47:59.999,,,0.0,0.0,,,0.40985,13.3435,79742.0,284.16,0.0,10000.0,0.0,0.0,0.0,0.0,0,0,0,0.0,0.0
770.0,2023-01-21 05:48:59.999,,,0.0,0.0,,,0.4098,13.336,51646.0,245.19,0.0,10000.0,0.0,0.0,0.0,0.0,0,0,0,0.0,0.0
771.0,2023-01-21 05:49:59.999,,,0.0,0.0,,,0.4098,13.334,48653.0,226.05,0.0,10000.0,0.0,0.0,0.0,0.0,0,0,0,0.0,0.0
772.0,2023-01-21 05:50:59.999,,,0.0,0.0,,,0.4098,13.3355,56578.0,2310.43,0.0,10000.0,0.0,0.0,0.0,0.0,0,0,0,0.0,0.0
773.0,2023-01-21 05:51:59.999,,,0.0,0.0,,,0.4096499999999999,13.334,213588.0,41.44,0.0,10000.0,0.0,0.0,0.0,0.0,0,0,0,0.0,0.0
774.0,2023-01-21 05:52:59.999,,,0.0,0.0,,,0.40945,13.3345,141533.0,59.64,0.0,10000.0,0.0,0.0,0.0,0.0,0,0,0,0.0,0.0
775.0,2023-01-21 05:53:59.999,,,0.0,0.0,,,0.4095,13.3295,52708.0,2098.28,0.0,10000.0,0.0,0.0,0.0,0.0,0,0,0,0.0,0.0
776.0,2023-01-21 05:54:59.999,,,0.0,0.0,,,0.40915,13.3195,559789.0,759.57,0.0,10000.0,0.0,0.0,0.0,0.0,0,0,0,0.0,0.0
777.0,2023-01-21 05:55:59.999,,,0.0,0.0,,,0.40885,13.3015,261015.0,2363.0,0.0,10000.0,0.0,0.0,0.0,0.0,0,0,0,0.0,0.0
778.0,2023-01-21 05:56:59.999,,,0.0,0.0,,,0.40905,13.3075,124443.0,1343.52,0.0,10000.0,0.0,0.0,0.0,0.0,0,0,0,0.0,0.0
779.0,2023-01-21 05:57:59.999,,,0.0,0.0,,,0.40895,13.3045,116337.0,1389.34,0.0,10000.0,0.0,0.0,0.0,0.0,0,0,0,0.0,0.0
780.0,2023-01-21 05:58:59.999,,,0.0,0.0,,,0.4085999999999999,13.297,143003.0,141.18,0.0,10000.0,0.0,0.0,0.0,0.0,0,0,0,0.0,0.0
781.0,2023-01-21 05:59:59.999,,,0.0,0.0,,,0.4084,13.2905,79970.0,515.95,0.0,10000.0,0.0,0.0,0.0,0.0,0,0,0,0.0,0.0
782.0,2023-01-21 06:00:59.999,,,0.0,0.0,,,0.4083,13.29,124855.0,1248.78,0.0,10000.0,0.0,0.0,0.0,0.0,0,0,0,0.0,0.0
783.0,2023-01-21 06:01:59.999,,,0.0,0.0,,,0.4083,13.2965,173484.0,532.67,0.0,10000.0,0.0,0.0,0.0,0.0,0,0,0,0.0,0.0
784.0,2023-01-21 06:02:59.999,,,0.0,0.0,,,0.40815,13.2885,126639.0,1113.99,0.0,10000.0,0.0,0.0,0.0,0.0,0,0,0,0.0,0.0
785.0,2023-01-21 06:03:59.999,,,0.0,0.0,,,0.408,13.2845,159073.0,368.83,0.0,10000.0,0.0,0.0,0.0,0.0,0,0,0,0.0,0.0
786.0,2023-01-21 06:04:59.999,,,0.0,0.0,,,0.40795,13.2835,58992.0,977.92,0.0,10000.0,0.0,0.0,0.0,0.0,0,0,0,0.0,0.0
787.0,2023-01-21 06:05:59.999,,,0.0,0.0,,,0.4082,13.2875,58648.0,363.21,0.0,10000.0,0.0,0.0,0.0,0.0,0,0,0,0.0,0.0
788.0,2023-01-21 06:06:59.999,,,0.0,0.0,,,0.4083,13.289,91164.0,349.23,0.0,10000.0,0.0,0.0,0.0,0.0,0,0,0,0.0,0.0
789.0,2023-01-21 06:07:59.999,,,0.0,0.0,,,0.40805,13.296,464864.0,421.62,0.0,10000.0,0.0,0.0,0.0,0.0,0,0,0,0.0,0.0
790.0,2023-01-21 06:08:59.999,,,0.0,0.0,,,0.40835,13.3045,91064.0,871.32,0.0,10000.0,0.0,0.0,0.0,0.0,0,0,0,0.0,0.0
791.0,2023-01-21 06:09:59.999,,,0.0,0.0,,,0.4084,13.306,24081.0,197.78,0.0,10000.0,0.0,0.0,0.0,0.0,0,0,0,0.0,0.0
792.0,2023-01-21 06:10:59.999,,,0.0,0.0,,,0.4084,13.303999999999998,149506.0,347.15,0.0,10000.0,0.0,0.0,0.0,0.0,0,0,0,0.0,0.0
793.0,2023-01-21 06:11:59.999,,,0.0,0.0,,,0.4084,13.289,104055.0,1257.77,0.0,10000.0,0.0,0.0,0.0,0.0,0,0,0,0.0,0.0
794.0,2023-01-21 06:12:59.999,,,0.0,0.0,,,0.4085499999999999,13.2885,361884.0,1272.07,0.0,10000.0,0.0,0.0,0.0,0.0,0,0,0,0.0,0.0
795.0,2023-01-21 06:13:59.999,,,0.0,0.0,,,0.409,13.299,89030.0,553.38,0.0,10000.0,0.0,0.0,0.0,0.0,0,0,0,0.0,0.0
796.0,2023-01-21 06:14:59.999,,,0.0,0.0,,,0.4089,13.304,114591.0,770.18,0.0,10000.0,0.0,0.0,0.0,0.0,0,0,0,0.0,0.0
797.0,2023-01-21 06:15:59.999,,,0.0,0.0,,,0.40885,13.309,109044.0,225.74,0.0,10000.0,0.0,0.0,0.0,0.0,0,0,0,0.0,0.0
798.0,2023-01-21 06:16:59.999,,,0.0,0.0,,,0.4089,13.3105,61502.0,215.52,0.0,10000.0,0.0,0.0,0.0,0.0,0,0,0,0.0,0.0
799.0,2023-01-21 06:17:59.999,,,0.0,0.0,,,0.4089,13.3165,61554.0,847.62,0.0,10000.0,0.0,0.0,0.0,0.0,0,0,0,0.0,0.0
800.0,2023-01-21 06:18:59.999,,,0.0,0.0,,,0.40895,13.3185,86300.0,65.07,0.0,10000.0,0.0,0.0,0.0,0.0,0,0,0,0.0,0.0
801.0,2023-01-21 06:19:59.999,,,0.0,0.0,,,0.4091,13.3175,87740.0,333.7,0.0,10000.0,0.0,0.0,0.0,0.0,0,0,0,0.0,0.0
802.0,2023-01-21 06:20:59.999,,,0.0,0.0,,,0.40925,13.3205,113853.0,374.49,0.0,10000.0,0.0,0.0,0.0,0.0,0,0,0,0.0,0.0
803.0,2023-01-21 06:21:59.999,,,0.0,0.0,,,0.4092,13.321,82751.0,1091.45,0.0,10000.0,0.0,0.0,0.0,0.0,0,0,0,0.0,0.0
804.0,2023-01-21 06:22:59.999,,,0.0,0.0,,,0.4091,13.322500000000002,35966.0,2056.66,0.0,10000.0,0.0,0.0,0.0,0.0,0,0,0,0.0,0.0
805.0,2023-01-21 06:23:59.999,,,0.0,0.0,,,0.4092,13.334499999999998,149620.0,672.21,0.0,10000.0,0.0,0.0,0.0,0.0,0,0,0,0.0,0.0
806.0,2023-01-21 06:24:59.999,,,0.0,0.0,,,0.4093,13.3415,46465.0,398.86,0.0,10000.0,0.0,0.0,0.0,0.0,0,0,0,0.0,0.0
807.0,2023-01-21 06:25:59.999,,,0.0,0.0,,,0.4093,13.345,19897.0,506.39,0.0,10000.0,0.0,0.0,0.0,0.0,0,0,0,0.0,0.0
808.0,2023-01-21 06:26:59.999,,,0.0,0.0,,,0.40935,13.3515,34819.0,283.38,0.0,10000.0,0.0,0.0,0.0,0.0,0,0,0,0.0,0.0
809.0,2023-01-21 06:27:59.999,,,0.0,0.0,,,0.4094,13.3545,47116.0,443.13,0.0,10000.0,0.0,0.0,0.0,0.0,0,0,0,0.0,0.0
810.0,2023-01-21 06:28:59.999,,,0.0,0.0,,,0.4095999999999999,13.358,71789.0,422.21,0.0,10000.0,0.0,0.0,0.0,0.0,0,0,0,0.0,0.0
811.0,2023-01-21 06:29:59.999,,,0.0,0.0,,,0.40945,13.355,200642.0,486.1,0.0,10000.0,0.0,0.0,0.0,0.0,0,0,0,0.0,0.0
812.0,2023-01-21 06:30:59.999,,,0.0,0.0,,,0.4092,13.348,97783.0,923.34,0.0,10000.0,0.0,0.0,0.0,0.0,0,0,0,0.0,0.0
813.0,2023-01-21 06:31:59.999,,,0.0,0.0,,,0.4091,13.352,132462.0,1208.23,0.0,10000.0,0.0,0.0,0.0,0.0,0,0,0,0.0,0.0
814.0,2023-01-21 06:32:59.999,,,0.0,0.0,,,0.40935,13.3685,89965.0,2862.97,0.0,10000.0,0.0,0.0,0.0,0.0,0,0,0,0.0,0.0
815.0,2023-01-21 06:33:59.999,,,0.0,0.0,,,0.4096499999999999,13.374,130432.0,2465.52,0.0,10000.0,0.0,0.0,0.0,0.0,0,0,0,0.0,0.0
816.0,2023-01-21 06:34:59.999,,,0.0,0.0,,,0.4095499999999999,13.3725,288983.0,1540.87,0.0,10000.0,0.0,0.0,0.0,0.0,0,0,0,0.0,0.0
817.0,2023-01-21 06:35:59.999,1.0,long,1220.8521548040535,-20.299967340546054,0.4095499999999999,13.3715,0.4095499999999999,13.3715,120335.0,440.11,2.0,10000.0,0.0,0.0,0.0,0.0,0,0,1,0.0,0.0
818.0,2023-01-21 06:36:59.999,1.0,long,1220.8521548040535,-20.299967340546054,0.4095499999999999,13.3715,0.4095999999999999,13.3755,176562.0,648.3,0.0,10000.0,0.0,0.0,0.0,0.0,0,0,0,0.0,0.0
819.0,2023-01-21 06:37:59.999,1.0,long,1220.8521548040535,-20.299967340546054,0.4095499999999999,13.3715,0.4096499999999999,13.3765,79131.0,605.87,0.0,10000.0,0.0,0.0,0.0,0.0,0,0,0,0.0,0.0
820.0,2023-01-21 06:38:59.999,1.0,long,1220.8521548040535,-20.299967340546054,0.4095499999999999,13.3715,0.40995,13.378,243955.0,177.27,0.0,10000.0,0.0,0.0,0.0,0.0,0,0,0,0.0,0.0
821.0,2023-01-21 06:39:59.999,1.0,long,1220.8521548040535,-20.299967340546054,0.4095499999999999,13.3715,0.4103,13.3805,121036.0,42.22,0.0,10000.0,0.0,0.0,0.0,0.0,0,0,0,0.0,0.0
822.0,2023-01-21 06:40:59.999,1.0,long,1220.8521548040535,-20.299967340546054,0.4095499999999999,13.3715,0.4104,13.3745,51389.0,1570.03,0.0,10000.0,0.0,0.0,0.0,0.0,0,0,0,0.0,0.0
823.0,2023-01-21 06:41:59.999,1.0,long,1220.8521548040535,-20.299967340546054,0.4095499999999999,13.3715,0.4103,13.384,310043.0,3392.93,0.0,10000.0,0.0,0.0,0.0,0.0,0,0,0,0.0,0.0
824.0,2023-01-21 06:42:59.999,1.0,long,1220.8521548040535,-20.299967340546054,0.4095499999999999,13.3715,0.41025,13.3915,65663.0,823.6,0.0,10000.0,0.0,0.0,0.0,0.0,0,0,0,0.0,0.0
825.0,2023-01-21 06:43:59.999,1.0,long,1220.8521548040535,-20.299967340546054,0.4095499999999999,13.3715,0.4103,13.3835,60720.0,174.82,0.0,10000.0,0.0,0.0,0.0,0.0,0,0,0,0.0,0.0
826.0,2023-01-21 06:44:59.999,1.0,long,1220.8521548040535,-20.299967340546054,0.4095499999999999,13.3715,0.4103,13.3795,29236.0,299.67,0.0,10000.0,0.0,0.0,0.0,0.0,0,0,0,0.0,0.0
827.0,2023-01-21 06:45:59.999,1.0,long,1220.8521548040535,-20.299967340546054,0.4095499999999999,13.3715,0.41035,13.382,26669.0,76.86,0.0,10000.0,0.0,0.0,0.0,0.0,0,0,0,0.0,0.0
828.0,2023-01-21 06:46:59.999,1.0,long,1220.8521548040535,-20.299967340546054,0.4095499999999999,13.3715,0.41035,13.372,123086.0,1020.45,0.0,10000.0,0.0,0.0,0.0,0.0,0,0,0,0.0,0.0
829.0,2023-01-21 06:47:59.999,1.0,long,1220.8521548040535,-20.299967340546054,0.4095499999999999,13.3715,0.4103,13.3695,100489.0,1061.45,0.0,10000.0,0.0,0.0,0.0,0.0,0,0,0,0.0,0.0
830.0,2023-01-21 06:48:59.999,1.0,long,1220.8521548040535,-20.299967340546054,0.4095499999999999,13.3715,0.4101,13.363,360471.0,48.85,0.0,10000.0,0.0,0.0,0.0,0.0,0,0,0,0.0,0.0
831.0,2023-01-21 06:49:59.999,1.0,long,1220.8521548040535,-20.299967340546054,0.4095499999999999,13.3715,0.4097499999999999,13.358,283325.0,1277.09,0.0,10000.0,0.0,0.0,0.0,0.0,0,0,0,0.0,0.0
832.0,2023-01-21 06:50:59.999,1.0,long,1220.8521548040535,-20.299967340546054,0.4095499999999999,13.3715,0.41015,13.379,219034.0,2532.16,0.0,10000.0,0.0,0.0,0.0,0.0,0,0,0,0.0,0.0
833.0,2023-01-21 06:51:59.999,1.0,long,1220.8521548040535,-20.299967340546054,0.4095499999999999,13.3715,0.4105999999999999,13.3925,143331.0,1472.07,0.0,10000.0,0.0,0.0,0.0,0.0,0,0,0,0.0,0.0
834.0,2023-01-21 06:52:59.999,1.0,long,1220.8521548040535,-20.299967340546054,0.4095499999999999,13.3715,0.4105,13.3945,565958.0,955.2,0.0,10000.0,0.0,0.0,0.0,0.0,0,0,0,0.0,0.0
835.0,2023-01-21 06:53:59.999,1.0,long,1220.8521548040535,-20.299967340546054,0.4095499999999999,13.3715,0.41015,13.4,110200.0,1062.11,0.0,10000.0,0.0,0.0,0.0,0.0,0,0,0,0.0,0.0
836.0,2023-01-21 06:54:59.999,1.0,long,1220.8521548040535,-20.299967340546054,0.4095499999999999,13.3715,0.4102,13.4005,91480.0,85.82,0.0,10000.0,0.0,0.0,0.0,0.0,0,0,0,0.0,0.0
837.0,2023-01-21 06:55:59.999,1.0,long,1220.8521548040535,-20.299967340546054,0.4095499999999999,13.3715,0.41015,13.394,80272.0,464.95,0.0,10000.0,0.0,0.0,0.0,0.0,0,0,0,0.0,0.0
838.0,2023-01-21 06:56:59.999,1.0,long,1220.8521548040535,-20.299967340546054,0.4095499999999999,13.3715,0.41,13.3735,77681.0,422.38,0.0,10000.0,0.0,0.0,0.0,0.0,0,0,0,0.0,0.0
839.0,2023-01-21 06:57:59.999,1.0,long,1220.8521548040535,-20.299967340546054,0.4095499999999999,13.3715,0.4099,13.3825,73233.0,140.93,0.0,10000.0,0.0,0.0,0.0,0.0,0,0,0,0.0,0.0
840.0,2023-01-21 06:58:59.999,1.0,long,1220.8521548040535,-20.299967340546054,0.4095499999999999,13.3715,0.40995,13.3875,170526.0,258.43,0.0,10000.0,0.0,0.0,0.0,0.0,0,0,0,0.0,0.0
841.0,2023-01-21 06:59:59.999,1.0,long,1220.8521548040535,-20.299967340546054,0.4095499999999999,13.3715,0.4101,13.3815,173040.0,97.08,0.0,10000.0,0.0,0.0,0.0,0.0,0,0,0,0.0,0.0
842.0,2023-01-21 07:00:59.999,1.0,long,1220.8521548040535,-20.299967340546054,0.4095499999999999,13.3715,0.41,13.3805,271311.0,301.4,0.0,10000.0,0.0,0.0,0.0,0.0,0,0,0,0.0,0.0
843.0,2023-01-21 07:01:59.999,1.0,long,1220.8521548040535,-20.299967340546054,0.4095499999999999,13.3715,0.40975,13.382,250707.0,535.51,0.0,10000.0,0.0,0.0,0.0,0.0,0,0,0,0.0,0.0
844.0,2023-01-21 07:02:59.999,1.0,long,1220.8521548040535,-20.299967340546054,0.4095499999999999,13.3715,0.4095499999999999,13.3725,123672.0,2277.69,0.0,10000.0,0.0,0.0,0.0,0.0,0,0,0,0.0,0.0
845.0,2023-01-21 07:03:59.999,1.0,long,1220.8521548040535,-20.299967340546054,0.4095499999999999,13.3715,0.4095999999999999,13.3745,72530.0,799.72,0.0,10000.0,0.0,0.0,0.0,0.0,0,0,0,0.0,0.0
846.0,2023-01-21 07:04:59.999,1.0,long,1220.8521548040535,-20.299967340546054,0.4095499999999999,13.3715,0.4098,13.3845,119540.0,635.19,0.0,10000.0,0.0,0.0,0.0,0.0,0,0,0,0.0,0.0
847.0,2023-01-21 07:05:59.999,1.0,long,1220.8521548040535,-20.299967340546054,0.4095499999999999,13.3715,0.4096499999999999,13.3805,74297.0,515.79,0.0,10000.0,0.0,0.0,0.0,0.0,0,0,0,0.0,0.0
848.0,2023-01-21 07:06:59.999,1.0,long,1220.8521548040535,-20.299967340546054,0.4095499999999999,13.3715,0.4095,13.369,274444.0,1249.9,2.0,10000.0,0.0,0.0,0.0,0.0,0,0,0,0.0,0.0
849.0,2023-01-21 07:07:59.999,1.0,long,1220.8521548040535,-20.299967340546054,0.4095499999999999,13.3715,0.40935,13.3715,71717.0,199.44,2.0,10000.0,0.0,0.0,0.0,0.0,0,0,0,0.0,0.0
850.0,2023-01-21 07:08:59.999,1.0,long,1220.8521548040535,-20.299967340546054,0.4095499999999999,13.3715,0.40925,13.368,53854.0,260.7,2.0,10000.0,0.0,0.0,0.0,0.0,0,0,0,0.0,0.0
851.0,2023-01-21 07:09:59.999,1.0,long,1220.8521548040535,-20.299967340546054,0.4095499999999999,13.3715,0.4093,13.376,121060.0,929.53,0.0,10000.0,0.0,0.0,0.0,0.0,0,0,0,0.0,0.0
852.0,2023-01-21 07:10:59.999,1.0,long,1220.8521548040535,-20.299967340546054,0.4095499999999999,13.3715,0.40925,13.3705,114829.0,526.84,0.0,10000.0,0.0,0.0,0.0,0.0,0,0,0,0.0,0.0
853.0,2023-01-21 07:11:59.999,1.0,long,1220.8521548040535,-20.299967340546054,0.4095499999999999,13.3715,0.40925,13.363,119362.0,121.24,0.0,10000.0,0.0,0.0,0.0,0.0,0,0,0,0.0,0.0
854.0,2023-01-21 07:12:59.999,1.0,long,1220.8521548040535,-20.299967340546054,0.4095499999999999,13.3715,0.40935,13.364,56092.0,85.21,0.0,10000.0,0.0,0.0,0.0,0.0,0,0,0,0.0,0.0
855.0,2023-01-21 07:13:59.999,1.0,long,1220.8521548040535,-20.299967340546054,0.4095499999999999,13.3715,0.4094,13.367,56495.0,965.81,2.0,10000.0,0.0,0.0,0.0,0.0,0,0,0,0.0,0.0
856.0,2023-01-21 07:14:59.999,1.0,long,1220.8521548040535,-20.299967340546054,0.4095499999999999,13.3715,0.4095999999999999,13.369,260531.0,751.54,2.0,10000.0,0.0,0.0,0.0,0.0,0,0,0,0.0,0.0
857.0,2023-01-21 07:15:59.999,1.0,long,1220.8521548040535,-20.299967340546054,0.4095499999999999,13.3715,0.4095999999999999,13.3625,56116.0,852.84,2.0,10000.0,0.0,0.0,0.0,0.0,0,0,0,0.0,0.0
858.0,2023-01-21 07:16:59.999,1.0,long,1220.8521548040535,-20.299967340546054,0.4095499999999999,13.3715,0.40935,13.355,93808.0,393.21,0.0,10000.0,0.0,0.0,0.0,0.0,0,0,0,0.0,0.0
859.0,2023-01-21 07:17:59.999,1.0,long,1220.8521548040535,-20.299967340546054,0.4095499999999999,13.3715,0.4093,13.349,46773.0,453.25,0.0,10000.0,0.0,0.0,0.0,0.0,0,0,0,0.0,0.0
860.0,2023-01-21 07:18:59.999,1.0,long,1220.8521548040535,-20.299967340546054,0.4095499999999999,13.3715,0.4093,13.346,90073.0,196.91,0.0,10000.0,0.0,0.0,0.0,0.0,0,0,0,0.0,0.0
861.0,2023-01-21 07:19:59.999,1.0,long,1220.8521548040535,-20.299967340546054,0.4095499999999999,13.3715,0.4095499999999999,13.349,101850.0,578.88,0.0,10000.0,0.0,0.0,0.0,0.0,0,0,0,0.0,0.0
862.0,2023-01-21 07:20:59.999,1.0,long,1220.8521548040535,-20.299967340546054,0.4095499999999999,13.3715,0.4098,13.35,53449.0,385.24,0.0,10000.0,0.0,0.0,0.0,0.0,0,0,0,0.0,0.0
863.0,2023-01-21 07:21:59.999,1.0,long,1220.8521548040535,-20.299967340546054,0.4095499999999999,13.3715,0.41,13.351,64652.0,528.53,0.0,10000.0,0.0,0.0,0.0,0.0,0,0,0,0.0,0.0
864.0,2023-01-21 07:22:59.999,1.0,long,1220.8521548040535,-20.299967340546054,0.4095499999999999,13.3715,0.4101,13.35,219648.0,345.31,0.0,10000.0,0.0,0.0,0.0,0.0,0,0,0,0.0,0.0
865.0,2023-01-21 07:23:59.999,1.0,long,1220.8521548040535,-20.299967340546054,0.4095499999999999,13.3715,0.4101,13.3535,85474.0,822.28,0.0,10000.0,0.0,0.0,0.0,0.0,0,0,0,0.0,0.0
866.0,2023-01-21 07:24:59.999,1.0,long,1220.8521548040535,-20.299967340546054,0.4095499999999999,13.3715,0.41,13.3555,106065.0,295.21,0.0,10000.0,0.0,0.0,0.0,0.0,0,0,0,0.0,0.0
867.0,2023-01-21 07:25:59.999,1.0,long,1220.8521548040535,-20.299967340546054,0.4095499999999999,13.3715,0.41005,13.348,161281.0,1437.87,0.0,10000.0,0.0,0.0,0.0,0.0,0,0,0,0.0,0.0
868.0,2023-01-21 07:26:59.999,1.0,long,1220.8521548040535,-20.299967340546054,0.4095499999999999,13.3715,0.41025,13.3525,156585.0,1446.45,0.0,10000.0,0.0,0.0,0.0,0.0,0,0,0,0.0,0.0
869.0,2023-01-21 07:27:59.999,1.0,long,1220.8521548040535,-20.299967340546054,0.4095499999999999,13.3715,0.41025,13.351,85279.0,1112.98,0.0,10000.0,0.0,0.0,0.0,0.0,0,0,0,0.0,0.0
870.0,2023-01-21 07:28:59.999,1.0,long,1220.8521548040535,-20.299967340546054,0.4095499999999999,13.3715,0.41005,13.335,190099.0,677.7,0.0,10000.0,0.0,0.0,0.0,0.0,0,0,0,0.0,0.0
871.0,2023-01-21 07:29:59.999,1.0,long,1220.8521548040535,-20.299967340546054,0.4095499999999999,13.3715,0.41005,13.331,93620.0,222.86,0.0,10000.0,0.0,0.0,0.0,0.0,0,0,0,0.0,0.0
872.0,2023-01-21 07:30:59.999,1.0,long,1220.8521548040535,-20.299967340546054,0.4095499999999999,13.3715,0.40995,13.323,44638.0,391.41,0.0,10000.0,0.0,0.0,0.0,0.0,0,0,0,0.0,0.0
873.0,2023-01-21 07:31:59.999,1.0,long,1220.8521548040535,-20.299967340546054,0.4095499999999999,13.3715,0.4096499999999999,13.3175,114608.0,1647.96,0.0,10000.0,0.0,0.0,0.0,0.0,0,0,0,0.0,0.0
874.0,2023-01-21 07:32:59.999,1.0,long,1220.8521548040535,-20.299967340546054,0.4095499999999999,13.3715,0.4095499999999999,13.3135,106444.0,1364.0,0.0,10000.0,0.0,0.0,0.0,0.0,0,0,0,0.0,0.0
875.0,2023-01-21 07:33:59.999,1.0,long,1220.8521548040535,-20.299967340546054,0.4095499999999999,13.3715,0.40935,13.307,517177.0,1115.71,0.0,10000.0,0.0,0.0,0.0,0.0,0,0,0,0.0,0.0
876.0,2023-01-21 07:34:59.999,1.0,long,1220.8521548040535,-20.299967340546054,0.4095499999999999,13.3715,0.4089,13.297,361988.0,2082.51,0.0,10000.0,0.0,0.0,0.0,0.0,0,0,0,0.0,0.0
877.0,2023-01-21 07:35:59.999,1.0,long,1220.8521548040535,-20.299967340546054,0.4095499999999999,13.3715,0.409,13.29,126408.0,1178.93,0.0,10000.0,0.0,0.0,0.0,0.0,0,0,0,0.0,0.0
878.0,2023-01-21 07:36:59.999,1.0,long,1220.8521548040535,-20.299967340546054,0.4095499999999999,13.3715,0.40895,13.289,177933.0,75.62,0.0,10000.0,0.0,0.0,0.0,0.0,0,0,0,0.0,0.0
879.0,2023-01-21 07:37:59.999,1.0,long,1220.8521548040535,-20.299967340546054,0.4095499999999999,13.3715,0.40905,13.2925,88274.0,1015.08,0.0,10000.0,0.0,0.0,0.0,0.0,0,0,0,0.0,0.0
880.0,2023-01-21 07:38:59.999,1.0,long,1220.8521548040535,-20.299967340546054,0.4095499999999999,13.3715,0.4092,13.302,214607.0,1082.67,0.0,10000.0,0.0,0.0,0.0,0.0,0,0,0,0.0,0.0
881.0,2023-01-21 07:39:59.999,1.0,long,1220.8521548040535,-20.299967340546054,0.4095499999999999,13.3715,0.4095,13.306,38815.0,370.32,0.0,10000.0,0.0,0.0,0.0,0.0,0,0,0,0.0,0.0
882.0,2023-01-21 07:40:59.999,1.0,long,1220.8521548040535,-20.299967340546054,0.4095499999999999,13.3715,0.4095999999999999,13.3045,107185.0,694.51,0.0,10000.0,0.0,0.0,0.0,0.0,0,0,0,0.0,0.0
883.0,2023-01-21 07:41:59.999,1.0,long,1220.8521548040535,-20.299967340546054,0.4095499999999999,13.3715,0.4096499999999999,13.3005,49191.0,382.4,0.0,10000.0,0.0,0.0,0.0,0.0,0,0,0,0.0,0.0
884.0,2023-01-21 07:42:59.999,1.0,long,1220.8521548040535,-20.299967340546054,0.4095499999999999,13.3715,0.4098,13.3095,117171.0,837.36,0.0,10000.0,0.0,0.0,0.0,0.0,0,0,0,0.0,0.0
885.0,2023-01-21 07:43:59.999,1.0,long,1220.8521548040535,-20.299967340546054,0.4095499999999999,13.3715,0.4102,13.3175,222470.0,887.65,0.0,10000.0,0.0,0.0,0.0,0.0,0,0,0,0.0,0.0
886.0,2023-01-21 07:44:59.999,1.0,long,1220.8521548040535,-20.299967340546054,0.4095499999999999,13.3715,0.41045,13.3225,211653.0,921.22,0.0,10000.0,0.0,0.0,0.0,0.0,0,0,0,0.0,0.0
887.0,2023-01-21 07:45:59.999,1.0,long,1220.8521548040535,-20.299967340546054,0.4095499999999999,13.3715,0.4105499999999999,13.3245,156276.0,1300.7,0.0,10000.0,0.0,0.0,0.0,0.0,0,0,0,0.0,0.0
888.0,2023-01-21 07:46:59.999,1.0,long,1220.8521548040535,-20.299967340546054,0.4095499999999999,13.3715,0.4105499999999999,13.3335,66460.0,3665.19,0.0,10000.0,0.0,0.0,0.0,0.0,0,0,0,0.0,0.0
889.0,2023-01-21 07:47:59.999,1.0,long,1220.8521548040535,-20.299967340546054,0.4095499999999999,13.3715,0.4105499999999999,13.3385,159288.0,400.52,0.0,10000.0,0.0,0.0,0.0,0.0,0,0,0,0.0,0.0
890.0,2023-01-21 07:48:59.999,1.0,long,1220.8521548040535,-20.299967340546054,0.4095499999999999,13.3715,0.41075,13.3395,154249.0,427.08,0.0,10000.0,0.0,0.0,0.0,0.0,0,0,0,0.0,0.0
891.0,2023-01-21 07:49:59.999,1.0,long,1220.8521548040535,-20.299967340546054,0.4095499999999999,13.3715,0.41075,13.3375,91961.0,545.75,0.0,10000.0,0.0,0.0,0.0,0.0,0,0,0,0.0,0.0
892.0,2023-01-21 07:50:59.999,1.0,long,1220.8521548040535,-20.299967340546054,0.4095499999999999,13.3715,0.41085,13.332,361981.0,587.4,0.0,10000.0,0.0,0.0,0.0,0.0,0,0,0,0.0,0.0
893.0,2023-01-21 07:51:59.999,1.0,long,1220.8521548040535,-20.299967340546054,0.4095499999999999,13.3715,0.41095,13.336,136193.0,751.5,0.0,10000.0,0.0,0.0,0.0,0.0,0,0,0,0.0,0.0
894.0,2023-01-21 07:52:59.999,1.0,long,1220.8521548040535,-20.299967340546054,0.4095499999999999,13.3715,0.4106499999999999,13.3255,460380.0,1443.0,0.0,10000.0,0.0,0.0,0.0,0.0,0,0,0,0.0,0.0
895.0,2023-01-21 07:53:59.999,1.0,long,1220.8521548040535,-20.299967340546054,0.4095499999999999,13.3715,0.4103,13.3005,57552.0,2235.02,0.0,10000.0,0.0,0.0,0.0,0.0,0,0,0,0.0,0.0
896.0,2023-01-21 07:54:59.999,1.0,long,1220.8521548040535,-20.299967340546054,0.4095499999999999,13.3715,0.4101,13.2815,169967.0,1780.85,0.0,10000.0,0.0,0.0,0.0,0.0,0,0,0,0.0,0.0
897.0,2023-01-21 07:55:59.999,1.0,long,1220.8521548040535,-20.299967340546054,0.4095499999999999,13.3715,0.41015,13.2865,114334.0,385.46,0.0,10000.0,0.0,0.0,0.0,0.0,0,0,0,0.0,0.0
898.0,2023-01-21 07:56:59.999,1.0,long,1220.8521548040535,-20.299967340546054,0.4095499999999999,13.3715,0.41,13.294,60906.0,163.25,0.0,10000.0,0.0,0.0,0.0,0.0,0,0,0,0.0,0.0
899.0,2023-01-21 07:57:59.999,1.0,long,1220.8521548040535,-20.299967340546054,0.4095499999999999,13.3715,0.41005,13.2815,57607.0,133.69,0.0,10000.0,0.0,0.0,0.0,0.0,0,0,0,0.0,0.0
900.0,2023-01-21 07:58:59.999,1.0,long,1220.8521548040535,-20.299967340546054,0.4095499999999999,13.3715,0.4102,13.282,87562.0,420.3,0.0,10000.0,0.0,0.0,0.0,0.0,0,0,0,0.0,0.0
901.0,2023-01-21 07:59:59.999,1.0,,0.0,0.0,,,0.4104,13.2905,108908.0,837.16,4.0,10001.910883959385,1.0377243315835345,1.6442973545842205,-0.5005188621657918,-0.27061886461681944,84,1,0,0.0001910883959383991,0.0001910883959383991
902.0,2023-01-21 08:00:59.999,1.0,,0.0,0.0,,,0.4104,13.2975,69783.0,1034.42,0.0,10001.910883959385,0.0,0.0,0.0,0.0,0,0,0,0.0,0.0001910883959383991
903.0,2023-01-21 08:01:59.999,1.0,,0.0,0.0,,,0.41045,13.316,205619.0,1342.51,0.0,10001.910883959385,0.0,0.0,0.0,0.0,0,0,0,0.0,0.0001910883959383991
904.0,2023-01-21 08:02:59.999,1.0,,0.0,0.0,,,0.41065,13.319,127346.0,981.48,3.0,10001.910883959385,0.0,0.0,0.0,0.0,0,0,0,0.0,0.0001910883959383991
905.0,2023-01-21 08:03:59.999,1.0,,0.0,0.0,,,0.41105,13.325,157749.0,438.96,0.0,10001.910883959385,0.0,0.0,0.0,0.0,0,0,0,0.0,0.0001910883959383991
906.0,2023-01-21 08:04:59.999,1.0,,0.0,0.0,,,0.411,13.327,93153.0,962.45,4.0,10001.910883959385,0.0,0.0,0.0,0.0,0,0,0,0.0,0.0001910883959383991
907.0,2023-01-21 08:05:59.999,1.0,,0.0,0.0,,,0.41095,13.331499999999998,258571.0,490.84,0.0,10001.910883959385,0.0,0.0,0.0,0.0,0,0,0,0.0,0.0001910883959383991
908.0,2023-01-21 08:06:59.999,1.0,,0.0,0.0,,,0.4111,13.333,129738.0,369.64,3.0,10001.910883959385,0.0,0.0,0.0,0.0,0,0,0,0.0,0.0001910883959383991
909.0,2023-01-21 08:07:59.999,1.0,,0.0,0.0,,,0.41115,13.337,222084.0,725.84,4.0,10001.910883959385,0.0,0.0,0.0,0.0,0,0,0,0.0,0.0001910883959383991
910.0,2023-01-21 08:08:59.999,1.0,,0.0,0.0,,,0.4112,13.343,116106.0,515.74,0.0,10001.910883959385,0.0,0.0,0.0,0.0,0,0,0,0.0,0.0001910883959383991
911.0,2023-01-21 08:09:59.999,1.0,,0.0,0.0,,,0.4113,13.347,599564.0,458.64,0.0,10001.910883959385,0.0,0.0,0.0,0.0,0,0,0,0.0,0.0001910883959383991
912.0,2023-01-21 08:10:59.999,1.0,,0.0,0.0,,,0.41125,13.347,239021.0,2729.9,0.0,10001.910883959385,0.0,0.0,0.0,0.0,0,0,0,0.0,0.0001910883959383991
913.0,2023-01-21 08:11:59.999,1.0,,0.0,0.0,,,0.4113,13.33,243505.0,824.25,0.0,10001.910883959385,0.0,0.0,0.0,0.0,0,0,0,0.0,0.0001910883959383991
914.0,2023-01-21 08:12:59.999,1.0,,0.0,0.0,,,0.41145,13.338,362212.0,1345.26,0.0,10001.910883959385,0.0,0.0,0.0,0.0,0,0,0,0.0,0.0001910883959383991
915.0,2023-01-21 08:13:59.999,1.0,,0.0,0.0,,,0.4115,13.341,310735.0,104.54,0.0,10001.910883959385,0.0,0.0,0.0,0.0,0,0,0,0.0,0.0001910883959383991
916.0,2023-01-21 08:14:59.999,1.0,,0.0,0.0,,,0.41175,13.3435,652205.0,412.3,0.0,10001.910883959385,0.0,0.0,0.0,0.0,0,0,0,0.0,0.0001910883959383991
917.0,2023-01-21 08:15:59.999,1.0,,0.0,0.0,,,0.41135,13.331499999999998,299290.0,532.26,0.0,10001.910883959385,0.0,0.0,0.0,0.0,0,0,0,0.0,0.0001910883959383991
918.0,2023-01-21 08:16:59.999,1.0,,0.0,0.0,,,0.4115499999999999,13.316,159861.0,984.02,0.0,10001.910883959385,0.0,0.0,0.0,0.0,0,0,0,0.0,0.0001910883959383991
919.0,2023-01-21 08:17:59.999,1.0,,0.0,0.0,,,0.41185,13.327,283871.0,185.06,0.0,10001.910883959385,0.0,0.0,0.0,0.0,0,0,0,0.0,0.0001910883959383991
920.0,2023-01-21 08:18:59.999,1.0,,0.0,0.0,,,0.41205,13.336,443078.0,146.95,0.0,10001.910883959385,0.0,0.0,0.0,0.0,0,0,0,0.0,0.0001910883959383991
921.0,2023-01-21 08:19:59.999,1.0,,0.0,0.0,,,0.4115499999999999,13.3355,343425.0,390.97,0.0,10001.910883959385,0.0,0.0,0.0,0.0,0,0,0,0.0,0.0001910883959383991
922.0,2023-01-21 08:20:59.999,1.0,,0.0,0.0,,,0.41125,13.3325,226690.0,586.72,0.0,10001.910883959385,0.0,0.0,0.0,0.0,0,0,0,0.0,0.0001910883959383991
923.0,2023-01-21 08:21:59.999,1.0,,0.0,0.0,,,0.41125,13.322500000000002,367940.0,645.81,0.0,10001.910883959385,0.0,0.0,0.0,0.0,0,0,0,0.0,0.0001910883959383991
924.0,2023-01-21 08:22:59.999,1.0,,0.0,0.0,,,0.4114,13.3145,107898.0,146.26,0.0,10001.910883959385,0.0,0.0,0.0,0.0,0,0,0,0.0,0.0001910883959383991
925.0,2023-01-21 08:23:59.999,1.0,,0.0,0.0,,,0.4112,13.307,60964.0,902.98,0.0,10001.910883959385,0.0,0.0,0.0,0.0,0,0,0,0.0,0.0001910883959383991
926.0,2023-01-21 08:24:59.999,1.0,,0.0,0.0,,,0.41095,13.303,375602.0,136.35,0.0,10001.910883959385,0.0,0.0,0.0,0.0,0,0,0,0.0,0.0001910883959383991
927.0,2023-01-21 08:25:59.999,1.0,,0.0,0.0,,,0.4105999999999999,13.296,227681.0,240.92,0.0,10001.910883959385,0.0,0.0,0.0,0.0,0,0,0,0.0,0.0001910883959383991
928.0,2023-01-21 08:26:59.999,1.0,,0.0,0.0,,,0.4102,13.2825,302241.0,2590.13,0.0,10001.910883959385,0.0,0.0,0.0,0.0,0,0,0,0.0,0.0001910883959383991
929.0,2023-01-21 08:27:59.999,1.0,,0.0,0.0,,,0.40985,13.275,84771.0,698.05,0.0,10001.910883959385,0.0,0.0,0.0,0.0,0,0,0,0.0,0.0001910883959383991
930.0,2023-01-21 08:28:59.999,1.0,,0.0,0.0,,,0.4095999999999999,13.2675,71369.0,409.98,3.0,10001.910883959385,0.0,0.0,0.0,0.0,0,0,0,0.0,0.0001910883959383991
931.0,2023-01-21 08:29:59.999,1.0,,0.0,0.0,,,0.4092,13.2615,492284.0,867.93,0.0,10001.910883959385,0.0,0.0,0.0,0.0,0,0,0,0.0,0.0001910883959383991
932.0,2023-01-21 08:30:59.999,1.0,,0.0,0.0,,,0.4094,13.264,176211.0,711.58,0.0,10001.910883959385,0.0,0.0,0.0,0.0,0,0,0,0.0,0.0001910883959383991
933.0,2023-01-21 08:31:59.999,1.0,,0.0,0.0,,,0.4095499999999999,13.2785,154409.0,1651.54,0.0,10001.910883959385,0.0,0.0,0.0,0.0,0,0,0,0.0,0.0001910883959383991
934.0,2023-01-21 08:32:59.999,1.0,,0.0,0.0,,,0.4096999999999999,13.286,175596.0,202.06,0.0,10001.910883959385,0.0,0.0,0.0,0.0,0,0,0,0.0,0.0001910883959383991
935.0,2023-01-21 08:33:59.999,1.0,,0.0,0.0,,,0.40985,13.289,161478.0,142.74,0.0,10001.910883959385,0.0,0.0,0.0,0.0,0,0,0,0.0,0.0001910883959383991
936.0,2023-01-21 08:34:59.999,1.0,,0.0,0.0,,,0.40975,13.2895,109382.0,721.71,0.0,10001.910883959385,0.0,0.0,0.0,0.0,0,0,0,0.0,0.0001910883959383991
937.0,2023-01-21 08:35:59.999,1.0,,0.0,0.0,,,0.4098,13.291,152822.0,41.98,0.0,10001.910883959385,0.0,0.0,0.0,0.0,0,0,0,0.0,0.0001910883959383991
938.0,2023-01-21 08:36:59.999,1.0,,0.0,0.0,,,0.41,13.3065,96219.0,2329.77,0.0,10001.910883959385,0.0,0.0,0.0,0.0,0,0,0,0.0,0.0001910883959383991
939.0,2023-01-21 08:37:59.999,1.0,,0.0,0.0,,,0.41035,13.323,114066.0,596.15,0.0,10001.910883959385,0.0,0.0,0.0,0.0,0,0,0,0.0,0.0001910883959383991
940.0,2023-01-21 08:38:59.999,1.0,,0.0,0.0,,,0.4105999999999999,13.327,79119.0,249.24,0.0,10001.910883959385,0.0,0.0,0.0,0.0,0,0,0,0.0,0.0001910883959383991
941.0,2023-01-21 08:39:59.999,1.0,,0.0,0.0,,,0.4106999999999999,13.3215,102167.0,255.89,0.0,10001.910883959385,0.0,0.0,0.0,0.0,0,0,0,0.0,0.0001910883959383991
942.0,2023-01-21 08:40:59.999,1.0,,0.0,0.0,,,0.41115,13.32,397662.0,2925.04,0.0,10001.910883959385,0.0,0.0,0.0,0.0,0,0,0,0.0,0.0001910883959383991
943.0,2023-01-21 08:41:59.999,1.0,,0.0,0.0,,,0.41145,13.3085,364757.0,271.43,4.0,10001.910883959385,0.0,0.0,0.0,0.0,0,0,0,0.0,0.0001910883959383991
944.0,2023-01-21 08:42:59.999,1.0,,0.0,0.0,,,0.4115999999999999,13.31,79982.0,196.75,0.0,10001.910883959385,0.0,0.0,0.0,0.0,0,0,0,0.0,0.0001910883959383991
945.0,2023-01-21 08:43:59.999,1.0,,0.0,0.0,,,0.41175,13.3165,101959.0,98.54,0.0,10001.910883959385,0.0,0.0,0.0,0.0,0,0,0,0.0,0.0001910883959383991
946.0,2023-01-21 08:44:59.999,1.0,,0.0,0.0,,,0.4116499999999999,13.315,263938.0,488.35,0.0,10001.910883959385,0.0,0.0,0.0,0.0,0,0,0,0.0,0.0001910883959383991
947.0,2023-01-21 08:45:59.999,1.0,,0.0,0.0,,,0.41195,13.309,99888.0,689.99,0.0,10001.910883959385,0.0,0.0,0.0,0.0,0,0,0,0.0,0.0001910883959383991
948.0,2023-01-21 08:46:59.999,1.0,,0.0,0.0,,,0.41175,13.3035,95524.0,884.27,0.0,10001.910883959385,0.0,0.0,0.0,0.0,0,0,0,0.0,0.0001910883959383991
949.0,2023-01-21 08:47:59.999,1.0,,0.0,0.0,,,0.4115499999999999,13.3,160965.0,565.84,0.0,10001.910883959385,0.0,0.0,0.0,0.0,0,0,0,0.0,0.0001910883959383991
950.0,2023-01-21 08:48:59.999,1.0,,0.0,0.0,,,0.41115,13.295,83475.0,624.95,0.0,10001.910883959385,0.0,0.0,0.0,0.0,0,0,0,0.0,0.0001910883959383991
951.0,2023-01-21 08:49:59.999,1.0,,0.0,0.0,,,0.4107,13.2965,307374.0,430.34,0.0,10001.910883959385,0.0,0.0,0.0,0.0,0,0,0,0.0,0.0001910883959383991
952.0,2023-01-21 08:50:59.999,1.0,,0.0,0.0,,,0.41025,13.29,139772.0,166.76,0.0,10001.910883959385,0.0,0.0,0.0,0.0,0,0,0,0.0,0.0001910883959383991
953.0,2023-01-21 08:51:59.999,1.0,,0.0,0.0,,,0.4102,13.2855,113912.0,974.28,3.0,10001.910883959385,0.0,0.0,0.0,0.0,0,0,0,0.0,0.0001910883959383991
954.0,2023-01-21 08:52:59.999,1.0,,0.0,0.0,,,0.4102,13.284,63998.0,116.73,0.0,10001.910883959385,0.0,0.0,0.0,0.0,0,0,0,0.0,0.0001910883959383991
955.0,2023-01-21 08:53:59.999,1.0,,0.0,0.0,,,0.4104,13.2925,144199.0,570.76,0.0,10001.910883959385,0.0,0.0,0.0,0.0,0,0,0,0.0,0.0001910883959383991
956.0,2023-01-21 08:54:59.999,1.0,,0.0,0.0,,,0.4108,13.3055,134979.0,470.48,4.0,10001.910883959385,0.0,0.0,0.0,0.0,0,0,0,0.0,0.0001910883959383991
957.0,2023-01-21 08:55:59.999,1.0,,0.0,0.0,,,0.4109,13.31,40390.0,225.98,0.0,10001.910883959385,0.0,0.0,0.0,0.0,0,0,0,0.0,0.0001910883959383991
958.0,2023-01-21 08:56:59.999,1.0,,0.0,0.0,,,0.4105999999999999,13.303,159893.0,319.71,0.0,10001.910883959385,0.0,0.0,0.0,0.0,0,0,0,0.0,0.0001910883959383991
959.0,2023-01-21 08:57:59.999,1.0,,0.0,0.0,,,0.4099,13.2875,372948.0,2868.5,0.0,10001.910883959385,0.0,0.0,0.0,0.0,0,0,0,0.0,0.0001910883959383991
960.0,2023-01-21 08:58:59.999,1.0,,0.0,0.0,,,0.409,13.253,788045.0,7708.86,3.0,10001.910883959385,0.0,0.0,0.0,0.0,0,0,0,0.0,0.0001910883959383991
961.0,2023-01-21 08:59:59.999,1.0,,0.0,0.0,,,0.40895,13.231,477520.0,610.98,0.0,10001.910883959385,0.0,0.0,0.0,0.0,0,0,0,0.0,0.0001910883959383991
962.0,2023-01-21 09:00:59.999,1.0,,0.0,0.0,,,0.4089,13.234000000000002,509672.0,740.1,0.0,10001.910883959385,0.0,0.0,0.0,0.0,0,0,0,0.0,0.0001910883959383991
963.0,2023-01-21 09:01:59.999,1.0,,0.0,0.0,,,0.4082,13.198,1095107.0,8471.38,0.0,10001.910883959385,0.0,0.0,0.0,0.0,0,0,0,0.0,0.0001910883959383991
964.0,2023-01-21 09:02:59.999,1.0,,0.0,0.0,,,0.40815,13.213,749555.0,3880.3,0.0,10001.910883959385,0.0,0.0,0.0,0.0,0,0,0,0.0,0.0001910883959383991
965.0,2023-01-21 09:03:59.999,1.0,,0.0,0.0,,,0.4085,13.2325,468032.0,866.21,0.0,10001.910883959385,0.0,0.0,0.0,0.0,0,0,0,0.0,0.0001910883959383991
966.0,2023-01-21 09:04:59.999,1.0,,0.0,0.0,,,0.4089,13.2485,110577.0,398.07,0.0,10001.910883959385,0.0,0.0,0.0,0.0,0,0,0,0.0,0.0001910883959383991
967.0,2023-01-21 09:05:59.999,1.0,,0.0,0.0,,,0.4087499999999999,13.243,186499.0,775.21,0.0,10001.910883959385,0.0,0.0,0.0,0.0,0,0,0,0.0,0.0001910883959383991
968.0,2023-01-21 09:06:59.999,1.0,,0.0,0.0,,,0.4087499999999999,13.2365,111262.0,328.28,0.0,10001.910883959385,0.0,0.0,0.0,0.0,0,0,0,0.0,0.0001910883959383991
969.0,2023-01-21 09:07:59.999,1.0,,0.0,0.0,,,0.4091,13.25,84890.0,1046.99,0.0,10001.910883959385,0.0,0.0,0.0,0.0,0,0,0,0.0,0.0001910883959383991
970.0,2023-01-21 09:08:59.999,1.0,,0.0,0.0,,,0.40935,13.2605,239910.0,1816.45,0.0,10001.910883959385,0.0,0.0,0.0,0.0,0,0,0,0.0,0.0001910883959383991
971.0,2023-01-21 09:09:59.999,1.0,,0.0,0.0,,,0.4095,13.266,230662.0,91.19,0.0,10001.910883959385,0.0,0.0,0.0,0.0,0,0,0,0.0,0.0001910883959383991
972.0,2023-01-21 09:10:59.999,1.0,,0.0,0.0,,,0.4095999999999999,13.267,50711.0,1384.66,0.0,10001.910883959385,0.0,0.0,0.0,0.0,0,0,0,0.0,0.0001910883959383991
973.0,2023-01-21 09:11:59.999,1.0,,0.0,0.0,,,0.40975,13.255,147599.0,1339.38,0.0,10001.910883959385,0.0,0.0,0.0,0.0,0,0,0,0.0,0.0001910883959383991
974.0,2023-01-21 09:12:59.999,1.0,,0.0,0.0,,,0.41005,13.261,76030.0,99.5,0.0,10001.910883959385,0.0,0.0,0.0,0.0,0,0,0,0.0,0.0001910883959383991
975.0,2023-01-21 09:13:59.999,1.0,,0.0,0.0,,,0.4102,13.2625,123166.0,444.77,4.0,10001.910883959385,0.0,0.0,0.0,0.0,0,0,0,0.0,0.0001910883959383991
976.0,2023-01-21 09:14:59.999,1.0,,0.0,0.0,,,0.4103,13.263,84746.0,106.23,0.0,10001.910883959385,0.0,0.0,0.0,0.0,0,0,0,0.0,0.0001910883959383991
977.0,2023-01-21 09:15:59.999,1.0,,0.0,0.0,,,0.4104,13.2625,74354.0,416.41,0.0,10001.910883959385,0.0,0.0,0.0,0.0,0,0,0,0.0,0.0001910883959383991
978.0,2023-01-21 09:16:59.999,1.0,,0.0,0.0,,,0.4104,13.2635,87356.0,289.49,0.0,10001.910883959385,0.0,0.0,0.0,0.0,0,0,0,0.0,0.0001910883959383991
979.0,2023-01-21 09:17:59.999,1.0,,0.0,0.0,,,0.4101,13.2595,91688.0,1019.36,0.0,10001.910883959385,0.0,0.0,0.0,0.0,0,0,0,0.0,0.0001910883959383991
980.0,2023-01-21 09:18:59.999,1.0,,0.0,0.0,,,0.4103,13.2645,93481.0,661.45,0.0,10001.910883959385,0.0,0.0,0.0,0.0,0,0,0,0.0,0.0001910883959383991
981.0,2023-01-21 09:19:59.999,1.0,,0.0,0.0,,,0.4105499999999999,13.263,250216.0,1680.66,0.0,10001.910883959385,0.0,0.0,0.0,0.0,0,0,0,0.0,0.0001910883959383991
982.0,2023-01-21 09:20:59.999,1.0,,0.0,0.0,,,0.4104,13.261,23382.0,335.63,0.0,10001.910883959385,0.0,0.0,0.0,0.0,0,0,0,0.0,0.0001910883959383991
983.0,2023-01-21 09:21:59.999,1.0,,0.0,0.0,,,0.41035,13.2605,34495.0,542.72,0.0,10001.910883959385,0.0,0.0,0.0,0.0,0,0,0,0.0,0.0001910883959383991
984.0,2023-01-21 09:22:59.999,1.0,,0.0,0.0,,,0.41035,13.262,70347.0,2700.8,0.0,10001.910883959385,0.0,0.0,0.0,0.0,0,0,0,0.0,0.0001910883959383991
985.0,2023-01-21 09:23:59.999,1.0,,0.0,0.0,,,0.41015,13.2545,63385.0,4667.66,0.0,10001.910883959385,0.0,0.0,0.0,0.0,0,0,0,0.0,0.0001910883959383991
986.0,2023-01-21 09:24:59.999,1.0,,0.0,0.0,,,0.4103,13.251,60973.0,188.38,0.0,10001.910883959385,0.0,0.0,0.0,0.0,0,0,0,0.0,0.0001910883959383991
987.0,2023-01-21 09:25:59.999,1.0,,0.0,0.0,,,0.41025,13.244,36116.0,893.7,0.0,10001.910883959385,0.0,0.0,0.0,0.0,0,0,0,0.0,0.0001910883959383991
988.0,2023-01-21 09:26:59.999,1.0,,0.0,0.0,,,0.4103,13.2335,57132.0,4795.86,0.0,10001.910883959385,0.0,0.0,0.0,0.0,0,0,0,0.0,0.0001910883959383991
989.0,2023-01-21 09:27:59.999,1.0,,0.0,0.0,,,0.4106499999999999,13.228,108836.0,2960.26,0.0,10001.910883959385,0.0,0.0,0.0,0.0,0,0,0,0.0,0.0001910883959383991
990.0,2023-01-21 09:28:59.999,1.0,,0.0,0.0,,,0.4109,13.256,74716.0,10287.35,0.0,10001.910883959385,0.0,0.0,0.0,0.0,0,0,0,0.0,0.0001910883959383991
991.0,2023-01-21 09:29:59.999,1.0,,0.0,0.0,,,0.41095,13.268,37470.0,383.28,0.0,10001.910883959385,0.0,0.0,0.0,0.0,0,0,0,0.0,0.0001910883959383991
992.0,2023-01-21 09:30:59.999,1.0,,0.0,0.0,,,0.41085,13.272,112191.0,504.86,0.0,10001.910883959385,0.0,0.0,0.0,0.0,0,0,0,0.0,0.0001910883959383991
993.0,2023-01-21 09:31:59.999,1.0,,0.0,0.0,,,0.4109,13.284,85085.0,2475.48,0.0,10001.910883959385,0.0,0.0,0.0,0.0,0,0,0,0.0,0.0001910883959383991
994.0,2023-01-21 09:32:59.999,1.0,,0.0,0.0,,,0.41115,13.296,90489.0,439.79,0.0,10001.910883959385,0.0,0.0,0.0,0.0,0,0,0,0.0,0.0001910883959383991
995.0,2023-01-21 09:33:59.999,1.0,,0.0,0.0,,,0.4113,13.3015,113109.0,1489.2,0.0,10001.910883959385,0.0,0.0,0.0,0.0,0,0,0,0.0,0.0001910883959383991
996.0,2023-01-21 09:34:59.999,1.0,,0.0,0.0,,,0.41145,13.3045,329395.0,3799.57,0.0,10001.910883959385,0.0,0.0,0.0,0.0,0,0,0,0.0,0.0001910883959383991
997.0,2023-01-21 09:35:59.999,1.0,,0.0,0.0,,,0.4115,13.3075,207023.0,656.13,0.0,10001.910883959385,0.0,0.0,0.0,0.0,0,0,0,0.0,0.0001910883959383991
998.0,2023-01-21 09:36:59.999,1.0,,0.0,0.0,,,0.41145,13.3115,151544.0,1285.11,0.0,10001.910883959385,0.0,0.0,0.0,0.0,0,0,0,0.0,0.0001910883959383991
999.0,2023-01-21 09:37:59.999,1.0,,0.0,0.0,,,0.4116499999999999,13.322,126937.0,576.49,0.0,10001.910883959385,0.0,0.0,0.0,0.0,0,0,0,0.0,0.0001910883959383991
1000.0,2023-01-21 09:38:59.999,1.0,,0.0,0.0,,,0.4119,13.3285,289527.0,1329.11,0.0,10001.910883959385,0.0,0.0,0.0,0.0,0,0,0,0.0,0.0001910883959383991
1001.0,2023-01-21 09:39:59.999,1.0,,0.0,0.0,,,0.41195,13.33,109659.0,525.33,0.0,10001.910883959385,0.0,0.0,0.0,0.0,0,0,0,0.0,0.0001910883959383991
1002.0,2023-01-21 09:40:59.999,1.0,,0.0,0.0,,,0.4121,13.3365,257235.0,298.83,0.0,10001.910883959385,0.0,0.0,0.0,0.0,0,0,0,0.0,0.0001910883959383991
1003.0,2023-01-21 09:41:59.999,1.0,,0.0,0.0,,,0.41215,13.335,148735.0,2174.91,0.0,10001.910883959385,0.0,0.0,0.0,0.0,0,0,0,0.0,0.0001910883959383991
1004.0,2023-01-21 09:42:59.999,1.0,,0.0,0.0,,,0.4133,13.353,2344325.0,12684.38,0.0,10001.910883959385,0.0,0.0,0.0,0.0,0,0,0,0.0,0.0001910883959383991
1005.0,2023-01-21 09:43:59.999,1.0,,0.0,0.0,,,0.41225,13.321,892973.0,2851.13,0.0,10001.910883959385,0.0,0.0,0.0,0.0,0,0,0,0.0,0.0001910883959383991
1006.0,2023-01-21 09:44:59.999,1.0,,0.0,0.0,,,0.4119,13.337,559145.0,5547.67,0.0,10001.910883959385,0.0,0.0,0.0,0.0,0,0,0,0.0,0.0001910883959383991
1007.0,2023-01-21 09:45:59.999,1.0,,0.0,0.0,,,0.41195,13.3395,411617.0,2144.42,0.0,10001.910883959385,0.0,0.0,0.0,0.0,0,0,0,0.0,0.0001910883959383991
1008.0,2023-01-21 09:46:59.999,1.0,,0.0,0.0,,,0.41215,13.3115,504817.0,5502.98,0.0,10001.910883959385,0.0,0.0,0.0,0.0,0,0,0,0.0,0.0001910883959383991
1009.0,2023-01-21 09:47:59.999,2.0,long,1211.53380179307,-20.392999007859327,0.4127,13.3105,0.4127,13.3105,391874.0,1041.46,2.0,10001.910883959385,0.0,0.0,0.0,0.0,0,0,1,0.0,0.0001910883959383991
1010.0,2023-01-21 09:48:59.999,2.0,long,1211.53380179307,-20.392999007859327,0.4127,13.3105,0.41305,13.329999999999998,207176.0,633.31,0.0,10001.910883959385,0.0,0.0,0.0,0.0,0,0,0,0.0,0.0001910883959383991
1011.0,2023-01-21 09:49:59.999,2.0,long,1211.53380179307,-20.392999007859327,0.4127,13.3105,0.41325,13.3455,225170.0,1830.51,0.0,10001.910883959385,0.0,0.0,0.0,0.0,0,0,0,0.0,0.0001910883959383991
1012.0,2023-01-21 09:50:59.999,2.0,long,1211.53380179307,-20.392999007859327,0.4127,13.3105,0.41325,13.344,191831.0,2073.19,0.0,10001.910883959385,0.0,0.0,0.0,0.0,0,0,0,0.0,0.0001910883959383991
1013.0,2023-01-21 09:51:59.999,2.0,long,1211.53380179307,-20.392999007859327,0.4127,13.3105,0.41285,13.34,236383.0,1543.9,0.0,10001.910883959385,0.0,0.0,0.0,0.0,0,0,0,0.0,0.0001910883959383991
1014.0,2023-01-21 09:52:59.999,2.0,long,1211.53380179307,-20.392999007859327,0.4127,13.3105,0.41295,13.353,219764.0,923.11,0.0,10001.910883959385,0.0,0.0,0.0,0.0,0,0,0,0.0,0.0001910883959383991
1015.0,2023-01-21 09:53:59.999,2.0,long,1211.53380179307,-20.392999007859327,0.4127,13.3105,0.41305,13.358,360718.0,1468.15,0.0,10001.910883959385,0.0,0.0,0.0,0.0,0,0,0,0.0,0.0001910883959383991
1016.0,2023-01-21 09:54:59.999,2.0,long,1211.53380179307,-20.392999007859327,0.4127,13.3105,0.4134,13.354,191303.0,1682.47,0.0,10001.910883959385,0.0,0.0,0.0,0.0,0,0,0,0.0,0.0001910883959383991
1017.0,2023-01-21 09:55:59.999,2.0,long,1211.53380179307,-20.392999007859327,0.4127,13.3105,0.41385,13.3595,233153.0,7710.18,0.0,10001.910883959385,0.0,0.0,0.0,0.0,0,0,0,0.0,0.0001910883959383991
1018.0,2023-01-21 09:56:59.999,2.0,long,1211.53380179307,-20.392999007859327,0.4127,13.3105,0.41415,13.3625,464654.0,5692.39,0.0,10001.910883959385,0.0,0.0,0.0,0.0,0,0,0,0.0,0.0001910883959383991
1019.0,2023-01-21 09:57:59.999,2.0,long,1211.53380179307,-20.392999007859327,0.4127,13.3105,0.4142,13.364,413918.0,1077.25,0.0,10001.910883959385,0.0,0.0,0.0,0.0,0,0,0,0.0,0.0001910883959383991
1020.0,2023-01-21 09:58:59.999,2.0,long,1211.53380179307,-20.392999007859327,0.4127,13.3105,0.4148,13.383,1763655.0,6304.82,0.0,10001.910883959385,0.0,0.0,0.0,0.0,0,0,0,0.0,0.0001910883959383991
1021.0,2023-01-21 09:59:59.999,2.0,long,1211.53380179307,-20.392999007859327,0.4127,13.3105,0.41375,13.3555,628456.0,2626.71,0.0,10001.910883959385,0.0,0.0,0.0,0.0,0,0,0,0.0,0.0001910883959383991
1022.0,2023-01-21 10:00:59.999,2.0,long,1211.53380179307,-20.392999007859327,0.4127,13.3105,0.4133,13.3755,300972.0,1504.68,0.0,10001.910883959385,0.0,0.0,0.0,0.0,0,0,0,0.0,0.0001910883959383991
1023.0,2023-01-21 10:01:59.999,2.0,long,1211.53380179307,-20.392999007859327,0.4127,13.3105,0.4129,13.407,251069.0,8714.62,0.0,10001.910883959385,0.0,0.0,0.0,0.0,0,0,0,0.0,0.0001910883959383991
1024.0,2023-01-21 10:02:59.999,2.0,long,1211.53380179307,-20.392999007859327,0.4127,13.3105,0.41315,13.4145,1051964.0,4953.01,0.0,10001.910883959385,0.0,0.0,0.0,0.0,0,0,0,0.0,0.0001910883959383991
1025.0,2023-01-21 10:03:59.999,2.0,long,1211.53380179307,-20.392999007859327,0.4127,13.3105,0.4131,13.4095,1129150.0,4004.37,2.0,10001.910883959385,0.0,0.0,0.0,0.0,0,0,0,0.0,0.0001910883959383991
1026.0,2023-01-21 10:04:59.999,2.0,long,1211.53380179307,-20.392999007859327,0.4127,13.3105,0.41345,13.409,767213.0,3021.77,2.0,10001.910883959385,0.0,0.0,0.0,0.0,0,0,0,0.0,0.0001910883959383991
1027.0,2023-01-21 10:05:59.999,2.0,long,1211.53380179307,-20.392999007859327,0.4127,13.3105,0.4136499999999999,13.415,738522.0,2274.08,2.0,10001.910883959385,0.0,0.0,0.0,0.0,0,0,0,0.0,0.0001910883959383991
1028.0,2023-01-21 10:06:59.999,2.0,long,1211.53380179307,-20.392999007859327,0.4127,13.3105,0.4138,13.418500000000002,513139.0,1817.3,2.0,10001.910883959385,0.0,0.0,0.0,0.0,0,0,0,0.0,0.0001910883959383991
1029.0,2023-01-21 10:07:59.999,2.0,long,1211.53380179307,-20.392999007859327,0.4127,13.3105,0.41425,13.424,601244.0,235.97,2.0,10001.910883959385,0.0,0.0,0.0,0.0,0,0,0,0.0,0.0001910883959383991
1030.0,2023-01-21 10:08:59.999,2.0,long,1211.53380179307,-20.392999007859327,0.4127,13.3105,0.4148,13.412,678818.0,951.91,2.0,10001.910883959385,0.0,0.0,0.0,0.0,0,0,0,0.0,0.0001910883959383991
1031.0,2023-01-21 10:09:59.999,2.0,long,1211.53380179307,-20.392999007859327,0.4127,13.3105,0.4149,13.413,180446.0,1281.98,2.0,10001.910883959385,0.0,0.0,0.0,0.0,0,0,0,0.0,0.0001910883959383991
1032.0,2023-01-21 10:10:59.999,2.0,long,1211.53380179307,-20.392999007859327,0.4127,13.3105,0.41505,13.415,225863.0,1078.11,0.0,10001.910883959385,0.0,0.0,0.0,0.0,0,0,0,0.0,0.0001910883959383991
1033.0,2023-01-21 10:11:59.999,2.0,long,1211.53380179307,-20.392999007859327,0.4127,13.3105,0.41525,13.427,881715.0,3738.6,0.0,10001.910883959385,0.0,0.0,0.0,0.0,0,0,0,0.0,0.0001910883959383991
1034.0,2023-01-21 10:12:59.999,2.0,long,1211.53380179307,-20.392999007859327,0.4127,13.3105,0.4152,13.441,354383.0,2110.75,0.0,10001.910883959385,0.0,0.0,0.0,0.0,0,0,0,0.0,0.0001910883959383991
1035.0,2023-01-21 10:13:59.999,2.0,long,1211.53380179307,-20.392999007859327,0.4127,13.3105,0.41535,13.4475,485081.0,2863.73,0.0,10001.910883959385,0.0,0.0,0.0,0.0,0,0,0,0.0,0.0001910883959383991
1036.0,2023-01-21 10:14:59.999,2.0,long,1211.53380179307,-20.392999007859327,0.4127,13.3105,0.41605,13.4575,853169.0,3675.27,0.0,10001.910883959385,0.0,0.0,0.0,0.0,0,0,0,0.0,0.0001910883959383991
1037.0,2023-01-21 10:15:59.999,2.0,long,1211.53380179307,-20.392999007859327,0.4127,13.3105,0.41585,13.4535,639552.0,1611.04,0.0,10001.910883959385,0.0,0.0,0.0,0.0,0,0,0,0.0,0.0001910883959383991
1038.0,2023-01-21 10:16:59.999,2.0,long,1211.53380179307,-20.392999007859327,0.4127,13.3105,0.41575,13.453,371684.0,2976.3,0.0,10001.910883959385,0.0,0.0,0.0,0.0,0,0,0,0.0,0.0001910883959383991
1039.0,2023-01-21 10:17:59.999,2.0,long,1211.53380179307,-20.392999007859327,0.4127,13.3105,0.4153,13.436,690820.0,1268.81,0.0,10001.910883959385,0.0,0.0,0.0,0.0,0,0,0,0.0,0.0001910883959383991
1040.0,2023-01-21 10:18:59.999,2.0,long,1211.53380179307,-20.392999007859327,0.4127,13.3105,0.41535,13.437,276077.0,5787.5,0.0,10001.910883959385,0.0,0.0,0.0,0.0,0,0,0,0.0,0.0001910883959383991
1041.0,2023-01-21 10:19:59.999,2.0,long,1211.53380179307,-20.392999007859327,0.4127,13.3105,0.4157499999999999,13.4535,145667.0,1570.76,2.0,10001.910883959385,0.0,0.0,0.0,0.0,0,0,0,0.0,0.0001910883959383991
1042.0,2023-01-21 10:20:59.999,2.0,long,1211.53380179307,-20.392999007859327,0.4127,13.3105,0.41605,13.4675,193817.0,1838.86,0.0,10001.910883959385,0.0,0.0,0.0,0.0,0,0,0,0.0,0.0001910883959383991
1043.0,2023-01-21 10:21:59.999,2.0,long,1211.53380179307,-20.392999007859327,0.4127,13.3105,0.41585,13.474,400452.0,948.61,0.0,10001.910883959385,0.0,0.0,0.0,0.0,0,0,0,0.0,0.0001910883959383991
1044.0,2023-01-21 10:22:59.999,2.0,long,1211.53380179307,-20.392999007859327,0.4127,13.3105,0.4154,13.4815,408425.0,1161.27,0.0,10001.910883959385,0.0,0.0,0.0,0.0,0,0,0,0.0,0.0001910883959383991
1045.0,2023-01-21 10:23:59.999,2.0,long,1211.53380179307,-20.392999007859327,0.4127,13.3105,0.4153,13.489,310444.0,3435.8,0.0,10001.910883959385,0.0,0.0,0.0,0.0,0,0,0,0.0,0.0001910883959383991
1046.0,2023-01-21 10:24:59.999,2.0,long,1211.53380179307,-20.392999007859327,0.4127,13.3105,0.41515,13.484,244045.0,1097.75,0.0,10001.910883959385,0.0,0.0,0.0,0.0,0,0,0,0.0,0.0001910883959383991
1047.0,2023-01-21 10:25:59.999,2.0,long,1211.53380179307,-20.392999007859327,0.4127,13.3105,0.4136999999999999,13.4265,1115703.0,4096.09,2.0,10001.910883959385,0.0,0.0,0.0,0.0,0,0,0,0.0,0.0001910883959383991
1048.0,2023-01-21 10:26:59.999,2.0,long,1211.53380179307,-20.392999007859327,0.4127,13.3105,0.40635,13.224,8298317.0,32918.65,2.0,10001.910883959385,0.0,0.0,0.0,0.0,0,0,0,0.0,0.0001910883959383991
1049.0,2023-01-21 10:27:59.999,2.0,long,1211.53380179307,-20.392999007859327,0.4127,13.3105,0.4038,13.182,7253023.0,22135.08,2.0,10001.910883959385,0.0,0.0,0.0,0.0,0,0,0,0.0,0.0001910883959383991
1050.0,2023-01-21 10:28:59.999,2.0,long,1211.53380179307,-20.392999007859327,0.4127,13.3105,0.40445,13.1905,4360055.0,28320.31,0.0,10001.910883959385,0.0,0.0,0.0,0.0,0,0,0,0.0,0.0001910883959383991
1051.0,2023-01-21 10:29:59.999,2.0,long,1211.53380179307,-20.392999007859327,0.4127,13.3105,0.40515,13.1715,2315315.0,9666.04,0.0,10001.910883959385,0.0,0.0,0.0,0.0,0,0,0,0.0,0.0001910883959383991
1052.0,2023-01-21 10:30:59.999,2.0,long,1211.53380179307,-20.392999007859327,0.4127,13.3105,0.40065,13.011,5791381.0,47180.1,0.0,10001.910883959385,0.0,0.0,0.0,0.0,0,0,0,0.0,0.0001910883959383991
1053.0,2023-01-21 10:31:59.999,2.0,long,1211.53380179307,-20.392999007859327,0.4127,13.3105,0.4014999999999999,13.0045,4784755.0,22224.38,0.0,10001.910883959385,0.0,0.0,0.0,0.0,0,0,0,0.0,0.0001910883959383991
1054.0,2023-01-21 10:32:59.999,2.0,long,1211.53380179307,-20.392999007859327,0.4127,13.3105,0.40335,13.0755,1917309.0,6737.7,0.0,10001.910883959385,0.0,0.0,0.0,0.0,0,0,0,0.0,0.0001910883959383991
1055.0,2023-01-21 10:33:59.999,2.0,long,1211.53380179307,-20.392999007859327,0.4127,13.3105,0.4044,13.1125,1686932.0,3871.95,0.0,10001.910883959385,0.0,0.0,0.0,0.0,0,0,0,0.0,0.0001910883959383991
1056.0,2023-01-21 10:34:59.999,2.0,long,1211.53380179307,-20.392999007859327,0.4127,13.3105,0.4043,13.095,1399412.0,3406.95,0.0,10001.910883959385,0.0,0.0,0.0,0.0,0,0,0,0.0,0.0001910883959383991
1057.0,2023-01-21 10:35:59.999,2.0,long,1211.53380179307,-20.392999007859327,0.4127,13.3105,0.40425,13.094,2223273.0,7378.95,0.0,10001.910883959385,0.0,0.0,0.0,0.0,0,0,0,0.0,0.0001910883959383991
1058.0,2023-01-21 10:36:59.999,2.0,long,1211.53380179307,-20.392999007859327,0.4127,13.3105,0.40475,13.118,1368720.0,5192.81,0.0,10001.910883959385,0.0,0.0,0.0,0.0,0,0,0,0.0,0.0001910883959383991
1059.0,2023-01-21 10:37:59.999,2.0,long,1211.53380179307,-20.392999007859327,0.4127,13.3105,0.40565,13.162,1236297.0,5124.04,0.0,10001.910883959385,0.0,0.0,0.0,0.0,0,0,0,0.0,0.0001910883959383991
1060.0,2023-01-21 10:38:59.999,2.0,long,1211.53380179307,-20.392999007859327,0.4127,13.3105,0.4061,13.1895,1725850.0,3105.86,0.0,10001.910883959385,0.0,0.0,0.0,0.0,0,0,0,0.0,0.0001910883959383991
1061.0,2023-01-21 10:39:59.999,2.0,long,1211.53380179307,-20.392999007859327,0.4127,13.3105,0.40675,13.205,585177.0,1236.99,0.0,10001.910883959385,0.0,0.0,0.0,0.0,0,0,0,0.0,0.0001910883959383991
1062.0,2023-01-21 10:40:59.999,2.0,long,1211.53380179307,-20.392999007859327,0.4127,13.3105,0.4069,13.225,314413.0,5432.33,0.0,10001.910883959385,0.0,0.0,0.0,0.0,0,0,0,0.0,0.0001910883959383991
1063.0,2023-01-21 10:41:59.999,2.0,long,1211.53380179307,-20.392999007859327,0.4127,13.3105,0.4068,13.229,1285293.0,2135.25,0.0,10001.910883959385,0.0,0.0,0.0,0.0,0,0,0,0.0,0.0001910883959383991
1064.0,2023-01-21 10:42:59.999,2.0,long,1211.53380179307,-20.392999007859327,0.4127,13.3105,0.4066,13.203,804002.0,3901.65,0.0,10001.910883959385,0.0,0.0,0.0,0.0,0,0,0,0.0,0.0001910883959383991
1065.0,2023-01-21 10:43:59.999,2.0,long,1211.53380179307,-20.392999007859327,0.4127,13.3105,0.4068,13.1835,1585676.0,1415.51,0.0,10001.910883959385,0.0,0.0,0.0,0.0,0,0,0,0.0,0.0001910883959383991
1066.0,2023-01-21 10:44:59.999,2.0,long,1211.53380179307,-20.392999007859327,0.4127,13.3105,0.407,13.183,556179.0,1228.82,0.0,10001.910883959385,0.0,0.0,0.0,0.0,0,0,0,0.0,0.0001910883959383991
1067.0,2023-01-21 10:45:59.999,2.0,long,1211.53380179307,-20.392999007859327,0.4127,13.3105,0.40765,13.1805,642494.0,1114.56,0.0,10001.910883959385,0.0,0.0,0.0,0.0,0,0,0,0.0,0.0001910883959383991
1068.0,2023-01-21 10:46:59.999,2.0,long,1211.53380179307,-20.392999007859327,0.4127,13.3105,0.4082,13.182,695302.0,1624.82,0.0,10001.910883959385,0.0,0.0,0.0,0.0,0,0,0,0.0,0.0001910883959383991
1069.0,2023-01-21 10:47:59.999,2.0,long,1211.53380179307,-20.392999007859327,0.4127,13.3105,0.40845,13.1875,441195.0,794.87,0.0,10001.910883959385,0.0,0.0,0.0,0.0,0,0,0,0.0,0.0001910883959383991
1070.0,2023-01-21 10:48:59.999,2.0,long,1211.53380179307,-20.392999007859327,0.4127,13.3105,0.4079,13.1615,693649.0,1319.01,0.0,10001.910883959385,0.0,0.0,0.0,0.0,0,0,0,0.0,0.0001910883959383991
1071.0,2023-01-21 10:49:59.999,2.0,long,1211.53380179307,-20.392999007859327,0.4127,13.3105,0.40695,13.124,995927.0,1746.52,0.0,10001.910883959385,0.0,0.0,0.0,0.0,0,0,0,0.0,0.0001910883959383991
1072.0,2023-01-21 10:50:59.999,2.0,long,1211.53380179307,-20.392999007859327,0.4127,13.3105,0.40695,13.1,689620.0,2277.79,0.0,10001.910883959385,0.0,0.0,0.0,0.0,0,0,0,0.0,0.0001910883959383991
1073.0,2023-01-21 10:51:59.999,2.0,long,1211.53380179307,-20.392999007859327,0.4127,13.3105,0.4069,13.0855,682000.0,2797.22,0.0,10001.910883959385,0.0,0.0,0.0,0.0,0,0,0,0.0,0.0001910883959383991
1074.0,2023-01-21 10:52:59.999,2.0,long,1211.53380179307,-20.392999007859327,0.4127,13.3105,0.407,13.0925,380137.0,2958.93,0.0,10001.910883959385,0.0,0.0,0.0,0.0,0,0,0,0.0,0.0001910883959383991
1075.0,2023-01-21 10:53:59.999,2.0,long,1211.53380179307,-20.392999007859327,0.4127,13.3105,0.40695,13.082,517873.0,1637.83,0.0,10001.910883959385,0.0,0.0,0.0,0.0,0,0,0,0.0,0.0001910883959383991
1076.0,2023-01-21 10:54:59.999,2.0,long,1211.53380179307,-20.392999007859327,0.4127,13.3105,0.4068,13.0885,290804.0,1185.48,0.0,10001.910883959385,0.0,0.0,0.0,0.0,0,0,0,0.0,0.0001910883959383991
1077.0,2023-01-21 10:55:59.999,2.0,long,1211.53380179307,-20.392999007859327,0.4127,13.3105,0.4075499999999999,13.0925,515901.0,752.01,0.0,10001.910883959385,0.0,0.0,0.0,0.0,0,0,0,0.0,0.0001910883959383991
1078.0,2023-01-21 10:56:59.999,2.0,,0.0,0.0,,,0.4076999999999999,13.0795,371602.0,615.35,4.0,9999.797940933831,-6.05766900896549,4.710782770815502,-0.4969711654955173,-0.2690856219087038,69,0,0,-0.0002112539343798181,-2.0205906616888036e-05
1079.0,2023-01-21 10:57:59.999,2.0,,0.0,0.0,,,0.4078,13.073,245264.0,1612.56,0.0,9999.797940933831,0.0,0.0,0.0,0.0,0,0,0,0.0,-2.0205906616888036e-05
1080.0,2023-01-21 10:58:59.999,2.0,,0.0,0.0,,,0.4082,13.0735,145285.0,2398.93,0.0,9999.797940933831,0.0,0.0,0.0,0.0,0,0,0,0.0,-2.0205906616888036e-05
1081.0,2023-01-21 10:59:59.999,2.0,,0.0,0.0,,,0.40845,13.0825,124218.0,739.42,0.0,9999.797940933831,0.0,0.0,0.0,0.0,0,0,0,0.0,-2.0205906616888036e-05
1082.0,2023-01-21 11:00:59.999,2.0,,0.0,0.0,,,0.4081,13.0885,246424.0,1124.46,0.0,9999.797940933831,0.0,0.0,0.0,0.0,0,0,0,0.0,-2.0205906616888036e-05
1083.0,2023-01-21 11:01:59.999,2.0,,0.0,0.0,,,0.4083,13.0965,232207.0,1851.35,0.0,9999.797940933831,0.0,0.0,0.0,0.0,0,0,0,0.0,-2.0205906616888036e-05
1084.0,2023-01-21 11:02:59.999,2.0,,0.0,0.0,,,0.4089,13.113,391260.0,734.52,0.0,9999.797940933831,0.0,0.0,0.0,0.0,0,0,0,0.0,-2.0205906616888036e-05
1085.0,2023-01-21 11:03:59.999,2.0,,0.0,0.0,,,0.40895,13.12,419503.0,1208.68,0.0,9999.797940933831,0.0,0.0,0.0,0.0,0,0,0,0.0,-2.0205906616888036e-05
1086.0,2023-01-21 11:04:59.999,2.0,,0.0,0.0,,,0.4079,13.092,1479922.0,1198.3,0.0,9999.797940933831,0.0,0.0,0.0,0.0,0,0,0,0.0,-2.0205906616888036e-05
1087.0,2023-01-21 11:05:59.999,2.0,,0.0,0.0,,,0.4073,13.072,500135.0,844.89,0.0,9999.797940933831,0.0,0.0,0.0,0.0,0,0,0,0.0,-2.0205906616888036e-05
1088.0,2023-01-21 11:06:59.999,2.0,,0.0,0.0,,,0.40785,13.087,175795.0,804.83,0.0,9999.797940933831,0.0,0.0,0.0,0.0,0,0,0,0.0,-2.0205906616888036e-05
1089.0,2023-01-21 11:07:59.999,2.0,,0.0,0.0,,,0.4075999999999999,13.087,268163.0,562.88,0.0,9999.797940933831,0.0,0.0,0.0,0.0,0,0,0,0.0,-2.0205906616888036e-05
1090.0,2023-01-21 11:08:59.999,2.0,,0.0,0.0,,,0.4073,13.0755,55266.0,147.57,0.0,9999.797940933831,0.0,0.0,0.0,0.0,0,0,0,0.0,-2.0205906616888036e-05
1091.0,2023-01-21 11:09:59.999,2.0,,0.0,0.0,,,0.4072,13.064,109446.0,502.6,0.0,9999.797940933831,0.0,0.0,0.0,0.0,0,0,0,0.0,-2.0205906616888036e-05
1092.0,2023-01-21 11:10:59.999,2.0,,0.0,0.0,,,0.40685,13.0455,357986.0,984.18,0.0,9999.797940933831,0.0,0.0,0.0,0.0,0,0,0,0.0,-2.0205906616888036e-05
1093.0,2023-01-21 11:11:59.999,2.0,,0.0,0.0,,,0.40625,13.0225,632174.0,2110.64,0.0,9999.797940933831,0.0,0.0,0.0,0.0,0,0,0,0.0,-2.0205906616888036e-05
1094.0,2023-01-21 11:12:59.999,2.0,,0.0,0.0,,,0.4054,12.989,763505.0,7654.39,0.0,9999.797940933831,0.0,0.0,0.0,0.0,0,0,0,0.0,-2.0205906616888036e-05
1095.0,2023-01-21 11:13:59.999,2.0,,0.0,0.0,,,0.406,13.0055,293057.0,2100.32,0.0,9999.797940933831,0.0,0.0,0.0,0.0,0,0,0,0.0,-2.0205906616888036e-05
1096.0,2023-01-21 11:14:59.999,2.0,,0.0,0.0,,,0.4061,12.993,257103.0,1586.45,0.0,9999.797940933831,0.0,0.0,0.0,0.0,0,0,0,0.0,-2.0205906616888036e-05
1097.0,2023-01-21 11:15:59.999,2.0,,0.0,0.0,,,0.40635,13.0005,223660.0,2001.28,0.0,9999.797940933831,0.0,0.0,0.0,0.0,0,0,0,0.0,-2.0205906616888036e-05
1098.0,2023-01-21 11:16:59.999,2.0,,0.0,0.0,,,0.4065,12.985,135204.0,11735.37,0.0,9999.797940933831,0.0,0.0,0.0,0.0,0,0,0,0.0,-2.0205906616888036e-05
1099.0,2023-01-21 11:17:59.999,2.0,,0.0,0.0,,,0.4066499999999999,12.969,64330.0,3435.47,0.0,9999.797940933831,0.0,0.0,0.0,0.0,0,0,0,0.0,-2.0205906616888036e-05
1100.0,2023-01-21 11:18:59.999,2.0,,0.0,0.0,,,0.4066499999999999,12.919,111232.0,68534.44,0.0,9999.797940933831,0.0,0.0,0.0,0.0,0,0,0,0.0,-2.0205906616888036e-05
1101.0,2023-01-21 11:19:59.999,2.0,,0.0,0.0,,,0.4066999999999999,12.9125,313249.0,5619.61,0.0,9999.797940933831,0.0,0.0,0.0,0.0,0,0,0,0.0,-2.0205906616888036e-05
1102.0,2023-01-21 11:20:59.999,2.0,,0.0,0.0,,,0.4068,12.928,88879.0,3494.06,0.0,9999.797940933831,0.0,0.0,0.0,0.0,0,0,0,0.0,-2.0205906616888036e-05
1103.0,2023-01-21 11:21:59.999,2.0,,0.0,0.0,,,0.4069,12.918,202230.0,4572.62,0.0,9999.797940933831,0.0,0.0,0.0,0.0,0,0,0,0.0,-2.0205906616888036e-05
1104.0,2023-01-21 11:22:59.999,2.0,,0.0,0.0,,,0.40715,12.921,133104.0,1954.32,0.0,9999.797940933831,0.0,0.0,0.0,0.0,0,0,0,0.0,-2.0205906616888036e-05
1105.0,2023-01-21 11:23:59.999,2.0,,0.0,0.0,,,0.4074,12.9245,272148.0,4011.86,0.0,9999.797940933831,0.0,0.0,0.0,0.0,0,0,0,0.0,-2.0205906616888036e-05
1106.0,2023-01-21 11:24:59.999,2.0,,0.0,0.0,,,0.4075,12.9365,197351.0,2117.14,0.0,9999.797940933831,0.0,0.0,0.0,0.0,0,0,0,0.0,-2.0205906616888036e-05
1107.0,2023-01-21 11:25:59.999,2.0,,0.0,0.0,,,0.40785,12.9625,415236.0,1491.51,0.0,9999.797940933831,0.0,0.0,0.0,0.0,0,0,0,0.0,-2.0205906616888036e-05
1108.0,2023-01-21 11:26:59.999,2.0,,0.0,0.0,,,0.40795,12.9725,73285.0,409.1,0.0,9999.797940933831,0.0,0.0,0.0,0.0,0,0,0,0.0,-2.0205906616888036e-05
1109.0,2023-01-21 11:27:59.999,2.0,,0.0,0.0,,,0.40805,12.989,575204.0,2046.99,0.0,9999.797940933831,0.0,0.0,0.0,0.0,0,0,0,0.0,-2.0205906616888036e-05
1110.0,2023-01-21 11:28:59.999,2.0,,0.0,0.0,,,0.4082,12.995,129142.0,2376.47,0.0,9999.797940933831,0.0,0.0,0.0,0.0,0,0,0,0.0,-2.0205906616888036e-05
1111.0,2023-01-21 11:29:59.999,2.0,,0.0,0.0,,,0.408,13.0135,400723.0,2878.8,0.0,9999.797940933831,0.0,0.0,0.0,0.0,0,0,0,0.0,-2.0205906616888036e-05
1112.0,2023-01-21 11:30:59.999,2.0,,0.0,0.0,,,0.40775,13.0075,74201.0,816.83,0.0,9999.797940933831,0.0,0.0,0.0,0.0,0,0,0,0.0,-2.0205906616888036e-05
1113.0,2023-01-21 11:31:59.999,2.0,,0.0,0.0,,,0.40795,13.0185,129823.0,1594.65,0.0,9999.797940933831,0.0,0.0,0.0,0.0,0,0,0,0.0,-2.0205906616888036e-05
1114.0,2023-01-21 11:32:59.999,2.0,,0.0,0.0,,,0.40815,13.016,322418.0,2076.12,0.0,9999.797940933831,0.0,0.0,0.0,0.0,0,0,0,0.0,-2.0205906616888036e-05
1115.0,2023-01-21 11:33:59.999,2.0,,0.0,0.0,,,0.4083,13.01,188778.0,1597.81,0.0,9999.797940933831,0.0,0.0,0.0,0.0,0,0,0,0.0,-2.0205906616888036e-05
1116.0,2023-01-21 11:34:59.999,2.0,,0.0,0.0,,,0.4084,13.027,162660.0,841.04,0.0,9999.797940933831,0.0,0.0,0.0,0.0,0,0,0,0.0,-2.0205906616888036e-05
1117.0,2023-01-21 11:35:59.999,2.0,,0.0,0.0,,,0.4085499999999999,13.0275,81266.0,1114.57,0.0,9999.797940933831,0.0,0.0,0.0,0.0,0,0,0,0.0,-2.0205906616888036e-05
1118.0,2023-01-21 11:36:59.999,2.0,,0.0,0.0,,,0.4085999999999999,13.025,34247.0,564.47,0.0,9999.797940933831,0.0,0.0,0.0,0.0,0,0,0,0.0,-2.0205906616888036e-05
1119.0,2023-01-21 11:37:59.999,2.0,,0.0,0.0,,,0.40835,13.0145,435503.0,2957.54,0.0,9999.797940933831,0.0,0.0,0.0,0.0,0,0,0,0.0,-2.0205906616888036e-05
1120.0,2023-01-21 11:38:59.999,2.0,,0.0,0.0,,,0.40785,12.9925,169640.0,4809.76,0.0,9999.797940933831,0.0,0.0,0.0,0.0,0,0,0,0.0,-2.0205906616888036e-05
1121.0,2023-01-21 11:39:59.999,2.0,,0.0,0.0,,,0.40815,13.0095,112435.0,751.49,0.0,9999.797940933831,0.0,0.0,0.0,0.0,0,0,0,0.0,-2.0205906616888036e-05
1122.0,2023-01-21 11:40:59.999,2.0,,0.0,0.0,,,0.4085,13.018,114321.0,1513.05,0.0,9999.797940933831,0.0,0.0,0.0,0.0,0,0,0,0.0,-2.0205906616888036e-05
1123.0,2023-01-21 11:41:59.999,2.0,,0.0,0.0,,,0.4086499999999999,13.0185,288980.0,994.17,0.0,9999.797940933831,0.0,0.0,0.0,0.0,0,0,0,0.0,-2.0205906616888036e-05
1124.0,2023-01-21 11:42:59.999,2.0,,0.0,0.0,,,0.4086999999999999,13.0125,118807.0,411.01,0.0,9999.797940933831,0.0,0.0,0.0,0.0,0,0,0,0.0,-2.0205906616888036e-05
1125.0,2023-01-21 11:43:59.999,2.0,,0.0,0.0,,,0.40895,13.0035,296418.0,2483.86,0.0,9999.797940933831,0.0,0.0,0.0,0.0,0,0,0,0.0,-2.0205906616888036e-05
1126.0,2023-01-21 11:44:59.999,2.0,,0.0,0.0,,,0.4092,13.0165,144305.0,602.33,0.0,9999.797940933831,0.0,0.0,0.0,0.0,0,0,0,0.0,-2.0205906616888036e-05
1127.0,2023-01-21 11:45:59.999,2.0,,0.0,0.0,,,0.40945,13.0395,227109.0,1743.79,0.0,9999.797940933831,0.0,0.0,0.0,0.0,0,0,0,0.0,-2.0205906616888036e-05
1128.0,2023-01-21 11:46:59.999,2.0,,0.0,0.0,,,0.4095,13.065,570011.0,2801.49,0.0,9999.797940933831,0.0,0.0,0.0,0.0,0,0,0,0.0,-2.0205906616888036e-05
1129.0,2023-01-21 11:47:59.999,2.0,,0.0,0.0,,,0.4094,13.05,150005.0,253.02,0.0,9999.797940933831,0.0,0.0,0.0,0.0,0,0,0,0.0,-2.0205906616888036e-05
1130.0,2023-01-21 11:48:59.999,2.0,,0.0,0.0,,,0.409,13.048,940324.0,331.03,0.0,9999.797940933831,0.0,0.0,0.0,0.0,0,0,0,0.0,-2.0205906616888036e-05
1131.0,2023-01-21 11:49:59.999,2.0,,0.0,0.0,,,0.40895,13.066,148865.0,2656.56,0.0,9999.797940933831,0.0,0.0,0.0,0.0,0,0,0,0.0,-2.0205906616888036e-05
1132.0,2023-01-21 11:50:59.999,2.0,,0.0,0.0,,,0.40905,13.079,102551.0,605.71,0.0,9999.797940933831,0.0,0.0,0.0,0.0,0,0,0,0.0,-2.0205906616888036e-05
1133.0,2023-01-21 11:51:59.999,2.0,,0.0,0.0,,,0.409,13.0885,366343.0,243.8,0.0,9999.797940933831,0.0,0.0,0.0,0.0,0,0,0,0.0,-2.0205906616888036e-05
1134.0,2023-01-21 11:52:59.999,2.0,,0.0,0.0,,,0.4089,13.085,167914.0,338.19,0.0,9999.797940933831,0.0,0.0,0.0,0.0,0,0,0,0.0,-2.0205906616888036e-05
1135.0,2023-01-21 11:53:59.999,2.0,,0.0,0.0,,,0.40885,13.0915,121442.0,306.87,0.0,9999.797940933831,0.0,0.0,0.0,0.0,0,0,0,0.0,-2.0205906616888036e-05
1136.0,2023-01-21 11:54:59.999,2.0,,0.0,0.0,,,0.4086499999999999,13.0835,777920.0,1826.64,0.0,9999.797940933831,0.0,0.0,0.0,0.0,0,0,0,0.0,-2.0205906616888036e-05
1137.0,2023-01-21 11:55:59.999,2.0,,0.0,0.0,,,0.4085,13.0705,132553.0,603.46,0.0,9999.797940933831,0.0,0.0,0.0,0.0,0,0,0,0.0,-2.0205906616888036e-05
1138.0,2023-01-21 11:56:59.999,2.0,,0.0,0.0,,,0.4085,13.0605,69990.0,1498.01,0.0,9999.797940933831,0.0,0.0,0.0,0.0,0,0,0,0.0,-2.0205906616888036e-05
1139.0,2023-01-21 11:57:59.999,2.0,,0.0,0.0,,,0.4085,13.06,106888.0,360.86,0.0,9999.797940933831,0.0,0.0,0.0,0.0,0,0,0,0.0,-2.0205906616888036e-05
1140.0,2023-01-21 11:58:59.999,2.0,,0.0,0.0,,,0.40845,13.0595,113671.0,470.48,0.0,9999.797940933831,0.0,0.0,0.0,0.0,0,0,0,0.0,-2.0205906616888036e-05
1141.0,2023-01-21 11:59:59.999,2.0,,0.0,0.0,,,0.4085,13.062,122713.0,193.25,0.0,9999.797940933831,0.0,0.0,0.0,0.0,0,0,0,0.0,-2.0205906616888036e-05
1142.0,2023-01-21 12:00:59.999,2.0,,0.0,0.0,,,0.4085999999999999,13.061,279366.0,1745.84,0.0,9999.797940933831,0.0,0.0,0.0,0.0,0,0,0,0.0,-2.0205906616888036e-05
1143.0,2023-01-21 12:01:59.999,2.0,,0.0,0.0,,,0.4088,13.052,122456.0,1726.23,0.0,9999.797940933831,0.0,0.0,0.0,0.0,0,0,0,0.0,-2.0205906616888036e-05
1144.0,2023-01-21 12:02:59.999,2.0,,0.0,0.0,,,0.4089,13.0575,108662.0,231.86,0.0,9999.797940933831,0.0,0.0,0.0,0.0,0,0,0,0.0,-2.0205906616888036e-05
1145.0,2023-01-21 12:03:59.999,2.0,,0.0,0.0,,,0.4091,13.068,105523.0,399.79,0.0,9999.797940933831,0.0,0.0,0.0,0.0,0,0,0,0.0,-2.0205906616888036e-05
1146.0,2023-01-21 12:04:59.999,2.0,,0.0,0.0,,,0.40935,13.082,187524.0,351.22,0.0,9999.797940933831,0.0,0.0,0.0,0.0,0,0,0,0.0,-2.0205906616888036e-05
1147.0,2023-01-21 12:05:59.999,2.0,,0.0,0.0,,,0.40945,13.0865,102645.0,483.99,0.0,9999.797940933831,0.0,0.0,0.0,0.0,0,0,0,0.0,-2.0205906616888036e-05
1148.0,2023-01-21 12:06:59.999,2.0,,0.0,0.0,,,0.4096499999999999,13.0925,63784.0,614.14,0.0,9999.797940933831,0.0,0.0,0.0,0.0,0,0,0,0.0,-2.0205906616888036e-05
1149.0,2023-01-21 12:07:59.999,2.0,,0.0,0.0,,,0.40975,13.102,345992.0,1363.51,0.0,9999.797940933831,0.0,0.0,0.0,0.0,0,0,0,0.0,-2.0205906616888036e-05
1150.0,2023-01-21 12:08:59.999,2.0,,0.0,0.0,,,0.40985,13.115,326265.0,1128.81,0.0,9999.797940933831,0.0,0.0,0.0,0.0,0,0,0,0.0,-2.0205906616888036e-05
1151.0,2023-01-21 12:09:59.999,2.0,,0.0,0.0,,,0.41005,13.1165,311828.0,1879.2,0.0,9999.797940933831,0.0,0.0,0.0,0.0,0,0,0,0.0,-2.0205906616888036e-05
1152.0,2023-01-21 12:10:59.999,2.0,,0.0,0.0,,,0.41005,13.122,137891.0,1235.31,0.0,9999.797940933831,0.0,0.0,0.0,0.0,0,0,0,0.0,-2.0205906616888036e-05
1153.0,2023-01-21 12:11:59.999,2.0,,0.0,0.0,,,0.40985,13.11,279984.0,1988.1,0.0,9999.797940933831,0.0,0.0,0.0,0.0,0,0,0,0.0,-2.0205906616888036e-05
1154.0,2023-01-21 12:12:59.999,2.0,,0.0,0.0,,,0.40985,13.101,146781.0,409.25,0.0,9999.797940933831,0.0,0.0,0.0,0.0,0,0,0,0.0,-2.0205906616888036e-05
1155.0,2023-01-21 12:13:59.999,2.0,,0.0,0.0,,,0.4102,13.1065,66013.0,425.34,0.0,9999.797940933831,0.0,0.0,0.0,0.0,0,0,0,0.0,-2.0205906616888036e-05
1156.0,2023-01-21 12:14:59.999,2.0,,0.0,0.0,,,0.4103,13.1145,152092.0,300.92,0.0,9999.797940933831,0.0,0.0,0.0,0.0,0,0,0,0.0,-2.0205906616888036e-05
1157.0,2023-01-21 12:15:59.999,2.0,,0.0,0.0,,,0.41025,13.1175,84494.0,1297.99,0.0,9999.797940933831,0.0,0.0,0.0,0.0,0,0,0,0.0,-2.0205906616888036e-05
1158.0,2023-01-21 12:16:59.999,2.0,,0.0,0.0,,,0.41035,13.116499999999998,41542.0,363.48,0.0,9999.797940933831,0.0,0.0,0.0,0.0,0,0,0,0.0,-2.0205906616888036e-05
1159.0,2023-01-21 12:17:59.999,2.0,,0.0,0.0,,,0.41025,13.1105,117744.0,436.32,0.0,9999.797940933831,0.0,0.0,0.0,0.0,0,0,0,0.0,-2.0205906616888036e-05
1160.0,2023-01-21 12:18:59.999,2.0,,0.0,0.0,,,0.41015,13.117,223641.0,927.87,0.0,9999.797940933831,0.0,0.0,0.0,0.0,0,0,0,0.0,-2.0205906616888036e-05
1161.0,2023-01-21 12:19:59.999,2.0,,0.0,0.0,,,0.4103,13.1355,138014.0,1312.86,0.0,9999.797940933831,0.0,0.0,0.0,0.0,0,0,0,0.0,-2.0205906616888036e-05
1162.0,2023-01-21 12:20:59.999,2.0,,0.0,0.0,,,0.4106499999999999,13.1395,187363.0,1592.23,0.0,9999.797940933831,0.0,0.0,0.0,0.0,0,0,0,0.0,-2.0205906616888036e-05
1163.0,2023-01-21 12:21:59.999,2.0,,0.0,0.0,,,0.4106999999999999,13.1325,226671.0,456.13,0.0,9999.797940933831,0.0,0.0,0.0,0.0,0,0,0,0.0,-2.0205906616888036e-05
1164.0,2023-01-21 12:22:59.999,2.0,,0.0,0.0,,,0.4105499999999999,13.1315,213965.0,418.06,0.0,9999.797940933831,0.0,0.0,0.0,0.0,0,0,0,0.0,-2.0205906616888036e-05
1165.0,2023-01-21 12:23:59.999,2.0,,0.0,0.0,,,0.4106499999999999,13.132,66059.0,595.96,0.0,9999.797940933831,0.0,0.0,0.0,0.0,0,0,0,0.0,-2.0205906616888036e-05
1166.0,2023-01-21 12:24:59.999,2.0,,0.0,0.0,,,0.4109,13.1345,95220.0,867.6,0.0,9999.797940933831,0.0,0.0,0.0,0.0,0,0,0,0.0,-2.0205906616888036e-05
1167.0,2023-01-21 12:25:59.999,2.0,,0.0,0.0,,,0.411,13.127,97190.0,426.96,0.0,9999.797940933831,0.0,0.0,0.0,0.0,0,0,0,0.0,-2.0205906616888036e-05
1168.0,2023-01-21 12:26:59.999,2.0,,0.0,0.0,,,0.41125,13.1415,186150.0,1097.25,0.0,9999.797940933831,0.0,0.0,0.0,0.0,0,0,0,0.0,-2.0205906616888036e-05
1169.0,2023-01-21 12:27:59.999,2.0,,0.0,0.0,,,0.41085,13.1425,540941.0,1339.25,0.0,9999.797940933831,0.0,0.0,0.0,0.0,0,0,0,0.0,-2.0205906616888036e-05
1170.0,2023-01-21 12:28:59.999,2.0,,0.0,0.0,,,0.4105,13.1425,146166.0,272.51,0.0,9999.797940933831,0.0,0.0,0.0,0.0,0,0,0,0.0,-2.0205906616888036e-05
1171.0,2023-01-21 12:29:59.999,2.0,,0.0,0.0,,,0.4105,13.136500000000002,216062.0,278.91,0.0,9999.797940933831,0.0,0.0,0.0,0.0,0,0,0,0.0,-2.0205906616888036e-05
1172.0,2023-01-21 12:30:59.999,2.0,,0.0,0.0,,,0.4105499999999999,13.122,111912.0,423.33,0.0,9999.797940933831,0.0,0.0,0.0,0.0,0,0,0,0.0,-2.0205906616888036e-05
1173.0,2023-01-21 12:31:59.999,2.0,,0.0,0.0,,,0.4105,13.102,142690.0,276.56,0.0,9999.797940933831,0.0,0.0,0.0,0.0,0,0,0,0.0,-2.0205906616888036e-05
1174.0,2023-01-21 12:32:59.999,2.0,,0.0,0.0,,,0.4103,13.0895,48322.0,425.47,0.0,9999.797940933831,0.0,0.0,0.0,0.0,0,0,0,0.0,-2.0205906616888036e-05
1175.0,2023-01-21 12:33:59.999,2.0,,0.0,0.0,,,0.41035,13.0885,145682.0,330.11,0.0,9999.797940933831,0.0,0.0,0.0,0.0,0,0,0,0.0,-2.0205906616888036e-05
1176.0,2023-01-21 12:34:59.999,2.0,,0.0,0.0,,,0.4103,13.085,111331.0,2916.4,0.0,9999.797940933831,0.0,0.0,0.0,0.0,0,0,0,0.0,-2.0205906616888036e-05
1177.0,2023-01-21 12:35:59.999,2.0,,0.0,0.0,,,0.4098,13.0655,384850.0,1060.41,0.0,9999.797940933831,0.0,0.0,0.0,0.0,0,0,0,0.0,-2.0205906616888036e-05
1178.0,2023-01-21 12:36:59.999,2.0,,0.0,0.0,,,0.40965,13.062,448286.0,2396.31,0.0,9999.797940933831,0.0,0.0,0.0,0.0,0,0,0,0.0,-2.0205906616888036e-05
1179.0,2023-01-21 12:37:59.999,2.0,,0.0,0.0,,,0.41005,13.0805,265287.0,872.98,0.0,9999.797940933831,0.0,0.0,0.0,0.0,0,0,0,0.0,-2.0205906616888036e-05
1180.0,2023-01-21 12:38:59.999,2.0,,0.0,0.0,,,0.4102,13.081,77991.0,53.78,0.0,9999.797940933831,0.0,0.0,0.0,0.0,0,0,0,0.0,-2.0205906616888036e-05
1181.0,2023-01-21 12:39:59.999,2.0,,0.0,0.0,,,0.41005,13.0745,210871.0,801.3,0.0,9999.797940933831,0.0,0.0,0.0,0.0,0,0,0,0.0,-2.0205906616888036e-05
1182.0,2023-01-21 12:40:59.999,2.0,,0.0,0.0,,,0.41035,13.0755,152478.0,341.02,0.0,9999.797940933831,0.0,0.0,0.0,0.0,0,0,0,0.0,-2.0205906616888036e-05
1183.0,2023-01-21 12:41:59.999,2.0,,0.0,0.0,,,0.4106499999999999,13.092,96657.0,5199.38,0.0,9999.797940933831,0.0,0.0,0.0,0.0,0,0,0,0.0,-2.0205906616888036e-05
1184.0,2023-01-21 12:42:59.999,2.0,,0.0,0.0,,,0.4106499999999999,13.1055,106633.0,947.46,0.0,9999.797940933831,0.0,0.0,0.0,0.0,0,0,0,0.0,-2.0205906616888036e-05
1185.0,2023-01-21 12:43:59.999,2.0,,0.0,0.0,,,0.4107,13.1025,88951.0,288.48,0.0,9999.797940933831,0.0,0.0,0.0,0.0,0,0,0,0.0,-2.0205906616888036e-05
1186.0,2023-01-21 12:44:59.999,2.0,,0.0,0.0,,,0.4108,13.1015,190710.0,1160.33,0.0,9999.797940933831,0.0,0.0,0.0,0.0,0,0,0,0.0,-2.0205906616888036e-05
1187.0,2023-01-21 12:45:59.999,2.0,,0.0,0.0,,,0.4105,13.0875,175329.0,512.37,0.0,9999.797940933831,0.0,0.0,0.0,0.0,0,0,0,0.0,-2.0205906616888036e-05
1188.0,2023-01-21 12:46:59.999,2.0,,0.0,0.0,,,0.41025,13.0805,30099.0,376.1,0.0,9999.797940933831,0.0,0.0,0.0,0.0,0,0,0,0.0,-2.0205906616888036e-05
1189.0,2023-01-21 12:47:59.999,2.0,,0.0,0.0,,,0.40995,13.074,274441.0,845.41,0.0,9999.797940933831,0.0,0.0,0.0,0.0,0,0,0,0.0,-2.0205906616888036e-05
1190.0,2023-01-21 12:48:59.999,2.0,,0.0,0.0,,,0.4098,13.066,68434.0,373.27,0.0,9999.797940933831,0.0,0.0,0.0,0.0,0,0,0,0.0,-2.0205906616888036e-05
1191.0,2023-01-21 12:49:59.999,2.0,,0.0,0.0,,,0.40985,13.067,40570.0,370.25,0.0,9999.797940933831,0.0,0.0,0.0,0.0,0,0,0,0.0,-2.0205906616888036e-05
1192.0,2023-01-21 12:50:59.999,2.0,,0.0,0.0,,,0.40985,13.0655,53666.0,737.02,0.0,9999.797940933831,0.0,0.0,0.0,0.0,0,0,0,0.0,-2.0205906616888036e-05
1193.0,2023-01-21 12:51:59.999,2.0,,0.0,0.0,,,0.41015,13.081,276639.0,1017.43,0.0,9999.797940933831,0.0,0.0,0.0,0.0,0,0,0,0.0,-2.0205906616888036e-05
1194.0,2023-01-21 12:52:59.999,2.0,,0.0,0.0,,,0.41045,13.098,140314.0,7601.81,0.0,9999.797940933831,0.0,0.0,0.0,0.0,0,0,0,0.0,-2.0205906616888036e-05
1195.0,2023-01-21 12:53:59.999,2.0,,0.0,0.0,,,0.41035,13.112,208814.0,706.17,0.0,9999.797940933831,0.0,0.0,0.0,0.0,0,0,0,0.0,-2.0205906616888036e-05
1196.0,2023-01-21 12:54:59.999,2.0,,0.0,0.0,,,0.4105,13.1075,263946.0,1186.01,0.0,9999.797940933831,0.0,0.0,0.0,0.0,0,0,0,0.0,-2.0205906616888036e-05
1197.0,2023-01-21 12:55:59.999,2.0,,0.0,0.0,,,0.411,13.113499999999998,533818.0,1129.17,0.0,9999.797940933831,0.0,0.0,0.0,0.0,0,0,0,0.0,-2.0205906616888036e-05
1198.0,2023-01-21 12:56:59.999,2.0,,0.0,0.0,,,0.41095,13.117,180393.0,713.21,0.0,9999.797940933831,0.0,0.0,0.0,0.0,0,0,0,0.0,-2.0205906616888036e-05
1199.0,2023-01-21 12:57:59.999,2.0,,0.0,0.0,,,0.4111,13.1295,56046.0,276.09,0.0,9999.797940933831,0.0,0.0,0.0,0.0,0,0,0,0.0,-2.0205906616888036e-05
1200.0,2023-01-21 12:58:59.999,2.0,,0.0,0.0,,,0.4115499999999999,13.1415,195152.0,682.95,0.0,9999.797940933831,0.0,0.0,0.0,0.0,0,0,0,0.0,-2.0205906616888036e-05
1201.0,2023-01-21 12:59:59.999,2.0,,0.0,0.0,,,0.4115499999999999,13.148,94482.0,1251.38,0.0,9999.797940933831,0.0,0.0,0.0,0.0,0,0,0,0.0,-2.0205906616888036e-05
1202.0,2023-01-21 13:00:59.999,2.0,,0.0,0.0,,,0.41125,13.148,103988.0,475.51,0.0,9999.797940933831,0.0,0.0,0.0,0.0,0,0,0,0.0,-2.0205906616888036e-05
1203.0,2023-01-21 13:01:59.999,2.0,,0.0,0.0,,,0.41105,13.1425,346264.0,3592.82,0.0,9999.797940933831,0.0,0.0,0.0,0.0,0,0,0,0.0,-2.0205906616888036e-05
1204.0,2023-01-21 13:02:59.999,2.0,,0.0,0.0,,,0.4108,13.1505,130973.0,1712.66,0.0,9999.797940933831,0.0,0.0,0.0,0.0,0,0,0,0.0,-2.0205906616888036e-05
1205.0,2023-01-21 13:03:59.999,2.0,,0.0,0.0,,,0.41075,13.134,242402.0,371.37,0.0,9999.797940933831,0.0,0.0,0.0,0.0,0,0,0,0.0,-2.0205906616888036e-05
1206.0,2023-01-21 13:04:59.999,2.0,,0.0,0.0,,,0.4108,13.133500000000002,88643.0,641.09,0.0,9999.797940933831,0.0,0.0,0.0,0.0,0,0,0,0.0,-2.0205906616888036e-05
1207.0,2023-01-21 13:05:59.999,2.0,,0.0,0.0,,,0.4111,13.1445,258878.0,1256.11,0.0,9999.797940933831,0.0,0.0,0.0,0.0,0,0,0,0.0,-2.0205906616888036e-05
1208.0,2023-01-21 13:06:59.999,2.0,,0.0,0.0,,,0.4112,13.1475,170448.0,571.67,0.0,9999.797940933831,0.0,0.0,0.0,0.0,0,0,0,0.0,-2.0205906616888036e-05
1209.0,2023-01-21 13:07:59.999,2.0,,0.0,0.0,,,0.41105,13.146,130087.0,396.81,0.0,9999.797940933831,0.0,0.0,0.0,0.0,0,0,0,0.0,-2.0205906616888036e-05
1210.0,2023-01-21 13:08:59.999,2.0,,0.0,0.0,,,0.41085,13.136,137005.0,797.6,0.0,9999.797940933831,0.0,0.0,0.0,0.0,0,0,0,0.0,-2.0205906616888036e-05
1211.0,2023-01-21 13:09:59.999,2.0,,0.0,0.0,,,0.4105999999999999,13.12,141724.0,1621.2,0.0,9999.797940933831,0.0,0.0,0.0,0.0,0,0,0,0.0,-2.0205906616888036e-05
1212.0,2023-01-21 13:10:59.999,2.0,,0.0,0.0,,,0.4105999999999999,13.1275,54044.0,1363.64,0.0,9999.797940933831,0.0,0.0,0.0,0.0,0,0,0,0.0,-2.0205906616888036e-05
1213.0,2023-01-21 13:11:59.999,2.0,,0.0,0.0,,,0.4105499999999999,13.137,322715.0,335.88,0.0,9999.797940933831,0.0,0.0,0.0,0.0,0,0,0,0.0,-2.0205906616888036e-05
1214.0,2023-01-21 13:12:59.999,2.0,,0.0,0.0,,,0.4104,13.139,93171.0,585.9,0.0,9999.797940933831,0.0,0.0,0.0,0.0,0,0,0,0.0,-2.0205906616888036e-05
1215.0,2023-01-21 13:13:59.999,2.0,,0.0,0.0,,,0.4106499999999999,13.1445,301427.0,196.96,0.0,9999.797940933831,0.0,0.0,0.0,0.0,0,0,0,0.0,-2.0205906616888036e-05
1216.0,2023-01-21 13:14:59.999,2.0,,0.0,0.0,,,0.4104,13.145,272873.0,936.36,0.0,9999.797940933831,0.0,0.0,0.0,0.0,0,0,0,0.0,-2.0205906616888036e-05
1217.0,2023-01-21 13:15:59.999,2.0,,0.0,0.0,,,0.41005,13.135000000000002,57326.0,193.68,0.0,9999.797940933831,0.0,0.0,0.0,0.0,0,0,0,0.0,-2.0205906616888036e-05
1218.0,2023-01-21 13:16:59.999,2.0,,0.0,0.0,,,0.4099,13.1225,134118.0,221.26,0.0,9999.797940933831,0.0,0.0,0.0,0.0,0,0,0,0.0,-2.0205906616888036e-05
1219.0,2023-01-21 13:17:59.999,2.0,,0.0,0.0,,,0.40985,13.128,143982.0,271.93,0.0,9999.797940933831,0.0,0.0,0.0,0.0,0,0,0,0.0,-2.0205906616888036e-05
1220.0,2023-01-21 13:18:59.999,2.0,,0.0,0.0,,,0.40975,13.1255,201853.0,164.52,0.0,9999.797940933831,0.0,0.0,0.0,0.0,0,0,0,0.0,-2.0205906616888036e-05
1221.0,2023-01-21 13:19:59.999,2.0,,0.0,0.0,,,0.4092,13.0915,629563.0,2769.62,0.0,9999.797940933831,0.0,0.0,0.0,0.0,0,0,0,0.0,-2.0205906616888036e-05
1222.0,2023-01-21 13:20:59.999,2.0,,0.0,0.0,,,0.40915,13.081,328132.0,1342.19,0.0,9999.797940933831,0.0,0.0,0.0,0.0,0,0,0,0.0,-2.0205906616888036e-05
1223.0,2023-01-21 13:21:59.999,2.0,,0.0,0.0,,,0.40885,13.073,254686.0,631.61,0.0,9999.797940933831,0.0,0.0,0.0,0.0,0,0,0,0.0,-2.0205906616888036e-05
1224.0,2023-01-21 13:22:59.999,2.0,,0.0,0.0,,,0.4085,13.066,223398.0,1311.61,0.0,9999.797940933831,0.0,0.0,0.0,0.0,0,0,0,0.0,-2.0205906616888036e-05
1225.0,2023-01-21 13:23:59.999,2.0,,0.0,0.0,,,0.4081,13.0345,685669.0,2429.31,0.0,9999.797940933831,0.0,0.0,0.0,0.0,0,0,0,0.0,-2.0205906616888036e-05
1226.0,2023-01-21 13:24:59.999,2.0,,0.0,0.0,,,0.4086499999999999,13.046,454300.0,2562.06,0.0,9999.797940933831,0.0,0.0,0.0,0.0,0,0,0,0.0,-2.0205906616888036e-05
1227.0,2023-01-21 13:25:59.999,2.0,,0.0,0.0,,,0.40905,13.0585,246671.0,393.6,0.0,9999.797940933831,0.0,0.0,0.0,0.0,0,0,0,0.0,-2.0205906616888036e-05
1228.0,2023-01-21 13:26:59.999,2.0,,0.0,0.0,,,0.40945,13.063,200991.0,701.37,0.0,9999.797940933831,0.0,0.0,0.0,0.0,0,0,0,0.0,-2.0205906616888036e-05
1229.0,2023-01-21 13:27:59.999,2.0,,0.0,0.0,,,0.40945,13.0645,88552.0,113.14,0.0,9999.797940933831,0.0,0.0,0.0,0.0,0,0,0,0.0,-2.0205906616888036e-05
1230.0,2023-01-21 13:28:59.999,2.0,,0.0,0.0,,,0.4094,13.0695,66463.0,431.11,0.0,9999.797940933831,0.0,0.0,0.0,0.0,0,0,0,0.0,-2.0205906616888036e-05
1231.0,2023-01-21 13:29:59.999,2.0,,0.0,0.0,,,0.4093,13.066,49606.0,1018.2,0.0,9999.797940933831,0.0,0.0,0.0,0.0,0,0,0,0.0,-2.0205906616888036e-05
1232.0,2023-01-21 13:30:59.999,2.0,,0.0,0.0,,,0.40915,13.057,76908.0,167.88,0.0,9999.797940933831,0.0,0.0,0.0,0.0,0,0,0,0.0,-2.0205906616888036e-05
1233.0,2023-01-21 13:31:59.999,2.0,,0.0,0.0,,,0.40885,13.0575,256367.0,673.36,0.0,9999.797940933831,0.0,0.0,0.0,0.0,0,0,0,0.0,-2.0205906616888036e-05
1234.0,2023-01-21 13:32:59.999,2.0,,0.0,0.0,,,0.4085,13.0455,91332.0,430.73,0.0,9999.797940933831,0.0,0.0,0.0,0.0,0,0,0,0.0,-2.0205906616888036e-05
1235.0,2023-01-21 13:33:59.999,2.0,,0.0,0.0,,,0.40795,13.020499999999998,936733.0,2453.37,0.0,9999.797940933831,0.0,0.0,0.0,0.0,0,0,0,0.0,-2.0205906616888036e-05
1236.0,2023-01-21 13:34:59.999,2.0,,0.0,0.0,,,0.4086499999999999,13.035,775906.0,4426.84,0.0,9999.797940933831,0.0,0.0,0.0,0.0,0,0,0,0.0,-2.0205906616888036e-05
1237.0,2023-01-21 13:35:59.999,2.0,,0.0,0.0,,,0.40865,13.037,249180.0,729.54,0.0,9999.797940933831,0.0,0.0,0.0,0.0,0,0,0,0.0,-2.0205906616888036e-05
1238.0,2023-01-21 13:36:59.999,2.0,,0.0,0.0,,,0.4085,13.0325,172983.0,132.26,0.0,9999.797940933831,0.0,0.0,0.0,0.0,0,0,0,0.0,-2.0205906616888036e-05
1239.0,2023-01-21 13:37:59.999,2.0,,0.0,0.0,,,0.4086999999999999,13.0385,96260.0,281.88,0.0,9999.797940933831,0.0,0.0,0.0,0.0,0,0,0,0.0,-2.0205906616888036e-05
1240.0,2023-01-21 13:38:59.999,2.0,,0.0,0.0,,,0.4089,13.0435,71623.0,391.46,0.0,9999.797940933831,0.0,0.0,0.0,0.0,0,0,0,0.0,-2.0205906616888036e-05
1241.0,2023-01-21 13:39:59.999,2.0,,0.0,0.0,,,0.4086499999999999,13.041,61892.0,267.67,0.0,9999.797940933831,0.0,0.0,0.0,0.0,0,0,0,0.0,-2.0205906616888036e-05
1242.0,2023-01-21 13:40:59.999,2.0,,0.0,0.0,,,0.40845,13.0315,71172.0,472.69,0.0,9999.797940933831,0.0,0.0,0.0,0.0,0,0,0,0.0,-2.0205906616888036e-05
1243.0,2023-01-21 13:41:59.999,2.0,,0.0,0.0,,,0.4084,13.017,142628.0,774.95,0.0,9999.797940933831,0.0,0.0,0.0,0.0,0,0,0,0.0,-2.0205906616888036e-05
1244.0,2023-01-21 13:42:59.999,2.0,,0.0,0.0,,,0.40825,12.9945,92601.0,3915.0,0.0,9999.797940933831,0.0,0.0,0.0,0.0,0,0,0,0.0,-2.0205906616888036e-05
1245.0,2023-01-21 13:43:59.999,2.0,,0.0,0.0,,,0.4078,12.969,153573.0,2922.12,0.0,9999.797940933831,0.0,0.0,0.0,0.0,0,0,0,0.0,-2.0205906616888036e-05
1246.0,2023-01-21 13:44:59.999,2.0,,0.0,0.0,,,0.40835,12.9965,83301.0,8366.07,0.0,9999.797940933831,0.0,0.0,0.0,0.0,0,0,0,0.0,-2.0205906616888036e-05
1247.0,2023-01-21 13:45:59.999,2.0,,0.0,0.0,,,0.4083,12.998,86218.0,913.22,0.0,9999.797940933831,0.0,0.0,0.0,0.0,0,0,0,0.0,-2.0205906616888036e-05
1248.0,2023-01-21 13:46:59.999,2.0,,0.0,0.0,,,0.40795,12.993,119231.0,716.21,0.0,9999.797940933831,0.0,0.0,0.0,0.0,0,0,0,0.0,-2.0205906616888036e-05
1249.0,2023-01-21 13:47:59.999,2.0,,0.0,0.0,,,0.40785,12.979,130811.0,256.6,0.0,9999.797940933831,0.0,0.0,0.0,0.0,0,0,0,0.0,-2.0205906616888036e-05
1250.0,2023-01-21 13:48:59.999,2.0,,0.0,0.0,,,0.40825,12.995,60058.0,820.92,0.0,9999.797940933831,0.0,0.0,0.0,0.0,0,0,0,0.0,-2.0205906616888036e-05
1251.0,2023-01-21 13:49:59.999,2.0,,0.0,0.0,,,0.4086999999999999,13.010000000000002,130520.0,771.54,0.0,9999.797940933831,0.0,0.0,0.0,0.0,0,0,0,0.0,-2.0205906616888036e-05
1252.0,2023-01-21 13:50:59.999,2.0,,0.0,0.0,,,0.4088,13.014,177940.0,424.38,0.0,9999.797940933831,0.0,0.0,0.0,0.0,0,0,0,0.0,-2.0205906616888036e-05
1253.0,2023-01-21 13:51:59.999,2.0,,0.0,0.0,,,0.4089,13.028,87680.0,519.54,0.0,9999.797940933831,0.0,0.0,0.0,0.0,0,0,0,0.0,-2.0205906616888036e-05
1254.0,2023-01-21 13:52:59.999,2.0,,0.0,0.0,,,0.40885,13.0425,454791.0,256.55,0.0,9999.797940933831,0.0,0.0,0.0,0.0,0,0,0,0.0,-2.0205906616888036e-05
1255.0,2023-01-21 13:53:59.999,2.0,,0.0,0.0,,,0.40925,13.0535,240521.0,544.43,0.0,9999.797940933831,0.0,0.0,0.0,0.0,0,0,0,0.0,-2.0205906616888036e-05
1256.0,2023-01-21 13:54:59.999,2.0,,0.0,0.0,,,0.4095,13.0485,161058.0,577.74,0.0,9999.797940933831,0.0,0.0,0.0,0.0,0,0,0,0.0,-2.0205906616888036e-05
1257.0,2023-01-21 13:55:59.999,2.0,,0.0,0.0,,,0.40965,13.054,40085.0,354.41,0.0,9999.797940933831,0.0,0.0,0.0,0.0,0,0,0,0.0,-2.0205906616888036e-05
1258.0,2023-01-21 13:56:59.999,2.0,,0.0,0.0,,,0.4095,13.0475,66342.0,236.5,0.0,9999.797940933831,0.0,0.0,0.0,0.0,0,0,0,0.0,-2.0205906616888036e-05
1259.0,2023-01-21 13:57:59.999,2.0,,0.0,0.0,,,0.4094,13.0465,101123.0,1211.97,0.0,9999.797940933831,0.0,0.0,0.0,0.0,0,0,0,0.0,-2.0205906616888036e-05
1260.0,2023-01-21 13:58:59.999,2.0,,0.0,0.0,,,0.40945,13.049,86081.0,482.2,0.0,9999.797940933831,0.0,0.0,0.0,0.0,0,0,0,0.0,-2.0205906616888036e-05
1261.0,2023-01-21 13:59:59.999,2.0,,0.0,0.0,,,0.4094,13.048,56846.0,284.41,0.0,9999.797940933831,0.0,0.0,0.0,0.0,0,0,0,0.0,-2.0205906616888036e-05
1262.0,2023-01-21 14:00:59.999,2.0,,0.0,0.0,,,0.4095999999999999,13.053,36118.0,434.26,0.0,9999.797940933831,0.0,0.0,0.0,0.0,0,0,0,0.0,-2.0205906616888036e-05
1263.0,2023-01-21 14:01:59.999,2.0,,0.0,0.0,,,0.4098,13.062,76152.0,518.18,0.0,9999.797940933831,0.0,0.0,0.0,0.0,0,0,0,0.0,-2.0205906616888036e-05
1264.0,2023-01-21 14:02:59.999,2.0,,0.0,0.0,,,0.40985,13.0585,174191.0,210.02,0.0,9999.797940933831,0.0,0.0,0.0,0.0,0,0,0,0.0,-2.0205906616888036e-05
1265.0,2023-01-21 14:03:59.999,2.0,,0.0,0.0,,,0.40985,13.0635,27332.0,82.33,0.0,9999.797940933831,0.0,0.0,0.0,0.0,0,0,0,0.0,-2.0205906616888036e-05
1266.0,2023-01-21 14:04:59.999,2.0,,0.0,0.0,,,0.4098,13.0665,60357.0,891.52,0.0,9999.797940933831,0.0,0.0,0.0,0.0,0,0,0,0.0,-2.0205906616888036e-05
1267.0,2023-01-21 14:05:59.999,2.0,,0.0,0.0,,,0.40975,13.077,35269.0,3481.19,0.0,9999.797940933831,0.0,0.0,0.0,0.0,0,0,0,0.0,-2.0205906616888036e-05
1268.0,2023-01-21 14:06:59.999,2.0,,0.0,0.0,,,0.4095499999999999,13.074,92381.0,439.86,0.0,9999.797940933831,0.0,0.0,0.0,0.0,0,0,0,0.0,-2.0205906616888036e-05
1269.0,2023-01-21 14:07:59.999,2.0,,0.0,0.0,,,0.40895,13.059,387943.0,591.79,0.0,9999.797940933831,0.0,0.0,0.0,0.0,0,0,0,0.0,-2.0205906616888036e-05
1270.0,2023-01-21 14:08:59.999,2.0,,0.0,0.0,,,0.4086999999999999,13.040500000000002,95883.0,3091.14,0.0,9999.797940933831,0.0,0.0,0.0,0.0,0,0,0,0.0,-2.0205906616888036e-05
1271.0,2023-01-21 14:09:59.999,2.0,,0.0,0.0,,,0.40905,13.038,139090.0,373.98,0.0,9999.797940933831,0.0,0.0,0.0,0.0,0,0,0,0.0,-2.0205906616888036e-05
1272.0,2023-01-21 14:10:59.999,2.0,,0.0,0.0,,,0.40915,13.034,51537.0,1053.17,0.0,9999.797940933831,0.0,0.0,0.0,0.0,0,0,0,0.0,-2.0205906616888036e-05
1273.0,2023-01-21 14:11:59.999,2.0,,0.0,0.0,,,0.40885,13.0205,49551.0,1768.42,0.0,9999.797940933831,0.0,0.0,0.0,0.0,0,0,0,0.0,-2.0205906616888036e-05
1274.0,2023-01-21 14:12:59.999,2.0,,0.0,0.0,,,0.4084,13.0045,162939.0,1382.58,0.0,9999.797940933831,0.0,0.0,0.0,0.0,0,0,0,0.0,-2.0205906616888036e-05
1275.0,2023-01-21 14:13:59.999,2.0,,0.0,0.0,,,0.4085,13.0,220595.0,876.58,0.0,9999.797940933831,0.0,0.0,0.0,0.0,0,0,0,0.0,-2.0205906616888036e-05
1276.0,2023-01-21 14:14:59.999,2.0,,0.0,0.0,,,0.40895,13.004,244803.0,693.05,0.0,9999.797940933831,0.0,0.0,0.0,0.0,0,0,0,0.0,-2.0205906616888036e-05
1277.0,2023-01-21 14:15:59.999,2.0,,0.0,0.0,,,0.40895,12.9905,239048.0,5447.68,0.0,9999.797940933831,0.0,0.0,0.0,0.0,0,0,0,0.0,-2.0205906616888036e-05
1278.0,2023-01-21 14:16:59.999,2.0,,0.0,0.0,,,0.40895,12.9955,321681.0,662.22,0.0,9999.797940933831,0.0,0.0,0.0,0.0,0,0,0,0.0,-2.0205906616888036e-05
1279.0,2023-01-21 14:17:59.999,2.0,,0.0,0.0,,,0.4088,12.9885,126144.0,538.87,0.0,9999.797940933831,0.0,0.0,0.0,0.0,0,0,0,0.0,-2.0205906616888036e-05
1280.0,2023-01-21 14:18:59.999,2.0,,0.0,0.0,,,0.409,12.982,228855.0,451.59,0.0,9999.797940933831,0.0,0.0,0.0,0.0,0,0,0,0.0,-2.0205906616888036e-05
1281.0,2023-01-21 14:19:59.999,2.0,,0.0,0.0,,,0.4093,12.994,110670.0,433.29,0.0,9999.797940933831,0.0,0.0,0.0,0.0,0,0,0,0.0,-2.0205906616888036e-05
1282.0,2023-01-21 14:20:59.999,2.0,,0.0,0.0,,,0.4095999999999999,13.0045,108661.0,311.11,0.0,9999.797940933831,0.0,0.0,0.0,0.0,0,0,0,0.0,-2.0205906616888036e-05
1283.0,2023-01-21 14:21:59.999,2.0,,0.0,0.0,,,0.4095,12.9985,90077.0,572.18,0.0,9999.797940933831,0.0,0.0,0.0,0.0,0,0,0,0.0,-2.0205906616888036e-05
1284.0,2023-01-21 14:22:59.999,2.0,,0.0,0.0,,,0.4095999999999999,12.9945,51120.0,193.39,0.0,9999.797940933831,0.0,0.0,0.0,0.0,0,0,0,0.0,-2.0205906616888036e-05
1285.0,2023-01-21 14:23:59.999,2.0,,0.0,0.0,,,0.40985,13.0015,68417.0,165.31,0.0,9999.797940933831,0.0,0.0,0.0,0.0,0,0,0,0.0,-2.0205906616888036e-05
1286.0,2023-01-21 14:24:59.999,2.0,,0.0,0.0,,,0.4096499999999999,12.991499999999998,94844.0,205.27,0.0,9999.797940933831,0.0,0.0,0.0,0.0,0,0,0,0.0,-2.0205906616888036e-05
1287.0,2023-01-21 14:25:59.999,2.0,,0.0,0.0,,,0.4099,12.991,33110.0,68.35,0.0,9999.797940933831,0.0,0.0,0.0,0.0,0,0,0,0.0,-2.0205906616888036e-05
1288.0,2023-01-21 14:26:59.999,2.0,,0.0,0.0,,,0.4099,12.995,29848.0,74.05,0.0,9999.797940933831,0.0,0.0,0.0,0.0,0,0,0,0.0,-2.0205906616888036e-05
1289.0,2023-01-21 14:27:59.999,2.0,,0.0,0.0,,,0.40985,13.002,106080.0,620.93,0.0,9999.797940933831,0.0,0.0,0.0,0.0,0,0,0,0.0,-2.0205906616888036e-05
1290.0,2023-01-21 14:28:59.999,2.0,,0.0,0.0,,,0.40975,13.0105,94888.0,616.14,0.0,9999.797940933831,0.0,0.0,0.0,0.0,0,0,0,0.0,-2.0205906616888036e-05
1291.0,2023-01-21 14:29:59.999,2.0,,0.0,0.0,,,0.40975,13.0235,58859.0,1169.51,0.0,9999.797940933831,0.0,0.0,0.0,0.0,0,0,0,0.0,-2.0205906616888036e-05
1292.0,2023-01-21 14:30:59.999,2.0,,0.0,0.0,,,0.4099,13.0255,89457.0,1815.82,0.0,9999.797940933831,0.0,0.0,0.0,0.0,0,0,0,0.0,-2.0205906616888036e-05
1293.0,2023-01-21 14:31:59.999,2.0,,0.0,0.0,,,0.40995,13.0445,28625.0,447.87,0.0,9999.797940933831,0.0,0.0,0.0,0.0,0,0,0,0.0,-2.0205906616888036e-05
1294.0,2023-01-21 14:32:59.999,2.0,,0.0,0.0,,,0.4099,13.045,107956.0,294.26,0.0,9999.797940933831,0.0,0.0,0.0,0.0,0,0,0,0.0,-2.0205906616888036e-05
1295.0,2023-01-21 14:33:59.999,2.0,,0.0,0.0,,,0.40985,13.0495,45958.0,1173.06,0.0,9999.797940933831,0.0,0.0,0.0,0.0,0,0,0,0.0,-2.0205906616888036e-05
1296.0,2023-01-21 14:34:59.999,2.0,,0.0,0.0,,,0.40985,13.0615,50252.0,414.08,0.0,9999.797940933831,0.0,0.0,0.0,0.0,0,0,0,0.0,-2.0205906616888036e-05
1297.0,2023-01-21 14:35:59.999,2.0,,0.0,0.0,,,0.4099,13.0605,60090.0,149.29,0.0,9999.797940933831,0.0,0.0,0.0,0.0,0,0,0,0.0,-2.0205906616888036e-05
1298.0,2023-01-21 14:36:59.999,2.0,,0.0,0.0,,,0.40995,13.067,75261.0,206.84,0.0,9999.797940933831,0.0,0.0,0.0,0.0,0,0,0,0.0,-2.0205906616888036e-05
1299.0,2023-01-21 14:37:59.999,2.0,,0.0,0.0,,,0.4099,13.06,70098.0,226.04,0.0,9999.797940933831,0.0,0.0,0.0,0.0,0,0,0,0.0,-2.0205906616888036e-05
1300.0,2023-01-21 14:38:59.999,2.0,,0.0,0.0,,,0.4099,13.059,23176.0,197.87,0.0,9999.797940933831,0.0,0.0,0.0,0.0,0,0,0,0.0,-2.0205906616888036e-05
1301.0,2023-01-21 14:39:59.999,2.0,,0.0,0.0,,,0.4099,13.0565,130567.0,12.77,0.0,9999.797940933831,0.0,0.0,0.0,0.0,0,0,0,0.0,-2.0205906616888036e-05
1302.0,2023-01-21 14:40:59.999,2.0,,0.0,0.0,,,0.4099,13.064,314485.0,542.3,0.0,9999.797940933831,0.0,0.0,0.0,0.0,0,0,0,0.0,-2.0205906616888036e-05
1303.0,2023-01-21 14:41:59.999,2.0,,0.0,0.0,,,0.4095499999999999,13.0615,199586.0,97.75,0.0,9999.797940933831,0.0,0.0,0.0,0.0,0,0,0,0.0,-2.0205906616888036e-05
1304.0,2023-01-21 14:42:59.999,2.0,,0.0,0.0,,,0.4096999999999999,13.065,129061.0,290.71,0.0,9999.797940933831,0.0,0.0,0.0,0.0,0,0,0,0.0,-2.0205906616888036e-05
1305.0,2023-01-21 14:43:59.999,2.0,,0.0,0.0,,,0.41005,13.076,69057.0,187.11,0.0,9999.797940933831,0.0,0.0,0.0,0.0,0,0,0,0.0,-2.0205906616888036e-05
1306.0,2023-01-21 14:44:59.999,2.0,,0.0,0.0,,,0.4099,13.0845,102474.0,1257.13,0.0,9999.797940933831,0.0,0.0,0.0,0.0,0,0,0,0.0,-2.0205906616888036e-05
1307.0,2023-01-21 14:45:59.999,2.0,,0.0,0.0,,,0.4097,13.0915,111165.0,820.94,0.0,9999.797940933831,0.0,0.0,0.0,0.0,0,0,0,0.0,-2.0205906616888036e-05
1308.0,2023-01-21 14:46:59.999,2.0,,0.0,0.0,,,0.40985,13.099,35962.0,258.51,0.0,9999.797940933831,0.0,0.0,0.0,0.0,0,0,0,0.0,-2.0205906616888036e-05
1309.0,2023-01-21 14:47:59.999,2.0,,0.0,0.0,,,0.4097499999999999,13.0895,196749.0,792.52,0.0,9999.797940933831,0.0,0.0,0.0,0.0,0,0,0,0.0,-2.0205906616888036e-05
1310.0,2023-01-21 14:48:59.999,2.0,,0.0,0.0,,,0.4092,13.0745,459947.0,130.25,0.0,9999.797940933831,0.0,0.0,0.0,0.0,0,0,0,0.0,-2.0205906616888036e-05
1311.0,2023-01-21 14:49:59.999,2.0,,0.0,0.0,,,0.40875,13.0725,52950.0,1003.06,0.0,9999.797940933831,0.0,0.0,0.0,0.0,0,0,0,0.0,-2.0205906616888036e-05
1312.0,2023-01-21 14:50:59.999,2.0,,0.0,0.0,,,0.40895,13.064,294002.0,455.31,0.0,9999.797940933831,0.0,0.0,0.0,0.0,0,0,0,0.0,-2.0205906616888036e-05
1313.0,2023-01-21 14:51:59.999,2.0,,0.0,0.0,,,0.409,13.0605,157687.0,481.12,0.0,9999.797940933831,0.0,0.0,0.0,0.0,0,0,0,0.0,-2.0205906616888036e-05
1314.0,2023-01-21 14:52:59.999,2.0,,0.0,0.0,,,0.4088,13.0425,96370.0,624.44,0.0,9999.797940933831,0.0,0.0,0.0,0.0,0,0,0,0.0,-2.0205906616888036e-05
1315.0,2023-01-21 14:53:59.999,2.0,,0.0,0.0,,,0.409,13.049,78033.0,549.86,0.0,9999.797940933831,0.0,0.0,0.0,0.0,0,0,0,0.0,-2.0205906616888036e-05
1316.0,2023-01-21 14:54:59.999,2.0,,0.0,0.0,,,0.40895,13.043,257042.0,423.32,0.0,9999.797940933831,0.0,0.0,0.0,0.0,0,0,0,0.0,-2.0205906616888036e-05
1317.0,2023-01-21 14:55:59.999,2.0,,0.0,0.0,,,0.4092,13.053,24397.0,302.7,0.0,9999.797940933831,0.0,0.0,0.0,0.0,0,0,0,0.0,-2.0205906616888036e-05
1318.0,2023-01-21 14:56:59.999,2.0,,0.0,0.0,,,0.4096499999999999,13.0775,125684.0,716.19,0.0,9999.797940933831,0.0,0.0,0.0,0.0,0,0,0,0.0,-2.0205906616888036e-05
1319.0,2023-01-21 14:57:59.999,2.0,,0.0,0.0,,,0.4095499999999999,13.07,97797.0,1014.42,0.0,9999.797940933831,0.0,0.0,0.0,0.0,0,0,0,0.0,-2.0205906616888036e-05
1320.0,2023-01-21 14:58:59.999,2.0,,0.0,0.0,,,0.4095,13.057,46028.0,1497.61,0.0,9999.797940933831,0.0,0.0,0.0,0.0,0,0,0,0.0,-2.0205906616888036e-05
1321.0,2023-01-21 14:59:59.999,2.0,,0.0,0.0,,,0.40935,13.041,76721.0,2854.41,0.0,9999.797940933831,0.0,0.0,0.0,0.0,0,0,0,0.0,-2.0205906616888036e-05
1322.0,2023-01-21 15:00:59.999,2.0,,0.0,0.0,,,0.40925,13.0475,35714.0,900.98,0.0,9999.797940933831,0.0,0.0,0.0,0.0,0,0,0,0.0,-2.0205906616888036e-05
1323.0,2023-01-21 15:01:59.999,2.0,,0.0,0.0,,,0.40925,13.066,136145.0,242.44,0.0,9999.797940933831,0.0,0.0,0.0,0.0,0,0,0,0.0,-2.0205906616888036e-05
1324.0,2023-01-21 15:02:59.999,2.0,,0.0,0.0,,,0.40885,13.073,215271.0,256.79,0.0,9999.797940933831,0.0,0.0,0.0,0.0,0,0,0,0.0,-2.0205906616888036e-05
1325.0,2023-01-21 15:03:59.999,2.0,,0.0,0.0,,,0.40885,13.0805,82272.0,949.79,0.0,9999.797940933831,0.0,0.0,0.0,0.0,0,0,0,0.0,-2.0205906616888036e-05
1326.0,2023-01-21 15:04:59.999,2.0,,0.0,0.0,,,0.4089,13.079,53559.0,123.39,0.0,9999.797940933831,0.0,0.0,0.0,0.0,0,0,0,0.0,-2.0205906616888036e-05
1327.0,2023-01-21 15:05:59.999,2.0,,0.0,0.0,,,0.40905,13.0805,198978.0,427.28,0.0,9999.797940933831,0.0,0.0,0.0,0.0,0,0,0,0.0,-2.0205906616888036e-05
1328.0,2023-01-21 15:06:59.999,2.0,,0.0,0.0,,,0.4095999999999999,13.0865,148530.0,967.17,0.0,9999.797940933831,0.0,0.0,0.0,0.0,0,0,0,0.0,-2.0205906616888036e-05
1329.0,2023-01-21 15:07:59.999,2.0,,0.0,0.0,,,0.41,13.0965,408840.0,376.25,0.0,9999.797940933831,0.0,0.0,0.0,0.0,0,0,0,0.0,-2.0205906616888036e-05
1330.0,2023-01-21 15:08:59.999,2.0,,0.0,0.0,,,0.4098,13.108,515433.0,8746.66,0.0,9999.797940933831,0.0,0.0,0.0,0.0,0,0,0,0.0,-2.0205906616888036e-05
1331.0,2023-01-21 15:09:59.999,2.0,,0.0,0.0,,,0.4099,13.1235,251729.0,1292.19,0.0,9999.797940933831,0.0,0.0,0.0,0.0,0,0,0,0.0,-2.0205906616888036e-05
1332.0,2023-01-21 15:10:59.999,2.0,,0.0,0.0,,,0.41005,13.1285,110083.0,573.85,0.0,9999.797940933831,0.0,0.0,0.0,0.0,0,0,0,0.0,-2.0205906616888036e-05
1333.0,2023-01-21 15:11:59.999,2.0,,0.0,0.0,,,0.41005,13.126,161355.0,615.15,0.0,9999.797940933831,0.0,0.0,0.0,0.0,0,0,0,0.0,-2.0205906616888036e-05
1334.0,2023-01-21 15:12:59.999,2.0,,0.0,0.0,,,0.41,13.127,97343.0,256.34,0.0,9999.797940933831,0.0,0.0,0.0,0.0,0,0,0,0.0,-2.0205906616888036e-05
1335.0,2023-01-21 15:13:59.999,2.0,,0.0,0.0,,,0.41005,13.1255,333969.0,99.26,0.0,9999.797940933831,0.0,0.0,0.0,0.0,0,0,0,0.0,-2.0205906616888036e-05
1336.0,2023-01-21 15:14:59.999,2.0,,0.0,0.0,,,0.41,13.13,84295.0,203.78,0.0,9999.797940933831,0.0,0.0,0.0,0.0,0,0,0,0.0,-2.0205906616888036e-05
1337.0,2023-01-21 15:15:59.999,2.0,,0.0,0.0,,,0.41015,13.1275,124401.0,248.46,0.0,9999.797940933831,0.0,0.0,0.0,0.0,0,0,0,0.0,-2.0205906616888036e-05
1338.0,2023-01-21 15:16:59.999,2.0,,0.0,0.0,,,0.41015,13.1355,378770.0,813.67,0.0,9999.797940933831,0.0,0.0,0.0,0.0,0,0,0,0.0,-2.0205906616888036e-05
1339.0,2023-01-21 15:17:59.999,2.0,,0.0,0.0,,,0.4103,13.147,1022130.0,6432.52,0.0,9999.797940933831,0.0,0.0,0.0,0.0,0,0,0,0.0,-2.0205906616888036e-05
1340.0,2023-01-21 15:18:59.999,2.0,,0.0,0.0,,,0.4101,13.149,362994.0,2138.37,0.0,9999.797940933831,0.0,0.0,0.0,0.0,0,0,0,0.0,-2.0205906616888036e-05
1341.0,2023-01-21 15:19:59.999,2.0,,0.0,0.0,,,0.4108,13.1735,845453.0,1359.96,0.0,9999.797940933831,0.0,0.0,0.0,0.0,0,0,0,0.0,-2.0205906616888036e-05
1342.0,2023-01-21 15:20:59.999,2.0,,0.0,0.0,,,0.41195,13.1535,1811031.0,1198.16,0.0,9999.797940933831,0.0,0.0,0.0,0.0,0,0,0,0.0,-2.0205906616888036e-05
1343.0,2023-01-21 15:21:59.999,2.0,,0.0,0.0,,,0.4128,13.152,215206.0,397.13,0.0,9999.797940933831,0.0,0.0,0.0,0.0,0,0,0,0.0,-2.0205906616888036e-05
1344.0,2023-01-21 15:22:59.999,2.0,,0.0,0.0,,,0.41235,13.1585,195867.0,995.68,0.0,9999.797940933831,0.0,0.0,0.0,0.0,0,0,0,0.0,-2.0205906616888036e-05
1345.0,2023-01-21 15:23:59.999,2.0,,0.0,0.0,,,0.4121,13.165,150308.0,603.42,0.0,9999.797940933831,0.0,0.0,0.0,0.0,0,0,0,0.0,-2.0205906616888036e-05
1346.0,2023-01-21 15:24:59.999,2.0,,0.0,0.0,,,0.4126,13.176,353662.0,1959.12,0.0,9999.797940933831,0.0,0.0,0.0,0.0,0,0,0,0.0,-2.0205906616888036e-05
1347.0,2023-01-21 15:25:59.999,2.0,,0.0,0.0,,,0.41255,13.1505,112280.0,1027.86,0.0,9999.797940933831,0.0,0.0,0.0,0.0,0,0,0,0.0,-2.0205906616888036e-05
1348.0,2023-01-21 15:26:59.999,2.0,,0.0,0.0,,,0.4122,13.1485,263069.0,540.25,0.0,9999.797940933831,0.0,0.0,0.0,0.0,0,0,0,0.0,-2.0205906616888036e-05
1349.0,2023-01-21 15:27:59.999,2.0,,0.0,0.0,,,0.41245,13.147,130543.0,2295.17,0.0,9999.797940933831,0.0,0.0,0.0,0.0,0,0,0,0.0,-2.0205906616888036e-05
1350.0,2023-01-21 15:28:59.999,2.0,,0.0,0.0,,,0.4122,13.144,61964.0,1142.67,0.0,9999.797940933831,0.0,0.0,0.0,0.0,0,0,0,0.0,-2.0205906616888036e-05
1351.0,2023-01-21 15:29:59.999,2.0,,0.0,0.0,,,0.41225,13.1435,528107.0,767.91,0.0,9999.797940933831,0.0,0.0,0.0,0.0,0,0,0,0.0,-2.0205906616888036e-05
1352.0,2023-01-21 15:30:59.999,2.0,,0.0,0.0,,,0.4118,13.1335,259207.0,821.61,0.0,9999.797940933831,0.0,0.0,0.0,0.0,0,0,0,0.0,-2.0205906616888036e-05
1353.0,2023-01-21 15:31:59.999,2.0,,0.0,0.0,,,0.41135,13.1275,571148.0,741.88,0.0,9999.797940933831,0.0,0.0,0.0,0.0,0,0,0,0.0,-2.0205906616888036e-05
1354.0,2023-01-21 15:32:59.999,2.0,,0.0,0.0,,,0.4119,13.1195,196959.0,808.68,0.0,9999.797940933831,0.0,0.0,0.0,0.0,0,0,0,0.0,-2.0205906616888036e-05
1355.0,2023-01-21 15:33:59.999,2.0,,0.0,0.0,,,0.4123,13.1375,236899.0,1714.26,0.0,9999.797940933831,0.0,0.0,0.0,0.0,0,0,0,0.0,-2.0205906616888036e-05
1356.0,2023-01-21 15:34:59.999,2.0,,0.0,0.0,,,0.41235,13.1335,187294.0,460.97,0.0,9999.797940933831,0.0,0.0,0.0,0.0,0,0,0,0.0,-2.0205906616888036e-05
1357.0,2023-01-21 15:35:59.999,2.0,,0.0,0.0,,,0.4119,13.115,123780.0,2314.9,0.0,9999.797940933831,0.0,0.0,0.0,0.0,0,0,0,0.0,-2.0205906616888036e-05
1358.0,2023-01-21 15:36:59.999,2.0,,0.0,0.0,,,0.41195,13.1215,276763.0,1360.32,0.0,9999.797940933831,0.0,0.0,0.0,0.0,0,0,0,0.0,-2.0205906616888036e-05
1359.0,2023-01-21 15:37:59.999,2.0,,0.0,0.0,,,0.41205,13.118,167845.0,594.6,0.0,9999.797940933831,0.0,0.0,0.0,0.0,0,0,0,0.0,-2.0205906616888036e-05
1360.0,2023-01-21 15:38:59.999,2.0,,0.0,0.0,,,0.4117499999999999,13.0965,134619.0,499.52,0.0,9999.797940933831,0.0,0.0,0.0,0.0,0,0,0,0.0,-2.0205906616888036e-05
1361.0,2023-01-21 15:39:59.999,2.0,,0.0,0.0,,,0.4116999999999999,13.0995,87738.0,529.39,0.0,9999.797940933831,0.0,0.0,0.0,0.0,0,0,0,0.0,-2.0205906616888036e-05
1362.0,2023-01-21 15:40:59.999,2.0,,0.0,0.0,,,0.4116499999999999,13.1,104310.0,1732.88,0.0,9999.797940933831,0.0,0.0,0.0,0.0,0,0,0,0.0,-2.0205906616888036e-05
1363.0,2023-01-21 15:41:59.999,2.0,,0.0,0.0,,,0.4115,13.111,102089.0,161.0,0.0,9999.797940933831,0.0,0.0,0.0,0.0,0,0,0,0.0,-2.0205906616888036e-05
1364.0,2023-01-21 15:42:59.999,2.0,,0.0,0.0,,,0.4117,13.1155,218398.0,747.6,0.0,9999.797940933831,0.0,0.0,0.0,0.0,0,0,0,0.0,-2.0205906616888036e-05
1365.0,2023-01-21 15:43:59.999,2.0,,0.0,0.0,,,0.4123,13.128,210543.0,772.5,0.0,9999.797940933831,0.0,0.0,0.0,0.0,0,0,0,0.0,-2.0205906616888036e-05
1366.0,2023-01-21 15:44:59.999,2.0,,0.0,0.0,,,0.41175,13.1285,582678.0,65.51,0.0,9999.797940933831,0.0,0.0,0.0,0.0,0,0,0,0.0,-2.0205906616888036e-05
1367.0,2023-01-21 15:45:59.999,2.0,,0.0,0.0,,,0.4114,13.1285,59995.0,1222.95,0.0,9999.797940933831,0.0,0.0,0.0,0.0,0,0,0,0.0,-2.0205906616888036e-05
1368.0,2023-01-21 15:46:59.999,2.0,,0.0,0.0,,,0.41125,13.134,175442.0,457.12,0.0,9999.797940933831,0.0,0.0,0.0,0.0,0,0,0,0.0,-2.0205906616888036e-05
1369.0,2023-01-21 15:47:59.999,2.0,,0.0,0.0,,,0.4109,13.124,152432.0,1672.47,0.0,9999.797940933831,0.0,0.0,0.0,0.0,0,0,0,0.0,-2.0205906616888036e-05
1370.0,2023-01-21 15:48:59.999,2.0,,0.0,0.0,,,0.4112,13.134,307743.0,237.7,0.0,9999.797940933831,0.0,0.0,0.0,0.0,0,0,0,0.0,-2.0205906616888036e-05
1371.0,2023-01-21 15:49:59.999,2.0,,0.0,0.0,,,0.41105,13.14,120827.0,196.63,0.0,9999.797940933831,0.0,0.0,0.0,0.0,0,0,0,0.0,-2.0205906616888036e-05
1372.0,2023-01-21 15:50:59.999,2.0,,0.0,0.0,,,0.4109,13.1345,160982.0,151.92,0.0,9999.797940933831,0.0,0.0,0.0,0.0,0,0,0,0.0,-2.0205906616888036e-05
1373.0,2023-01-21 15:51:59.999,2.0,,0.0,0.0,,,0.4109,13.131,82795.0,899.31,0.0,9999.797940933831,0.0,0.0,0.0,0.0,0,0,0,0.0,-2.0205906616888036e-05
1374.0,2023-01-21 15:52:59.999,2.0,,0.0,0.0,,,0.4108,13.1185,109072.0,1620.65,0.0,9999.797940933831,0.0,0.0,0.0,0.0,0,0,0,0.0,-2.0205906616888036e-05
1375.0,2023-01-21 15:53:59.999,2.0,,0.0,0.0,,,0.4106999999999999,13.1275,139533.0,336.24,0.0,9999.797940933831,0.0,0.0,0.0,0.0,0,0,0,0.0,-2.0205906616888036e-05
1376.0,2023-01-21 15:54:59.999,2.0,,0.0,0.0,,,0.4105,13.119,213852.0,462.99,0.0,9999.797940933831,0.0,0.0,0.0,0.0,0,0,0,0.0,-2.0205906616888036e-05
1377.0,2023-01-21 15:55:59.999,2.0,,0.0,0.0,,,0.4103,13.0915,725627.0,2320.2,0.0,9999.797940933831,0.0,0.0,0.0,0.0,0,0,0,0.0,-2.0205906616888036e-05
1378.0,2023-01-21 15:56:59.999,2.0,,0.0,0.0,,,0.4103,13.0795,528575.0,1338.04,0.0,9999.797940933831,0.0,0.0,0.0,0.0,0,0,0,0.0,-2.0205906616888036e-05
1379.0,2023-01-21 15:57:59.999,2.0,,0.0,0.0,,,0.41,13.079,704542.0,1335.64,0.0,9999.797940933831,0.0,0.0,0.0,0.0,0,0,0,0.0,-2.0205906616888036e-05
1380.0,2023-01-21 15:58:59.999,2.0,,0.0,0.0,,,0.40795,13.0255,6527041.0,21346.05,0.0,9999.797940933831,0.0,0.0,0.0,0.0,0,0,0,0.0,-2.0205906616888036e-05
1381.0,2023-01-21 15:59:59.999,2.0,,0.0,0.0,,,0.40785,13.0265,2765669.0,5868.43,0.0,9999.797940933831,0.0,0.0,0.0,0.0,0,0,0,0.0,-2.0205906616888036e-05
1382.0,2023-01-21 16:00:59.999,2.0,,0.0,0.0,,,0.4083,13.0555,645513.0,1055.4,0.0,9999.797940933831,0.0,0.0,0.0,0.0,0,0,0,0.0,-2.0205906616888036e-05
1383.0,2023-01-21 16:01:59.999,2.0,,0.0,0.0,,,0.4088,13.054,465617.0,2696.64,0.0,9999.797940933831,0.0,0.0,0.0,0.0,0,0,0,0.0,-2.0205906616888036e-05
1384.0,2023-01-21 16:02:59.999,2.0,,0.0,0.0,,,0.40895,13.0415,213955.0,1002.64,0.0,9999.797940933831,0.0,0.0,0.0,0.0,0,0,0,0.0,-2.0205906616888036e-05
1385.0,2023-01-21 16:03:59.999,2.0,,0.0,0.0,,,0.40945,13.058,338886.0,745.39,0.0,9999.797940933831,0.0,0.0,0.0,0.0,0,0,0,0.0,-2.0205906616888036e-05
1386.0,2023-01-21 16:04:59.999,2.0,,0.0,0.0,,,0.4102,13.116,531280.0,17253.82,0.0,9999.797940933831,0.0,0.0,0.0,0.0,0,0,0,0.0,-2.0205906616888036e-05
1387.0,2023-01-21 16:05:59.999,2.0,,0.0,0.0,,,0.4105499999999999,13.1415,172649.0,1724.08,0.0,9999.797940933831,0.0,0.0,0.0,0.0,0,0,0,0.0,-2.0205906616888036e-05
1388.0,2023-01-21 16:06:59.999,2.0,,0.0,0.0,,,0.41025,13.145499999999998,344825.0,1499.01,0.0,9999.797940933831,0.0,0.0,0.0,0.0,0,0,0,0.0,-2.0205906616888036e-05
1389.0,2023-01-21 16:07:59.999,2.0,,0.0,0.0,,,0.4102,13.1535,231006.0,3289.99,0.0,9999.797940933831,0.0,0.0,0.0,0.0,0,0,0,0.0,-2.0205906616888036e-05
1390.0,2023-01-21 16:08:59.999,2.0,,0.0,0.0,,,0.41045,13.166,152462.0,804.64,0.0,9999.797940933831,0.0,0.0,0.0,0.0,0,0,0,0.0,-2.0205906616888036e-05
1391.0,2023-01-21 16:09:59.999,2.0,,0.0,0.0,,,0.4106999999999999,13.177,126292.0,493.75,0.0,9999.797940933831,0.0,0.0,0.0,0.0,0,0,0,0.0,-2.0205906616888036e-05
1392.0,2023-01-21 16:10:59.999,2.0,,0.0,0.0,,,0.41095,13.183,258771.0,857.8,0.0,9999.797940933831,0.0,0.0,0.0,0.0,0,0,0,0.0,-2.0205906616888036e-05
1393.0,2023-01-21 16:11:59.999,2.0,,0.0,0.0,,,0.41085,13.1895,104893.0,574.01,0.0,9999.797940933831,0.0,0.0,0.0,0.0,0,0,0,0.0,-2.0205906616888036e-05
1394.0,2023-01-21 16:12:59.999,2.0,,0.0,0.0,,,0.41085,13.1875,150559.0,3634.8,0.0,9999.797940933831,0.0,0.0,0.0,0.0,0,0,0,0.0,-2.0205906616888036e-05
1395.0,2023-01-21 16:13:59.999,2.0,,0.0,0.0,,,0.4108,13.243,444183.0,41139.96,0.0,9999.797940933831,0.0,0.0,0.0,0.0,0,0,0,0.0,-2.0205906616888036e-05
1396.0,2023-01-21 16:14:59.999,2.0,,0.0,0.0,,,0.4108,13.201,99413.0,855.24,0.0,9999.797940933831,0.0,0.0,0.0,0.0,0,0,0,0.0,-2.0205906616888036e-05
1397.0,2023-01-21 16:15:59.999,2.0,,0.0,0.0,,,0.4109,13.178,149246.0,3083.57,0.0,9999.797940933831,0.0,0.0,0.0,0.0,0,0,0,0.0,-2.0205906616888036e-05
1398.0,2023-01-21 16:16:59.999,2.0,,0.0,0.0,,,0.4107499999999999,13.168,188632.0,901.02,0.0,9999.797940933831,0.0,0.0,0.0,0.0,0,0,0,0.0,-2.0205906616888036e-05
1399.0,2023-01-21 16:17:59.999,2.0,,0.0,0.0,,,0.4111,13.1835,143743.0,1229.32,0.0,9999.797940933831,0.0,0.0,0.0,0.0,0,0,0,0.0,-2.0205906616888036e-05
1400.0,2023-01-21 16:18:59.999,2.0,,0.0,0.0,,,0.411,13.195,151657.0,1080.22,0.0,9999.797940933831,0.0,0.0,0.0,0.0,0,0,0,0.0,-2.0205906616888036e-05
1401.0,2023-01-21 16:19:59.999,2.0,,0.0,0.0,,,0.41105,13.1905,53777.0,99.15,0.0,9999.797940933831,0.0,0.0,0.0,0.0,0,0,0,0.0,-2.0205906616888036e-05
1402.0,2023-01-21 16:20:59.999,2.0,,0.0,0.0,,,0.411,13.206,112031.0,2478.61,0.0,9999.797940933831,0.0,0.0,0.0,0.0,0,0,0,0.0,-2.0205906616888036e-05
1403.0,2023-01-21 16:21:59.999,2.0,,0.0,0.0,,,0.41095,13.2205,70245.0,761.81,0.0,9999.797940933831,0.0,0.0,0.0,0.0,0,0,0,0.0,-2.0205906616888036e-05
1404.0,2023-01-21 16:22:59.999,2.0,,0.0,0.0,,,0.4108,13.22,224664.0,1840.35,0.0,9999.797940933831,0.0,0.0,0.0,0.0,0,0,0,0.0,-2.0205906616888036e-05
1405.0,2023-01-21 16:23:59.999,2.0,,0.0,0.0,,,0.41025,13.228,45736.0,1131.15,0.0,9999.797940933831,0.0,0.0,0.0,0.0,0,0,0,0.0,-2.0205906616888036e-05
1406.0,2023-01-21 16:24:59.999,2.0,,0.0,0.0,,,0.4098,13.218,298045.0,1783.69,0.0,9999.797940933831,0.0,0.0,0.0,0.0,0,0,0,0.0,-2.0205906616888036e-05
1407.0,2023-01-21 16:25:59.999,2.0,,0.0,0.0,,,0.40995,13.2055,472568.0,2469.06,0.0,9999.797940933831,0.0,0.0,0.0,0.0,0,0,0,0.0,-2.0205906616888036e-05
1408.0,2023-01-21 16:26:59.999,2.0,,0.0,0.0,,,0.4098,13.187,110131.0,260.85,0.0,9999.797940933831,0.0,0.0,0.0,0.0,0,0,0,0.0,-2.0205906616888036e-05
1409.0,2023-01-21 16:27:59.999,2.0,,0.0,0.0,,,0.41015,13.214,171463.0,691.82,0.0,9999.797940933831,0.0,0.0,0.0,0.0,0,0,0,0.0,-2.0205906616888036e-05
1410.0,2023-01-21 16:28:59.999,2.0,,0.0,0.0,,,0.41025,13.235,88341.0,357.43,0.0,9999.797940933831,0.0,0.0,0.0,0.0,0,0,0,0.0,-2.0205906616888036e-05
1411.0,2023-01-21 16:29:59.999,2.0,,0.0,0.0,,,0.4102,13.241,36844.0,31.02,0.0,9999.797940933831,0.0,0.0,0.0,0.0,0,0,0,0.0,-2.0205906616888036e-05
1412.0,2023-01-21 16:30:59.999,2.0,,0.0,0.0,,,0.4102,13.241499999999998,125726.0,667.98,0.0,9999.797940933831,0.0,0.0,0.0,0.0,0,0,0,0.0,-2.0205906616888036e-05
1413.0,2023-01-21 16:31:59.999,2.0,,0.0,0.0,,,0.41045,13.2505,99868.0,1093.36,0.0,9999.797940933831,0.0,0.0,0.0,0.0,0,0,0,0.0,-2.0205906616888036e-05
1414.0,2023-01-21 16:32:59.999,2.0,,0.0,0.0,,,0.4105,13.2545,102217.0,568.07,0.0,9999.797940933831,0.0,0.0,0.0,0.0,0,0,0,0.0,-2.0205906616888036e-05
1415.0,2023-01-21 16:33:59.999,2.0,,0.0,0.0,,,0.41035,13.236999999999998,166299.0,1183.35,0.0,9999.797940933831,0.0,0.0,0.0,0.0,0,0,0,0.0,-2.0205906616888036e-05
1416.0,2023-01-21 16:34:59.999,2.0,,0.0,0.0,,,0.4105,13.241,14024.0,460.92,0.0,9999.797940933831,0.0,0.0,0.0,0.0,0,0,0,0.0,-2.0205906616888036e-05
1417.0,2023-01-21 16:35:59.999,2.0,,0.0,0.0,,,0.4106999999999999,13.2465,37703.0,627.48,0.0,9999.797940933831,0.0,0.0,0.0,0.0,0,0,0,0.0,-2.0205906616888036e-05
1418.0,2023-01-21 16:36:59.999,2.0,,0.0,0.0,,,0.4108,13.261,158368.0,842.74,0.0,9999.797940933831,0.0,0.0,0.0,0.0,0,0,0,0.0,-2.0205906616888036e-05
1419.0,2023-01-21 16:37:59.999,2.0,,0.0,0.0,,,0.4107499999999999,13.264,616181.0,3066.25,0.0,9999.797940933831,0.0,0.0,0.0,0.0,0,0,0,0.0,-2.0205906616888036e-05
1420.0,2023-01-21 16:38:59.999,2.0,,0.0,0.0,,,0.41085,13.2755,171844.0,607.18,0.0,9999.797940933831,0.0,0.0,0.0,0.0,0,0,0,0.0,-2.0205906616888036e-05
1421.0,2023-01-21 16:39:59.999,2.0,,0.0,0.0,,,0.4108,13.268,80799.0,452.75,0.0,9999.797940933831,0.0,0.0,0.0,0.0,0,0,0,0.0,-2.0205906616888036e-05
1422.0,2023-01-21 16:40:59.999,2.0,,0.0,0.0,,,0.41105,13.272,333685.0,747.59,0.0,9999.797940933831,0.0,0.0,0.0,0.0,0,0,0,0.0,-2.0205906616888036e-05
1423.0,2023-01-21 16:41:59.999,2.0,,0.0,0.0,,,0.41135,13.281,126900.0,663.56,0.0,9999.797940933831,0.0,0.0,0.0,0.0,0,0,0,0.0,-2.0205906616888036e-05
1424.0,2023-01-21 16:42:59.999,2.0,,0.0,0.0,,,0.4113,13.284,251015.0,799.88,0.0,9999.797940933831,0.0,0.0,0.0,0.0,0,0,0,0.0,-2.0205906616888036e-05
1425.0,2023-01-21 16:43:59.999,2.0,,0.0,0.0,,,0.41145,13.2865,195881.0,1630.73,0.0,9999.797940933831,0.0,0.0,0.0,0.0,0,0,0,0.0,-2.0205906616888036e-05
1426.0,2023-01-21 16:44:59.999,2.0,,0.0,0.0,,,0.4114,13.3015,358622.0,1268.01,0.0,9999.797940933831,0.0,0.0,0.0,0.0,0,0,0,0.0,-2.0205906616888036e-05
1427.0,2023-01-21 16:45:59.999,2.0,,0.0,0.0,,,0.4112,13.297,174183.0,407.27,0.0,9999.797940933831,0.0,0.0,0.0,0.0,0,0,0,0.0,-2.0205906616888036e-05
1428.0,2023-01-21 16:46:59.999,2.0,,0.0,0.0,,,0.41095,13.2985,173108.0,1505.73,0.0,9999.797940933831,0.0,0.0,0.0,0.0,0,0,0,0.0,-2.0205906616888036e-05
1429.0,2023-01-21 16:47:59.999,2.0,,0.0,0.0,,,0.411,13.297,235668.0,3459.99,3.0,9999.797940933831,0.0,0.0,0.0,0.0,0,0,0,0.0,-2.0205906616888036e-05
1430.0,2023-01-21 16:48:59.999,2.0,,0.0,0.0,,,0.4109,13.302499999999998,61354.0,1329.61,4.0,9999.797940933831,0.0,0.0,0.0,0.0,0,0,0,0.0,-2.0205906616888036e-05
1431.0,2023-01-21 16:49:59.999,3.0,long,1216.8410805548797,-20.395297414840453,0.4109,13.309,0.4109,13.309,274463.0,2120.97,2.0,9999.797940933831,0.0,0.0,0.0,0.0,0,0,1,0.0,-2.0205906616888036e-05
1432.0,2023-01-21 16:50:59.999,3.0,long,1216.8410805548797,-20.395297414840453,0.4109,13.309,0.41105,13.3115,93193.0,4648.09,2.0,9999.797940933831,0.0,0.0,0.0,0.0,0,0,0,0.0,-2.0205906616888036e-05
1433.0,2023-01-21 16:51:59.999,3.0,long,1216.8410805548797,-20.395297414840453,0.4109,13.309,0.41115,13.328,72620.0,1937.04,2.0,9999.797940933831,0.0,0.0,0.0,0.0,0,0,0,0.0,-2.0205906616888036e-05
1434.0,2023-01-21 16:52:59.999,3.0,long,1216.8410805548797,-20.395297414840453,0.4109,13.309,0.4115499999999999,13.325,155338.0,711.56,2.0,9999.797940933831,0.0,0.0,0.0,0.0,0,0,0,0.0,-2.0205906616888036e-05
1435.0,2023-01-21 16:53:59.999,3.0,long,1216.8410805548797,-20.395297414840453,0.4109,13.309,0.4115999999999999,13.3265,63532.0,174.93,2.0,9999.797940933831,0.0,0.0,0.0,0.0,0,0,0,0.0,-2.0205906616888036e-05
1436.0,2023-01-21 16:54:59.999,3.0,long,1216.8410805548797,-20.395297414840453,0.4109,13.309,0.4115499999999999,13.322,133714.0,1765.83,2.0,9999.797940933831,0.0,0.0,0.0,0.0,0,0,0,0.0,-2.0205906616888036e-05
1437.0,2023-01-21 16:55:59.999,3.0,long,1216.8410805548797,-20.395297414840453,0.4109,13.309,0.41145,13.308,72088.0,2543.65,2.0,9999.797940933831,0.0,0.0,0.0,0.0,0,0,0,0.0,-2.0205906616888036e-05
1438.0,2023-01-21 16:56:59.999,3.0,long,1216.8410805548797,-20.395297414840453,0.4109,13.309,0.41095,13.297,79512.0,1859.9,2.0,9999.797940933831,0.0,0.0,0.0,0.0,0,0,0,0.0,-2.0205906616888036e-05
1439.0,2023-01-21 16:57:59.999,3.0,long,1216.8410805548797,-20.395297414840453,0.4109,13.309,0.41075,13.2825,110407.0,1231.1,2.0,9999.797940933831,0.0,0.0,0.0,0.0,0,0,0,0.0,-2.0205906616888036e-05
1440.0,2023-01-21 16:58:59.999,3.0,long,1216.8410805548797,-20.395297414840453,0.4109,13.309,0.4108,13.2825,62913.0,166.53,2.0,9999.797940933831,0.0,0.0,0.0,0.0,0,0,0,0.0,-2.0205906616888036e-05
1441.0,2023-01-21 16:59:59.999,3.0,long,1216.8410805548797,-20.395297414840453,0.4109,13.309,0.41075,13.2635,73472.0,1080.06,2.0,9999.797940933831,0.0,0.0,0.0,0.0,0,0,0,0.0,-2.0205906616888036e-05
1442.0,2023-01-21 17:00:59.999,3.0,long,1216.8410805548797,-20.395297414840453,0.4109,13.309,0.4103,13.2515,105051.0,1212.26,0.0,9999.797940933831,0.0,0.0,0.0,0.0,0,0,0,0.0,-2.0205906616888036e-05
1443.0,2023-01-21 17:01:59.999,3.0,long,1216.8410805548797,-20.395297414840453,0.4109,13.309,0.4103,13.2565,371852.0,893.68,0.0,9999.797940933831,0.0,0.0,0.0,0.0,0,0,0,0.0,-2.0205906616888036e-05
1444.0,2023-01-21 17:02:59.999,3.0,long,1216.8410805548797,-20.395297414840453,0.4109,13.309,0.4108,13.2685,144252.0,1014.98,0.0,9999.797940933831,0.0,0.0,0.0,0.0,0,0,0,0.0,-2.0205906616888036e-05
1445.0,2023-01-21 17:03:59.999,3.0,long,1216.8410805548797,-20.395297414840453,0.4109,13.309,0.41115,13.281,145327.0,259.22,0.0,9999.797940933831,0.0,0.0,0.0,0.0,0,0,0,0.0,-2.0205906616888036e-05
1446.0,2023-01-21 17:04:59.999,3.0,long,1216.8410805548797,-20.395297414840453,0.4109,13.309,0.41095,13.279,39172.0,557.79,0.0,9999.797940933831,0.0,0.0,0.0,0.0,0,0,0,0.0,-2.0205906616888036e-05
1447.0,2023-01-21 17:05:59.999,3.0,long,1216.8410805548797,-20.395297414840453,0.4109,13.309,0.41115,13.284,84624.0,955.4,0.0,9999.797940933831,0.0,0.0,0.0,0.0,0,0,0,0.0,-2.0205906616888036e-05
1448.0,2023-01-21 17:06:59.999,3.0,long,1216.8410805548797,-20.395297414840453,0.4109,13.309,0.4113,13.307,69488.0,8908.19,0.0,9999.797940933831,0.0,0.0,0.0,0.0,0,0,0,0.0,-2.0205906616888036e-05
1449.0,2023-01-21 17:07:59.999,3.0,long,1216.8410805548797,-20.395297414840453,0.4109,13.309,0.4112,13.333,153916.0,4759.69,2.0,9999.797940933831,0.0,0.0,0.0,0.0,0,0,0,0.0,-2.0205906616888036e-05
1450.0,2023-01-21 17:08:59.999,3.0,long,1216.8410805548797,-20.395297414840453,0.4109,13.309,0.4106999999999999,13.3395,73271.0,597.35,2.0,9999.797940933831,0.0,0.0,0.0,0.0,0,0,0,0.0,-2.0205906616888036e-05
1451.0,2023-01-21 17:09:59.999,3.0,long,1216.8410805548797,-20.395297414840453,0.4109,13.309,0.4106999999999999,13.3395,66536.0,306.14,2.0,9999.797940933831,0.0,0.0,0.0,0.0,0,0,0,0.0,-2.0205906616888036e-05
1452.0,2023-01-21 17:10:59.999,3.0,long,1216.8410805548797,-20.395297414840453,0.4109,13.309,0.41105,13.3405,112191.0,2808.96,2.0,9999.797940933831,0.0,0.0,0.0,0.0,0,0,0,0.0,-2.0205906616888036e-05
1453.0,2023-01-21 17:11:59.999,3.0,long,1216.8410805548797,-20.395297414840453,0.4109,13.309,0.4112,13.345,85800.0,1508.3,2.0,9999.797940933831,0.0,0.0,0.0,0.0,0,0,0,0.0,-2.0205906616888036e-05
1454.0,2023-01-21 17:12:59.999,3.0,long,1216.8410805548797,-20.395297414840453,0.4109,13.309,0.4112,13.3435,50720.0,376.1,2.0,9999.797940933831,0.0,0.0,0.0,0.0,0,0,0,0.0,-2.0205906616888036e-05
1455.0,2023-01-21 17:13:59.999,3.0,long,1216.8410805548797,-20.395297414840453,0.4109,13.309,0.4112,13.3335,178898.0,2010.38,2.0,9999.797940933831,0.0,0.0,0.0,0.0,0,0,0,0.0,-2.0205906616888036e-05
1456.0,2023-01-21 17:14:59.999,3.0,long,1216.8410805548797,-20.395297414840453,0.4109,13.309,0.4113,13.339,76822.0,221.87,2.0,9999.797940933831,0.0,0.0,0.0,0.0,0,0,0,0.0,-2.0205906616888036e-05
1457.0,2023-01-21 17:15:59.999,3.0,long,1216.8410805548797,-20.395297414840453,0.4109,13.309,0.41135,13.3395,273514.0,3048.46,2.0,9999.797940933831,0.0,0.0,0.0,0.0,0,0,0,0.0,-2.0205906616888036e-05
1458.0,2023-01-21 17:16:59.999,3.0,long,1216.8410805548797,-20.395297414840453,0.4109,13.309,0.41085,13.3125,92444.0,1151.67,2.0,9999.797940933831,0.0,0.0,0.0,0.0,0,0,0,0.0,-2.0205906616888036e-05
1459.0,2023-01-21 17:17:59.999,3.0,long,1216.8410805548797,-20.395297414840453,0.4109,13.309,0.4104,13.281,337323.0,2121.63,2.0,9999.797940933831,0.0,0.0,0.0,0.0,0,0,0,0.0,-2.0205906616888036e-05
1460.0,2023-01-21 17:18:59.999,3.0,long,1216.8410805548797,-20.395297414840453,0.4109,13.309,0.41035,13.278,74058.0,1560.76,2.0,9999.797940933831,0.0,0.0,0.0,0.0,0,0,0,0.0,-2.0205906616888036e-05
1461.0,2023-01-21 17:19:59.999,3.0,long,1216.8410805548797,-20.395297414840453,0.4109,13.309,0.4101,13.26,181255.0,1043.37,0.0,9999.797940933831,0.0,0.0,0.0,0.0,0,0,0,0.0,-2.0205906616888036e-05
1462.0,2023-01-21 17:20:59.999,3.0,long,1216.8410805548797,-20.395297414840453,0.4109,13.309,0.41045,13.2465,41588.0,1062.51,0.0,9999.797940933831,0.0,0.0,0.0,0.0,0,0,0,0.0,-2.0205906616888036e-05
1463.0,2023-01-21 17:21:59.999,3.0,long,1216.8410805548797,-20.395297414840453,0.4109,13.309,0.4105999999999999,13.2395,24294.0,554.17,2.0,9999.797940933831,0.0,0.0,0.0,0.0,0,0,0,0.0,-2.0205906616888036e-05
1464.0,2023-01-21 17:22:59.999,3.0,long,1216.8410805548797,-20.395297414840453,0.4109,13.309,0.4108,13.2245,341063.0,993.86,0.0,9999.797940933831,0.0,0.0,0.0,0.0,0,0,0,0.0,-2.0205906616888036e-05
1465.0,2023-01-21 17:23:59.999,3.0,long,1216.8410805548797,-20.395297414840453,0.4109,13.309,0.4109,13.212,27194.0,979.33,0.0,9999.797940933831,0.0,0.0,0.0,0.0,0,0,0,0.0,-2.0205906616888036e-05
1466.0,2023-01-21 17:24:59.999,3.0,long,1216.8410805548797,-20.395297414840453,0.4109,13.309,0.4109,13.203,56649.0,912.96,0.0,9999.797940933831,0.0,0.0,0.0,0.0,0,0,0,0.0,-2.0205906616888036e-05
1467.0,2023-01-21 17:25:59.999,3.0,long,1216.8410805548797,-20.395297414840453,0.4109,13.309,0.4108,13.2015,95005.0,344.2,0.0,9999.797940933831,0.0,0.0,0.0,0.0,0,0,0,0.0,-2.0205906616888036e-05
1468.0,2023-01-21 17:26:59.999,3.0,long,1216.8410805548797,-20.395297414840453,0.4109,13.309,0.41105,13.2055,116204.0,2957.2,0.0,9999.797940933831,0.0,0.0,0.0,0.0,0,0,0,0.0,-2.0205906616888036e-05
1469.0,2023-01-21 17:27:59.999,3.0,long,1216.8410805548797,-20.395297414840453,0.4109,13.309,0.41105,13.215,95691.0,549.63,0.0,9999.797940933831,0.0,0.0,0.0,0.0,0,0,0,0.0,-2.0205906616888036e-05
1470.0,2023-01-21 17:28:59.999,3.0,long,1216.8410805548797,-20.395297414840453,0.4109,13.309,0.4113,13.235,70298.0,203.61,0.0,9999.797940933831,0.0,0.0,0.0,0.0,0,0,0,0.0,-2.0205906616888036e-05
1471.0,2023-01-21 17:29:59.999,3.0,long,1216.8410805548797,-20.395297414840453,0.4109,13.309,0.4111,13.239,48323.0,378.54,0.0,9999.797940933831,0.0,0.0,0.0,0.0,0,0,0,0.0,-2.0205906616888036e-05
1472.0,2023-01-21 17:30:59.999,3.0,long,1216.8410805548797,-20.395297414840453,0.4109,13.309,0.41095,13.235,140459.0,2710.25,0.0,9999.797940933831,0.0,0.0,0.0,0.0,0,0,0,0.0,-2.0205906616888036e-05
1473.0,2023-01-21 17:31:59.999,3.0,long,1216.8410805548797,-20.395297414840453,0.4109,13.309,0.4109,13.216,81983.0,709.28,0.0,9999.797940933831,0.0,0.0,0.0,0.0,0,0,0,0.0,-2.0205906616888036e-05
1474.0,2023-01-21 17:32:59.999,3.0,long,1216.8410805548797,-20.395297414840453,0.4109,13.309,0.41105,13.218,82142.0,2554.6,0.0,9999.797940933831,0.0,0.0,0.0,0.0,0,0,0,0.0,-2.0205906616888036e-05
1475.0,2023-01-21 17:33:59.999,3.0,long,1216.8410805548797,-20.395297414840453,0.4109,13.309,0.41105,13.213,220276.0,602.0,0.0,9999.797940933831,0.0,0.0,0.0,0.0,0,0,0,0.0,-2.0205906616888036e-05
1476.0,2023-01-21 17:34:59.999,3.0,long,1216.8410805548797,-20.395297414840453,0.4109,13.309,0.41125,13.2045,159158.0,637.76,0.0,9999.797940933831,0.0,0.0,0.0,0.0,0,0,0,0.0,-2.0205906616888036e-05
1477.0,2023-01-21 17:35:59.999,3.0,long,1216.8410805548797,-20.395297414840453,0.4109,13.309,0.41125,13.199,65974.0,594.28,0.0,9999.797940933831,0.0,0.0,0.0,0.0,0,0,0,0.0,-2.0205906616888036e-05
1478.0,2023-01-21 17:36:59.999,3.0,long,1216.8410805548797,-20.395297414840453,0.4109,13.309,0.4113,13.2015,59331.0,37.69,0.0,9999.797940933831,0.0,0.0,0.0,0.0,0,0,0,0.0,-2.0205906616888036e-05
1479.0,2023-01-21 17:37:59.999,3.0,long,1216.8410805548797,-20.395297414840453,0.4109,13.309,0.4112,13.208,75056.0,204.27,0.0,9999.797940933831,0.0,0.0,0.0,0.0,0,0,0,0.0,-2.0205906616888036e-05
1480.0,2023-01-21 17:38:59.999,3.0,long,1216.8410805548797,-20.395297414840453,0.4109,13.309,0.41105,13.2075,23069.0,86.17,0.0,9999.797940933831,0.0,0.0,0.0,0.0,0,0,0,0.0,-2.0205906616888036e-05
1481.0,2023-01-21 17:39:59.999,3.0,long,1216.8410805548797,-20.395297414840453,0.4109,13.309,0.4114,13.2275,394901.0,2157.83,0.0,9999.797940933831,0.0,0.0,0.0,0.0,0,0,0,0.0,-2.0205906616888036e-05
1482.0,2023-01-21 17:40:59.999,3.0,long,1216.8410805548797,-20.395297414840453,0.4109,13.309,0.41145,13.2345,267093.0,156.38,0.0,9999.797940933831,0.0,0.0,0.0,0.0,0,0,0,0.0,-2.0205906616888036e-05
1483.0,2023-01-21 17:41:59.999,3.0,long,1216.8410805548797,-20.395297414840453,0.4109,13.309,0.41135,13.2345,105480.0,364.72,0.0,9999.797940933831,0.0,0.0,0.0,0.0,0,0,0,0.0,-2.0205906616888036e-05
1484.0,2023-01-21 17:42:59.999,3.0,long,1216.8410805548797,-20.395297414840453,0.4109,13.309,0.4113,13.226,138125.0,958.66,0.0,9999.797940933831,0.0,0.0,0.0,0.0,0,0,0,0.0,-2.0205906616888036e-05
1485.0,2023-01-21 17:43:59.999,3.0,long,1216.8410805548797,-20.395297414840453,0.4109,13.309,0.4115499999999999,13.2285,16337.0,756.24,0.0,9999.797940933831,0.0,0.0,0.0,0.0,0,0,0,0.0,-2.0205906616888036e-05
1486.0,2023-01-21 17:44:59.999,3.0,long,1216.8410805548797,-20.395297414840453,0.4109,13.309,0.41145,13.2235,34622.0,442.62,0.0,9999.797940933831,0.0,0.0,0.0,0.0,0,0,0,0.0,-2.0205906616888036e-05
1487.0,2023-01-21 17:45:59.999,3.0,long,1216.8410805548797,-20.395297414840453,0.4109,13.309,0.4115999999999999,13.2185,54671.0,265.41,0.0,9999.797940933831,0.0,0.0,0.0,0.0,0,0,0,0.0,-2.0205906616888036e-05
1488.0,2023-01-21 17:46:59.999,3.0,long,1216.8410805548797,-20.395297414840453,0.4109,13.309,0.4116999999999999,13.225,135660.0,423.62,0.0,9999.797940933831,0.0,0.0,0.0,0.0,0,0,0,0.0,-2.0205906616888036e-05
1489.0,2023-01-21 17:47:59.999,3.0,long,1216.8410805548797,-20.395297414840453,0.4109,13.309,0.4115499999999999,13.225,67128.0,181.11,0.0,9999.797940933831,0.0,0.0,0.0,0.0,0,0,0,0.0,-2.0205906616888036e-05
1490.0,2023-01-21 17:48:59.999,3.0,long,1216.8410805548797,-20.395297414840453,0.4109,13.309,0.4112,13.2185,82124.0,772.3,0.0,9999.797940933831,0.0,0.0,0.0,0.0,0,0,0,0.0,-2.0205906616888036e-05
1491.0,2023-01-21 17:49:59.999,3.0,long,1216.8410805548797,-20.395297414840453,0.4109,13.309,0.41095,13.2105,125188.0,2094.2,0.0,9999.797940933831,0.0,0.0,0.0,0.0,0,0,0,0.0,-2.0205906616888036e-05
1492.0,2023-01-21 17:50:59.999,3.0,long,1216.8410805548797,-20.395297414840453,0.4109,13.309,0.41095,13.216,85200.0,904.09,0.0,9999.797940933831,0.0,0.0,0.0,0.0,0,0,0,0.0,-2.0205906616888036e-05
1493.0,2023-01-21 17:51:59.999,3.0,long,1216.8410805548797,-20.395297414840453,0.4109,13.309,0.4112,13.226,67511.0,705.03,0.0,9999.797940933831,0.0,0.0,0.0,0.0,0,0,0,0.0,-2.0205906616888036e-05
1494.0,2023-01-21 17:52:59.999,3.0,long,1216.8410805548797,-20.395297414840453,0.4109,13.309,0.4114,13.216,1118044.0,6653.52,0.0,9999.797940933831,0.0,0.0,0.0,0.0,0,0,0,0.0,-2.0205906616888036e-05
1495.0,2023-01-21 17:53:59.999,3.0,long,1216.8410805548797,-20.395297414840453,0.4109,13.309,0.4098,13.147,4158174.0,15909.27,0.0,9999.797940933831,0.0,0.0,0.0,0.0,0,0,0,0.0,-2.0205906616888036e-05
1496.0,2023-01-21 17:54:59.999,3.0,long,1216.8410805548797,-20.395297414840453,0.4109,13.309,0.4097,13.1555,423836.0,2071.96,0.0,9999.797940933831,0.0,0.0,0.0,0.0,0,0,0,0.0,-2.0205906616888036e-05
1497.0,2023-01-21 17:55:59.999,3.0,long,1216.8410805548797,-20.395297414840453,0.4109,13.309,0.4104,13.185,116712.0,511.33,0.0,9999.797940933831,0.0,0.0,0.0,0.0,0,0,0,0.0,-2.0205906616888036e-05
1498.0,2023-01-21 17:56:59.999,3.0,long,1216.8410805548797,-20.395297414840453,0.4109,13.309,0.4106999999999999,13.1965,65146.0,811.45,0.0,9999.797940933831,0.0,0.0,0.0,0.0,0,0,0,0.0,-2.0205906616888036e-05
1499.0,2023-01-21 17:57:59.999,3.0,long,1216.8410805548797,-20.395297414840453,0.4109,13.309,0.4105499999999999,13.198,77517.0,242.55,0.0,9999.797940933831,0.0,0.0,0.0,0.0,0,0,0,0.0,-2.0205906616888036e-05
1500.0,2023-01-21 17:58:59.999,3.0,long,1216.8410805548797,-20.395297414840453,0.4109,13.309,0.41075,13.201,96417.0,2095.22,0.0,9999.797940933831,0.0,0.0,0.0,0.0,0,0,0,0.0,-2.0205906616888036e-05
1501.0,2023-01-21 17:59:59.999,3.0,long,1216.8410805548797,-20.395297414840453,0.4109,13.309,0.4106999999999999,13.2,70201.0,1640.0,0.0,9999.797940933831,0.0,0.0,0.0,0.0,0,0,0,0.0,-2.0205906616888036e-05
1502.0,2023-01-21 18:00:59.999,3.0,long,1216.8410805548797,-20.395297414840453,0.4109,13.309,0.4105999999999999,13.2,58158.0,250.89,0.0,9999.797940933831,0.0,0.0,0.0,0.0,0,0,0,0.0,-2.0205906616888036e-05
1503.0,2023-01-21 18:01:59.999,3.0,long,1216.8410805548797,-20.395297414840453,0.4109,13.309,0.41075,13.2025,69968.0,516.52,0.0,9999.797940933831,0.0,0.0,0.0,0.0,0,0,0,0.0,-2.0205906616888036e-05
1504.0,2023-01-21 18:02:59.999,3.0,long,1216.8410805548797,-20.395297414840453,0.4109,13.309,0.41025,13.198,81086.0,240.52,0.0,9999.797940933831,0.0,0.0,0.0,0.0,0,0,0,0.0,-2.0205906616888036e-05
1505.0,2023-01-21 18:03:59.999,3.0,long,1216.8410805548797,-20.395297414840453,0.4109,13.309,0.4097,13.1815,576501.0,1539.59,0.0,9999.797940933831,0.0,0.0,0.0,0.0,0,0,0,0.0,-2.0205906616888036e-05
1506.0,2023-01-21 18:04:59.999,3.0,long,1216.8410805548797,-20.395297414840453,0.4109,13.309,0.4093,13.175999999999998,184617.0,207.62,0.0,9999.797940933831,0.0,0.0,0.0,0.0,0,0,0,0.0,-2.0205906616888036e-05
1507.0,2023-01-21 18:05:59.999,3.0,long,1216.8410805548797,-20.395297414840453,0.4109,13.309,0.4099,13.186,324597.0,2115.9,0.0,9999.797940933831,0.0,0.0,0.0,0.0,0,0,0,0.0,-2.0205906616888036e-05
1508.0,2023-01-21 18:06:59.999,3.0,long,1216.8410805548797,-20.395297414840453,0.4109,13.309,0.4102,13.2,66922.0,2266.9,0.0,9999.797940933831,0.0,0.0,0.0,0.0,0,0,0,0.0,-2.0205906616888036e-05
1509.0,2023-01-21 18:07:59.999,3.0,long,1216.8410805548797,-20.395297414840453,0.4109,13.309,0.41015,13.199000000000002,27439.0,136.49,0.0,9999.797940933831,0.0,0.0,0.0,0.0,0,0,0,0.0,-2.0205906616888036e-05
1510.0,2023-01-21 18:08:59.999,3.0,long,1216.8410805548797,-20.395297414840453,0.4109,13.309,0.4099,13.1985,67153.0,519.2,0.0,9999.797940933831,0.0,0.0,0.0,0.0,0,0,0,0.0,-2.0205906616888036e-05
1511.0,2023-01-21 18:09:59.999,3.0,long,1216.8410805548797,-20.395297414840453,0.4109,13.309,0.4096499999999999,13.19,322347.0,1385.29,0.0,9999.797940933831,0.0,0.0,0.0,0.0,0,0,0,0.0,-2.0205906616888036e-05
1512.0,2023-01-21 18:10:59.999,3.0,long,1216.8410805548797,-20.395297414840453,0.4109,13.309,0.4096,13.2005,178547.0,7437.81,0.0,9999.797940933831,0.0,0.0,0.0,0.0,0,0,0,0.0,-2.0205906616888036e-05
1513.0,2023-01-21 18:11:59.999,3.0,long,1216.8410805548797,-20.395297414840453,0.4109,13.309,0.41025,13.227,94654.0,3020.8,0.0,9999.797940933831,0.0,0.0,0.0,0.0,0,0,0,0.0,-2.0205906616888036e-05
1514.0,2023-01-21 18:12:59.999,3.0,long,1216.8410805548797,-20.395297414840453,0.4109,13.309,0.4096,13.209499999999998,383579.0,1706.6,0.0,9999.797940933831,0.0,0.0,0.0,0.0,0,0,0,0.0,-2.0205906616888036e-05
1515.0,2023-01-21 18:13:59.999,3.0,long,1216.8410805548797,-20.395297414840453,0.4109,13.309,0.40935,13.2275,568509.0,3403.37,3.0,9999.797940933831,0.0,0.0,0.0,0.0,0,0,0,0.0,-2.0205906616888036e-05
1516.0,2023-01-21 18:14:59.999,3.0,long,1216.8410805548797,-20.395297414840453,0.4109,13.309,0.4095499999999999,13.237,132080.0,2260.08,0.0,9999.797940933831,0.0,0.0,0.0,0.0,0,0,0,0.0,-2.0205906616888036e-05
1517.0,2023-01-21 18:15:59.999,3.0,long,1216.8410805548797,-20.395297414840453,0.4109,13.309,0.40985,13.2355,46218.0,244.17,0.0,9999.797940933831,0.0,0.0,0.0,0.0,0,0,0,0.0,-2.0205906616888036e-05
1518.0,2023-01-21 18:16:59.999,3.0,long,1216.8410805548797,-20.395297414840453,0.4109,13.309,0.4092,13.2185,298933.0,3190.95,0.0,9999.797940933831,0.0,0.0,0.0,0.0,0,0,0,0.0,-2.0205906616888036e-05
1519.0,2023-01-21 18:17:59.999,3.0,long,1216.8410805548797,-20.395297414840453,0.4109,13.309,0.40925,13.2185,186040.0,254.18,0.0,9999.797940933831,0.0,0.0,0.0,0.0,0,0,0,0.0,-2.0205906616888036e-05
1520.0,2023-01-21 18:18:59.999,3.0,long,1216.8410805548797,-20.395297414840453,0.4109,13.309,0.40945,13.228,129726.0,568.79,0.0,9999.797940933831,0.0,0.0,0.0,0.0,0,0,0,0.0,-2.0205906616888036e-05
1521.0,2023-01-21 18:19:59.999,3.0,long,1216.8410805548797,-20.395297414840453,0.4109,13.309,0.4095999999999999,13.2335,88105.0,966.11,0.0,9999.797940933831,0.0,0.0,0.0,0.0,0,0,0,0.0,-2.0205906616888036e-05
1522.0,2023-01-21 18:20:59.999,3.0,long,1216.8410805548797,-20.395297414840453,0.4109,13.309,0.40995,13.2335,70361.0,131.13,0.0,9999.797940933831,0.0,0.0,0.0,0.0,0,0,0,0.0,-2.0205906616888036e-05
1523.0,2023-01-21 18:21:59.999,3.0,long,1216.8410805548797,-20.395297414840453,0.4109,13.309,0.40995,13.2325,83633.0,286.05,0.0,9999.797940933831,0.0,0.0,0.0,0.0,0,0,0,0.0,-2.0205906616888036e-05
1524.0,2023-01-21 18:22:59.999,3.0,long,1216.8410805548797,-20.395297414840453,0.4109,13.309,0.4098,13.2315,40390.0,95.49,0.0,9999.797940933831,0.0,0.0,0.0,0.0,0,0,0,0.0,-2.0205906616888036e-05
1525.0,2023-01-21 18:23:59.999,3.0,long,1216.8410805548797,-20.395297414840453,0.4109,13.309,0.4096999999999999,13.232,52541.0,1667.01,0.0,9999.797940933831,0.0,0.0,0.0,0.0,0,0,0,0.0,-2.0205906616888036e-05
1526.0,2023-01-21 18:24:59.999,3.0,long,1216.8410805548797,-20.395297414840453,0.4109,13.309,0.4096999999999999,13.237,41623.0,635.3,0.0,9999.797940933831,0.0,0.0,0.0,0.0,0,0,0,0.0,-2.0205906616888036e-05
1527.0,2023-01-21 18:25:59.999,3.0,long,1216.8410805548797,-20.395297414840453,0.4109,13.309,0.4101,13.2485,20419.0,1959.55,0.0,9999.797940933831,0.0,0.0,0.0,0.0,0,0,0,0.0,-2.0205906616888036e-05
1528.0,2023-01-21 18:26:59.999,3.0,long,1216.8410805548797,-20.395297414840453,0.4109,13.309,0.41035,13.271,29754.0,956.97,0.0,9999.797940933831,0.0,0.0,0.0,0.0,0,0,0,0.0,-2.0205906616888036e-05
1529.0,2023-01-21 18:27:59.999,3.0,long,1216.8410805548797,-20.395297414840453,0.4109,13.309,0.4104,13.283,34365.0,1655.6,2.0,9999.797940933831,0.0,0.0,0.0,0.0,0,0,0,0.0,-2.0205906616888036e-05
1530.0,2023-01-21 18:28:59.999,3.0,long,1216.8410805548797,-20.395297414840453,0.4109,13.309,0.4102,13.2865,22785.0,1881.82,2.0,9999.797940933831,0.0,0.0,0.0,0.0,0,0,0,0.0,-2.0205906616888036e-05
1531.0,2023-01-21 18:29:59.999,3.0,long,1216.8410805548797,-20.395297414840453,0.4109,13.309,0.41015,13.2795,63116.0,1286.9,2.0,9999.797940933831,0.0,0.0,0.0,0.0,0,0,0,0.0,-2.0205906616888036e-05
1532.0,2023-01-21 18:30:59.999,3.0,long,1216.8410805548797,-20.395297414840453,0.4109,13.309,0.41025,13.2735,15377.0,505.27,2.0,9999.797940933831,0.0,0.0,0.0,0.0,0,0,0,0.0,-2.0205906616888036e-05
1533.0,2023-01-21 18:31:59.999,3.0,long,1216.8410805548797,-20.395297414840453,0.4109,13.309,0.4103,13.305,83169.0,2550.24,2.0,9999.797940933831,0.0,0.0,0.0,0.0,0,0,0,0.0,-2.0205906616888036e-05
1534.0,2023-01-21 18:32:59.999,3.0,long,1216.8410805548797,-20.395297414840453,0.4109,13.309,0.41035,13.3365,166075.0,4125.41,2.0,9999.797940933831,0.0,0.0,0.0,0.0,0,0,0,0.0,-2.0205906616888036e-05
1535.0,2023-01-21 18:33:59.999,3.0,long,1216.8410805548797,-20.395297414840453,0.4109,13.309,0.41045,13.3445,41214.0,383.77,2.0,9999.797940933831,0.0,0.0,0.0,0.0,0,0,0,0.0,-2.0205906616888036e-05
1536.0,2023-01-21 18:34:59.999,3.0,long,1216.8410805548797,-20.395297414840453,0.4109,13.309,0.41035,13.334,41121.0,539.48,2.0,9999.797940933831,0.0,0.0,0.0,0.0,0,0,0,0.0,-2.0205906616888036e-05
1537.0,2023-01-21 18:35:59.999,3.0,long,1216.8410805548797,-20.395297414840453,0.4109,13.309,0.4104,13.3325,58127.0,321.8,2.0,9999.797940933831,0.0,0.0,0.0,0.0,0,0,0,0.0,-2.0205906616888036e-05
1538.0,2023-01-21 18:36:59.999,3.0,long,1216.8410805548797,-20.395297414840453,0.4109,13.309,0.4102,13.342,392448.0,331.84,2.0,9999.797940933831,0.0,0.0,0.0,0.0,0,0,0,0.0,-2.0205906616888036e-05
1539.0,2023-01-21 18:37:59.999,3.0,long,1216.8410805548797,-20.395297414840453,0.4109,13.309,0.4101,13.344,57088.0,55.62,2.0,9999.797940933831,0.0,0.0,0.0,0.0,0,0,0,0.0,-2.0205906616888036e-05
1540.0,2023-01-21 18:38:59.999,3.0,long,1216.8410805548797,-20.395297414840453,0.4109,13.309,0.41025,13.3345,361043.0,561.42,2.0,9999.797940933831,0.0,0.0,0.0,0.0,0,0,0,0.0,-2.0205906616888036e-05
1541.0,2023-01-21 18:39:59.999,3.0,long,1216.8410805548797,-20.395297414840453,0.4109,13.309,0.4106999999999999,13.317,30172.0,1662.78,2.0,9999.797940933831,0.0,0.0,0.0,0.0,0,0,0,0.0,-2.0205906616888036e-05
1542.0,2023-01-21 18:40:59.999,3.0,long,1216.8410805548797,-20.395297414840453,0.4109,13.309,0.41075,13.3145,32343.0,353.67,2.0,9999.797940933831,0.0,0.0,0.0,0.0,0,0,0,0.0,-2.0205906616888036e-05
1543.0,2023-01-21 18:41:59.999,3.0,long,1216.8410805548797,-20.395297414840453,0.4109,13.309,0.41085,13.3235,47127.0,774.04,2.0,9999.797940933831,0.0,0.0,0.0,0.0,0,0,0,0.0,-2.0205906616888036e-05
1544.0,2023-01-21 18:42:59.999,3.0,long,1216.8410805548797,-20.395297414840453,0.4109,13.309,0.41095,13.3385,83726.0,1567.74,2.0,9999.797940933831,0.0,0.0,0.0,0.0,0,0,0,0.0,-2.0205906616888036e-05
1545.0,2023-01-21 18:43:59.999,3.0,long,1216.8410805548797,-20.395297414840453,0.4109,13.309,0.41095,13.339,112771.0,259.81,2.0,9999.797940933831,0.0,0.0,0.0,0.0,0,0,0,0.0,-2.0205906616888036e-05
1546.0,2023-01-21 18:44:59.999,3.0,long,1216.8410805548797,-20.395297414840453,0.4109,13.309,0.4109,13.3375,94250.0,1522.42,2.0,9999.797940933831,0.0,0.0,0.0,0.0,0,0,0,0.0,-2.0205906616888036e-05
1547.0,2023-01-21 18:45:59.999,3.0,long,1216.8410805548797,-20.395297414840453,0.4109,13.309,0.4109,13.323,29013.0,201.17,2.0,9999.797940933831,0.0,0.0,0.0,0.0,0,0,0,0.0,-2.0205906616888036e-05
1548.0,2023-01-21 18:46:59.999,3.0,long,1216.8410805548797,-20.395297414840453,0.4109,13.309,0.41095,13.319,88086.0,751.06,2.0,9999.797940933831,0.0,0.0,0.0,0.0,0,0,0,0.0,-2.0205906616888036e-05
1549.0,2023-01-21 18:47:59.999,3.0,long,1216.8410805548797,-20.395297414840453,0.4109,13.309,0.4111,13.343,94375.0,1092.32,2.0,9999.797940933831,0.0,0.0,0.0,0.0,0,0,0,0.0,-2.0205906616888036e-05
1550.0,2023-01-21 18:48:59.999,3.0,long,1216.8410805548797,-20.395297414840453,0.4109,13.309,0.41135,13.3375,95305.0,193.19,2.0,9999.797940933831,0.0,0.0,0.0,0.0,0,0,0,0.0,-2.0205906616888036e-05
1551.0,2023-01-21 18:49:59.999,3.0,long,1216.8410805548797,-20.395297414840453,0.4109,13.309,0.4111,13.3385,31604.0,1333.78,2.0,9999.797940933831,0.0,0.0,0.0,0.0,0,0,0,0.0,-2.0205906616888036e-05
1552.0,2023-01-21 18:50:59.999,3.0,long,1216.8410805548797,-20.395297414840453,0.4109,13.309,0.4113,13.372,22428.0,2676.21,2.0,9999.797940933831,0.0,0.0,0.0,0.0,0,0,0,0.0,-2.0205906616888036e-05
1553.0,2023-01-21 18:51:59.999,3.0,long,1216.8410805548797,-20.395297414840453,0.4109,13.309,0.41135,13.395,39966.0,5781.53,2.0,9999.797940933831,0.0,0.0,0.0,0.0,0,0,0,0.0,-2.0205906616888036e-05
1554.0,2023-01-21 18:52:59.999,3.0,long,1216.8410805548797,-20.395297414840453,0.4109,13.309,0.4115999999999999,13.4055,471987.0,3280.13,2.0,9999.797940933831,0.0,0.0,0.0,0.0,0,0,0,0.0,-2.0205906616888036e-05
1555.0,2023-01-21 18:53:59.999,3.0,long,1216.8410805548797,-20.395297414840453,0.4109,13.309,0.4114,13.417,28251.0,799.57,2.0,9999.797940933831,0.0,0.0,0.0,0.0,0,0,0,0.0,-2.0205906616888036e-05
1556.0,2023-01-21 18:54:59.999,3.0,long,1216.8410805548797,-20.395297414840453,0.4109,13.309,0.4116499999999999,13.414,359558.0,4143.93,2.0,9999.797940933831,0.0,0.0,0.0,0.0,0,0,0,0.0,-2.0205906616888036e-05
1557.0,2023-01-21 18:55:59.999,3.0,long,1216.8410805548797,-20.395297414840453,0.4109,13.309,0.4115999999999999,13.402,55149.0,915.57,2.0,9999.797940933831,0.0,0.0,0.0,0.0,0,0,0,0.0,-2.0205906616888036e-05
1558.0,2023-01-21 18:56:59.999,3.0,long,1216.8410805548797,-20.395297414840453,0.4109,13.309,0.4119,13.4075,22190.0,871.09,2.0,9999.797940933831,0.0,0.0,0.0,0.0,0,0,0,0.0,-2.0205906616888036e-05
1559.0,2023-01-21 18:57:59.999,3.0,long,1216.8410805548797,-20.395297414840453,0.4109,13.309,0.41185,13.4205,31150.0,172.96,2.0,9999.797940933831,0.0,0.0,0.0,0.0,0,0,0,0.0,-2.0205906616888036e-05
1560.0,2023-01-21 18:58:59.999,3.0,long,1216.8410805548797,-20.395297414840453,0.4109,13.309,0.4118,13.4185,29034.0,317.58,2.0,9999.797940933831,0.0,0.0,0.0,0.0,0,0,0,0.0,-2.0205906616888036e-05
1561.0,2023-01-21 18:59:59.999,3.0,long,1216.8410805548797,-20.395297414840453,0.4109,13.309,0.4122,13.4135,325788.0,1423.0,2.0,9999.797940933831,0.0,0.0,0.0,0.0,0,0,0,0.0,-2.0205906616888036e-05
1562.0,2023-01-21 19:00:59.999,3.0,long,1216.8410805548797,-20.395297414840453,0.4109,13.309,0.4125999999999999,13.41,319225.0,1248.47,2.0,9999.797940933831,0.0,0.0,0.0,0.0,0,0,0,0.0,-2.0205906616888036e-05
1563.0,2023-01-21 19:01:59.999,3.0,long,1216.8410805548797,-20.395297414840453,0.4109,13.309,0.41275,13.3855,102318.0,1148.64,2.0,9999.797940933831,0.0,0.0,0.0,0.0,0,0,0,0.0,-2.0205906616888036e-05
1564.0,2023-01-21 19:02:59.999,3.0,long,1216.8410805548797,-20.395297414840453,0.4109,13.309,0.4126499999999999,13.378,211070.0,4569.31,2.0,9999.797940933831,0.0,0.0,0.0,0.0,0,0,0,0.0,-2.0205906616888036e-05
1565.0,2023-01-21 19:03:59.999,3.0,long,1216.8410805548797,-20.395297414840453,0.4109,13.309,0.4129,13.3795,96109.0,930.38,2.0,9999.797940933831,0.0,0.0,0.0,0.0,0,0,0,0.0,-2.0205906616888036e-05
1566.0,2023-01-21 19:04:59.999,3.0,long,1216.8410805548797,-20.395297414840453,0.4109,13.309,0.41295,13.3675,116957.0,688.12,2.0,9999.797940933831,0.0,0.0,0.0,0.0,0,0,0,0.0,-2.0205906616888036e-05
1567.0,2023-01-21 19:05:59.999,3.0,long,1216.8410805548797,-20.395297414840453,0.4109,13.309,0.4133,13.3665,431443.0,2237.31,2.0,9999.797940933831,0.0,0.0,0.0,0.0,0,0,0,0.0,-2.0205906616888036e-05
1568.0,2023-01-21 19:06:59.999,3.0,long,1216.8410805548797,-20.395297414840453,0.4109,13.309,0.4133,13.359,137820.0,393.71,2.0,9999.797940933831,0.0,0.0,0.0,0.0,0,0,0,0.0,-2.0205906616888036e-05
1569.0,2023-01-21 19:07:59.999,3.0,long,1216.8410805548797,-20.395297414840453,0.4109,13.309,0.4135,13.359,222443.0,1192.22,2.0,9999.797940933831,0.0,0.0,0.0,0.0,0,0,0,0.0,-2.0205906616888036e-05
1570.0,2023-01-21 19:08:59.999,3.0,long,1216.8410805548797,-20.395297414840453,0.4109,13.309,0.4138,13.3595,298457.0,1218.92,2.0,9999.797940933831,0.0,0.0,0.0,0.0,0,0,0,0.0,-2.0205906616888036e-05
1571.0,2023-01-21 19:09:59.999,3.0,long,1216.8410805548797,-20.395297414840453,0.4109,13.309,0.41405,13.344,427225.0,121.91,2.0,9999.797940933831,0.0,0.0,0.0,0.0,0,0,0,0.0,-2.0205906616888036e-05
1572.0,2023-01-21 19:10:59.999,3.0,long,1216.8410805548797,-20.395297414840453,0.4109,13.309,0.41405,13.343,10158.0,206.95,2.0,9999.797940933831,0.0,0.0,0.0,0.0,0,0,0,0.0,-2.0205906616888036e-05
1573.0,2023-01-21 19:11:59.999,3.0,long,1216.8410805548797,-20.395297414840453,0.4109,13.309,0.4135,13.3345,254196.0,405.78,2.0,9999.797940933831,0.0,0.0,0.0,0.0,0,0,0,0.0,-2.0205906616888036e-05
1574.0,2023-01-21 19:12:59.999,3.0,long,1216.8410805548797,-20.395297414840453,0.4109,13.309,0.4128,13.329,116902.0,592.65,2.0,9999.797940933831,0.0,0.0,0.0,0.0,0,0,0,0.0,-2.0205906616888036e-05
1575.0,2023-01-21 19:13:59.999,3.0,long,1216.8410805548797,-20.395297414840453,0.4109,13.309,0.41285,13.35,108014.0,515.24,2.0,9999.797940933831,0.0,0.0,0.0,0.0,0,0,0,0.0,-2.0205906616888036e-05
1576.0,2023-01-21 19:14:59.999,3.0,long,1216.8410805548797,-20.395297414840453,0.4109,13.309,0.41285,13.3605,70355.0,331.51,2.0,9999.797940933831,0.0,0.0,0.0,0.0,0,0,0,0.0,-2.0205906616888036e-05
1577.0,2023-01-21 19:15:59.999,3.0,long,1216.8410805548797,-20.395297414840453,0.4109,13.309,0.4127,13.3735,63394.0,637.54,2.0,9999.797940933831,0.0,0.0,0.0,0.0,0,0,0,0.0,-2.0205906616888036e-05
1578.0,2023-01-21 19:16:59.999,3.0,long,1216.8410805548797,-20.395297414840453,0.4109,13.309,0.4129,13.3585,21187.0,1399.82,2.0,9999.797940933831,0.0,0.0,0.0,0.0,0,0,0,0.0,-2.0205906616888036e-05
1579.0,2023-01-21 19:17:59.999,3.0,long,1216.8410805548797,-20.395297414840453,0.4109,13.309,0.4129,13.366499999999998,25174.0,705.96,2.0,9999.797940933831,0.0,0.0,0.0,0.0,0,0,0,0.0,-2.0205906616888036e-05
1580.0,2023-01-21 19:18:59.999,3.0,long,1216.8410805548797,-20.395297414840453,0.4109,13.309,0.41285,13.3805,15382.0,411.56,2.0,9999.797940933831,0.0,0.0,0.0,0.0,0,0,0,0.0,-2.0205906616888036e-05
1581.0,2023-01-21 19:19:59.999,3.0,long,1216.8410805548797,-20.395297414840453,0.4109,13.309,0.41285,13.396,15666.0,699.2,2.0,9999.797940933831,0.0,0.0,0.0,0.0,0,0,0,0.0,-2.0205906616888036e-05
1582.0,2023-01-21 19:20:59.999,3.0,long,1216.8410805548797,-20.395297414840453,0.4109,13.309,0.41245,13.3945,204719.0,123.67,2.0,9999.797940933831,0.0,0.0,0.0,0.0,0,0,0,0.0,-2.0205906616888036e-05
1583.0,2023-01-21 19:21:59.999,3.0,long,1216.8410805548797,-20.395297414840453,0.4109,13.309,0.41215,13.379,35192.0,377.85,2.0,9999.797940933831,0.0,0.0,0.0,0.0,0,0,0,0.0,-2.0205906616888036e-05
1584.0,2023-01-21 19:22:59.999,3.0,long,1216.8410805548797,-20.395297414840453,0.4109,13.309,0.41215,13.3855,56693.0,111.14,2.0,9999.797940933831,0.0,0.0,0.0,0.0,0,0,0,0.0,-2.0205906616888036e-05
1585.0,2023-01-21 19:23:59.999,3.0,long,1216.8410805548797,-20.395297414840453,0.4109,13.309,0.41225,13.4025,105876.0,804.23,2.0,9999.797940933831,0.0,0.0,0.0,0.0,0,0,0,0.0,-2.0205906616888036e-05
1586.0,2023-01-21 19:24:59.999,3.0,long,1216.8410805548797,-20.395297414840453,0.4109,13.309,0.412,13.404,104075.0,548.73,2.0,9999.797940933831,0.0,0.0,0.0,0.0,0,0,0,0.0,-2.0205906616888036e-05
1587.0,2023-01-21 19:25:59.999,3.0,long,1216.8410805548797,-20.395297414840453,0.4109,13.309,0.41225,13.414,111726.0,1044.91,2.0,9999.797940933831,0.0,0.0,0.0,0.0,0,0,0,0.0,-2.0205906616888036e-05
1588.0,2023-01-21 19:26:59.999,3.0,long,1216.8410805548797,-20.395297414840453,0.4109,13.309,0.4125999999999999,13.4135,29890.0,172.01,2.0,9999.797940933831,0.0,0.0,0.0,0.0,0,0,0,0.0,-2.0205906616888036e-05
1589.0,2023-01-21 19:27:59.999,3.0,long,1216.8410805548797,-20.395297414840453,0.4109,13.309,0.4125,13.4135,29142.0,502.72,2.0,9999.797940933831,0.0,0.0,0.0,0.0,0,0,0,0.0,-2.0205906616888036e-05
1590.0,2023-01-21 19:28:59.999,3.0,long,1216.8410805548797,-20.395297414840453,0.4109,13.309,0.4125999999999999,13.4205,19077.0,163.42,2.0,9999.797940933831,0.0,0.0,0.0,0.0,0,0,0,0.0,-2.0205906616888036e-05
1591.0,2023-01-21 19:29:59.999,3.0,long,1216.8410805548797,-20.395297414840453,0.4109,13.309,0.41285,13.4255,16584.0,1520.4,2.0,9999.797940933831,0.0,0.0,0.0,0.0,0,0,0,0.0,-2.0205906616888036e-05
1592.0,2023-01-21 19:30:59.999,3.0,long,1216.8410805548797,-20.395297414840453,0.4109,13.309,0.413,13.424,90459.0,325.62,2.0,9999.797940933831,0.0,0.0,0.0,0.0,0,0,0,0.0,-2.0205906616888036e-05
1593.0,2023-01-21 19:31:59.999,3.0,long,1216.8410805548797,-20.395297414840453,0.4109,13.309,0.4132,13.4255,63903.0,1005.67,2.0,9999.797940933831,0.0,0.0,0.0,0.0,0,0,0,0.0,-2.0205906616888036e-05
1594.0,2023-01-21 19:32:59.999,3.0,long,1216.8410805548797,-20.395297414840453,0.4109,13.309,0.413,13.4265,74782.0,815.73,2.0,9999.797940933831,0.0,0.0,0.0,0.0,0,0,0,0.0,-2.0205906616888036e-05
1595.0,2023-01-21 19:33:59.999,3.0,long,1216.8410805548797,-20.395297414840453,0.4109,13.309,0.4125999999999999,13.4245,241570.0,953.02,2.0,9999.797940933831,0.0,0.0,0.0,0.0,0,0,0,0.0,-2.0205906616888036e-05
1596.0,2023-01-21 19:34:59.999,3.0,long,1216.8410805548797,-20.395297414840453,0.4109,13.309,0.41215,13.4255,50473.0,1777.55,2.0,9999.797940933831,0.0,0.0,0.0,0.0,0,0,0,0.0,-2.0205906616888036e-05
1597.0,2023-01-21 19:35:59.999,3.0,long,1216.8410805548797,-20.395297414840453,0.4109,13.309,0.4117499999999999,13.4185,342577.0,1942.86,2.0,9999.797940933831,0.0,0.0,0.0,0.0,0,0,0,0.0,-2.0205906616888036e-05
1598.0,2023-01-21 19:36:59.999,3.0,long,1216.8410805548797,-20.395297414840453,0.4109,13.309,0.412,13.426,57948.0,501.08,2.0,9999.797940933831,0.0,0.0,0.0,0.0,0,0,0,0.0,-2.0205906616888036e-05
1599.0,2023-01-21 19:37:59.999,3.0,long,1216.8410805548797,-20.395297414840453,0.4109,13.309,0.412,13.425,116976.0,338.3,2.0,9999.797940933831,0.0,0.0,0.0,0.0,0,0,0,0.0,-2.0205906616888036e-05
1600.0,2023-01-21 19:38:59.999,3.0,long,1216.8410805548797,-20.395297414840453,0.4109,13.309,0.4119,13.419,20423.0,189.51,2.0,9999.797940933831,0.0,0.0,0.0,0.0,0,0,0,0.0,-2.0205906616888036e-05
1601.0,2023-01-21 19:39:59.999,3.0,long,1216.8410805548797,-20.395297414840453,0.4109,13.309,0.41195,13.42,22855.0,182.17,2.0,9999.797940933831,0.0,0.0,0.0,0.0,0,0,0,0.0,-2.0205906616888036e-05
1602.0,2023-01-21 19:40:59.999,3.0,long,1216.8410805548797,-20.395297414840453,0.4109,13.309,0.4121,13.4175,17722.0,903.15,2.0,9999.797940933831,0.0,0.0,0.0,0.0,0,0,0,0.0,-2.0205906616888036e-05
1603.0,2023-01-21 19:41:59.999,3.0,long,1216.8410805548797,-20.395297414840453,0.4109,13.309,0.41265,13.421,488817.0,666.69,2.0,9999.797940933831,0.0,0.0,0.0,0.0,0,0,0,0.0,-2.0205906616888036e-05
1604.0,2023-01-21 19:42:59.999,3.0,long,1216.8410805548797,-20.395297414840453,0.4109,13.309,0.41335,13.4255,225909.0,671.55,2.0,9999.797940933831,0.0,0.0,0.0,0.0,0,0,0,0.0,-2.0205906616888036e-05
1605.0,2023-01-21 19:43:59.999,3.0,long,1216.8410805548797,-20.395297414840453,0.4109,13.309,0.4137,13.4275,29006.0,52.75,2.0,9999.797940933831,0.0,0.0,0.0,0.0,0,0,0,0.0,-2.0205906616888036e-05
1606.0,2023-01-21 19:44:59.999,3.0,long,1216.8410805548797,-20.395297414840453,0.4109,13.309,0.41395,13.4245,120272.0,1461.17,2.0,9999.797940933831,0.0,0.0,0.0,0.0,0,0,0,0.0,-2.0205906616888036e-05
1607.0,2023-01-21 19:45:59.999,3.0,long,1216.8410805548797,-20.395297414840453,0.4109,13.309,0.41375,13.424,45741.0,6363.7,2.0,9999.797940933831,0.0,0.0,0.0,0.0,0,0,0,0.0,-2.0205906616888036e-05
1608.0,2023-01-21 19:46:59.999,3.0,long,1216.8410805548797,-20.395297414840453,0.4109,13.309,0.41395,13.4235,144562.0,259.21,2.0,9999.797940933831,0.0,0.0,0.0,0.0,0,0,0,0.0,-2.0205906616888036e-05
1609.0,2023-01-21 19:47:59.999,3.0,long,1216.8410805548797,-20.395297414840453,0.4109,13.309,0.41385,13.424,38941.0,406.7,2.0,9999.797940933831,0.0,0.0,0.0,0.0,0,0,0,0.0,-2.0205906616888036e-05
1610.0,2023-01-21 19:48:59.999,3.0,long,1216.8410805548797,-20.395297414840453,0.4109,13.309,0.41395,13.4345,397001.0,2592.69,2.0,9999.797940933831,0.0,0.0,0.0,0.0,0,0,0,0.0,-2.0205906616888036e-05
1611.0,2023-01-21 19:49:59.999,3.0,long,1216.8410805548797,-20.395297414840453,0.4109,13.309,0.4136999999999999,13.4315,621312.0,3289.28,2.0,9999.797940933831,0.0,0.0,0.0,0.0,0,0,0,0.0,-2.0205906616888036e-05
1612.0,2023-01-21 19:50:59.999,3.0,long,1216.8410805548797,-20.395297414840453,0.4109,13.309,0.4135999999999999,13.416,95122.0,726.41,2.0,9999.797940933831,0.0,0.0,0.0,0.0,0,0,0,0.0,-2.0205906616888036e-05
1613.0,2023-01-21 19:51:59.999,3.0,long,1216.8410805548797,-20.395297414840453,0.4109,13.309,0.41365,13.4035,35663.0,207.38,2.0,9999.797940933831,0.0,0.0,0.0,0.0,0,0,0,0.0,-2.0205906616888036e-05
1614.0,2023-01-21 19:52:59.999,3.0,long,1216.8410805548797,-20.395297414840453,0.4109,13.309,0.4135999999999999,13.3955,347229.0,1411.77,2.0,9999.797940933831,0.0,0.0,0.0,0.0,0,0,0,0.0,-2.0205906616888036e-05
1615.0,2023-01-21 19:53:59.999,3.0,long,1216.8410805548797,-20.395297414840453,0.4109,13.309,0.41355,13.394,67769.0,885.72,2.0,9999.797940933831,0.0,0.0,0.0,0.0,0,0,0,0.0,-2.0205906616888036e-05
1616.0,2023-01-21 19:54:59.999,3.0,long,1216.8410805548797,-20.395297414840453,0.4109,13.309,0.4136499999999999,13.4125,535434.0,2348.69,2.0,9999.797940933831,0.0,0.0,0.0,0.0,0,0,0,0.0,-2.0205906616888036e-05
1617.0,2023-01-21 19:55:59.999,3.0,long,1216.8410805548797,-20.395297414840453,0.4109,13.309,0.4135,13.4305,92259.0,1105.33,2.0,9999.797940933831,0.0,0.0,0.0,0.0,0,0,0,0.0,-2.0205906616888036e-05
1618.0,2023-01-21 19:56:59.999,3.0,long,1216.8410805548797,-20.395297414840453,0.4109,13.309,0.4135999999999999,13.4295,920708.0,1326.42,2.0,9999.797940933831,0.0,0.0,0.0,0.0,0,0,0,0.0,-2.0205906616888036e-05
1619.0,2023-01-21 19:57:59.999,3.0,long,1216.8410805548797,-20.395297414840453,0.4109,13.309,0.41385,13.4285,348252.0,481.23,2.0,9999.797940933831,0.0,0.0,0.0,0.0,0,0,0,0.0,-2.0205906616888036e-05
1620.0,2023-01-21 19:58:59.999,3.0,long,1216.8410805548797,-20.395297414840453,0.4109,13.309,0.4141,13.4335,80276.0,116.03,2.0,9999.797940933831,0.0,0.0,0.0,0.0,0,0,0,0.0,-2.0205906616888036e-05
1621.0,2023-01-21 19:59:59.999,3.0,long,1216.8410805548797,-20.395297414840453,0.4109,13.309,0.4138,13.432,121329.0,279.18,2.0,9999.797940933831,0.0,0.0,0.0,0.0,0,0,0,0.0,-2.0205906616888036e-05
1622.0,2023-01-21 20:00:59.999,3.0,long,1216.8410805548797,-20.395297414840453,0.4109,13.309,0.41385,13.4275,489380.0,283.6,2.0,9999.797940933831,0.0,0.0,0.0,0.0,0,0,0,0.0,-2.0205906616888036e-05
1623.0,2023-01-21 20:01:59.999,3.0,long,1216.8410805548797,-20.395297414840453,0.4109,13.309,0.4135,13.3965,112251.0,859.97,2.0,9999.797940933831,0.0,0.0,0.0,0.0,0,0,0,0.0,-2.0205906616888036e-05
1624.0,2023-01-21 20:02:59.999,3.0,long,1216.8410805548797,-20.395297414840453,0.4109,13.309,0.4129,13.3735,185613.0,604.15,2.0,9999.797940933831,0.0,0.0,0.0,0.0,0,0,0,0.0,-2.0205906616888036e-05
1625.0,2023-01-21 20:03:59.999,3.0,long,1216.8410805548797,-20.395297414840453,0.4109,13.309,0.4126999999999999,13.3645,85801.0,1042.31,2.0,9999.797940933831,0.0,0.0,0.0,0.0,0,0,0,0.0,-2.0205906616888036e-05
1626.0,2023-01-21 20:04:59.999,3.0,long,1216.8410805548797,-20.395297414840453,0.4109,13.309,0.4128,13.366,80025.0,1892.2,2.0,9999.797940933831,0.0,0.0,0.0,0.0,0,0,0,0.0,-2.0205906616888036e-05
1627.0,2023-01-21 20:05:59.999,3.0,long,1216.8410805548797,-20.395297414840453,0.4109,13.309,0.4128,13.36,32631.0,679.85,2.0,9999.797940933831,0.0,0.0,0.0,0.0,0,0,0,0.0,-2.0205906616888036e-05
1628.0,2023-01-21 20:06:59.999,3.0,long,1216.8410805548797,-20.395297414840453,0.4109,13.309,0.4128,13.3595,85041.0,750.47,2.0,9999.797940933831,0.0,0.0,0.0,0.0,0,0,0,0.0,-2.0205906616888036e-05
1629.0,2023-01-21 20:07:59.999,3.0,long,1216.8410805548797,-20.395297414840453,0.4109,13.309,0.41275,13.3575,17703.0,149.36,2.0,9999.797940933831,0.0,0.0,0.0,0.0,0,0,0,0.0,-2.0205906616888036e-05
1630.0,2023-01-21 20:08:59.999,3.0,long,1216.8410805548797,-20.395297414840453,0.4109,13.309,0.41245,13.344,156618.0,2450.2,2.0,9999.797940933831,0.0,0.0,0.0,0.0,0,0,0,0.0,-2.0205906616888036e-05
1631.0,2023-01-21 20:09:59.999,3.0,long,1216.8410805548797,-20.395297414840453,0.4109,13.309,0.4125,13.335,174697.0,459.94,2.0,9999.797940933831,0.0,0.0,0.0,0.0,0,0,0,0.0,-2.0205906616888036e-05
1632.0,2023-01-21 20:10:59.999,3.0,long,1216.8410805548797,-20.395297414840453,0.4109,13.309,0.4128,13.338,69334.0,228.9,2.0,9999.797940933831,0.0,0.0,0.0,0.0,0,0,0,0.0,-2.0205906616888036e-05
1633.0,2023-01-21 20:11:59.999,3.0,long,1216.8410805548797,-20.395297414840453,0.4109,13.309,0.41285,13.3335,79608.0,224.03,2.0,9999.797940933831,0.0,0.0,0.0,0.0,0,0,0,0.0,-2.0205906616888036e-05
1634.0,2023-01-21 20:12:59.999,3.0,long,1216.8410805548797,-20.395297414840453,0.4109,13.309,0.41275,13.3345,189049.0,44.76,2.0,9999.797940933831,0.0,0.0,0.0,0.0,0,0,0,0.0,-2.0205906616888036e-05
1635.0,2023-01-21 20:13:59.999,3.0,long,1216.8410805548797,-20.395297414840453,0.4109,13.309,0.4128,13.345,43840.0,451.52,2.0,9999.797940933831,0.0,0.0,0.0,0.0,0,0,0,0.0,-2.0205906616888036e-05
1636.0,2023-01-21 20:14:59.999,3.0,long,1216.8410805548797,-20.395297414840453,0.4109,13.309,0.41285,13.362,32872.0,66.33,2.0,9999.797940933831,0.0,0.0,0.0,0.0,0,0,0,0.0,-2.0205906616888036e-05
1637.0,2023-01-21 20:15:59.999,3.0,long,1216.8410805548797,-20.395297414840453,0.4109,13.309,0.4132,13.38,708951.0,630.24,2.0,9999.797940933831,0.0,0.0,0.0,0.0,0,0,0,0.0,-2.0205906616888036e-05
1638.0,2023-01-21 20:16:59.999,3.0,long,1216.8410805548797,-20.395297414840453,0.4109,13.309,0.41345,13.369,29087.0,151.28,2.0,9999.797940933831,0.0,0.0,0.0,0.0,0,0,0,0.0,-2.0205906616888036e-05
1639.0,2023-01-21 20:17:59.999,3.0,long,1216.8410805548797,-20.395297414840453,0.4109,13.309,0.4133,13.361,217185.0,337.46,2.0,9999.797940933831,0.0,0.0,0.0,0.0,0,0,0,0.0,-2.0205906616888036e-05
1640.0,2023-01-21 20:18:59.999,3.0,long,1216.8410805548797,-20.395297414840453,0.4109,13.309,0.4126499999999999,13.3515,139925.0,1821.22,2.0,9999.797940933831,0.0,0.0,0.0,0.0,0,0,0,0.0,-2.0205906616888036e-05
1641.0,2023-01-21 20:19:59.999,3.0,long,1216.8410805548797,-20.395297414840453,0.4109,13.309,0.41295,13.359,47412.0,854.77,2.0,9999.797940933831,0.0,0.0,0.0,0.0,0,0,0,0.0,-2.0205906616888036e-05
1642.0,2023-01-21 20:20:59.999,3.0,long,1216.8410805548797,-20.395297414840453,0.4109,13.309,0.4126499999999999,13.3515,75683.0,358.77,2.0,9999.797940933831,0.0,0.0,0.0,0.0,0,0,0,0.0,-2.0205906616888036e-05
1643.0,2023-01-21 20:21:59.999,3.0,long,1216.8410805548797,-20.395297414840453,0.4109,13.309,0.41215,13.3445,246153.0,593.16,2.0,9999.797940933831,0.0,0.0,0.0,0.0,0,0,0,0.0,-2.0205906616888036e-05
1644.0,2023-01-21 20:22:59.999,3.0,long,1216.8410805548797,-20.395297414840453,0.4109,13.309,0.4115,13.332,504909.0,1549.95,2.0,9999.797940933831,0.0,0.0,0.0,0.0,0,0,0,0.0,-2.0205906616888036e-05
1645.0,2023-01-21 20:23:59.999,3.0,long,1216.8410805548797,-20.395297414840453,0.4109,13.309,0.41195,13.343,428454.0,770.76,2.0,9999.797940933831,0.0,0.0,0.0,0.0,0,0,0,0.0,-2.0205906616888036e-05
1646.0,2023-01-21 20:24:59.999,3.0,long,1216.8410805548797,-20.395297414840453,0.4109,13.309,0.41195,13.3395,102417.0,369.41,2.0,9999.797940933831,0.0,0.0,0.0,0.0,0,0,0,0.0,-2.0205906616888036e-05
1647.0,2023-01-21 20:25:59.999,3.0,long,1216.8410805548797,-20.395297414840453,0.4109,13.309,0.4115999999999999,13.3005,229736.0,7109.85,2.0,9999.797940933831,0.0,0.0,0.0,0.0,0,0,0,0.0,-2.0205906616888036e-05
1648.0,2023-01-21 20:26:59.999,3.0,long,1216.8410805548797,-20.395297414840453,0.4109,13.309,0.4115499999999999,13.289,50347.0,1102.87,2.0,9999.797940933831,0.0,0.0,0.0,0.0,0,0,0,0.0,-2.0205906616888036e-05
1649.0,2023-01-21 20:27:59.999,3.0,long,1216.8410805548797,-20.395297414840453,0.4109,13.309,0.4119,13.305,42755.0,271.11,2.0,9999.797940933831,0.0,0.0,0.0,0.0,0,0,0,0.0,-2.0205906616888036e-05
1650.0,2023-01-21 20:28:59.999,3.0,long,1216.8410805548797,-20.395297414840453,0.4109,13.309,0.4118,13.3125,67151.0,197.11,2.0,9999.797940933831,0.0,0.0,0.0,0.0,0,0,0,0.0,-2.0205906616888036e-05
1651.0,2023-01-21 20:29:59.999,3.0,long,1216.8410805548797,-20.395297414840453,0.4109,13.309,0.4116499999999999,13.3185,112752.0,155.67,2.0,9999.797940933831,0.0,0.0,0.0,0.0,0,0,0,0.0,-2.0205906616888036e-05
1652.0,2023-01-21 20:30:59.999,3.0,long,1216.8410805548797,-20.395297414840453,0.4109,13.309,0.4116499999999999,13.3255,123814.0,744.47,2.0,9999.797940933831,0.0,0.0,0.0,0.0,0,0,0,0.0,-2.0205906616888036e-05
1653.0,2023-01-21 20:31:59.999,3.0,long,1216.8410805548797,-20.395297414840453,0.4109,13.309,0.4115,13.3265,161870.0,1258.14,2.0,9999.797940933831,0.0,0.0,0.0,0.0,0,0,0,0.0,-2.0205906616888036e-05
1654.0,2023-01-21 20:32:59.999,3.0,long,1216.8410805548797,-20.395297414840453,0.4109,13.309,0.41175,13.3365,242415.0,371.15,2.0,9999.797940933831,0.0,0.0,0.0,0.0,0,0,0,0.0,-2.0205906616888036e-05
1655.0,2023-01-21 20:33:59.999,3.0,long,1216.8410805548797,-20.395297414840453,0.4109,13.309,0.41205,13.35,41937.0,2250.22,2.0,9999.797940933831,0.0,0.0,0.0,0.0,0,0,0,0.0,-2.0205906616888036e-05
1656.0,2023-01-21 20:34:59.999,3.0,long,1216.8410805548797,-20.395297414840453,0.4109,13.309,0.41185,13.3465,37891.0,578.17,2.0,9999.797940933831,0.0,0.0,0.0,0.0,0,0,0,0.0,-2.0205906616888036e-05
1657.0,2023-01-21 20:35:59.999,3.0,long,1216.8410805548797,-20.395297414840453,0.4109,13.309,0.41185,13.3535,48668.0,1400.71,2.0,9999.797940933831,0.0,0.0,0.0,0.0,0,0,0,0.0,-2.0205906616888036e-05
1658.0,2023-01-21 20:36:59.999,3.0,long,1216.8410805548797,-20.395297414840453,0.4109,13.309,0.41195,13.3795,303444.0,2554.02,2.0,9999.797940933831,0.0,0.0,0.0,0.0,0,0,0,0.0,-2.0205906616888036e-05
1659.0,2023-01-21 20:37:59.999,3.0,long,1216.8410805548797,-20.395297414840453,0.4109,13.309,0.41175,13.384,25690.0,297.88,2.0,9999.797940933831,0.0,0.0,0.0,0.0,0,0,0,0.0,-2.0205906616888036e-05
1660.0,2023-01-21 20:38:59.999,3.0,long,1216.8410805548797,-20.395297414840453,0.4109,13.309,0.4116499999999999,13.3945,160981.0,2052.92,2.0,9999.797940933831,0.0,0.0,0.0,0.0,0,0,0,0.0,-2.0205906616888036e-05
1661.0,2023-01-21 20:39:59.999,3.0,long,1216.8410805548797,-20.395297414840453,0.4109,13.309,0.4114,13.3945,540613.0,2018.42,2.0,9999.797940933831,0.0,0.0,0.0,0.0,0,0,0,0.0,-2.0205906616888036e-05
1662.0,2023-01-21 20:40:59.999,3.0,long,1216.8410805548797,-20.395297414840453,0.4109,13.309,0.41095,13.408,245360.0,1910.02,2.0,9999.797940933831,0.0,0.0,0.0,0.0,0,0,0,0.0,-2.0205906616888036e-05
1663.0,2023-01-21 20:41:59.999,3.0,long,1216.8410805548797,-20.395297414840453,0.4109,13.309,0.4112,13.4335,37387.0,2284.82,2.0,9999.797940933831,0.0,0.0,0.0,0.0,0,0,0,0.0,-2.0205906616888036e-05
1664.0,2023-01-21 20:42:59.999,3.0,long,1216.8410805548797,-20.395297414840453,0.4109,13.309,0.41115,13.4405,211455.0,3183.73,2.0,9999.797940933831,0.0,0.0,0.0,0.0,0,0,0,0.0,-2.0205906616888036e-05
1665.0,2023-01-21 20:43:59.999,3.0,long,1216.8410805548797,-20.395297414840453,0.4109,13.309,0.4111,13.412,84597.0,1655.04,2.0,9999.797940933831,0.0,0.0,0.0,0.0,0,0,0,0.0,-2.0205906616888036e-05
1666.0,2023-01-21 20:44:59.999,3.0,long,1216.8410805548797,-20.395297414840453,0.4109,13.309,0.411,13.4195,124312.0,1606.63,2.0,9999.797940933831,0.0,0.0,0.0,0.0,0,0,0,0.0,-2.0205906616888036e-05
1667.0,2023-01-21 20:45:59.999,3.0,long,1216.8410805548797,-20.395297414840453,0.4109,13.309,0.4109,13.437,44500.0,692.48,2.0,9999.797940933831,0.0,0.0,0.0,0.0,0,0,0,0.0,-2.0205906616888036e-05
1668.0,2023-01-21 20:46:59.999,3.0,long,1216.8410805548797,-20.395297414840453,0.4109,13.309,0.4109,13.445,169715.0,1517.94,2.0,9999.797940933831,0.0,0.0,0.0,0.0,0,0,0,0.0,-2.0205906616888036e-05
1669.0,2023-01-21 20:47:59.999,3.0,long,1216.8410805548797,-20.395297414840453,0.4109,13.309,0.411,13.4265,126288.0,656.99,2.0,9999.797940933831,0.0,0.0,0.0,0.0,0,0,0,0.0,-2.0205906616888036e-05
1670.0,2023-01-21 20:48:59.999,3.0,long,1216.8410805548797,-20.395297414840453,0.4109,13.309,0.41145,13.443,61482.0,883.46,2.0,9999.797940933831,0.0,0.0,0.0,0.0,0,0,0,0.0,-2.0205906616888036e-05
1671.0,2023-01-21 20:49:59.999,3.0,long,1216.8410805548797,-20.395297414840453,0.4109,13.309,0.41175,13.44,87650.0,572.55,2.0,9999.797940933831,0.0,0.0,0.0,0.0,0,0,0,0.0,-2.0205906616888036e-05
1672.0,2023-01-21 20:50:59.999,3.0,long,1216.8410805548797,-20.395297414840453,0.4109,13.309,0.41185,13.4275,75564.0,642.95,2.0,9999.797940933831,0.0,0.0,0.0,0.0,0,0,0,0.0,-2.0205906616888036e-05
1673.0,2023-01-21 20:51:59.999,3.0,long,1216.8410805548797,-20.395297414840453,0.4109,13.309,0.4115,13.408,318407.0,1206.38,2.0,9999.797940933831,0.0,0.0,0.0,0.0,0,0,0,0.0,-2.0205906616888036e-05
1674.0,2023-01-21 20:52:59.999,3.0,long,1216.8410805548797,-20.395297414840453,0.4109,13.309,0.41145,13.41,35387.0,367.62,2.0,9999.797940933831,0.0,0.0,0.0,0.0,0,0,0,0.0,-2.0205906616888036e-05
1675.0,2023-01-21 20:53:59.999,3.0,long,1216.8410805548797,-20.395297414840453,0.4109,13.309,0.41145,13.4075,30340.0,7119.55,2.0,9999.797940933831,0.0,0.0,0.0,0.0,0,0,0,0.0,-2.0205906616888036e-05
1676.0,2023-01-21 20:54:59.999,3.0,long,1216.8410805548797,-20.395297414840453,0.4109,13.309,0.4115999999999999,13.4165,91331.0,167.38,2.0,9999.797940933831,0.0,0.0,0.0,0.0,0,0,0,0.0,-2.0205906616888036e-05
1677.0,2023-01-21 20:55:59.999,3.0,long,1216.8410805548797,-20.395297414840453,0.4109,13.309,0.4115999999999999,13.423,158282.0,127.28,2.0,9999.797940933831,0.0,0.0,0.0,0.0,0,0,0,0.0,-2.0205906616888036e-05
1678.0,2023-01-21 20:56:59.999,3.0,long,1216.8410805548797,-20.395297414840453,0.4109,13.309,0.4115,13.411,66337.0,835.39,2.0,9999.797940933831,0.0,0.0,0.0,0.0,0,0,0,0.0,-2.0205906616888036e-05
1679.0,2023-01-21 20:57:59.999,3.0,long,1216.8410805548797,-20.395297414840453,0.4109,13.309,0.41125,13.4035,36832.0,988.04,2.0,9999.797940933831,0.0,0.0,0.0,0.0,0,0,0,0.0,-2.0205906616888036e-05
1680.0,2023-01-21 20:58:59.999,3.0,long,1216.8410805548797,-20.395297414840453,0.4109,13.309,0.4112,13.407,11986.0,710.43,2.0,9999.797940933831,0.0,0.0,0.0,0.0,0,0,0,0.0,-2.0205906616888036e-05
1681.0,2023-01-21 20:59:59.999,3.0,long,1216.8410805548797,-20.395297414840453,0.4109,13.309,0.4111,13.3985,88362.0,1527.44,2.0,9999.797940933831,0.0,0.0,0.0,0.0,0,0,0,0.0,-2.0205906616888036e-05
1682.0,2023-01-21 21:00:59.999,3.0,long,1216.8410805548797,-20.395297414840453,0.4109,13.309,0.41085,13.3925,749070.0,2658.54,2.0,9999.797940933831,0.0,0.0,0.0,0.0,0,0,0,0.0,-2.0205906616888036e-05
1683.0,2023-01-21 21:01:59.999,3.0,long,1216.8410805548797,-20.395297414840453,0.4109,13.309,0.4105499999999999,13.382,265434.0,1597.99,2.0,9999.797940933831,0.0,0.0,0.0,0.0,0,0,0,0.0,-2.0205906616888036e-05
1684.0,2023-01-21 21:02:59.999,3.0,long,1216.8410805548797,-20.395297414840453,0.4109,13.309,0.4108,13.3765,128113.0,1849.51,2.0,9999.797940933831,0.0,0.0,0.0,0.0,0,0,0,0.0,-2.0205906616888036e-05
1685.0,2023-01-21 21:03:59.999,3.0,long,1216.8410805548797,-20.395297414840453,0.4109,13.309,0.41115,13.3615,15834.0,1218.91,2.0,9999.797940933831,0.0,0.0,0.0,0.0,0,0,0,0.0,-2.0205906616888036e-05
1686.0,2023-01-21 21:04:59.999,3.0,long,1216.8410805548797,-20.395297414840453,0.4109,13.309,0.4111,13.3585,70021.0,266.07,2.0,9999.797940933831,0.0,0.0,0.0,0.0,0,0,0,0.0,-2.0205906616888036e-05
1687.0,2023-01-21 21:05:59.999,3.0,long,1216.8410805548797,-20.395297414840453,0.4109,13.309,0.411,13.3595,43581.0,48.74,2.0,9999.797940933831,0.0,0.0,0.0,0.0,0,0,0,0.0,-2.0205906616888036e-05
1688.0,2023-01-21 21:06:59.999,3.0,long,1216.8410805548797,-20.395297414840453,0.4109,13.309,0.4112,13.3765,28052.0,372.17,2.0,9999.797940933831,0.0,0.0,0.0,0.0,0,0,0,0.0,-2.0205906616888036e-05
1689.0,2023-01-21 21:07:59.999,3.0,long,1216.8410805548797,-20.395297414840453,0.4109,13.309,0.41105,13.367,30897.0,1231.21,2.0,9999.797940933831,0.0,0.0,0.0,0.0,0,0,0,0.0,-2.0205906616888036e-05
1690.0,2023-01-21 21:08:59.999,3.0,long,1216.8410805548797,-20.395297414840453,0.4109,13.309,0.4109,13.3705,48493.0,307.57,2.0,9999.797940933831,0.0,0.0,0.0,0.0,0,0,0,0.0,-2.0205906616888036e-05
1691.0,2023-01-21 21:09:59.999,3.0,long,1216.8410805548797,-20.395297414840453,0.4109,13.309,0.41105,13.3755,53960.0,587.32,2.0,9999.797940933831,0.0,0.0,0.0,0.0,0,0,0,0.0,-2.0205906616888036e-05
1692.0,2023-01-21 21:10:59.999,3.0,long,1216.8410805548797,-20.395297414840453,0.4109,13.309,0.41105,13.359,44783.0,420.97,2.0,9999.797940933831,0.0,0.0,0.0,0.0,0,0,0,0.0,-2.0205906616888036e-05
1693.0,2023-01-21 21:11:59.999,3.0,long,1216.8410805548797,-20.395297414840453,0.4109,13.309,0.41095,13.361,84045.0,398.56,2.0,9999.797940933831,0.0,0.0,0.0,0.0,0,0,0,0.0,-2.0205906616888036e-05
1694.0,2023-01-21 21:12:59.999,3.0,long,1216.8410805548797,-20.395297414840453,0.4109,13.309,0.4109,13.374,27534.0,1488.6,2.0,9999.797940933831,0.0,0.0,0.0,0.0,0,0,0,0.0,-2.0205906616888036e-05
1695.0,2023-01-21 21:13:59.999,3.0,long,1216.8410805548797,-20.395297414840453,0.4109,13.309,0.4111,13.3755,125500.0,275.77,2.0,9999.797940933831,0.0,0.0,0.0,0.0,0,0,0,0.0,-2.0205906616888036e-05
1696.0,2023-01-21 21:14:59.999,3.0,long,1216.8410805548797,-20.395297414840453,0.4109,13.309,0.41105,13.3675,49344.0,357.7,2.0,9999.797940933831,0.0,0.0,0.0,0.0,0,0,0,0.0,-2.0205906616888036e-05
1697.0,2023-01-21 21:15:59.999,3.0,long,1216.8410805548797,-20.395297414840453,0.4109,13.309,0.41115,13.3565,55709.0,1619.91,2.0,9999.797940933831,0.0,0.0,0.0,0.0,0,0,0,0.0,-2.0205906616888036e-05
1698.0,2023-01-21 21:16:59.999,3.0,long,1216.8410805548797,-20.395297414840453,0.4109,13.309,0.4113,13.3565,49832.0,2099.01,2.0,9999.797940933831,0.0,0.0,0.0,0.0,0,0,0,0.0,-2.0205906616888036e-05
1699.0,2023-01-21 21:17:59.999,3.0,long,1216.8410805548797,-20.395297414840453,0.4109,13.309,0.4114,13.375,42211.0,309.19,2.0,9999.797940933831,0.0,0.0,0.0,0.0,0,0,0,0.0,-2.0205906616888036e-05
1700.0,2023-01-21 21:18:59.999,3.0,long,1216.8410805548797,-20.395297414840453,0.4109,13.309,0.4112,13.3755,54500.0,851.41,2.0,9999.797940933831,0.0,0.0,0.0,0.0,0,0,0,0.0,-2.0205906616888036e-05
1701.0,2023-01-21 21:19:59.999,3.0,long,1216.8410805548797,-20.395297414840453,0.4109,13.309,0.41115,13.3695,9600.0,338.77,2.0,9999.797940933831,0.0,0.0,0.0,0.0,0,0,0,0.0,-2.0205906616888036e-05
1702.0,2023-01-21 21:20:59.999,3.0,long,1216.8410805548797,-20.395297414840453,0.4109,13.309,0.4112,13.3635,53806.0,429.58,2.0,9999.797940933831,0.0,0.0,0.0,0.0,0,0,0,0.0,-2.0205906616888036e-05
1703.0,2023-01-21 21:21:59.999,3.0,long,1216.8410805548797,-20.395297414840453,0.4109,13.309,0.41105,13.3485,64469.0,241.04,2.0,9999.797940933831,0.0,0.0,0.0,0.0,0,0,0,0.0,-2.0205906616888036e-05
1704.0,2023-01-21 21:22:59.999,3.0,long,1216.8410805548797,-20.395297414840453,0.4109,13.309,0.4109,13.346,181516.0,1041.68,2.0,9999.797940933831,0.0,0.0,0.0,0.0,0,0,0,0.0,-2.0205906616888036e-05
1705.0,2023-01-21 21:23:59.999,3.0,long,1216.8410805548797,-20.395297414840453,0.4109,13.309,0.4108,13.346,30929.0,531.82,2.0,9999.797940933831,0.0,0.0,0.0,0.0,0,0,0,0.0,-2.0205906616888036e-05
1706.0,2023-01-21 21:24:59.999,3.0,long,1216.8410805548797,-20.395297414840453,0.4109,13.309,0.4105999999999999,13.346,114591.0,159.67,2.0,9999.797940933831,0.0,0.0,0.0,0.0,0,0,0,0.0,-2.0205906616888036e-05
1707.0,2023-01-21 21:25:59.999,3.0,long,1216.8410805548797,-20.395297414840453,0.4109,13.309,0.41065,13.346,17877.0,300.42,2.0,9999.797940933831,0.0,0.0,0.0,0.0,0,0,0,0.0,-2.0205906616888036e-05
1708.0,2023-01-21 21:26:59.999,3.0,long,1216.8410805548797,-20.395297414840453,0.4109,13.309,0.4107,13.353,96495.0,840.7,2.0,9999.797940933831,0.0,0.0,0.0,0.0,0,0,0,0.0,-2.0205906616888036e-05
1709.0,2023-01-21 21:27:59.999,3.0,long,1216.8410805548797,-20.395297414840453,0.4109,13.309,0.4107,13.359,94813.0,499.73,2.0,9999.797940933831,0.0,0.0,0.0,0.0,0,0,0,0.0,-2.0205906616888036e-05
1710.0,2023-01-21 21:28:59.999,3.0,long,1216.8410805548797,-20.395297414840453,0.4109,13.309,0.41085,13.359,114821.0,1352.69,2.0,9999.797940933831,0.0,0.0,0.0,0.0,0,0,0,0.0,-2.0205906616888036e-05
1711.0,2023-01-21 21:29:59.999,3.0,long,1216.8410805548797,-20.395297414840453,0.4109,13.309,0.4111,13.373,35991.0,2364.46,2.0,9999.797940933831,0.0,0.0,0.0,0.0,0,0,0,0.0,-2.0205906616888036e-05
1712.0,2023-01-21 21:30:59.999,3.0,long,1216.8410805548797,-20.395297414840453,0.4109,13.309,0.4111,13.3735,24066.0,752.81,2.0,9999.797940933831,0.0,0.0,0.0,0.0,0,0,0,0.0,-2.0205906616888036e-05
1713.0,2023-01-21 21:31:59.999,3.0,long,1216.8410805548797,-20.395297414840453,0.4109,13.309,0.41115,13.3855,49818.0,563.95,2.0,9999.797940933831,0.0,0.0,0.0,0.0,0,0,0,0.0,-2.0205906616888036e-05
1714.0,2023-01-21 21:32:59.999,3.0,long,1216.8410805548797,-20.395297414840453,0.4109,13.309,0.4114,13.3955,50715.0,908.6,2.0,9999.797940933831,0.0,0.0,0.0,0.0,0,0,0,0.0,-2.0205906616888036e-05
1715.0,2023-01-21 21:33:59.999,3.0,long,1216.8410805548797,-20.395297414840453,0.4109,13.309,0.4114,13.3935,44127.0,865.9,2.0,9999.797940933831,0.0,0.0,0.0,0.0,0,0,0,0.0,-2.0205906616888036e-05
1716.0,2023-01-21 21:34:59.999,3.0,long,1216.8410805548797,-20.395297414840453,0.4109,13.309,0.41145,13.399,230967.0,2260.41,2.0,9999.797940933831,0.0,0.0,0.0,0.0,0,0,0,0.0,-2.0205906616888036e-05
1717.0,2023-01-21 21:35:59.999,3.0,long,1216.8410805548797,-20.395297414840453,0.4109,13.309,0.41135,13.3945,18558.0,468.18,2.0,9999.797940933831,0.0,0.0,0.0,0.0,0,0,0,0.0,-2.0205906616888036e-05
1718.0,2023-01-21 21:36:59.999,3.0,long,1216.8410805548797,-20.395297414840453,0.4109,13.309,0.4115499999999999,13.394,15975.0,642.4,2.0,9999.797940933831,0.0,0.0,0.0,0.0,0,0,0,0.0,-2.0205906616888036e-05
1719.0,2023-01-21 21:37:59.999,3.0,long,1216.8410805548797,-20.395297414840453,0.4109,13.309,0.41175,13.3955,41126.0,1366.53,2.0,9999.797940933831,0.0,0.0,0.0,0.0,0,0,0,0.0,-2.0205906616888036e-05
1720.0,2023-01-21 21:38:59.999,3.0,long,1216.8410805548797,-20.395297414840453,0.4109,13.309,0.41175,13.4035,32907.0,513.66,2.0,9999.797940933831,0.0,0.0,0.0,0.0,0,0,0,0.0,-2.0205906616888036e-05
1721.0,2023-01-21 21:39:59.999,3.0,long,1216.8410805548797,-20.395297414840453,0.4109,13.309,0.4115499999999999,13.398,13997.0,52.48,2.0,9999.797940933831,0.0,0.0,0.0,0.0,0,0,0,0.0,-2.0205906616888036e-05
1722.0,2023-01-21 21:40:59.999,3.0,long,1216.8410805548797,-20.395297414840453,0.4109,13.309,0.4115999999999999,13.394,214223.0,147.39,2.0,9999.797940933831,0.0,0.0,0.0,0.0,0,0,0,0.0,-2.0205906616888036e-05
1723.0,2023-01-21 21:41:59.999,3.0,long,1216.8410805548797,-20.395297414840453,0.4109,13.309,0.4115499999999999,13.3935,89678.0,874.36,2.0,9999.797940933831,0.0,0.0,0.0,0.0,0,0,0,0.0,-2.0205906616888036e-05
1724.0,2023-01-21 21:42:59.999,3.0,long,1216.8410805548797,-20.395297414840453,0.4109,13.309,0.4116499999999999,13.4005,295032.0,1095.68,2.0,9999.797940933831,0.0,0.0,0.0,0.0,0,0,0,0.0,-2.0205906616888036e-05
1725.0,2023-01-21 21:43:59.999,3.0,long,1216.8410805548797,-20.395297414840453,0.4109,13.309,0.41175,13.398,65762.0,11.59,2.0,9999.797940933831,0.0,0.0,0.0,0.0,0,0,0,0.0,-2.0205906616888036e-05
1726.0,2023-01-21 21:44:59.999,3.0,long,1216.8410805548797,-20.395297414840453,0.4109,13.309,0.4115,13.3985,15192.0,5.25,2.0,9999.797940933831,0.0,0.0,0.0,0.0,0,0,0,0.0,-2.0205906616888036e-05
1727.0,2023-01-21 21:45:59.999,3.0,long,1216.8410805548797,-20.395297414840453,0.4109,13.309,0.41145,13.409,33379.0,263.05,2.0,9999.797940933831,0.0,0.0,0.0,0.0,0,0,0,0.0,-2.0205906616888036e-05
1728.0,2023-01-21 21:46:59.999,3.0,long,1216.8410805548797,-20.395297414840453,0.4109,13.309,0.4115499999999999,13.415500000000002,21085.0,189.23,2.0,9999.797940933831,0.0,0.0,0.0,0.0,0,0,0,0.0,-2.0205906616888036e-05
1729.0,2023-01-21 21:47:59.999,3.0,long,1216.8410805548797,-20.395297414840453,0.4109,13.309,0.4115499999999999,13.4165,21862.0,884.65,2.0,9999.797940933831,0.0,0.0,0.0,0.0,0,0,0,0.0,-2.0205906616888036e-05
1730.0,2023-01-21 21:48:59.999,3.0,long,1216.8410805548797,-20.395297414840453,0.4109,13.309,0.4115999999999999,13.416,43659.0,141.65,2.0,9999.797940933831,0.0,0.0,0.0,0.0,0,0,0,0.0,-2.0205906616888036e-05
1731.0,2023-01-21 21:49:59.999,3.0,long,1216.8410805548797,-20.395297414840453,0.4109,13.309,0.4114,13.415,22516.0,52.81,2.0,9999.797940933831,0.0,0.0,0.0,0.0,0,0,0,0.0,-2.0205906616888036e-05
1732.0,2023-01-21 21:50:59.999,3.0,long,1216.8410805548797,-20.395297414840453,0.4109,13.309,0.41125,13.4065,78963.0,716.29,2.0,9999.797940933831,0.0,0.0,0.0,0.0,0,0,0,0.0,-2.0205906616888036e-05
1733.0,2023-01-21 21:51:59.999,3.0,long,1216.8410805548797,-20.395297414840453,0.4109,13.309,0.41115,13.3955,45168.0,1254.13,2.0,9999.797940933831,0.0,0.0,0.0,0.0,0,0,0,0.0,-2.0205906616888036e-05
1734.0,2023-01-21 21:52:59.999,3.0,long,1216.8410805548797,-20.395297414840453,0.4109,13.309,0.41115,13.3915,33823.0,85.79,2.0,9999.797940933831,0.0,0.0,0.0,0.0,0,0,0,0.0,-2.0205906616888036e-05
1735.0,2023-01-21 21:53:59.999,3.0,long,1216.8410805548797,-20.395297414840453,0.4109,13.309,0.41125,13.387,46919.0,562.13,2.0,9999.797940933831,0.0,0.0,0.0,0.0,0,0,0,0.0,-2.0205906616888036e-05
1736.0,2023-01-21 21:54:59.999,3.0,long,1216.8410805548797,-20.395297414840453,0.4109,13.309,0.41135,13.3875,18143.0,109.5,2.0,9999.797940933831,0.0,0.0,0.0,0.0,0,0,0,0.0,-2.0205906616888036e-05
1737.0,2023-01-21 21:55:59.999,3.0,long,1216.8410805548797,-20.395297414840453,0.4109,13.309,0.4115499999999999,13.395499999999998,24218.0,91.48,2.0,9999.797940933831,0.0,0.0,0.0,0.0,0,0,0,0.0,-2.0205906616888036e-05
1738.0,2023-01-21 21:56:59.999,3.0,long,1216.8410805548797,-20.395297414840453,0.4109,13.309,0.4117,13.389,47644.0,1057.87,2.0,9999.797940933831,0.0,0.0,0.0,0.0,0,0,0,0.0,-2.0205906616888036e-05
1739.0,2023-01-21 21:57:59.999,3.0,long,1216.8410805548797,-20.395297414840453,0.4109,13.309,0.4118,13.3815,21463.0,618.93,2.0,9999.797940933831,0.0,0.0,0.0,0.0,0,0,0,0.0,-2.0205906616888036e-05
1740.0,2023-01-21 21:58:59.999,3.0,long,1216.8410805548797,-20.395297414840453,0.4109,13.309,0.41185,13.374,5834.0,146.89,2.0,9999.797940933831,0.0,0.0,0.0,0.0,0,0,0,0.0,-2.0205906616888036e-05
1741.0,2023-01-21 21:59:59.999,3.0,long,1216.8410805548797,-20.395297414840453,0.4109,13.309,0.41185,13.381,393949.0,1154.35,2.0,9999.797940933831,0.0,0.0,0.0,0.0,0,0,0,0.0,-2.0205906616888036e-05
1742.0,2023-01-21 22:00:59.999,3.0,long,1216.8410805548797,-20.395297414840453,0.4109,13.309,0.4115499999999999,13.383,56147.0,242.43,2.0,9999.797940933831,0.0,0.0,0.0,0.0,0,0,0,0.0,-2.0205906616888036e-05
1743.0,2023-01-21 22:01:59.999,3.0,long,1216.8410805548797,-20.395297414840453,0.4109,13.309,0.4116499999999999,13.388,75099.0,145.59,2.0,9999.797940933831,0.0,0.0,0.0,0.0,0,0,0,0.0,-2.0205906616888036e-05
1744.0,2023-01-21 22:02:59.999,3.0,long,1216.8410805548797,-20.395297414840453,0.4109,13.309,0.4117,13.391,37260.0,68.3,2.0,9999.797940933831,0.0,0.0,0.0,0.0,0,0,0,0.0,-2.0205906616888036e-05
1745.0,2023-01-21 22:03:59.999,3.0,long,1216.8410805548797,-20.395297414840453,0.4109,13.309,0.4113,13.3865,83603.0,281.15,2.0,9999.797940933831,0.0,0.0,0.0,0.0,0,0,0,0.0,-2.0205906616888036e-05
1746.0,2023-01-21 22:04:59.999,3.0,long,1216.8410805548797,-20.395297414840453,0.4109,13.309,0.4112,13.3885,96667.0,82.95,2.0,9999.797940933831,0.0,0.0,0.0,0.0,0,0,0,0.0,-2.0205906616888036e-05
1747.0,2023-01-21 22:05:59.999,3.0,long,1216.8410805548797,-20.395297414840453,0.4109,13.309,0.41115,13.3885,6638.0,114.24,2.0,9999.797940933831,0.0,0.0,0.0,0.0,0,0,0,0.0,-2.0205906616888036e-05
1748.0,2023-01-21 22:06:59.999,3.0,long,1216.8410805548797,-20.395297414840453,0.4109,13.309,0.411,13.3855,28883.0,240.92,2.0,9999.797940933831,0.0,0.0,0.0,0.0,0,0,0,0.0,-2.0205906616888036e-05
1749.0,2023-01-21 22:07:59.999,3.0,long,1216.8410805548797,-20.395297414840453,0.4109,13.309,0.411,13.3795,164897.0,2440.25,2.0,9999.797940933831,0.0,0.0,0.0,0.0,0,0,0,0.0,-2.0205906616888036e-05
1750.0,2023-01-21 22:08:59.999,3.0,long,1216.8410805548797,-20.395297414840453,0.4109,13.309,0.4106499999999999,13.3785,168942.0,1107.66,2.0,9999.797940933831,0.0,0.0,0.0,0.0,0,0,0,0.0,-2.0205906616888036e-05
1751.0,2023-01-21 22:09:59.999,3.0,long,1216.8410805548797,-20.395297414840453,0.4109,13.309,0.41035,13.372,93146.0,1464.14,2.0,9999.797940933831,0.0,0.0,0.0,0.0,0,0,0,0.0,-2.0205906616888036e-05
1752.0,2023-01-21 22:10:59.999,3.0,long,1216.8410805548797,-20.395297414840453,0.4109,13.309,0.41045,13.3725,39440.0,215.55,2.0,9999.797940933831,0.0,0.0,0.0,0.0,0,0,0,0.0,-2.0205906616888036e-05
1753.0,2023-01-21 22:11:59.999,3.0,long,1216.8410805548797,-20.395297414840453,0.4109,13.309,0.4105499999999999,13.396,43308.0,3227.69,2.0,9999.797940933831,0.0,0.0,0.0,0.0,0,0,0,0.0,-2.0205906616888036e-05
1754.0,2023-01-21 22:12:59.999,3.0,long,1216.8410805548797,-20.395297414840453,0.4109,13.309,0.4105,13.4125,31213.0,410.73,2.0,9999.797940933831,0.0,0.0,0.0,0.0,0,0,0,0.0,-2.0205906616888036e-05
1755.0,2023-01-21 22:13:59.999,3.0,long,1216.8410805548797,-20.395297414840453,0.4109,13.309,0.4105499999999999,13.401,17007.0,296.83,2.0,9999.797940933831,0.0,0.0,0.0,0.0,0,0,0,0.0,-2.0205906616888036e-05
1756.0,2023-01-21 22:14:59.999,3.0,long,1216.8410805548797,-20.395297414840453,0.4109,13.309,0.41045,13.399,21877.0,81.16,2.0,9999.797940933831,0.0,0.0,0.0,0.0,0,0,0,0.0,-2.0205906616888036e-05
1757.0,2023-01-21 22:15:59.999,3.0,long,1216.8410805548797,-20.395297414840453,0.4109,13.309,0.4105499999999999,13.3985,29429.0,125.32,2.0,9999.797940933831,0.0,0.0,0.0,0.0,0,0,0,0.0,-2.0205906616888036e-05
1758.0,2023-01-21 22:16:59.999,3.0,long,1216.8410805548797,-20.395297414840453,0.4109,13.309,0.4106499999999999,13.397,53823.0,99.35,2.0,9999.797940933831,0.0,0.0,0.0,0.0,0,0,0,0.0,-2.0205906616888036e-05
1759.0,2023-01-21 22:17:59.999,3.0,long,1216.8410805548797,-20.395297414840453,0.4109,13.309,0.41045,13.3885,102650.0,557.36,2.0,9999.797940933831,0.0,0.0,0.0,0.0,0,0,0,0.0,-2.0205906616888036e-05
1760.0,2023-01-21 22:18:59.999,3.0,long,1216.8410805548797,-20.395297414840453,0.4109,13.309,0.4102,13.3745,43147.0,105.05,2.0,9999.797940933831,0.0,0.0,0.0,0.0,0,0,0,0.0,-2.0205906616888036e-05
1761.0,2023-01-21 22:19:59.999,3.0,long,1216.8410805548797,-20.395297414840453,0.4109,13.309,0.41025,13.376,12918.0,108.96,2.0,9999.797940933831,0.0,0.0,0.0,0.0,0,0,0,0.0,-2.0205906616888036e-05
1762.0,2023-01-21 22:20:59.999,3.0,long,1216.8410805548797,-20.395297414840453,0.4109,13.309,0.41025,13.374,20391.0,93.36,2.0,9999.797940933831,0.0,0.0,0.0,0.0,0,0,0,0.0,-2.0205906616888036e-05
1763.0,2023-01-21 22:21:59.999,3.0,long,1216.8410805548797,-20.395297414840453,0.4109,13.309,0.40975,13.3715,195201.0,217.62,2.0,9999.797940933831,0.0,0.0,0.0,0.0,0,0,0,0.0,-2.0205906616888036e-05
1764.0,2023-01-21 22:22:59.999,3.0,long,1216.8410805548797,-20.395297414840453,0.4109,13.309,0.4095999999999999,13.362,40390.0,164.61,2.0,9999.797940933831,0.0,0.0,0.0,0.0,0,0,0,0.0,-2.0205906616888036e-05
1765.0,2023-01-21 22:23:59.999,3.0,long,1216.8410805548797,-20.395297414840453,0.4109,13.309,0.40965,13.361,23370.0,54.21,2.0,9999.797940933831,0.0,0.0,0.0,0.0,0,0,0,0.0,-2.0205906616888036e-05
1766.0,2023-01-21 22:24:59.999,3.0,long,1216.8410805548797,-20.395297414840453,0.4109,13.309,0.4095,13.355,80256.0,346.35,2.0,9999.797940933831,0.0,0.0,0.0,0.0,0,0,0,0.0,-2.0205906616888036e-05
1767.0,2023-01-21 22:25:59.999,3.0,long,1216.8410805548797,-20.395297414840453,0.4109,13.309,0.4094,13.329,33607.0,1597.25,2.0,9999.797940933831,0.0,0.0,0.0,0.0,0,0,0,0.0,-2.0205906616888036e-05
1768.0,2023-01-21 22:26:59.999,3.0,long,1216.8410805548797,-20.395297414840453,0.4109,13.309,0.4094,13.3,60550.0,1195.33,2.0,9999.797940933831,0.0,0.0,0.0,0.0,0,0,0,0.0,-2.0205906616888036e-05
1769.0,2023-01-21 22:27:59.999,3.0,long,1216.8410805548797,-20.395297414840453,0.4109,13.309,0.4091,13.29,225477.0,825.81,2.0,9999.797940933831,0.0,0.0,0.0,0.0,0,0,0,0.0,-2.0205906616888036e-05
1770.0,2023-01-21 22:28:59.999,3.0,long,1216.8410805548797,-20.395297414840453,0.4109,13.309,0.40875,13.281,204703.0,296.27,2.0,9999.797940933831,0.0,0.0,0.0,0.0,0,0,0,0.0,-2.0205906616888036e-05
1771.0,2023-01-21 22:29:59.999,3.0,long,1216.8410805548797,-20.395297414840453,0.4109,13.309,0.4087,13.2955,107530.0,998.02,2.0,9999.797940933831,0.0,0.0,0.0,0.0,0,0,0,0.0,-2.0205906616888036e-05
1772.0,2023-01-21 22:30:59.999,3.0,long,1216.8410805548797,-20.395297414840453,0.4109,13.309,0.4086499999999999,13.296,84835.0,905.76,2.0,9999.797940933831,0.0,0.0,0.0,0.0,0,0,0,0.0,-2.0205906616888036e-05
1773.0,2023-01-21 22:31:59.999,3.0,long,1216.8410805548797,-20.395297414840453,0.4109,13.309,0.4085999999999999,13.2915,76163.0,231.07,2.0,9999.797940933831,0.0,0.0,0.0,0.0,0,0,0,0.0,-2.0205906616888036e-05
1774.0,2023-01-21 22:32:59.999,3.0,long,1216.8410805548797,-20.395297414840453,0.4109,13.309,0.4089,13.3015,25897.0,286.51,2.0,9999.797940933831,0.0,0.0,0.0,0.0,0,0,0,0.0,-2.0205906616888036e-05
1775.0,2023-01-21 22:33:59.999,3.0,long,1216.8410805548797,-20.395297414840453,0.4109,13.309,0.4093,13.3225,86381.0,1278.47,2.0,9999.797940933831,0.0,0.0,0.0,0.0,0,0,0,0.0,-2.0205906616888036e-05
1776.0,2023-01-21 22:34:59.999,3.0,long,1216.8410805548797,-20.395297414840453,0.4109,13.309,0.4099,13.3355,195403.0,1217.5,2.0,9999.797940933831,0.0,0.0,0.0,0.0,0,0,0,0.0,-2.0205906616888036e-05
1777.0,2023-01-21 22:35:59.999,3.0,long,1216.8410805548797,-20.395297414840453,0.4109,13.309,0.4096499999999999,13.3195,40730.0,586.83,2.0,9999.797940933831,0.0,0.0,0.0,0.0,0,0,0,0.0,-2.0205906616888036e-05
1778.0,2023-01-21 22:36:59.999,3.0,long,1216.8410805548797,-20.395297414840453,0.4109,13.309,0.40925,13.312,380095.0,1809.92,2.0,9999.797940933831,0.0,0.0,0.0,0.0,0,0,0,0.0,-2.0205906616888036e-05
1779.0,2023-01-21 22:37:59.999,3.0,long,1216.8410805548797,-20.395297414840453,0.4109,13.309,0.40945,13.311,59761.0,1568.83,2.0,9999.797940933831,0.0,0.0,0.0,0.0,0,0,0,0.0,-2.0205906616888036e-05
1780.0,2023-01-21 22:38:59.999,3.0,long,1216.8410805548797,-20.395297414840453,0.4109,13.309,0.4097499999999999,13.3175,230170.0,586.74,2.0,9999.797940933831,0.0,0.0,0.0,0.0,0,0,0,0.0,-2.0205906616888036e-05
1781.0,2023-01-21 22:39:59.999,3.0,long,1216.8410805548797,-20.395297414840453,0.4109,13.309,0.40995,13.321,20080.0,207.47,2.0,9999.797940933831,0.0,0.0,0.0,0.0,0,0,0,0.0,-2.0205906616888036e-05
1782.0,2023-01-21 22:40:59.999,3.0,long,1216.8410805548797,-20.395297414840453,0.4109,13.309,0.40985,13.322,22397.0,147.7,2.0,9999.797940933831,0.0,0.0,0.0,0.0,0,0,0,0.0,-2.0205906616888036e-05
1783.0,2023-01-21 22:41:59.999,3.0,long,1216.8410805548797,-20.395297414840453,0.4109,13.309,0.4095,13.3185,263604.0,621.55,2.0,9999.797940933831,0.0,0.0,0.0,0.0,0,0,0,0.0,-2.0205906616888036e-05
1784.0,2023-01-21 22:42:59.999,3.0,long,1216.8410805548797,-20.395297414840453,0.4109,13.309,0.409,13.2945,20025.0,333.34,2.0,9999.797940933831,0.0,0.0,0.0,0.0,0,0,0,0.0,-2.0205906616888036e-05
1785.0,2023-01-21 22:43:59.999,3.0,long,1216.8410805548797,-20.395297414840453,0.4109,13.309,0.40895,13.3,40878.0,995.89,2.0,9999.797940933831,0.0,0.0,0.0,0.0,0,0,0,0.0,-2.0205906616888036e-05
1786.0,2023-01-21 22:44:59.999,3.0,long,1216.8410805548797,-20.395297414840453,0.4109,13.309,0.4089,13.2925,110994.0,700.73,2.0,9999.797940933831,0.0,0.0,0.0,0.0,0,0,0,0.0,-2.0205906616888036e-05
1787.0,2023-01-21 22:45:59.999,3.0,long,1216.8410805548797,-20.395297414840453,0.4109,13.309,0.4089,13.2855,46077.0,713.68,2.0,9999.797940933831,0.0,0.0,0.0,0.0,0,0,0,0.0,-2.0205906616888036e-05
1788.0,2023-01-21 22:46:59.999,3.0,long,1216.8410805548797,-20.395297414840453,0.4109,13.309,0.409,13.2965,112562.0,430.97,2.0,9999.797940933831,0.0,0.0,0.0,0.0,0,0,0,0.0,-2.0205906616888036e-05
1789.0,2023-01-21 22:47:59.999,3.0,long,1216.8410805548797,-20.395297414840453,0.4109,13.309,0.40915,13.3025,30222.0,589.59,2.0,9999.797940933831,0.0,0.0,0.0,0.0,0,0,0,0.0,-2.0205906616888036e-05
1790.0,2023-01-21 22:48:59.999,3.0,long,1216.8410805548797,-20.395297414840453,0.4109,13.309,0.4093,13.309,32141.0,314.47,2.0,9999.797940933831,0.0,0.0,0.0,0.0,0,0,0,0.0,-2.0205906616888036e-05
1791.0,2023-01-21 22:49:59.999,3.0,long,1216.8410805548797,-20.395297414840453,0.4109,13.309,0.40935,13.315,67231.0,321.53,2.0,9999.797940933831,0.0,0.0,0.0,0.0,0,0,0,0.0,-2.0205906616888036e-05
1792.0,2023-01-21 22:50:59.999,3.0,long,1216.8410805548797,-20.395297414840453,0.4109,13.309,0.4093,13.3125,57624.0,388.43,2.0,9999.797940933831,0.0,0.0,0.0,0.0,0,0,0,0.0,-2.0205906616888036e-05
1793.0,2023-01-21 22:51:59.999,3.0,long,1216.8410805548797,-20.395297414840453,0.4109,13.309,0.40915,13.313,65604.0,433.74,2.0,9999.797940933831,0.0,0.0,0.0,0.0,0,0,0,0.0,-2.0205906616888036e-05
1794.0,2023-01-21 22:52:59.999,3.0,long,1216.8410805548797,-20.395297414840453,0.4109,13.309,0.40905,13.3125,34312.0,333.58,2.0,9999.797940933831,0.0,0.0,0.0,0.0,0,0,0,0.0,-2.0205906616888036e-05
1795.0,2023-01-21 22:53:59.999,3.0,long,1216.8410805548797,-20.395297414840453,0.4109,13.309,0.40905,13.313,17482.0,247.01,2.0,9999.797940933831,0.0,0.0,0.0,0.0,0,0,0,0.0,-2.0205906616888036e-05
1796.0,2023-01-21 22:54:59.999,3.0,long,1216.8410805548797,-20.395297414840453,0.4109,13.309,0.409,13.315,45705.0,462.4,2.0,9999.797940933831,0.0,0.0,0.0,0.0,0,0,0,0.0,-2.0205906616888036e-05
1797.0,2023-01-21 22:55:59.999,3.0,long,1216.8410805548797,-20.395297414840453,0.4109,13.309,0.40905,13.3115,10547.0,1802.6,2.0,9999.797940933831,0.0,0.0,0.0,0.0,0,0,0,0.0,-2.0205906616888036e-05
1798.0,2023-01-21 22:56:59.999,3.0,long,1216.8410805548797,-20.395297414840453,0.4109,13.309,0.409,13.3115,13502.0,2578.31,0.0,9999.797940933831,0.0,0.0,0.0,0.0,0,0,0,0.0,-2.0205906616888036e-05
1799.0,2023-01-21 22:57:59.999,3.0,long,1216.8410805548797,-20.395297414840453,0.4109,13.309,0.40895,13.2945,12347.0,352.74,0.0,9999.797940933831,0.0,0.0,0.0,0.0,0,0,0,0.0,-2.0205906616888036e-05
1800.0,2023-01-21 22:58:59.999,3.0,long,1216.8410805548797,-20.395297414840453,0.4109,13.309,0.40805,13.2795,404606.0,179.05,0.0,9999.797940933831,0.0,0.0,0.0,0.0,0,0,0,0.0,-2.0205906616888036e-05
1801.0,2023-01-21 22:59:59.999,3.0,long,1216.8410805548797,-20.395297414840453,0.4109,13.309,0.4054999999999999,13.231,1928575.0,7218.89,0.0,9999.797940933831,0.0,0.0,0.0,0.0,0,0,0,0.0,-2.0205906616888036e-05
1802.0,2023-01-21 23:00:59.999,3.0,long,1216.8410805548797,-20.395297414840453,0.4109,13.309,0.4047,13.152,711691.0,16649.45,0.0,9999.797940933831,0.0,0.0,0.0,0.0,0,0,0,0.0,-2.0205906616888036e-05
1803.0,2023-01-21 23:01:59.999,3.0,long,1216.8410805548797,-20.395297414840453,0.4109,13.309,0.4065,13.2175,240336.0,1688.35,0.0,9999.797940933831,0.0,0.0,0.0,0.0,0,0,0,0.0,-2.0205906616888036e-05
1804.0,2023-01-21 23:02:59.999,3.0,long,1216.8410805548797,-20.395297414840453,0.4109,13.309,0.4071,13.27,277077.0,1443.33,0.0,9999.797940933831,0.0,0.0,0.0,0.0,0,0,0,0.0,-2.0205906616888036e-05
1805.0,2023-01-21 23:03:59.999,3.0,long,1216.8410805548797,-20.395297414840453,0.4109,13.309,0.407,13.257,146370.0,2380.85,0.0,9999.797940933831,0.0,0.0,0.0,0.0,0,0,0,0.0,-2.0205906616888036e-05
1806.0,2023-01-21 23:04:59.999,3.0,long,1216.8410805548797,-20.395297414840453,0.4109,13.309,0.40735,13.2935,133783.0,3320.02,0.0,9999.797940933831,0.0,0.0,0.0,0.0,0,0,0,0.0,-2.0205906616888036e-05
1807.0,2023-01-21 23:05:59.999,3.0,long,1216.8410805548797,-20.395297414840453,0.4109,13.309,0.4074,13.31,126844.0,1614.22,0.0,9999.797940933831,0.0,0.0,0.0,0.0,0,0,0,0.0,-2.0205906616888036e-05
1808.0,2023-01-21 23:06:59.999,3.0,long,1216.8410805548797,-20.395297414840453,0.4109,13.309,0.40715,13.3245,123200.0,1284.65,2.0,9999.797940933831,0.0,0.0,0.0,0.0,0,0,0,0.0,-2.0205906616888036e-05
1809.0,2023-01-21 23:07:59.999,3.0,long,1216.8410805548797,-20.395297414840453,0.4109,13.309,0.40695,13.33,196718.0,1834.09,2.0,9999.797940933831,0.0,0.0,0.0,0.0,0,0,0,0.0,-2.0205906616888036e-05
1810.0,2023-01-21 23:08:59.999,3.0,long,1216.8410805548797,-20.395297414840453,0.4109,13.309,0.4076499999999999,13.361,78501.0,1751.96,2.0,9999.797940933831,0.0,0.0,0.0,0.0,0,0,0,0.0,-2.0205906616888036e-05
1811.0,2023-01-21 23:09:59.999,3.0,long,1216.8410805548797,-20.395297414840453,0.4109,13.309,0.40805,13.3775,99930.0,2054.33,2.0,9999.797940933831,0.0,0.0,0.0,0.0,0,0,0,0.0,-2.0205906616888036e-05
1812.0,2023-01-21 23:10:59.999,3.0,long,1216.8410805548797,-20.395297414840453,0.4109,13.309,0.4075999999999999,13.359,44301.0,716.59,2.0,9999.797940933831,0.0,0.0,0.0,0.0,0,0,0,0.0,-2.0205906616888036e-05
1813.0,2023-01-21 23:11:59.999,3.0,long,1216.8410805548797,-20.395297414840453,0.4109,13.309,0.4075999999999999,13.3525,56777.0,379.15,2.0,9999.797940933831,0.0,0.0,0.0,0.0,0,0,0,0.0,-2.0205906616888036e-05
1814.0,2023-01-21 23:12:59.999,3.0,long,1216.8410805548797,-20.395297414840453,0.4109,13.309,0.4075499999999999,13.3365,19482.0,1062.47,2.0,9999.797940933831,0.0,0.0,0.0,0.0,0,0,0,0.0,-2.0205906616888036e-05
1815.0,2023-01-21 23:13:59.999,3.0,long,1216.8410805548797,-20.395297414840453,0.4109,13.309,0.4075499999999999,13.324,151135.0,482.59,2.0,9999.797940933831,0.0,0.0,0.0,0.0,0,0,0,0.0,-2.0205906616888036e-05
1816.0,2023-01-21 23:14:59.999,3.0,long,1216.8410805548797,-20.395297414840453,0.4109,13.309,0.4074,13.336,106400.0,539.0,2.0,9999.797940933831,0.0,0.0,0.0,0.0,0,0,0,0.0,-2.0205906616888036e-05
1817.0,2023-01-21 23:15:59.999,3.0,long,1216.8410805548797,-20.395297414840453,0.4109,13.309,0.4075,13.326,201441.0,1084.86,2.0,9999.797940933831,0.0,0.0,0.0,0.0,0,0,0,0.0,-2.0205906616888036e-05
1818.0,2023-01-21 23:16:59.999,3.0,long,1216.8410805548797,-20.395297414840453,0.4109,13.309,0.4074,13.309,50905.0,517.28,2.0,9999.797940933831,0.0,0.0,0.0,0.0,0,0,0,0.0,-2.0205906616888036e-05
1819.0,2023-01-21 23:17:59.999,3.0,long,1216.8410805548797,-20.395297414840453,0.4109,13.309,0.4072,13.2945,62601.0,720.92,2.0,9999.797940933831,0.0,0.0,0.0,0.0,0,0,0,0.0,-2.0205906616888036e-05
1820.0,2023-01-21 23:18:59.999,3.0,long,1216.8410805548797,-20.395297414840453,0.4109,13.309,0.4065999999999999,13.2695,191425.0,13023.45,2.0,9999.797940933831,0.0,0.0,0.0,0.0,0,0,0,0.0,-2.0205906616888036e-05
1821.0,2023-01-21 23:19:59.999,3.0,long,1216.8410805548797,-20.395297414840453,0.4109,13.309,0.40645,13.269,126203.0,1645.81,2.0,9999.797940933831,0.0,0.0,0.0,0.0,0,0,0,0.0,-2.0205906616888036e-05
1822.0,2023-01-21 23:20:59.999,3.0,long,1216.8410805548797,-20.395297414840453,0.4109,13.309,0.405,13.2385,1333735.0,7034.99,0.0,9999.797940933831,0.0,0.0,0.0,0.0,0,0,0,0.0,-2.0205906616888036e-05
1823.0,2023-01-21 23:21:59.999,3.0,long,1216.8410805548797,-20.395297414840453,0.4109,13.309,0.40475,13.209,375375.0,2482.82,0.0,9999.797940933831,0.0,0.0,0.0,0.0,0,0,0,0.0,-2.0205906616888036e-05
1824.0,2023-01-21 23:22:59.999,3.0,long,1216.8410805548797,-20.395297414840453,0.4109,13.309,0.40375,13.1685,568988.0,2840.03,0.0,9999.797940933831,0.0,0.0,0.0,0.0,0,0,0,0.0,-2.0205906616888036e-05
1825.0,2023-01-21 23:23:59.999,3.0,long,1216.8410805548797,-20.395297414840453,0.4109,13.309,0.4027,13.126,726357.0,7109.92,0.0,9999.797940933831,0.0,0.0,0.0,0.0,0,0,0,0.0,-2.0205906616888036e-05
1826.0,2023-01-21 23:24:59.999,3.0,long,1216.8410805548797,-20.395297414840453,0.4109,13.309,0.40335,13.145,217061.0,2415.66,0.0,9999.797940933831,0.0,0.0,0.0,0.0,0,0,0,0.0,-2.0205906616888036e-05
1827.0,2023-01-21 23:25:59.999,3.0,long,1216.8410805548797,-20.395297414840453,0.4109,13.309,0.4046,13.144,216037.0,5109.46,0.0,9999.797940933831,0.0,0.0,0.0,0.0,0,0,0,0.0,-2.0205906616888036e-05
1828.0,2023-01-21 23:26:59.999,3.0,long,1216.8410805548797,-20.395297414840453,0.4109,13.309,0.40505,13.143,181266.0,657.14,0.0,9999.797940933831,0.0,0.0,0.0,0.0,0,0,0,0.0,-2.0205906616888036e-05
1829.0,2023-01-21 23:27:59.999,3.0,long,1216.8410805548797,-20.395297414840453,0.4109,13.309,0.40425,13.0975,300275.0,4670.05,0.0,9999.797940933831,0.0,0.0,0.0,0.0,0,0,0,0.0,-2.0205906616888036e-05
1830.0,2023-01-21 23:28:59.999,3.0,long,1216.8410805548797,-20.395297414840453,0.4109,13.309,0.4031,13.036,711476.0,7461.72,0.0,9999.797940933831,0.0,0.0,0.0,0.0,0,0,0,0.0,-2.0205906616888036e-05
1831.0,2023-01-21 23:29:59.999,3.0,long,1216.8410805548797,-20.395297414840453,0.4109,13.309,0.4034999999999999,13.069,285950.0,2752.96,0.0,9999.797940933831,0.0,0.0,0.0,0.0,0,0,0,0.0,-2.0205906616888036e-05
1832.0,2023-01-21 23:30:59.999,3.0,long,1216.8410805548797,-20.395297414840453,0.4109,13.309,0.40375,13.0915,147885.0,1373.79,0.0,9999.797940933831,0.0,0.0,0.0,0.0,0,0,0,0.0,-2.0205906616888036e-05
1833.0,2023-01-21 23:31:59.999,3.0,long,1216.8410805548797,-20.395297414840453,0.4109,13.309,0.404,13.103,175160.0,1022.42,0.0,9999.797940933831,0.0,0.0,0.0,0.0,0,0,0,0.0,-2.0205906616888036e-05
1834.0,2023-01-21 23:32:59.999,3.0,long,1216.8410805548797,-20.395297414840453,0.4109,13.309,0.4048,13.1405,435655.0,4876.95,0.0,9999.797940933831,0.0,0.0,0.0,0.0,0,0,0,0.0,-2.0205906616888036e-05
1835.0,2023-01-21 23:33:59.999,3.0,long,1216.8410805548797,-20.395297414840453,0.4109,13.309,0.4047,13.1555,219026.0,2332.99,0.0,9999.797940933831,0.0,0.0,0.0,0.0,0,0,0,0.0,-2.0205906616888036e-05
1836.0,2023-01-21 23:34:59.999,3.0,long,1216.8410805548797,-20.395297414840453,0.4109,13.309,0.40385,13.1435,343157.0,1438.16,0.0,9999.797940933831,0.0,0.0,0.0,0.0,0,0,0,0.0,-2.0205906616888036e-05
1837.0,2023-01-21 23:35:59.999,3.0,long,1216.8410805548797,-20.395297414840453,0.4109,13.309,0.4035999999999999,13.1635,173268.0,2635.44,0.0,9999.797940933831,0.0,0.0,0.0,0.0,0,0,0,0.0,-2.0205906616888036e-05
1838.0,2023-01-21 23:36:59.999,3.0,long,1216.8410805548797,-20.395297414840453,0.4109,13.309,0.40395,13.187,126391.0,3296.34,0.0,9999.797940933831,0.0,0.0,0.0,0.0,0,0,0,0.0,-2.0205906616888036e-05
1839.0,2023-01-21 23:37:59.999,3.0,long,1216.8410805548797,-20.395297414840453,0.4109,13.309,0.4039,13.2115,111314.0,3043.14,0.0,9999.797940933831,0.0,0.0,0.0,0.0,0,0,0,0.0,-2.0205906616888036e-05
1840.0,2023-01-21 23:38:59.999,3.0,long,1216.8410805548797,-20.395297414840453,0.4109,13.309,0.40415,13.239,71623.0,1819.67,0.0,9999.797940933831,0.0,0.0,0.0,0.0,0,0,0,0.0,-2.0205906616888036e-05
1841.0,2023-01-21 23:39:59.999,3.0,long,1216.8410805548797,-20.395297414840453,0.4109,13.309,0.40415,13.2405,123774.0,1220.29,2.0,9999.797940933831,0.0,0.0,0.0,0.0,0,0,0,0.0,-2.0205906616888036e-05
1842.0,2023-01-21 23:40:59.999,3.0,long,1216.8410805548797,-20.395297414840453,0.4109,13.309,0.4037,13.214,165170.0,1710.39,2.0,9999.797940933831,0.0,0.0,0.0,0.0,0,0,0,0.0,-2.0205906616888036e-05
1843.0,2023-01-21 23:41:59.999,3.0,long,1216.8410805548797,-20.395297414840453,0.4109,13.309,0.4032,13.1795,134771.0,3194.57,2.0,9999.797940933831,0.0,0.0,0.0,0.0,0,0,0,0.0,-2.0205906616888036e-05
1844.0,2023-01-21 23:42:59.999,3.0,long,1216.8410805548797,-20.395297414840453,0.4109,13.309,0.40315,13.162,134913.0,915.13,0.0,9999.797940933831,0.0,0.0,0.0,0.0,0,0,0,0.0,-2.0205906616888036e-05
1845.0,2023-01-21 23:43:59.999,3.0,long,1216.8410805548797,-20.395297414840453,0.4109,13.309,0.40315,13.147,90920.0,596.86,0.0,9999.797940933831,0.0,0.0,0.0,0.0,0,0,0,0.0,-2.0205906616888036e-05
1846.0,2023-01-21 23:44:59.999,3.0,long,1216.8410805548797,-20.395297414840453,0.4109,13.309,0.4025999999999999,13.121,137105.0,2329.27,0.0,9999.797940933831,0.0,0.0,0.0,0.0,0,0,0,0.0,-2.0205906616888036e-05
1847.0,2023-01-21 23:45:59.999,3.0,long,1216.8410805548797,-20.395297414840453,0.4109,13.309,0.40265,13.099,285341.0,2667.05,0.0,9999.797940933831,0.0,0.0,0.0,0.0,0,0,0,0.0,-2.0205906616888036e-05
1848.0,2023-01-21 23:46:59.999,3.0,long,1216.8410805548797,-20.395297414840453,0.4109,13.309,0.4031,13.125,199368.0,1067.49,0.0,9999.797940933831,0.0,0.0,0.0,0.0,0,0,0,0.0,-2.0205906616888036e-05
1849.0,2023-01-21 23:47:59.999,3.0,long,1216.8410805548797,-20.395297414840453,0.4109,13.309,0.4029,13.1015,97429.0,574.0,0.0,9999.797940933831,0.0,0.0,0.0,0.0,0,0,0,0.0,-2.0205906616888036e-05
1850.0,2023-01-21 23:48:59.999,3.0,long,1216.8410805548797,-20.395297414840453,0.4109,13.309,0.40285,13.0825,164626.0,3684.33,0.0,9999.797940933831,0.0,0.0,0.0,0.0,0,0,0,0.0,-2.0205906616888036e-05
1851.0,2023-01-21 23:49:59.999,3.0,long,1216.8410805548797,-20.395297414840453,0.4109,13.309,0.40285,13.087,85109.0,581.22,0.0,9999.797940933831,0.0,0.0,0.0,0.0,0,0,0,0.0,-2.0205906616888036e-05
1852.0,2023-01-21 23:50:59.999,3.0,long,1216.8410805548797,-20.395297414840453,0.4109,13.309,0.40285,13.097,51125.0,1294.35,0.0,9999.797940933831,0.0,0.0,0.0,0.0,0,0,0,0.0,-2.0205906616888036e-05
1853.0,2023-01-21 23:51:59.999,3.0,long,1216.8410805548797,-20.395297414840453,0.4109,13.309,0.40335,13.1265,38840.0,438.28,0.0,9999.797940933831,0.0,0.0,0.0,0.0,0,0,0,0.0,-2.0205906616888036e-05
1854.0,2023-01-21 23:52:59.999,3.0,long,1216.8410805548797,-20.395297414840453,0.4109,13.309,0.4034999999999999,13.126,130940.0,1161.52,0.0,9999.797940933831,0.0,0.0,0.0,0.0,0,0,0,0.0,-2.0205906616888036e-05
1855.0,2023-01-21 23:53:59.999,3.0,long,1216.8410805548797,-20.395297414840453,0.4109,13.309,0.40305,13.0965,143096.0,753.77,0.0,9999.797940933831,0.0,0.0,0.0,0.0,0,0,0,0.0,-2.0205906616888036e-05
1856.0,2023-01-21 23:54:59.999,3.0,long,1216.8410805548797,-20.395297414840453,0.4109,13.309,0.403,13.075,101215.0,280.06,0.0,9999.797940933831,0.0,0.0,0.0,0.0,0,0,0,0.0,-2.0205906616888036e-05
1857.0,2023-01-21 23:55:59.999,3.0,long,1216.8410805548797,-20.395297414840453,0.4109,13.309,0.4033,13.092,73115.0,928.65,0.0,9999.797940933831,0.0,0.0,0.0,0.0,0,0,0,0.0,-2.0205906616888036e-05
1858.0,2023-01-21 23:56:59.999,3.0,long,1216.8410805548797,-20.395297414840453,0.4109,13.309,0.40315,13.1075,101752.0,366.38,0.0,9999.797940933831,0.0,0.0,0.0,0.0,0,0,0,0.0,-2.0205906616888036e-05
1859.0,2023-01-21 23:57:59.999,3.0,long,1216.8410805548797,-20.395297414840453,0.4109,13.309,0.40275,13.084,71771.0,552.22,0.0,9999.797940933831,0.0,0.0,0.0,0.0,0,0,0,0.0,-2.0205906616888036e-05
1860.0,2023-01-21 23:58:59.999,3.0,long,1216.8410805548797,-20.395297414840453,0.4109,13.309,0.4032,13.0895,65543.0,342.87,0.0,9999.797940933831,0.0,0.0,0.0,0.0,0,0,0,0.0,-2.0205906616888036e-05
1861.0,2023-01-21 23:59:59.999,3.0,long,1216.8410805548797,-20.395297414840453,0.4109,13.309,0.40325,13.0875,107285.0,150.76,0.0,9999.797940933831,0.0,0.0,0.0,0.0,0,0,0,0.0,-2.0205906616888036e-05
1862.0,2023-01-22 00:00:59.999,3.0,long,1216.8410805548797,-20.395297414840453,0.4109,13.309,0.40305,13.093,116678.0,2341.91,0.0,9999.797940933831,0.0,0.0,0.0,0.0,0,0,0,0.0,-2.0205906616888036e-05
1863.0,2023-01-22 00:01:59.999,3.0,long,1216.8410805548797,-20.395297414840453,0.4109,13.309,0.4028,13.1015,230415.0,1605.73,0.0,9999.797940933831,0.0,0.0,0.0,0.0,0,0,0,0.0,-2.0205906616888036e-05
1864.0,2023-01-22 00:02:59.999,3.0,long,1216.8410805548797,-20.395297414840453,0.4109,13.309,0.4029,13.105,499897.0,4774.78,0.0,9999.797940933831,0.0,0.0,0.0,0.0,0,0,0,0.0,-2.0205906616888036e-05
1865.0,2023-01-22 00:03:59.999,3.0,long,1216.8410805548797,-20.395297414840453,0.4109,13.309,0.4037,13.1445,297440.0,2901.74,0.0,9999.797940933831,0.0,0.0,0.0,0.0,0,0,0,0.0,-2.0205906616888036e-05
1866.0,2023-01-22 00:04:59.999,3.0,long,1216.8410805548797,-20.395297414840453,0.4109,13.309,0.4043,13.161,206060.0,1706.22,0.0,9999.797940933831,0.0,0.0,0.0,0.0,0,0,0,0.0,-2.0205906616888036e-05
1867.0,2023-01-22 00:05:59.999,3.0,long,1216.8410805548797,-20.395297414840453,0.4109,13.309,0.40485,13.1885,183997.0,2573.2,0.0,9999.797940933831,0.0,0.0,0.0,0.0,0,0,0,0.0,-2.0205906616888036e-05
1868.0,2023-01-22 00:06:59.999,3.0,long,1216.8410805548797,-20.395297414840453,0.4109,13.309,0.40495,13.175,211759.0,1498.34,0.0,9999.797940933831,0.0,0.0,0.0,0.0,0,0,0,0.0,-2.0205906616888036e-05
1869.0,2023-01-22 00:07:59.999,3.0,long,1216.8410805548797,-20.395297414840453,0.4109,13.309,0.40515,13.18,68497.0,489.69,0.0,9999.797940933831,0.0,0.0,0.0,0.0,0,0,0,0.0,-2.0205906616888036e-05
1870.0,2023-01-22 00:08:59.999,3.0,long,1216.8410805548797,-20.395297414840453,0.4109,13.309,0.40535,13.1865,172053.0,892.99,0.0,9999.797940933831,0.0,0.0,0.0,0.0,0,0,0,0.0,-2.0205906616888036e-05
1871.0,2023-01-22 00:09:59.999,3.0,long,1216.8410805548797,-20.395297414840453,0.4109,13.309,0.40525,13.1855,56955.0,180.52,0.0,9999.797940933831,0.0,0.0,0.0,0.0,0,0,0,0.0,-2.0205906616888036e-05
1872.0,2023-01-22 00:10:59.999,3.0,long,1216.8410805548797,-20.395297414840453,0.4109,13.309,0.40525,13.1905,46919.0,335.88,0.0,9999.797940933831,0.0,0.0,0.0,0.0,0,0,0,0.0,-2.0205906616888036e-05
1873.0,2023-01-22 00:11:59.999,3.0,long,1216.8410805548797,-20.395297414840453,0.4109,13.309,0.4053,13.194,82100.0,513.54,0.0,9999.797940933831,0.0,0.0,0.0,0.0,0,0,0,0.0,-2.0205906616888036e-05
1874.0,2023-01-22 00:12:59.999,3.0,long,1216.8410805548797,-20.395297414840453,0.4109,13.309,0.4055999999999999,13.2105,195721.0,797.14,0.0,9999.797940933831,0.0,0.0,0.0,0.0,0,0,0,0.0,-2.0205906616888036e-05
1875.0,2023-01-22 00:13:59.999,3.0,long,1216.8410805548797,-20.395297414840453,0.4109,13.309,0.4057,13.2155,119972.0,951.4,0.0,9999.797940933831,0.0,0.0,0.0,0.0,0,0,0,0.0,-2.0205906616888036e-05
1876.0,2023-01-22 00:14:59.999,3.0,long,1216.8410805548797,-20.395297414840453,0.4109,13.309,0.40575,13.219,42390.0,579.33,0.0,9999.797940933831,0.0,0.0,0.0,0.0,0,0,0,0.0,-2.0205906616888036e-05
1877.0,2023-01-22 00:15:59.999,3.0,long,1216.8410805548797,-20.395297414840453,0.4109,13.309,0.40575,13.206,127843.0,891.91,0.0,9999.797940933831,0.0,0.0,0.0,0.0,0,0,0,0.0,-2.0205906616888036e-05
1878.0,2023-01-22 00:16:59.999,3.0,long,1216.8410805548797,-20.395297414840453,0.4109,13.309,0.4059,13.204,180486.0,386.4,0.0,9999.797940933831,0.0,0.0,0.0,0.0,0,0,0,0.0,-2.0205906616888036e-05
1879.0,2023-01-22 00:17:59.999,3.0,long,1216.8410805548797,-20.395297414840453,0.4109,13.309,0.4054999999999999,13.1845,163180.0,902.0,0.0,9999.797940933831,0.0,0.0,0.0,0.0,0,0,0,0.0,-2.0205906616888036e-05
1880.0,2023-01-22 00:18:59.999,3.0,long,1216.8410805548797,-20.395297414840453,0.4109,13.309,0.4052,13.1725,135866.0,1650.83,0.0,9999.797940933831,0.0,0.0,0.0,0.0,0,0,0,0.0,-2.0205906616888036e-05
1881.0,2023-01-22 00:19:59.999,3.0,long,1216.8410805548797,-20.395297414840453,0.4109,13.309,0.4055499999999999,13.1615,84144.0,1284.56,0.0,9999.797940933831,0.0,0.0,0.0,0.0,0,0,0,0.0,-2.0205906616888036e-05
1882.0,2023-01-22 00:20:59.999,3.0,long,1216.8410805548797,-20.395297414840453,0.4109,13.309,0.40545,13.153,102587.0,276.64,0.0,9999.797940933831,0.0,0.0,0.0,0.0,0,0,0,0.0,-2.0205906616888036e-05
1883.0,2023-01-22 00:21:59.999,3.0,long,1216.8410805548797,-20.395297414840453,0.4109,13.309,0.4057,13.157,61719.0,905.36,0.0,9999.797940933831,0.0,0.0,0.0,0.0,0,0,0,0.0,-2.0205906616888036e-05
1884.0,2023-01-22 00:22:59.999,3.0,long,1216.8410805548797,-20.395297414840453,0.4109,13.309,0.40605,13.175,51452.0,2033.92,0.0,9999.797940933831,0.0,0.0,0.0,0.0,0,0,0,0.0,-2.0205906616888036e-05
1885.0,2023-01-22 00:23:59.999,3.0,long,1216.8410805548797,-20.395297414840453,0.4109,13.309,0.40585,13.1705,39561.0,239.21,0.0,9999.797940933831,0.0,0.0,0.0,0.0,0,0,0,0.0,-2.0205906616888036e-05
1886.0,2023-01-22 00:24:59.999,3.0,long,1216.8410805548797,-20.395297414840453,0.4109,13.309,0.406,13.1745,88833.0,230.32,0.0,9999.797940933831,0.0,0.0,0.0,0.0,0,0,0,0.0,-2.0205906616888036e-05
1887.0,2023-01-22 00:25:59.999,3.0,long,1216.8410805548797,-20.395297414840453,0.4109,13.309,0.40585,13.156,152867.0,1304.61,0.0,9999.797940933831,0.0,0.0,0.0,0.0,0,0,0,0.0,-2.0205906616888036e-05
1888.0,2023-01-22 00:26:59.999,3.0,long,1216.8410805548797,-20.395297414840453,0.4109,13.309,0.4059,13.149,68143.0,447.28,0.0,9999.797940933831,0.0,0.0,0.0,0.0,0,0,0,0.0,-2.0205906616888036e-05
1889.0,2023-01-22 00:27:59.999,3.0,long,1216.8410805548797,-20.395297414840453,0.4109,13.309,0.40615,13.1605,40008.0,676.69,0.0,9999.797940933831,0.0,0.0,0.0,0.0,0,0,0,0.0,-2.0205906616888036e-05
1890.0,2023-01-22 00:28:59.999,3.0,long,1216.8410805548797,-20.395297414840453,0.4109,13.309,0.4062,13.1725,130105.0,660.94,0.0,9999.797940933831,0.0,0.0,0.0,0.0,0,0,0,0.0,-2.0205906616888036e-05
1891.0,2023-01-22 00:29:59.999,3.0,long,1216.8410805548797,-20.395297414840453,0.4109,13.309,0.4057,13.166,643564.0,545.57,0.0,9999.797940933831,0.0,0.0,0.0,0.0,0,0,0,0.0,-2.0205906616888036e-05
1892.0,2023-01-22 00:30:59.999,3.0,long,1216.8410805548797,-20.395297414840453,0.4109,13.309,0.4057,13.164,225069.0,364.82,0.0,9999.797940933831,0.0,0.0,0.0,0.0,0,0,0,0.0,-2.0205906616888036e-05
1893.0,2023-01-22 00:31:59.999,3.0,long,1216.8410805548797,-20.395297414840453,0.4109,13.309,0.4055499999999999,13.136,97503.0,2601.29,0.0,9999.797940933831,0.0,0.0,0.0,0.0,0,0,0,0.0,-2.0205906616888036e-05
1894.0,2023-01-22 00:32:59.999,3.0,long,1216.8410805548797,-20.395297414840453,0.4109,13.309,0.40525,13.11,70601.0,1331.96,0.0,9999.797940933831,0.0,0.0,0.0,0.0,0,0,0,0.0,-2.0205906616888036e-05
1895.0,2023-01-22 00:33:59.999,3.0,long,1216.8410805548797,-20.395297414840453,0.4109,13.309,0.40515,13.1045,108027.0,1782.83,0.0,9999.797940933831,0.0,0.0,0.0,0.0,0,0,0,0.0,-2.0205906616888036e-05
1896.0,2023-01-22 00:34:59.999,3.0,long,1216.8410805548797,-20.395297414840453,0.4109,13.309,0.40545,13.1155,47927.0,1437.72,0.0,9999.797940933831,0.0,0.0,0.0,0.0,0,0,0,0.0,-2.0205906616888036e-05
1897.0,2023-01-22 00:35:59.999,3.0,long,1216.8410805548797,-20.395297414840453,0.4109,13.309,0.40545,13.1025,50212.0,611.25,0.0,9999.797940933831,0.0,0.0,0.0,0.0,0,0,0,0.0,-2.0205906616888036e-05
1898.0,2023-01-22 00:36:59.999,3.0,long,1216.8410805548797,-20.395297414840453,0.4109,13.309,0.40545,13.095,86806.0,493.83,0.0,9999.797940933831,0.0,0.0,0.0,0.0,0,0,0,0.0,-2.0205906616888036e-05
1899.0,2023-01-22 00:37:59.999,3.0,long,1216.8410805548797,-20.395297414840453,0.4109,13.309,0.4054,13.0875,99984.0,406.17,0.0,9999.797940933831,0.0,0.0,0.0,0.0,0,0,0,0.0,-2.0205906616888036e-05
1900.0,2023-01-22 00:38:59.999,3.0,long,1216.8410805548797,-20.395297414840453,0.4109,13.309,0.40545,13.079,179564.0,2046.45,0.0,9999.797940933831,0.0,0.0,0.0,0.0,0,0,0,0.0,-2.0205906616888036e-05
1901.0,2023-01-22 00:39:59.999,3.0,long,1216.8410805548797,-20.395297414840453,0.4109,13.309,0.4059,13.061,149672.0,7279.14,0.0,9999.797940933831,0.0,0.0,0.0,0.0,0,0,0,0.0,-2.0205906616888036e-05
1902.0,2023-01-22 00:40:59.999,3.0,long,1216.8410805548797,-20.395297414840453,0.4109,13.309,0.406,13.054,188546.0,4733.39,0.0,9999.797940933831,0.0,0.0,0.0,0.0,0,0,0,0.0,-2.0205906616888036e-05
1903.0,2023-01-22 00:41:59.999,3.0,long,1216.8410805548797,-20.395297414840453,0.4109,13.309,0.40565,13.0445,103677.0,1113.15,0.0,9999.797940933831,0.0,0.0,0.0,0.0,0,0,0,0.0,-2.0205906616888036e-05
1904.0,2023-01-22 00:42:59.999,3.0,long,1216.8410805548797,-20.395297414840453,0.4109,13.309,0.4054999999999999,13.0485,11488.0,559.13,0.0,9999.797940933831,0.0,0.0,0.0,0.0,0,0,0,0.0,-2.0205906616888036e-05
1905.0,2023-01-22 00:43:59.999,3.0,long,1216.8410805548797,-20.395297414840453,0.4109,13.309,0.40545,13.0545,81979.0,807.21,0.0,9999.797940933831,0.0,0.0,0.0,0.0,0,0,0,0.0,-2.0205906616888036e-05
1906.0,2023-01-22 00:44:59.999,3.0,long,1216.8410805548797,-20.395297414840453,0.4109,13.309,0.40545,13.0575,265079.0,775.24,0.0,9999.797940933831,0.0,0.0,0.0,0.0,0,0,0,0.0,-2.0205906616888036e-05
1907.0,2023-01-22 00:45:59.999,3.0,long,1216.8410805548797,-20.395297414840453,0.4109,13.309,0.40565,13.071,75875.0,1544.88,0.0,9999.797940933831,0.0,0.0,0.0,0.0,0,0,0,0.0,-2.0205906616888036e-05
1908.0,2023-01-22 00:46:59.999,3.0,long,1216.8410805548797,-20.395297414840453,0.4109,13.309,0.40545,13.0535,27003.0,814.42,0.0,9999.797940933831,0.0,0.0,0.0,0.0,0,0,0,0.0,-2.0205906616888036e-05
1909.0,2023-01-22 00:47:59.999,3.0,long,1216.8410805548797,-20.395297414840453,0.4109,13.309,0.4055499999999999,13.047,38477.0,167.63,0.0,9999.797940933831,0.0,0.0,0.0,0.0,0,0,0,0.0,-2.0205906616888036e-05
1910.0,2023-01-22 00:48:59.999,3.0,long,1216.8410805548797,-20.395297414840453,0.4109,13.309,0.4054999999999999,13.0365,78943.0,1312.27,0.0,9999.797940933831,0.0,0.0,0.0,0.0,0,0,0,0.0,-2.0205906616888036e-05
1911.0,2023-01-22 00:49:59.999,3.0,long,1216.8410805548797,-20.395297414840453,0.4109,13.309,0.40565,13.0355,41255.0,204.67,0.0,9999.797940933831,0.0,0.0,0.0,0.0,0,0,0,0.0,-2.0205906616888036e-05
1912.0,2023-01-22 00:50:59.999,3.0,long,1216.8410805548797,-20.395297414840453,0.4109,13.309,0.40575,13.04,36924.0,319.52,0.0,9999.797940933831,0.0,0.0,0.0,0.0,0,0,0,0.0,-2.0205906616888036e-05
1913.0,2023-01-22 00:51:59.999,3.0,long,1216.8410805548797,-20.395297414840453,0.4109,13.309,0.40575,13.0265,8588.0,1484.76,0.0,9999.797940933831,0.0,0.0,0.0,0.0,0,0,0,0.0,-2.0205906616888036e-05
1914.0,2023-01-22 00:52:59.999,3.0,long,1216.8410805548797,-20.395297414840453,0.4109,13.309,0.4054999999999999,13.011,110144.0,869.94,0.0,9999.797940933831,0.0,0.0,0.0,0.0,0,0,0,0.0,-2.0205906616888036e-05
1915.0,2023-01-22 00:53:59.999,3.0,long,1216.8410805548797,-20.395297414840453,0.4109,13.309,0.40565,13.0135,133658.0,973.62,0.0,9999.797940933831,0.0,0.0,0.0,0.0,0,0,0,0.0,-2.0205906616888036e-05
1916.0,2023-01-22 00:54:59.999,3.0,long,1216.8410805548797,-20.395297414840453,0.4109,13.309,0.40565,13.012,82093.0,1211.44,0.0,9999.797940933831,0.0,0.0,0.0,0.0,0,0,0,0.0,-2.0205906616888036e-05
1917.0,2023-01-22 00:55:59.999,3.0,long,1216.8410805548797,-20.395297414840453,0.4109,13.309,0.4057,13.0145,39165.0,3848.8,0.0,9999.797940933831,0.0,0.0,0.0,0.0,0,0,0,0.0,-2.0205906616888036e-05
1918.0,2023-01-22 00:56:59.999,3.0,long,1216.8410805548797,-20.395297414840453,0.4109,13.309,0.40565,12.9905,33370.0,10053.95,0.0,9999.797940933831,0.0,0.0,0.0,0.0,0,0,0,0.0,-2.0205906616888036e-05
1919.0,2023-01-22 00:57:59.999,3.0,long,1216.8410805548797,-20.395297414840453,0.4109,13.309,0.40545,12.9945,154042.0,1376.14,0.0,9999.797940933831,0.0,0.0,0.0,0.0,0,0,0,0.0,-2.0205906616888036e-05
1920.0,2023-01-22 00:58:59.999,3.0,long,1216.8410805548797,-20.395297414840453,0.4109,13.309,0.4054,12.978000000000002,102258.0,661.67,0.0,9999.797940933831,0.0,0.0,0.0,0.0,0,0,0,0.0,-2.0205906616888036e-05
1921.0,2023-01-22 00:59:59.999,3.0,long,1216.8410805548797,-20.395297414840453,0.4109,13.309,0.40545,12.9955,43116.0,130.22,0.0,9999.797940933831,0.0,0.0,0.0,0.0,0,0,0,0.0,-2.0205906616888036e-05
1922.0,2023-01-22 01:00:59.999,3.0,long,1216.8410805548797,-20.395297414840453,0.4109,13.309,0.40485,12.986,257665.0,2629.37,0.0,9999.797940933831,0.0,0.0,0.0,0.0,0,0,0,0.0,-2.0205906616888036e-05
1923.0,2023-01-22 01:01:59.999,3.0,long,1216.8410805548797,-20.395297414840453,0.4109,13.309,0.40445,12.991499999999998,184235.0,548.62,0.0,9999.797940933831,0.0,0.0,0.0,0.0,0,0,0,0.0,-2.0205906616888036e-05
1924.0,2023-01-22 01:02:59.999,3.0,long,1216.8410805548797,-20.395297414840453,0.4109,13.309,0.40445,12.992,232519.0,352.67,0.0,9999.797940933831,0.0,0.0,0.0,0.0,0,0,0,0.0,-2.0205906616888036e-05
1925.0,2023-01-22 01:03:59.999,3.0,long,1216.8410805548797,-20.395297414840453,0.4109,13.309,0.40465,12.986999999999998,110254.0,857.74,0.0,9999.797940933831,0.0,0.0,0.0,0.0,0,0,0,0.0,-2.0205906616888036e-05
1926.0,2023-01-22 01:04:59.999,3.0,long,1216.8410805548797,-20.395297414840453,0.4109,13.309,0.40465,12.9815,44975.0,188.87,0.0,9999.797940933831,0.0,0.0,0.0,0.0,0,0,0,0.0,-2.0205906616888036e-05
1927.0,2023-01-22 01:05:59.999,3.0,long,1216.8410805548797,-20.395297414840453,0.4109,13.309,0.4045499999999999,12.9795,134825.0,358.74,0.0,9999.797940933831,0.0,0.0,0.0,0.0,0,0,0,0.0,-2.0205906616888036e-05
1928.0,2023-01-22 01:06:59.999,3.0,long,1216.8410805548797,-20.395297414840453,0.4109,13.309,0.4046499999999999,12.99,156453.0,261.46,0.0,9999.797940933831,0.0,0.0,0.0,0.0,0,0,0,0.0,-2.0205906616888036e-05
1929.0,2023-01-22 01:07:59.999,3.0,long,1216.8410805548797,-20.395297414840453,0.4109,13.309,0.4048,13.0005,87846.0,851.81,0.0,9999.797940933831,0.0,0.0,0.0,0.0,0,0,0,0.0,-2.0205906616888036e-05
1930.0,2023-01-22 01:08:59.999,3.0,long,1216.8410805548797,-20.395297414840453,0.4109,13.309,0.40485,12.9975,80497.0,109.26,0.0,9999.797940933831,0.0,0.0,0.0,0.0,0,0,0,0.0,-2.0205906616888036e-05
1931.0,2023-01-22 01:09:59.999,3.0,long,1216.8410805548797,-20.395297414840453,0.4109,13.309,0.40435,12.9915,269741.0,1209.73,0.0,9999.797940933831,0.0,0.0,0.0,0.0,0,0,0,0.0,-2.0205906616888036e-05
1932.0,2023-01-22 01:10:59.999,3.0,long,1216.8410805548797,-20.395297414840453,0.4109,13.309,0.4041,12.9765,229523.0,1684.13,0.0,9999.797940933831,0.0,0.0,0.0,0.0,0,0,0,0.0,-2.0205906616888036e-05
1933.0,2023-01-22 01:11:59.999,3.0,long,1216.8410805548797,-20.395297414840453,0.4109,13.309,0.4034999999999999,12.952,227441.0,5881.88,0.0,9999.797940933831,0.0,0.0,0.0,0.0,0,0,0,0.0,-2.0205906616888036e-05
1934.0,2023-01-22 01:12:59.999,3.0,long,1216.8410805548797,-20.395297414840453,0.4109,13.309,0.40375,12.957,300908.0,664.16,0.0,9999.797940933831,0.0,0.0,0.0,0.0,0,0,0,0.0,-2.0205906616888036e-05
1935.0,2023-01-22 01:13:59.999,3.0,long,1216.8410805548797,-20.395297414840453,0.4109,13.309,0.40425,12.972,170420.0,1397.79,0.0,9999.797940933831,0.0,0.0,0.0,0.0,0,0,0,0.0,-2.0205906616888036e-05
1936.0,2023-01-22 01:14:59.999,3.0,long,1216.8410805548797,-20.395297414840453,0.4109,13.309,0.4045499999999999,12.9995,39232.0,1061.2,0.0,9999.797940933831,0.0,0.0,0.0,0.0,0,0,0,0.0,-2.0205906616888036e-05
1937.0,2023-01-22 01:15:59.999,3.0,long,1216.8410805548797,-20.395297414840453,0.4109,13.309,0.4045499999999999,13.0075,65807.0,816.6,0.0,9999.797940933831,0.0,0.0,0.0,0.0,0,0,0,0.0,-2.0205906616888036e-05
1938.0,2023-01-22 01:16:59.999,3.0,long,1216.8410805548797,-20.395297414840453,0.4109,13.309,0.4047,13.0075,83256.0,357.24,0.0,9999.797940933831,0.0,0.0,0.0,0.0,0,0,0,0.0,-2.0205906616888036e-05
1939.0,2023-01-22 01:17:59.999,3.0,long,1216.8410805548797,-20.395297414840453,0.4109,13.309,0.405,12.9845,56898.0,773.37,0.0,9999.797940933831,0.0,0.0,0.0,0.0,0,0,0,0.0,-2.0205906616888036e-05
1940.0,2023-01-22 01:18:59.999,3.0,long,1216.8410805548797,-20.395297414840453,0.4109,13.309,0.40465,12.96,85723.0,737.26,0.0,9999.797940933831,0.0,0.0,0.0,0.0,0,0,0,0.0,-2.0205906616888036e-05
1941.0,2023-01-22 01:19:59.999,3.0,long,1216.8410805548797,-20.395297414840453,0.4109,13.309,0.4044,12.9585,76632.0,1030.6,0.0,9999.797940933831,0.0,0.0,0.0,0.0,0,0,0,0.0,-2.0205906616888036e-05
1942.0,2023-01-22 01:20:59.999,3.0,long,1216.8410805548797,-20.395297414840453,0.4109,13.309,0.4047,12.9435,85560.0,1905.99,0.0,9999.797940933831,0.0,0.0,0.0,0.0,0,0,0,0.0,-2.0205906616888036e-05
1943.0,2023-01-22 01:21:59.999,3.0,long,1216.8410805548797,-20.395297414840453,0.4109,13.309,0.4046499999999999,12.9235,278619.0,3160.48,0.0,9999.797940933831,0.0,0.0,0.0,0.0,0,0,0,0.0,-2.0205906616888036e-05
1944.0,2023-01-22 01:22:59.999,3.0,long,1216.8410805548797,-20.395297414840453,0.4109,13.309,0.40495,12.935,155470.0,466.55,0.0,9999.797940933831,0.0,0.0,0.0,0.0,0,0,0,0.0,-2.0205906616888036e-05
1945.0,2023-01-22 01:23:59.999,3.0,,0.0,0.0,,,0.40495,12.924,128451.0,814.47,4.0,9999.646031192917,-7.2402044293015475,7.85218950471357,-0.4963798977853493,-0.2675149185417548,514,0,0,-1.519128104510159e-05,-3.5396880708415956e-05
1946.0,2023-01-22 01:24:59.999,3.0,,0.0,0.0,,,0.40465,12.8795,64658.0,11743.63,0.0,9999.646031192917,0.0,0.0,0.0,0.0,0,0,0,0.0,-3.5396880708415956e-05
1947.0,2023-01-22 01:25:59.999,3.0,,0.0,0.0,,,0.40445,12.891,124621.0,2196.58,0.0,9999.646031192917,0.0,0.0,0.0,0.0,0,0,0,0.0,-3.5396880708415956e-05
1948.0,2023-01-22 01:26:59.999,3.0,,0.0,0.0,,,0.4043,12.888,151783.0,2292.37,0.0,9999.646031192917,0.0,0.0,0.0,0.0,0,0,0,0.0,-3.5396880708415956e-05
1949.0,2023-01-22 01:27:59.999,3.0,,0.0,0.0,,,0.40425,12.861,73554.0,3772.25,0.0,9999.646031192917,0.0,0.0,0.0,0.0,0,0,0,0.0,-3.5396880708415956e-05
1950.0,2023-01-22 01:28:59.999,3.0,,0.0,0.0,,,0.40425,12.864,54289.0,8313.26,0.0,9999.646031192917,0.0,0.0,0.0,0.0,0,0,0,0.0,-3.5396880708415956e-05
1951.0,2023-01-22 01:29:59.999,3.0,,0.0,0.0,,,0.4042,12.869,178968.0,543.72,0.0,9999.646031192917,0.0,0.0,0.0,0.0,0,0,0,0.0,-3.5396880708415956e-05
1952.0,2023-01-22 01:30:59.999,3.0,,0.0,0.0,,,0.4043,12.874,35073.0,1211.99,0.0,9999.646031192917,0.0,0.0,0.0,0.0,0,0,0,0.0,-3.5396880708415956e-05
1953.0,2023-01-22 01:31:59.999,3.0,,0.0,0.0,,,0.4044999999999999,12.8935,26875.0,589.36,0.0,9999.646031192917,0.0,0.0,0.0,0.0,0,0,0,0.0,-3.5396880708415956e-05
1954.0,2023-01-22 01:32:59.999,3.0,,0.0,0.0,,,0.4046,12.905,16111.0,449.69,0.0,9999.646031192917,0.0,0.0,0.0,0.0,0,0,0,0.0,-3.5396880708415956e-05
1955.0,2023-01-22 01:33:59.999,3.0,,0.0,0.0,,,0.40485,12.9165,165111.0,194.71,0.0,9999.646031192917,0.0,0.0,0.0,0.0,0,0,0,0.0,-3.5396880708415956e-05
1956.0,2023-01-22 01:34:59.999,3.0,,0.0,0.0,,,0.405,12.918,11479.0,384.43,0.0,9999.646031192917,0.0,0.0,0.0,0.0,0,0,0,0.0,-3.5396880708415956e-05
1957.0,2023-01-22 01:35:59.999,3.0,,0.0,0.0,,,0.40525,12.911,96840.0,825.72,0.0,9999.646031192917,0.0,0.0,0.0,0.0,0,0,0,0.0,-3.5396880708415956e-05
1958.0,2023-01-22 01:36:59.999,3.0,,0.0,0.0,,,0.4055999999999999,12.923,120070.0,1112.45,0.0,9999.646031192917,0.0,0.0,0.0,0.0,0,0,0,0.0,-3.5396880708415956e-05
1959.0,2023-01-22 01:37:59.999,3.0,,0.0,0.0,,,0.40575,12.9325,36676.0,432.05,0.0,9999.646031192917,0.0,0.0,0.0,0.0,0,0,0,0.0,-3.5396880708415956e-05
1960.0,2023-01-22 01:38:59.999,3.0,,0.0,0.0,,,0.4057,12.9465,93938.0,2558.86,0.0,9999.646031192917,0.0,0.0,0.0,0.0,0,0,0,0.0,-3.5396880708415956e-05
1961.0,2023-01-22 01:39:59.999,3.0,,0.0,0.0,,,0.4054,12.947,45636.0,1649.19,0.0,9999.646031192917,0.0,0.0,0.0,0.0,0,0,0,0.0,-3.5396880708415956e-05
1962.0,2023-01-22 01:40:59.999,3.0,,0.0,0.0,,,0.40505,12.932,96115.0,1468.92,0.0,9999.646031192917,0.0,0.0,0.0,0.0,0,0,0,0.0,-3.5396880708415956e-05
1963.0,2023-01-22 01:41:59.999,3.0,,0.0,0.0,,,0.40505,12.924,62196.0,117.19,0.0,9999.646031192917,0.0,0.0,0.0,0.0,0,0,0,0.0,-3.5396880708415956e-05
1964.0,2023-01-22 01:42:59.999,3.0,,0.0,0.0,,,0.40495,12.9075,10666.0,630.81,0.0,9999.646031192917,0.0,0.0,0.0,0.0,0,0,0,0.0,-3.5396880708415956e-05
1965.0,2023-01-22 01:43:59.999,3.0,,0.0,0.0,,,0.4049,12.890999999999998,55379.0,279.99,0.0,9999.646031192917,0.0,0.0,0.0,0.0,0,0,0,0.0,-3.5396880708415956e-05
1966.0,2023-01-22 01:44:59.999,3.0,,0.0,0.0,,,0.4041,12.866,847525.0,3166.37,0.0,9999.646031192917,0.0,0.0,0.0,0.0,0,0,0,0.0,-3.5396880708415956e-05
1967.0,2023-01-22 01:45:59.999,3.0,,0.0,0.0,,,0.4035,12.8425,319319.0,3310.21,0.0,9999.646031192917,0.0,0.0,0.0,0.0,0,0,0,0.0,-3.5396880708415956e-05
1968.0,2023-01-22 01:46:59.999,3.0,,0.0,0.0,,,0.4031,12.831,418732.0,4598.02,0.0,9999.646031192917,0.0,0.0,0.0,0.0,0,0,0,0.0,-3.5396880708415956e-05
1969.0,2023-01-22 01:47:59.999,3.0,,0.0,0.0,,,0.40315,12.8435,254200.0,270.82,3.0,9999.646031192917,0.0,0.0,0.0,0.0,0,0,0,0.0,-3.5396880708415956e-05
1970.0,2023-01-22 01:48:59.999,3.0,,0.0,0.0,,,0.4036,12.8595,158071.0,1016.0,0.0,9999.646031192917,0.0,0.0,0.0,0.0,0,0,0,0.0,-3.5396880708415956e-05
1971.0,2023-01-22 01:49:59.999,3.0,,0.0,0.0,,,0.40385,12.877,81153.0,959.58,4.0,9999.646031192917,0.0,0.0,0.0,0.0,0,0,0,0.0,-3.5396880708415956e-05
1972.0,2023-01-22 01:50:59.999,3.0,,0.0,0.0,,,0.40385,12.8715,66526.0,367.75,3.0,9999.646031192917,0.0,0.0,0.0,0.0,0,0,0,0.0,-3.5396880708415956e-05
1973.0,2023-01-22 01:51:59.999,3.0,,0.0,0.0,,,0.40395,12.873,140595.0,946.94,4.0,9999.646031192917,0.0,0.0,0.0,0.0,0,0,0,0.0,-3.5396880708415956e-05
1974.0,2023-01-22 01:52:59.999,3.0,,0.0,0.0,,,0.40405,12.8615,32562.0,1262.43,0.0,9999.646031192917,0.0,0.0,0.0,0.0,0,0,0,0.0,-3.5396880708415956e-05
1975.0,2023-01-22 01:53:59.999,3.0,,0.0,0.0,,,0.40425,12.8775,42414.0,1610.07,0.0,9999.646031192917,0.0,0.0,0.0,0.0,0,0,0,0.0,-3.5396880708415956e-05
1976.0,2023-01-22 01:54:59.999,3.0,,0.0,0.0,,,0.40425,12.898,74690.0,3604.51,0.0,9999.646031192917,0.0,0.0,0.0,0.0,0,0,0,0.0,-3.5396880708415956e-05
1977.0,2023-01-22 01:55:59.999,3.0,,0.0,0.0,,,0.40395,12.8925,42655.0,496.27,3.0,9999.646031192917,0.0,0.0,0.0,0.0,0,0,0,0.0,-3.5396880708415956e-05
1978.0,2023-01-22 01:56:59.999,3.0,,0.0,0.0,,,0.4042,12.9075,15697.0,812.31,0.0,9999.646031192917,0.0,0.0,0.0,0.0,0,0,0,0.0,-3.5396880708415956e-05
1979.0,2023-01-22 01:57:59.999,3.0,,0.0,0.0,,,0.4045999999999999,12.924,76815.0,169.47,0.0,9999.646031192917,0.0,0.0,0.0,0.0,0,0,0,0.0,-3.5396880708415956e-05
1980.0,2023-01-22 01:58:59.999,3.0,,0.0,0.0,,,0.4047,12.933,39666.0,3569.75,0.0,9999.646031192917,0.0,0.0,0.0,0.0,0,0,0,0.0,-3.5396880708415956e-05
1981.0,2023-01-22 01:59:59.999,3.0,,0.0,0.0,,,0.4045499999999999,12.9285,88965.0,473.6,0.0,9999.646031192917,0.0,0.0,0.0,0.0,0,0,0,0.0,-3.5396880708415956e-05
1982.0,2023-01-22 02:00:59.999,3.0,,0.0,0.0,,,0.40435,12.9235,96724.0,761.43,0.0,9999.646031192917,0.0,0.0,0.0,0.0,0,0,0,0.0,-3.5396880708415956e-05
1983.0,2023-01-22 02:01:59.999,3.0,,0.0,0.0,,,0.40465,12.9215,18929.0,1445.05,0.0,9999.646031192917,0.0,0.0,0.0,0.0,0,0,0,0.0,-3.5396880708415956e-05
1984.0,2023-01-22 02:02:59.999,3.0,,0.0,0.0,,,0.4045499999999999,12.91,105607.0,915.08,0.0,9999.646031192917,0.0,0.0,0.0,0.0,0,0,0,0.0,-3.5396880708415956e-05
1985.0,2023-01-22 02:03:59.999,3.0,,0.0,0.0,,,0.40435,12.897,12245.0,113.02,4.0,9999.646031192917,0.0,0.0,0.0,0.0,0,0,0,0.0,-3.5396880708415956e-05
1986.0,2023-01-22 02:04:59.999,3.0,,0.0,0.0,,,0.4044,12.889,14961.0,553.97,0.0,9999.646031192917,0.0,0.0,0.0,0.0,0,0,0,0.0,-3.5396880708415956e-05
1987.0,2023-01-22 02:05:59.999,3.0,,0.0,0.0,,,0.4044999999999999,12.89,60390.0,133.19,0.0,9999.646031192917,0.0,0.0,0.0,0.0,0,0,0,0.0,-3.5396880708415956e-05
1988.0,2023-01-22 02:06:59.999,3.0,,0.0,0.0,,,0.40455,12.896,34390.0,487.9,0.0,9999.646031192917,0.0,0.0,0.0,0.0,0,0,0,0.0,-3.5396880708415956e-05
1989.0,2023-01-22 02:07:59.999,3.0,,0.0,0.0,,,0.4046,12.909,68427.0,118.28,0.0,9999.646031192917,0.0,0.0,0.0,0.0,0,0,0,0.0,-3.5396880708415956e-05
1990.0,2023-01-22 02:08:59.999,3.0,,0.0,0.0,,,0.40435,12.89,30203.0,803.63,0.0,9999.646031192917,0.0,0.0,0.0,0.0,0,0,0,0.0,-3.5396880708415956e-05
1991.0,2023-01-22 02:09:59.999,3.0,,0.0,0.0,,,0.40395,12.871,43879.0,350.08,0.0,9999.646031192917,0.0,0.0,0.0,0.0,0,0,0,0.0,-3.5396880708415956e-05
1992.0,2023-01-22 02:10:59.999,3.0,,0.0,0.0,,,0.40405,12.876,82356.0,364.32,0.0,9999.646031192917,0.0,0.0,0.0,0.0,0,0,0,0.0,-3.5396880708415956e-05
1993.0,2023-01-22 02:11:59.999,3.0,,0.0,0.0,,,0.40415,12.8765,265177.0,126.52,0.0,9999.646031192917,0.0,0.0,0.0,0.0,0,0,0,0.0,-3.5396880708415956e-05
1994.0,2023-01-22 02:12:59.999,3.0,,0.0,0.0,,,0.40405,12.8765,198109.0,87.31,0.0,9999.646031192917,0.0,0.0,0.0,0.0,0,0,0,0.0,-3.5396880708415956e-05
1995.0,2023-01-22 02:13:59.999,3.0,,0.0,0.0,,,0.40375,12.88,256880.0,59.66,0.0,9999.646031192917,0.0,0.0,0.0,0.0,0,0,0,0.0,-3.5396880708415956e-05
1996.0,2023-01-22 02:14:59.999,3.0,,0.0,0.0,,,0.40335,12.8795,426827.0,115.64,3.0,9999.646031192917,0.0,0.0,0.0,0.0,0,0,0,0.0,-3.5396880708415956e-05
1997.0,2023-01-22 02:15:59.999,3.0,,0.0,0.0,,,0.4031,12.8835,627093.0,218.03,0.0,9999.646031192917,0.0,0.0,0.0,0.0,0,0,0,0.0,-3.5396880708415956e-05
1998.0,2023-01-22 02:16:59.999,3.0,,0.0,0.0,,,0.4028,12.862,208247.0,440.0,0.0,9999.646031192917,0.0,0.0,0.0,0.0,0,0,0,0.0,-3.5396880708415956e-05
1999.0,2023-01-22 02:17:59.999,3.0,,0.0,0.0,,,0.40245,12.848,563078.0,1607.42,0.0,9999.646031192917,0.0,0.0,0.0,0.0,0,0,0,0.0,-3.5396880708415956e-05
2000.0,2023-01-22 02:18:59.999,3.0,,0.0,0.0,,,0.4024,12.8935,451873.0,1316.43,0.0,9999.646031192917,0.0,0.0,0.0,0.0,0,0,0,0.0,-3.5396880708415956e-05
2001.0,2023-01-22 02:19:59.999,3.0,,0.0,0.0,,,0.4024,12.92,321340.0,643.36,0.0,9999.646031192917,0.0,0.0,0.0,0.0,0,0,0,0.0,-3.5396880708415956e-05
2002.0,2023-01-22 02:20:59.999,3.0,,0.0,0.0,,,0.40225,12.9335,230441.0,3205.23,0.0,9999.646031192917,0.0,0.0,0.0,0.0,0,0,0,0.0,-3.5396880708415956e-05
2003.0,2023-01-22 02:21:59.999,3.0,,0.0,0.0,,,0.40245,12.9405,153781.0,232.4,0.0,9999.646031192917,0.0,0.0,0.0,0.0,0,0,0,0.0,-3.5396880708415956e-05
2004.0,2023-01-22 02:22:59.999,3.0,,0.0,0.0,,,0.4022,12.9265,757858.0,349.92,0.0,9999.646031192917,0.0,0.0,0.0,0.0,0,0,0,0.0,-3.5396880708415956e-05
2005.0,2023-01-22 02:23:59.999,3.0,,0.0,0.0,,,0.40175,12.893,340694.0,777.65,0.0,9999.646031192917,0.0,0.0,0.0,0.0,0,0,0,0.0,-3.5396880708415956e-05
2006.0,2023-01-22 02:24:59.999,3.0,,0.0,0.0,,,0.4017,12.884,413459.0,130.0,0.0,9999.646031192917,0.0,0.0,0.0,0.0,0,0,0,0.0,-3.5396880708415956e-05
2007.0,2023-01-22 02:25:59.999,3.0,,0.0,0.0,,,0.4019,12.903,533806.0,1333.75,0.0,9999.646031192917,0.0,0.0,0.0,0.0,0,0,0,0.0,-3.5396880708415956e-05
2008.0,2023-01-22 02:26:59.999,3.0,,0.0,0.0,,,0.4018,12.9015,544737.0,414.34,0.0,9999.646031192917,0.0,0.0,0.0,0.0,0,0,0,0.0,-3.5396880708415956e-05
2009.0,2023-01-22 02:27:59.999,3.0,,0.0,0.0,,,0.4018,12.9035,443506.0,2129.37,0.0,9999.646031192917,0.0,0.0,0.0,0.0,0,0,0,0.0,-3.5396880708415956e-05
2010.0,2023-01-22 02:28:59.999,3.0,,0.0,0.0,,,0.4015499999999999,12.904,466157.0,50.72,0.0,9999.646031192917,0.0,0.0,0.0,0.0,0,0,0,0.0,-3.5396880708415956e-05
2011.0,2023-01-22 02:29:59.999,3.0,,0.0,0.0,,,0.40095,12.908,1922445.0,130.45,0.0,9999.646031192917,0.0,0.0,0.0,0.0,0,0,0,0.0,-3.5396880708415956e-05
2012.0,2023-01-22 02:30:59.999,3.0,,0.0,0.0,,,0.40085,12.921,1341901.0,215.32,0.0,9999.646031192917,0.0,0.0,0.0,0.0,0,0,0,0.0,-3.5396880708415956e-05
2013.0,2023-01-22 02:31:59.999,3.0,,0.0,0.0,,,0.4007,12.9275,1341206.0,327.7,0.0,9999.646031192917,0.0,0.0,0.0,0.0,0,0,0,0.0,-3.5396880708415956e-05
2014.0,2023-01-22 02:32:59.999,3.0,,0.0,0.0,,,0.4013,12.9325,225263.0,269.33,0.0,9999.646031192917,0.0,0.0,0.0,0.0,0,0,0,0.0,-3.5396880708415956e-05
2015.0,2023-01-22 02:33:59.999,3.0,,0.0,0.0,,,0.40175,12.9285,220289.0,64.74,0.0,9999.646031192917,0.0,0.0,0.0,0.0,0,0,0,0.0,-3.5396880708415956e-05
2016.0,2023-01-22 02:34:59.999,3.0,,0.0,0.0,,,0.40175,12.93,63403.0,38.29,0.0,9999.646031192917,0.0,0.0,0.0,0.0,0,0,0,0.0,-3.5396880708415956e-05
2017.0,2023-01-22 02:35:59.999,3.0,,0.0,0.0,,,0.40205,12.9335,30128.0,215.6,0.0,9999.646031192917,0.0,0.0,0.0,0.0,0,0,0,0.0,-3.5396880708415956e-05
2018.0,2023-01-22 02:36:59.999,3.0,,0.0,0.0,,,0.4018,12.9265,132639.0,195.43,0.0,9999.646031192917,0.0,0.0,0.0,0.0,0,0,0,0.0,-3.5396880708415956e-05
2019.0,2023-01-22 02:37:59.999,3.0,,0.0,0.0,,,0.4014999999999999,12.9205,166081.0,44.25,0.0,9999.646031192917,0.0,0.0,0.0,0.0,0,0,0,0.0,-3.5396880708415956e-05
2020.0,2023-01-22 02:38:59.999,3.0,,0.0,0.0,,,0.4017,12.912,109883.0,84.74,0.0,9999.646031192917,0.0,0.0,0.0,0.0,0,0,0,0.0,-3.5396880708415956e-05
2021.0,2023-01-22 02:39:59.999,3.0,,0.0,0.0,,,0.402,12.9045,287416.0,113.61,0.0,9999.646031192917,0.0,0.0,0.0,0.0,0,0,0,0.0,-3.5396880708415956e-05
2022.0,2023-01-22 02:40:59.999,3.0,,0.0,0.0,,,0.4016,12.896,174286.0,276.65,0.0,9999.646031192917,0.0,0.0,0.0,0.0,0,0,0,0.0,-3.5396880708415956e-05
2023.0,2023-01-22 02:41:59.999,3.0,,0.0,0.0,,,0.4014999999999999,12.877,116733.0,640.69,0.0,9999.646031192917,0.0,0.0,0.0,0.0,0,0,0,0.0,-3.5396880708415956e-05
2024.0,2023-01-22 02:42:59.999,3.0,,0.0,0.0,,,0.40165,12.88,146859.0,87.79,0.0,9999.646031192917,0.0,0.0,0.0,0.0,0,0,0,0.0,-3.5396880708415956e-05
2025.0,2023-01-22 02:43:59.999,3.0,,0.0,0.0,,,0.4014,12.8715,117475.0,79.66,0.0,9999.646031192917,0.0,0.0,0.0,0.0,0,0,0,0.0,-3.5396880708415956e-05
2026.0,2023-01-22 02:44:59.999,3.0,,0.0,0.0,,,0.40045,12.8325,2353175.0,7193.87,0.0,9999.646031192917,0.0,0.0,0.0,0.0,0,0,0,0.0,-3.5396880708415956e-05
2027.0,2023-01-22 02:45:59.999,3.0,,0.0,0.0,,,0.4004,12.83,848836.0,1451.68,0.0,9999.646031192917,0.0,0.0,0.0,0.0,0,0,0,0.0,-3.5396880708415956e-05
2028.0,2023-01-22 02:46:59.999,3.0,,0.0,0.0,,,0.4012,12.8585,192729.0,677.64,0.0,9999.646031192917,0.0,0.0,0.0,0.0,0,0,0,0.0,-3.5396880708415956e-05
2029.0,2023-01-22 02:47:59.999,3.0,,0.0,0.0,,,0.40135,12.859,47792.0,236.36,0.0,9999.646031192917,0.0,0.0,0.0,0.0,0,0,0,0.0,-3.5396880708415956e-05
2030.0,2023-01-22 02:48:59.999,3.0,,0.0,0.0,,,0.4015999999999999,12.853,277876.0,1166.73,0.0,9999.646031192917,0.0,0.0,0.0,0.0,0,0,0,0.0,-3.5396880708415956e-05
2031.0,2023-01-22 02:49:59.999,3.0,,0.0,0.0,,,0.40175,12.857,209609.0,844.45,0.0,9999.646031192917,0.0,0.0,0.0,0.0,0,0,0,0.0,-3.5396880708415956e-05
2032.0,2023-01-22 02:50:59.999,3.0,,0.0,0.0,,,0.40185,12.8505,59960.0,496.89,0.0,9999.646031192917,0.0,0.0,0.0,0.0,0,0,0,0.0,-3.5396880708415956e-05
2033.0,2023-01-22 02:51:59.999,3.0,,0.0,0.0,,,0.402,12.8595,108964.0,8.05,0.0,9999.646031192917,0.0,0.0,0.0,0.0,0,0,0,0.0,-3.5396880708415956e-05
2034.0,2023-01-22 02:52:59.999,3.0,,0.0,0.0,,,0.4021,12.863,94152.0,91.62,0.0,9999.646031192917,0.0,0.0,0.0,0.0,0,0,0,0.0,-3.5396880708415956e-05
2035.0,2023-01-22 02:53:59.999,3.0,,0.0,0.0,,,0.40205,12.863,93551.0,100.33,0.0,9999.646031192917,0.0,0.0,0.0,0.0,0,0,0,0.0,-3.5396880708415956e-05
2036.0,2023-01-22 02:54:59.999,3.0,,0.0,0.0,,,0.40205,12.8635,60057.0,311.24,0.0,9999.646031192917,0.0,0.0,0.0,0.0,0,0,0,0.0,-3.5396880708415956e-05
2037.0,2023-01-22 02:55:59.999,3.0,,0.0,0.0,,,0.40205,12.866499999999998,46909.0,128.49,0.0,9999.646031192917,0.0,0.0,0.0,0.0,0,0,0,0.0,-3.5396880708415956e-05
2038.0,2023-01-22 02:56:59.999,3.0,,0.0,0.0,,,0.402,12.8775,111792.0,211.68,0.0,9999.646031192917,0.0,0.0,0.0,0.0,0,0,0,0.0,-3.5396880708415956e-05
2039.0,2023-01-22 02:57:59.999,3.0,,0.0,0.0,,,0.4021,12.8705,80217.0,169.65,0.0,9999.646031192917,0.0,0.0,0.0,0.0,0,0,0,0.0,-3.5396880708415956e-05
2040.0,2023-01-22 02:58:59.999,3.0,,0.0,0.0,,,0.4019,12.857,58701.0,828.71,0.0,9999.646031192917,0.0,0.0,0.0,0.0,0,0,0,0.0,-3.5396880708415956e-05
2041.0,2023-01-22 02:59:59.999,3.0,,0.0,0.0,,,0.4018,12.8475,36831.0,100.6,0.0,9999.646031192917,0.0,0.0,0.0,0.0,0,0,0,0.0,-3.5396880708415956e-05
2042.0,2023-01-22 03:00:59.999,3.0,,0.0,0.0,,,0.40195,12.87,41062.0,573.9,0.0,9999.646031192917,0.0,0.0,0.0,0.0,0,0,0,0.0,-3.5396880708415956e-05
2043.0,2023-01-22 03:01:59.999,3.0,,0.0,0.0,,,0.4021,12.8955,79797.0,469.89,0.0,9999.646031192917,0.0,0.0,0.0,0.0,0,0,0,0.0,-3.5396880708415956e-05
2044.0,2023-01-22 03:02:59.999,3.0,,0.0,0.0,,,0.40215,12.9025,122126.0,1101.22,0.0,9999.646031192917,0.0,0.0,0.0,0.0,0,0,0,0.0,-3.5396880708415956e-05
2045.0,2023-01-22 03:03:59.999,3.0,,0.0,0.0,,,0.40235,12.918,59254.0,564.74,0.0,9999.646031192917,0.0,0.0,0.0,0.0,0,0,0,0.0,-3.5396880708415956e-05
2046.0,2023-01-22 03:04:59.999,3.0,,0.0,0.0,,,0.4024999999999999,12.9235,130992.0,309.46,0.0,9999.646031192917,0.0,0.0,0.0,0.0,0,0,0,0.0,-3.5396880708415956e-05
2047.0,2023-01-22 03:05:59.999,3.0,,0.0,0.0,,,0.40265,12.9225,95422.0,85.17,0.0,9999.646031192917,0.0,0.0,0.0,0.0,0,0,0,0.0,-3.5396880708415956e-05
2048.0,2023-01-22 03:06:59.999,3.0,,0.0,0.0,,,0.40285,12.924,48126.0,64.26,0.0,9999.646031192917,0.0,0.0,0.0,0.0,0,0,0,0.0,-3.5396880708415956e-05
2049.0,2023-01-22 03:07:59.999,3.0,,0.0,0.0,,,0.40305,12.924,129353.0,448.52,0.0,9999.646031192917,0.0,0.0,0.0,0.0,0,0,0,0.0,-3.5396880708415956e-05
2050.0,2023-01-22 03:08:59.999,3.0,,0.0,0.0,,,0.4031,12.9215,101867.0,8.24,0.0,9999.646031192917,0.0,0.0,0.0,0.0,0,0,0,0.0,-3.5396880708415956e-05
2051.0,2023-01-22 03:09:59.999,3.0,,0.0,0.0,,,0.4031,12.93,81441.0,454.17,0.0,9999.646031192917,0.0,0.0,0.0,0.0,0,0,0,0.0,-3.5396880708415956e-05
2052.0,2023-01-22 03:10:59.999,3.0,,0.0,0.0,,,0.40315,12.9205,135354.0,395.93,0.0,9999.646031192917,0.0,0.0,0.0,0.0,0,0,0,0.0,-3.5396880708415956e-05
2053.0,2023-01-22 03:11:59.999,3.0,,0.0,0.0,,,0.40315,12.9165,33666.0,219.82,0.0,9999.646031192917,0.0,0.0,0.0,0.0,0,0,0,0.0,-3.5396880708415956e-05
2054.0,2023-01-22 03:12:59.999,3.0,,0.0,0.0,,,0.4033,12.925,75448.0,244.18,0.0,9999.646031192917,0.0,0.0,0.0,0.0,0,0,0,0.0,-3.5396880708415956e-05
2055.0,2023-01-22 03:13:59.999,3.0,,0.0,0.0,,,0.40345,12.9245,19467.0,122.76,0.0,9999.646031192917,0.0,0.0,0.0,0.0,0,0,0,0.0,-3.5396880708415956e-05
2056.0,2023-01-22 03:14:59.999,3.0,,0.0,0.0,,,0.4034999999999999,12.9245,40682.0,343.31,0.0,9999.646031192917,0.0,0.0,0.0,0.0,0,0,0,0.0,-3.5396880708415956e-05
2057.0,2023-01-22 03:15:59.999,3.0,,0.0,0.0,,,0.40355,12.9285,12029.0,169.78,0.0,9999.646031192917,0.0,0.0,0.0,0.0,0,0,0,0.0,-3.5396880708415956e-05
2058.0,2023-01-22 03:16:59.999,3.0,,0.0,0.0,,,0.4034999999999999,12.928,303389.0,663.8,0.0,9999.646031192917,0.0,0.0,0.0,0.0,0,0,0,0.0,-3.5396880708415956e-05
2059.0,2023-01-22 03:17:59.999,3.0,,0.0,0.0,,,0.4034999999999999,12.9195,200367.0,587.6,0.0,9999.646031192917,0.0,0.0,0.0,0.0,0,0,0,0.0,-3.5396880708415956e-05
2060.0,2023-01-22 03:18:59.999,3.0,,0.0,0.0,,,0.4034,12.9115,80470.0,100.16,0.0,9999.646031192917,0.0,0.0,0.0,0.0,0,0,0,0.0,-3.5396880708415956e-05
2061.0,2023-01-22 03:19:59.999,3.0,,0.0,0.0,,,0.40335,12.908,18194.0,391.47,0.0,9999.646031192917,0.0,0.0,0.0,0.0,0,0,0,0.0,-3.5396880708415956e-05
2062.0,2023-01-22 03:20:59.999,3.0,,0.0,0.0,,,0.40325,12.9015,140147.0,643.19,0.0,9999.646031192917,0.0,0.0,0.0,0.0,0,0,0,0.0,-3.5396880708415956e-05
2063.0,2023-01-22 03:21:59.999,3.0,,0.0,0.0,,,0.4033,12.901,87018.0,355.38,0.0,9999.646031192917,0.0,0.0,0.0,0.0,0,0,0,0.0,-3.5396880708415956e-05
2064.0,2023-01-22 03:22:59.999,3.0,,0.0,0.0,,,0.40315,12.892,43294.0,324.31,0.0,9999.646031192917,0.0,0.0,0.0,0.0,0,0,0,0.0,-3.5396880708415956e-05
2065.0,2023-01-22 03:23:59.999,3.0,,0.0,0.0,,,0.40365,12.9,77278.0,274.73,0.0,9999.646031192917,0.0,0.0,0.0,0.0,0,0,0,0.0,-3.5396880708415956e-05
2066.0,2023-01-22 03:24:59.999,3.0,,0.0,0.0,,,0.404,12.9225,34588.0,278.26,0.0,9999.646031192917,0.0,0.0,0.0,0.0,0,0,0,0.0,-3.5396880708415956e-05
2067.0,2023-01-22 03:25:59.999,3.0,,0.0,0.0,,,0.404,12.927,63195.0,146.89,0.0,9999.646031192917,0.0,0.0,0.0,0.0,0,0,0,0.0,-3.5396880708415956e-05
2068.0,2023-01-22 03:26:59.999,3.0,,0.0,0.0,,,0.404,12.933,33931.0,169.76,0.0,9999.646031192917,0.0,0.0,0.0,0.0,0,0,0,0.0,-3.5396880708415956e-05
2069.0,2023-01-22 03:27:59.999,3.0,,0.0,0.0,,,0.4042,12.938,58923.0,158.75,0.0,9999.646031192917,0.0,0.0,0.0,0.0,0,0,0,0.0,-3.5396880708415956e-05
2070.0,2023-01-22 03:28:59.999,3.0,,0.0,0.0,,,0.40435,12.946000000000002,45864.0,491.75,0.0,9999.646031192917,0.0,0.0,0.0,0.0,0,0,0,0.0,-3.5396880708415956e-05
2071.0,2023-01-22 03:29:59.999,3.0,,0.0,0.0,,,0.40435,12.944,27268.0,333.27,0.0,9999.646031192917,0.0,0.0,0.0,0.0,0,0,0,0.0,-3.5396880708415956e-05
2072.0,2023-01-22 03:30:59.999,3.0,,0.0,0.0,,,0.40445,12.9485,50971.0,480.96,0.0,9999.646031192917,0.0,0.0,0.0,0.0,0,0,0,0.0,-3.5396880708415956e-05
2073.0,2023-01-22 03:31:59.999,3.0,,0.0,0.0,,,0.40435,12.9395,78542.0,138.8,0.0,9999.646031192917,0.0,0.0,0.0,0.0,0,0,0,0.0,-3.5396880708415956e-05
2074.0,2023-01-22 03:32:59.999,3.0,,0.0,0.0,,,0.4043,12.950500000000002,13113.0,1187.95,0.0,9999.646031192917,0.0,0.0,0.0,0.0,0,0,0,0.0,-3.5396880708415956e-05
2075.0,2023-01-22 03:33:59.999,3.0,,0.0,0.0,,,0.4044,12.9635,6698.0,913.95,0.0,9999.646031192917,0.0,0.0,0.0,0.0,0,0,0,0.0,-3.5396880708415956e-05
2076.0,2023-01-22 03:34:59.999,3.0,,0.0,0.0,,,0.40435,12.9615,166209.0,1883.21,0.0,9999.646031192917,0.0,0.0,0.0,0.0,0,0,0,0.0,-3.5396880708415956e-05
2077.0,2023-01-22 03:35:59.999,3.0,,0.0,0.0,,,0.40425,12.961,28695.0,405.1,0.0,9999.646031192917,0.0,0.0,0.0,0.0,0,0,0,0.0,-3.5396880708415956e-05
2078.0,2023-01-22 03:36:59.999,3.0,,0.0,0.0,,,0.40435,12.969,56532.0,263.88,0.0,9999.646031192917,0.0,0.0,0.0,0.0,0,0,0,0.0,-3.5396880708415956e-05
2079.0,2023-01-22 03:37:59.999,3.0,,0.0,0.0,,,0.40435,12.9705,68316.0,860.14,0.0,9999.646031192917,0.0,0.0,0.0,0.0,0,0,0,0.0,-3.5396880708415956e-05
2080.0,2023-01-22 03:38:59.999,3.0,,0.0,0.0,,,0.40445,12.9755,30294.0,1192.3,0.0,9999.646031192917,0.0,0.0,0.0,0.0,0,0,0,0.0,-3.5396880708415956e-05
2081.0,2023-01-22 03:39:59.999,3.0,,0.0,0.0,,,0.40435,12.9685,44383.0,1042.54,0.0,9999.646031192917,0.0,0.0,0.0,0.0,0,0,0,0.0,-3.5396880708415956e-05
2082.0,2023-01-22 03:40:59.999,3.0,,0.0,0.0,,,0.40405,12.950500000000002,76802.0,410.66,0.0,9999.646031192917,0.0,0.0,0.0,0.0,0,0,0,0.0,-3.5396880708415956e-05
2083.0,2023-01-22 03:41:59.999,3.0,,0.0,0.0,,,0.4039,12.945,77459.0,162.76,0.0,9999.646031192917,0.0,0.0,0.0,0.0,0,0,0,0.0,-3.5396880708415956e-05
2084.0,2023-01-22 03:42:59.999,3.0,,0.0,0.0,,,0.40385,12.9455,17452.0,353.68,0.0,9999.646031192917,0.0,0.0,0.0,0.0,0,0,0,0.0,-3.5396880708415956e-05
2085.0,2023-01-22 03:43:59.999,3.0,,0.0,0.0,,,0.40385,12.943,20455.0,522.08,0.0,9999.646031192917,0.0,0.0,0.0,0.0,0,0,0,0.0,-3.5396880708415956e-05
2086.0,2023-01-22 03:44:59.999,3.0,,0.0,0.0,,,0.4039,12.945,17083.0,170.14,0.0,9999.646031192917,0.0,0.0,0.0,0.0,0,0,0,0.0,-3.5396880708415956e-05
2087.0,2023-01-22 03:45:59.999,3.0,,0.0,0.0,,,0.4039,12.9395,39141.0,599.75,0.0,9999.646031192917,0.0,0.0,0.0,0.0,0,0,0,0.0,-3.5396880708415956e-05
2088.0,2023-01-22 03:46:59.999,3.0,,0.0,0.0,,,0.4041,12.9325,784856.0,62.37,0.0,9999.646031192917,0.0,0.0,0.0,0.0,0,0,0,0.0,-3.5396880708415956e-05
2089.0,2023-01-22 03:47:59.999,3.0,,0.0,0.0,,,0.40405,12.929,188869.0,377.43,0.0,9999.646031192917,0.0,0.0,0.0,0.0,0,0,0,0.0,-3.5396880708415956e-05
2090.0,2023-01-22 03:48:59.999,3.0,,0.0,0.0,,,0.404,12.94,18638.0,145.67,0.0,9999.646031192917,0.0,0.0,0.0,0.0,0,0,0,0.0,-3.5396880708415956e-05
2091.0,2023-01-22 03:49:59.999,3.0,,0.0,0.0,,,0.4042,12.957,8042.0,213.22,0.0,9999.646031192917,0.0,0.0,0.0,0.0,0,0,0,0.0,-3.5396880708415956e-05
2092.0,2023-01-22 03:50:59.999,3.0,,0.0,0.0,,,0.40435,12.962,103510.0,57.03,0.0,9999.646031192917,0.0,0.0,0.0,0.0,0,0,0,0.0,-3.5396880708415956e-05
2093.0,2023-01-22 03:51:59.999,3.0,,0.0,0.0,,,0.40425,12.962,29072.0,106.21,0.0,9999.646031192917,0.0,0.0,0.0,0.0,0,0,0,0.0,-3.5396880708415956e-05
2094.0,2023-01-22 03:52:59.999,3.0,,0.0,0.0,,,0.40425,12.96,55418.0,75.01,0.0,9999.646031192917,0.0,0.0,0.0,0.0,0,0,0,0.0,-3.5396880708415956e-05
2095.0,2023-01-22 03:53:59.999,3.0,,0.0,0.0,,,0.40435,12.9605,92862.0,110.4,0.0,9999.646031192917,0.0,0.0,0.0,0.0,0,0,0,0.0,-3.5396880708415956e-05
2096.0,2023-01-22 03:54:59.999,3.0,,0.0,0.0,,,0.40435,12.9615,19660.0,175.35,0.0,9999.646031192917,0.0,0.0,0.0,0.0,0,0,0,0.0,-3.5396880708415956e-05
2097.0,2023-01-22 03:55:59.999,3.0,,0.0,0.0,,,0.40445,12.957,171008.0,574.32,0.0,9999.646031192917,0.0,0.0,0.0,0.0,0,0,0,0.0,-3.5396880708415956e-05
2098.0,2023-01-22 03:56:59.999,3.0,,0.0,0.0,,,0.40435,12.9515,1708.0,98.48,0.0,9999.646031192917,0.0,0.0,0.0,0.0,0,0,0,0.0,-3.5396880708415956e-05
2099.0,2023-01-22 03:57:59.999,3.0,,0.0,0.0,,,0.40445,12.9575,35463.0,51.72,0.0,9999.646031192917,0.0,0.0,0.0,0.0,0,0,0,0.0,-3.5396880708415956e-05
2100.0,2023-01-22 03:58:59.999,3.0,,0.0,0.0,,,0.40465,12.9635,46817.0,99.02,0.0,9999.646031192917,0.0,0.0,0.0,0.0,0,0,0,0.0,-3.5396880708415956e-05
2101.0,2023-01-22 03:59:59.999,3.0,,0.0,0.0,,,0.40465,12.963,7555.0,413.24,0.0,9999.646031192917,0.0,0.0,0.0,0.0,0,0,0,0.0,-3.5396880708415956e-05
2102.0,2023-01-22 04:00:59.999,3.0,,0.0,0.0,,,0.4044999999999999,12.9565,112352.0,290.07,0.0,9999.646031192917,0.0,0.0,0.0,0.0,0,0,0,0.0,-3.5396880708415956e-05
2103.0,2023-01-22 04:01:59.999,3.0,,0.0,0.0,,,0.4042,12.9525,53718.0,39.68,0.0,9999.646031192917,0.0,0.0,0.0,0.0,0,0,0,0.0,-3.5396880708415956e-05
2104.0,2023-01-22 04:02:59.999,3.0,,0.0,0.0,,,0.40415,12.961,59315.0,1056.16,0.0,9999.646031192917,0.0,0.0,0.0,0.0,0,0,0,0.0,-3.5396880708415956e-05
2105.0,2023-01-22 04:03:59.999,3.0,,0.0,0.0,,,0.40425,12.959499999999998,1896.0,626.15,0.0,9999.646031192917,0.0,0.0,0.0,0.0,0,0,0,0.0,-3.5396880708415956e-05
2106.0,2023-01-22 04:04:59.999,3.0,,0.0,0.0,,,0.40435,12.9555,31652.0,26.34,0.0,9999.646031192917,0.0,0.0,0.0,0.0,0,0,0,0.0,-3.5396880708415956e-05
2107.0,2023-01-22 04:05:59.999,3.0,,0.0,0.0,,,0.4044999999999999,12.948,20596.0,960.22,0.0,9999.646031192917,0.0,0.0,0.0,0.0,0,0,0,0.0,-3.5396880708415956e-05
2108.0,2023-01-22 04:06:59.999,3.0,,0.0,0.0,,,0.40455,12.946000000000002,58634.0,268.37,0.0,9999.646031192917,0.0,0.0,0.0,0.0,0,0,0,0.0,-3.5396880708415956e-05
2109.0,2023-01-22 04:07:59.999,3.0,,0.0,0.0,,,0.40455,12.941,8190.0,109.16,0.0,9999.646031192917,0.0,0.0,0.0,0.0,0,0,0,0.0,-3.5396880708415956e-05
2110.0,2023-01-22 04:08:59.999,3.0,,0.0,0.0,,,0.4044,12.9415,62191.0,60.94,0.0,9999.646031192917,0.0,0.0,0.0,0.0,0,0,0,0.0,-3.5396880708415956e-05
2111.0,2023-01-22 04:09:59.999,3.0,,0.0,0.0,,,0.40425,12.937,25589.0,546.19,0.0,9999.646031192917,0.0,0.0,0.0,0.0,0,0,0,0.0,-3.5396880708415956e-05
2112.0,2023-01-22 04:10:59.999,3.0,,0.0,0.0,,,0.40425,12.935,87534.0,50.24,0.0,9999.646031192917,0.0,0.0,0.0,0.0,0,0,0,0.0,-3.5396880708415956e-05
2113.0,2023-01-22 04:11:59.999,3.0,,0.0,0.0,,,0.4043,12.934,58677.0,15.92,0.0,9999.646031192917,0.0,0.0,0.0,0.0,0,0,0,0.0,-3.5396880708415956e-05
2114.0,2023-01-22 04:12:59.999,3.0,,0.0,0.0,,,0.40435,12.9335,46097.0,88.77,0.0,9999.646031192917,0.0,0.0,0.0,0.0,0,0,0,0.0,-3.5396880708415956e-05
2115.0,2023-01-22 04:13:59.999,3.0,,0.0,0.0,,,0.40445,12.9375,79697.0,1408.98,0.0,9999.646031192917,0.0,0.0,0.0,0.0,0,0,0,0.0,-3.5396880708415956e-05
2116.0,2023-01-22 04:14:59.999,3.0,,0.0,0.0,,,0.40455,12.9385,83429.0,14.32,0.0,9999.646031192917,0.0,0.0,0.0,0.0,0,0,0,0.0,-3.5396880708415956e-05
2117.0,2023-01-22 04:15:59.999,3.0,,0.0,0.0,,,0.40445,12.941,81630.0,54.65,0.0,9999.646031192917,0.0,0.0,0.0,0.0,0,0,0,0.0,-3.5396880708415956e-05
2118.0,2023-01-22 04:16:59.999,3.0,,0.0,0.0,,,0.40435,12.942,21700.0,52.94,0.0,9999.646031192917,0.0,0.0,0.0,0.0,0,0,0,0.0,-3.5396880708415956e-05
2119.0,2023-01-22 04:17:59.999,3.0,,0.0,0.0,,,0.40445,12.9535,41669.0,143.38,0.0,9999.646031192917,0.0,0.0,0.0,0.0,0,0,0,0.0,-3.5396880708415956e-05
2120.0,2023-01-22 04:18:59.999,3.0,,0.0,0.0,,,0.40455,12.9555,23296.0,88.47,0.0,9999.646031192917,0.0,0.0,0.0,0.0,0,0,0,0.0,-3.5396880708415956e-05
2121.0,2023-01-22 04:19:59.999,3.0,,0.0,0.0,,,0.4046,12.9565,51740.0,129.46,0.0,9999.646031192917,0.0,0.0,0.0,0.0,0,0,0,0.0,-3.5396880708415956e-05
2122.0,2023-01-22 04:20:59.999,3.0,,0.0,0.0,,,0.40465,12.961,23314.0,86.64,0.0,9999.646031192917,0.0,0.0,0.0,0.0,0,0,0,0.0,-3.5396880708415956e-05
2123.0,2023-01-22 04:21:59.999,3.0,,0.0,0.0,,,0.40465,12.9625,83507.0,22.89,0.0,9999.646031192917,0.0,0.0,0.0,0.0,0,0,0,0.0,-3.5396880708415956e-05
2124.0,2023-01-22 04:22:59.999,3.0,,0.0,0.0,,,0.40465,12.9695,20857.0,741.7,0.0,9999.646031192917,0.0,0.0,0.0,0.0,0,0,0,0.0,-3.5396880708415956e-05
2125.0,2023-01-22 04:23:59.999,3.0,,0.0,0.0,,,0.40465,12.974,232612.0,450.1,0.0,9999.646031192917,0.0,0.0,0.0,0.0,0,0,0,0.0,-3.5396880708415956e-05
2126.0,2023-01-22 04:24:59.999,3.0,,0.0,0.0,,,0.40465,12.9765,151230.0,246.35,0.0,9999.646031192917,0.0,0.0,0.0,0.0,0,0,0,0.0,-3.5396880708415956e-05
2127.0,2023-01-22 04:25:59.999,3.0,,0.0,0.0,,,0.4044999999999999,12.966,116268.0,465.87,0.0,9999.646031192917,0.0,0.0,0.0,0.0,0,0,0,0.0,-3.5396880708415956e-05
2128.0,2023-01-22 04:26:59.999,3.0,,0.0,0.0,,,0.40445,12.9635,26709.0,81.34,0.0,9999.646031192917,0.0,0.0,0.0,0.0,0,0,0,0.0,-3.5396880708415956e-05
2129.0,2023-01-22 04:27:59.999,3.0,,0.0,0.0,,,0.40445,12.9725,41079.0,32.52,0.0,9999.646031192917,0.0,0.0,0.0,0.0,0,0,0,0.0,-3.5396880708415956e-05
2130.0,2023-01-22 04:28:59.999,3.0,,0.0,0.0,,,0.40445,12.975,5968.0,161.47,0.0,9999.646031192917,0.0,0.0,0.0,0.0,0,0,0,0.0,-3.5396880708415956e-05
2131.0,2023-01-22 04:29:59.999,3.0,,0.0,0.0,,,0.4044,12.977,38360.0,154.62,0.0,9999.646031192917,0.0,0.0,0.0,0.0,0,0,0,0.0,-3.5396880708415956e-05
2132.0,2023-01-22 04:30:59.999,3.0,,0.0,0.0,,,0.4043,12.975,41772.0,116.85,0.0,9999.646031192917,0.0,0.0,0.0,0.0,0,0,0,0.0,-3.5396880708415956e-05
2133.0,2023-01-22 04:31:59.999,3.0,,0.0,0.0,,,0.4043,12.984,105013.0,255.08,0.0,9999.646031192917,0.0,0.0,0.0,0.0,0,0,0,0.0,-3.5396880708415956e-05
2134.0,2023-01-22 04:32:59.999,3.0,,0.0,0.0,,,0.4044,12.9875,104377.0,2244.27,0.0,9999.646031192917,0.0,0.0,0.0,0.0,0,0,0,0.0,-3.5396880708415956e-05
2135.0,2023-01-22 04:33:59.999,3.0,,0.0,0.0,,,0.4043,12.9835,24075.0,409.72,0.0,9999.646031192917,0.0,0.0,0.0,0.0,0,0,0,0.0,-3.5396880708415956e-05
2136.0,2023-01-22 04:34:59.999,3.0,,0.0,0.0,,,0.4045499999999999,12.9875,1469536.0,2483.49,0.0,9999.646031192917,0.0,0.0,0.0,0.0,0,0,0,0.0,-3.5396880708415956e-05
2137.0,2023-01-22 04:35:59.999,3.0,,0.0,0.0,,,0.4044,12.973,15305.0,116.54,0.0,9999.646031192917,0.0,0.0,0.0,0.0,0,0,0,0.0,-3.5396880708415956e-05
2138.0,2023-01-22 04:36:59.999,3.0,,0.0,0.0,,,0.40445,12.9745,24150.0,496.93,0.0,9999.646031192917,0.0,0.0,0.0,0.0,0,0,0,0.0,-3.5396880708415956e-05
2139.0,2023-01-22 04:37:59.999,3.0,,0.0,0.0,,,0.40455,12.971,26550.0,78.61,0.0,9999.646031192917,0.0,0.0,0.0,0.0,0,0,0,0.0,-3.5396880708415956e-05
2140.0,2023-01-22 04:38:59.999,3.0,,0.0,0.0,,,0.40465,12.9785,37206.0,486.58,0.0,9999.646031192917,0.0,0.0,0.0,0.0,0,0,0,0.0,-3.5396880708415956e-05
2141.0,2023-01-22 04:39:59.999,3.0,,0.0,0.0,,,0.40465,12.9775,22332.0,371.28,0.0,9999.646031192917,0.0,0.0,0.0,0.0,0,0,0,0.0,-3.5396880708415956e-05
2142.0,2023-01-22 04:40:59.999,3.0,,0.0,0.0,,,0.40475,12.9865,68397.0,186.55,0.0,9999.646031192917,0.0,0.0,0.0,0.0,0,0,0,0.0,-3.5396880708415956e-05
2143.0,2023-01-22 04:41:59.999,3.0,,0.0,0.0,,,0.4049,12.9875,41388.0,3.04,0.0,9999.646031192917,0.0,0.0,0.0,0.0,0,0,0,0.0,-3.5396880708415956e-05
2144.0,2023-01-22 04:42:59.999,3.0,,0.0,0.0,,,0.40515,12.991,77479.0,383.24,0.0,9999.646031192917,0.0,0.0,0.0,0.0,0,0,0,0.0,-3.5396880708415956e-05
2145.0,2023-01-22 04:43:59.999,3.0,,0.0,0.0,,,0.40525,12.994,14365.0,547.62,0.0,9999.646031192917,0.0,0.0,0.0,0.0,0,0,0,0.0,-3.5396880708415956e-05
2146.0,2023-01-22 04:44:59.999,3.0,,0.0,0.0,,,0.40535,12.9925,54084.0,140.11,0.0,9999.646031192917,0.0,0.0,0.0,0.0,0,0,0,0.0,-3.5396880708415956e-05
2147.0,2023-01-22 04:45:59.999,3.0,,0.0,0.0,,,0.4052,12.9895,228351.0,1152.76,0.0,9999.646031192917,0.0,0.0,0.0,0.0,0,0,0,0.0,-3.5396880708415956e-05
2148.0,2023-01-22 04:46:59.999,3.0,,0.0,0.0,,,0.40525,12.994,290251.0,247.17,0.0,9999.646031192917,0.0,0.0,0.0,0.0,0,0,0,0.0,-3.5396880708415956e-05
2149.0,2023-01-22 04:47:59.999,3.0,,0.0,0.0,,,0.40525,12.995,97966.0,396.09,0.0,9999.646031192917,0.0,0.0,0.0,0.0,0,0,0,0.0,-3.5396880708415956e-05
2150.0,2023-01-22 04:48:59.999,3.0,,0.0,0.0,,,0.4054,12.999,62612.0,566.72,0.0,9999.646031192917,0.0,0.0,0.0,0.0,0,0,0,0.0,-3.5396880708415956e-05
2151.0,2023-01-22 04:49:59.999,3.0,,0.0,0.0,,,0.4054,12.991499999999998,41099.0,763.74,0.0,9999.646031192917,0.0,0.0,0.0,0.0,0,0,0,0.0,-3.5396880708415956e-05
2152.0,2023-01-22 04:50:59.999,3.0,,0.0,0.0,,,0.4053,12.9845,61817.0,294.56,0.0,9999.646031192917,0.0,0.0,0.0,0.0,0,0,0,0.0,-3.5396880708415956e-05
2153.0,2023-01-22 04:51:59.999,3.0,,0.0,0.0,,,0.40535,12.98,45101.0,1254.94,0.0,9999.646031192917,0.0,0.0,0.0,0.0,0,0,0,0.0,-3.5396880708415956e-05
2154.0,2023-01-22 04:52:59.999,3.0,,0.0,0.0,,,0.4055499999999999,12.97,131856.0,609.27,0.0,9999.646031192917,0.0,0.0,0.0,0.0,0,0,0,0.0,-3.5396880708415956e-05
2155.0,2023-01-22 04:53:59.999,3.0,,0.0,0.0,,,0.4057,12.963,15391.0,1083.76,0.0,9999.646031192917,0.0,0.0,0.0,0.0,0,0,0,0.0,-3.5396880708415956e-05
2156.0,2023-01-22 04:54:59.999,3.0,,0.0,0.0,,,0.4057,12.95,55107.0,1758.96,4.0,9999.646031192917,0.0,0.0,0.0,0.0,0,0,0,0.0,-3.5396880708415956e-05
2157.0,2023-01-22 04:55:59.999,3.0,,0.0,0.0,,,0.4056,12.9425,67428.0,516.61,0.0,9999.646031192917,0.0,0.0,0.0,0.0,0,0,0,0.0,-3.5396880708415956e-05
2158.0,2023-01-22 04:56:59.999,3.0,,0.0,0.0,,,0.40545,12.9325,13862.0,430.03,0.0,9999.646031192917,0.0,0.0,0.0,0.0,0,0,0,0.0,-3.5396880708415956e-05
2159.0,2023-01-22 04:57:59.999,3.0,,0.0,0.0,,,0.4054999999999999,12.93,70658.0,1014.76,0.0,9999.646031192917,0.0,0.0,0.0,0.0,0,0,0,0.0,-3.5396880708415956e-05
2160.0,2023-01-22 04:58:59.999,3.0,,0.0,0.0,,,0.4055999999999999,12.9245,92054.0,313.83,0.0,9999.646031192917,0.0,0.0,0.0,0.0,0,0,0,0.0,-3.5396880708415956e-05
2161.0,2023-01-22 04:59:59.999,3.0,,0.0,0.0,,,0.40575,12.938,27899.0,436.61,0.0,9999.646031192917,0.0,0.0,0.0,0.0,0,0,0,0.0,-3.5396880708415956e-05
2162.0,2023-01-22 05:00:59.999,3.0,,0.0,0.0,,,0.4059,12.947,51293.0,3797.7,0.0,9999.646031192917,0.0,0.0,0.0,0.0,0,0,0,0.0,-3.5396880708415956e-05
2163.0,2023-01-22 05:01:59.999,3.0,,0.0,0.0,,,0.40575,12.9425,98342.0,502.05,0.0,9999.646031192917,0.0,0.0,0.0,0.0,0,0,0,0.0,-3.5396880708415956e-05
2164.0,2023-01-22 05:02:59.999,3.0,,0.0,0.0,,,0.4056,12.951,8323.0,5200.11,0.0,9999.646031192917,0.0,0.0,0.0,0.0,0,0,0,0.0,-3.5396880708415956e-05
2165.0,2023-01-22 05:03:59.999,3.0,,0.0,0.0,,,0.40555,12.9625,27014.0,266.78,0.0,9999.646031192917,0.0,0.0,0.0,0.0,0,0,0,0.0,-3.5396880708415956e-05
2166.0,2023-01-22 05:04:59.999,3.0,,0.0,0.0,,,0.40565,12.9605,192304.0,438.47,0.0,9999.646031192917,0.0,0.0,0.0,0.0,0,0,0,0.0,-3.5396880708415956e-05
2167.0,2023-01-22 05:05:59.999,3.0,,0.0,0.0,,,0.4057,12.964,112006.0,2917.38,0.0,9999.646031192917,0.0,0.0,0.0,0.0,0,0,0,0.0,-3.5396880708415956e-05
2168.0,2023-01-22 05:06:59.999,3.0,,0.0,0.0,,,0.40585,12.967,313288.0,712.54,0.0,9999.646031192917,0.0,0.0,0.0,0.0,0,0,0,0.0,-3.5396880708415956e-05
2169.0,2023-01-22 05:07:59.999,3.0,,0.0,0.0,,,0.40585,12.965,46472.0,338.03,0.0,9999.646031192917,0.0,0.0,0.0,0.0,0,0,0,0.0,-3.5396880708415956e-05
2170.0,2023-01-22 05:08:59.999,3.0,,0.0,0.0,,,0.40615,12.971,260824.0,194.2,0.0,9999.646031192917,0.0,0.0,0.0,0.0,0,0,0,0.0,-3.5396880708415956e-05
2171.0,2023-01-22 05:09:59.999,3.0,,0.0,0.0,,,0.40605,12.9775,34463.0,454.27,0.0,9999.646031192917,0.0,0.0,0.0,0.0,0,0,0,0.0,-3.5396880708415956e-05
2172.0,2023-01-22 05:10:59.999,3.0,,0.0,0.0,,,0.4057,12.973,596170.0,872.28,0.0,9999.646031192917,0.0,0.0,0.0,0.0,0,0,0,0.0,-3.5396880708415956e-05
2173.0,2023-01-22 05:11:59.999,3.0,,0.0,0.0,,,0.4057,12.9795,130738.0,155.94,3.0,9999.646031192917,0.0,0.0,0.0,0.0,0,0,0,0.0,-3.5396880708415956e-05
2174.0,2023-01-22 05:12:59.999,3.0,,0.0,0.0,,,0.40585,12.9775,103024.0,413.72,0.0,9999.646031192917,0.0,0.0,0.0,0.0,0,0,0,0.0,-3.5396880708415956e-05
2175.0,2023-01-22 05:13:59.999,3.0,,0.0,0.0,,,0.40575,12.977,73393.0,103.42,4.0,9999.646031192917,0.0,0.0,0.0,0.0,0,0,0,0.0,-3.5396880708415956e-05
2176.0,2023-01-22 05:14:59.999,3.0,,0.0,0.0,,,0.4059,12.986,44224.0,360.58,3.0,9999.646031192917,0.0,0.0,0.0,0.0,0,0,0,0.0,-3.5396880708415956e-05
2177.0,2023-01-22 05:15:59.999,3.0,,0.0,0.0,,,0.40605,12.984,14837.0,197.9,0.0,9999.646031192917,0.0,0.0,0.0,0.0,0,0,0,0.0,-3.5396880708415956e-05
2178.0,2023-01-22 05:16:59.999,3.0,,0.0,0.0,,,0.40625,12.994,114843.0,439.66,4.0,9999.646031192917,0.0,0.0,0.0,0.0,0,0,0,0.0,-3.5396880708415956e-05
2179.0,2023-01-22 05:17:59.999,3.0,,0.0,0.0,,,0.40635,12.999,60053.0,6.48,0.0,9999.646031192917,0.0,0.0,0.0,0.0,0,0,0,0.0,-3.5396880708415956e-05
2180.0,2023-01-22 05:18:59.999,3.0,,0.0,0.0,,,0.40625,12.9935,155378.0,188.1,0.0,9999.646031192917,0.0,0.0,0.0,0.0,0,0,0,0.0,-3.5396880708415956e-05
2181.0,2023-01-22 05:19:59.999,3.0,,0.0,0.0,,,0.4063,12.995,185619.0,739.48,0.0,9999.646031192917,0.0,0.0,0.0,0.0,0,0,0,0.0,-3.5396880708415956e-05
2182.0,2023-01-22 05:20:59.999,3.0,,0.0,0.0,,,0.40625,12.991,38718.0,4153.78,0.0,9999.646031192917,0.0,0.0,0.0,0.0,0,0,0,0.0,-3.5396880708415956e-05
2183.0,2023-01-22 05:21:59.999,3.0,,0.0,0.0,,,0.4062,12.9815,157659.0,233.8,0.0,9999.646031192917,0.0,0.0,0.0,0.0,0,0,0,0.0,-3.5396880708415956e-05
2184.0,2023-01-22 05:22:59.999,3.0,,0.0,0.0,,,0.40605,12.9835,32330.0,91.27,0.0,9999.646031192917,0.0,0.0,0.0,0.0,0,0,0,0.0,-3.5396880708415956e-05
2185.0,2023-01-22 05:23:59.999,3.0,,0.0,0.0,,,0.40605,12.9835,18999.0,1906.87,0.0,9999.646031192917,0.0,0.0,0.0,0.0,0,0,0,0.0,-3.5396880708415956e-05
2186.0,2023-01-22 05:24:59.999,3.0,,0.0,0.0,,,0.4059,12.9745,122935.0,1182.65,0.0,9999.646031192917,0.0,0.0,0.0,0.0,0,0,0,0.0,-3.5396880708415956e-05
2187.0,2023-01-22 05:25:59.999,3.0,,0.0,0.0,,,0.40545,12.9555,128376.0,3550.65,0.0,9999.646031192917,0.0,0.0,0.0,0.0,0,0,0,0.0,-3.5396880708415956e-05
2188.0,2023-01-22 05:26:59.999,3.0,,0.0,0.0,,,0.40575,12.9815,57567.0,337.51,0.0,9999.646031192917,0.0,0.0,0.0,0.0,0,0,0,0.0,-3.5396880708415956e-05
2189.0,2023-01-22 05:27:59.999,3.0,,0.0,0.0,,,0.4057,12.985,126307.0,200.32,3.0,9999.646031192917,0.0,0.0,0.0,0.0,0,0,0,0.0,-3.5396880708415956e-05
2190.0,2023-01-22 05:28:59.999,3.0,,0.0,0.0,,,0.4054999999999999,12.974,36838.0,320.93,0.0,9999.646031192917,0.0,0.0,0.0,0.0,0,0,0,0.0,-3.5396880708415956e-05
2191.0,2023-01-22 05:29:59.999,3.0,,0.0,0.0,,,0.40565,12.976,1775.0,1041.65,0.0,9999.646031192917,0.0,0.0,0.0,0.0,0,0,0,0.0,-3.5396880708415956e-05
2192.0,2023-01-22 05:30:59.999,3.0,,0.0,0.0,,,0.40575,12.981000000000002,63223.0,965.85,0.0,9999.646031192917,0.0,0.0,0.0,0.0,0,0,0,0.0,-3.5396880708415956e-05
2193.0,2023-01-22 05:31:59.999,3.0,,0.0,0.0,,,0.40595,12.993,9775.0,289.77,0.0,9999.646031192917,0.0,0.0,0.0,0.0,0,0,0,0.0,-3.5396880708415956e-05
2194.0,2023-01-22 05:32:59.999,3.0,,0.0,0.0,,,0.406,12.9905,30422.0,323.67,0.0,9999.646031192917,0.0,0.0,0.0,0.0,0,0,0,0.0,-3.5396880708415956e-05
2195.0,2023-01-22 05:33:59.999,3.0,,0.0,0.0,,,0.40595,12.984,25781.0,133.74,0.0,9999.646031192917,0.0,0.0,0.0,0.0,0,0,0,0.0,-3.5396880708415956e-05
2196.0,2023-01-22 05:34:59.999,3.0,,0.0,0.0,,,0.40565,12.9715,38621.0,938.57,4.0,9999.646031192917,0.0,0.0,0.0,0.0,0,0,0,0.0,-3.5396880708415956e-05
2197.0,2023-01-22 05:35:59.999,3.0,,0.0,0.0,,,0.40565,12.971,152122.0,241.06,3.0,9999.646031192917,0.0,0.0,0.0,0.0,0,0,0,0.0,-3.5396880708415956e-05
2198.0,2023-01-22 05:36:59.999,3.0,,0.0,0.0,,,0.40615,12.9895,65772.0,741.21,0.0,9999.646031192917,0.0,0.0,0.0,0.0,0,0,0,0.0,-3.5396880708415956e-05
2199.0,2023-01-22 05:37:59.999,3.0,,0.0,0.0,,,0.4062,12.9945,61676.0,97.77,4.0,9999.646031192917,0.0,0.0,0.0,0.0,0,0,0,0.0,-3.5396880708415956e-05
2200.0,2023-01-22 05:38:59.999,3.0,,0.0,0.0,,,0.40625,12.999,43187.0,421.48,0.0,9999.646031192917,0.0,0.0,0.0,0.0,0,0,0,0.0,-3.5396880708415956e-05
2201.0,2023-01-22 05:39:59.999,3.0,,0.0,0.0,,,0.40615,12.9985,122426.0,462.53,0.0,9999.646031192917,0.0,0.0,0.0,0.0,0,0,0,0.0,-3.5396880708415956e-05
2202.0,2023-01-22 05:40:59.999,3.0,,0.0,0.0,,,0.40625,12.9995,12727.0,40.21,3.0,9999.646031192917,0.0,0.0,0.0,0.0,0,0,0,0.0,-3.5396880708415956e-05
2203.0,2023-01-22 05:41:59.999,3.0,,0.0,0.0,,,0.4063,13.0,118813.0,459.91,4.0,9999.646031192917,0.0,0.0,0.0,0.0,0,0,0,0.0,-3.5396880708415956e-05
2204.0,2023-01-22 05:42:59.999,3.0,,0.0,0.0,,,0.40635,13.008,16838.0,418.28,0.0,9999.646031192917,0.0,0.0,0.0,0.0,0,0,0,0.0,-3.5396880708415956e-05
2205.0,2023-01-22 05:43:59.999,3.0,,0.0,0.0,,,0.40615,13.0075,70905.0,887.58,0.0,9999.646031192917,0.0,0.0,0.0,0.0,0,0,0,0.0,-3.5396880708415956e-05
2206.0,2023-01-22 05:44:59.999,3.0,,0.0,0.0,,,0.4062,13.0175,38971.0,500.12,3.0,9999.646031192917,0.0,0.0,0.0,0.0,0,0,0,0.0,-3.5396880708415956e-05
2207.0,2023-01-22 05:45:59.999,3.0,,0.0,0.0,,,0.40625,13.0155,8965.0,1488.45,0.0,9999.646031192917,0.0,0.0,0.0,0.0,0,0,0,0.0,-3.5396880708415956e-05
2208.0,2023-01-22 05:46:59.999,3.0,,0.0,0.0,,,0.40615,13.014,32591.0,913.62,0.0,9999.646031192917,0.0,0.0,0.0,0.0,0,0,0,0.0,-3.5396880708415956e-05
2209.0,2023-01-22 05:47:59.999,3.0,,0.0,0.0,,,0.40605,13.0145,43165.0,648.65,0.0,9999.646031192917,0.0,0.0,0.0,0.0,0,0,0,0.0,-3.5396880708415956e-05
2210.0,2023-01-22 05:48:59.999,3.0,,0.0,0.0,,,0.40625,13.0325,60910.0,1916.7,0.0,9999.646031192917,0.0,0.0,0.0,0.0,0,0,0,0.0,-3.5396880708415956e-05
2211.0,2023-01-22 05:49:59.999,3.0,,0.0,0.0,,,0.4064,13.033,33891.0,408.17,0.0,9999.646031192917,0.0,0.0,0.0,0.0,0,0,0,0.0,-3.5396880708415956e-05
2212.0,2023-01-22 05:50:59.999,3.0,,0.0,0.0,,,0.40635,13.033,104957.0,1786.52,0.0,9999.646031192917,0.0,0.0,0.0,0.0,0,0,0,0.0,-3.5396880708415956e-05
2213.0,2023-01-22 05:51:59.999,3.0,,0.0,0.0,,,0.40645,13.037,105802.0,167.64,0.0,9999.646031192917,0.0,0.0,0.0,0.0,0,0,0,0.0,-3.5396880708415956e-05
2214.0,2023-01-22 05:52:59.999,3.0,,0.0,0.0,,,0.40645,13.042,26459.0,416.17,0.0,9999.646031192917,0.0,0.0,0.0,0.0,0,0,0,0.0,-3.5396880708415956e-05
2215.0,2023-01-22 05:53:59.999,3.0,,0.0,0.0,,,0.4064,13.0415,135860.0,311.51,0.0,9999.646031192917,0.0,0.0,0.0,0.0,0,0,0,0.0,-3.5396880708415956e-05
2216.0,2023-01-22 05:54:59.999,3.0,,0.0,0.0,,,0.40635,13.037,10606.0,74.68,0.0,9999.646031192917,0.0,0.0,0.0,0.0,0,0,0,0.0,-3.5396880708415956e-05
2217.0,2023-01-22 05:55:59.999,3.0,,0.0,0.0,,,0.4064,13.041,40679.0,172.77,0.0,9999.646031192917,0.0,0.0,0.0,0.0,0,0,0,0.0,-3.5396880708415956e-05
2218.0,2023-01-22 05:56:59.999,3.0,,0.0,0.0,,,0.40645,13.0425,67340.0,568.37,0.0,9999.646031192917,0.0,0.0,0.0,0.0,0,0,0,0.0,-3.5396880708415956e-05
2219.0,2023-01-22 05:57:59.999,3.0,,0.0,0.0,,,0.4064,13.044,86439.0,216.14,0.0,9999.646031192917,0.0,0.0,0.0,0.0,0,0,0,0.0,-3.5396880708415956e-05
2220.0,2023-01-22 05:58:59.999,3.0,,0.0,0.0,,,0.4064,13.045,20733.0,410.64,0.0,9999.646031192917,0.0,0.0,0.0,0.0,0,0,0,0.0,-3.5396880708415956e-05
2221.0,2023-01-22 05:59:59.999,3.0,,0.0,0.0,,,0.40645,13.0425,5245.0,177.69,0.0,9999.646031192917,0.0,0.0,0.0,0.0,0,0,0,0.0,-3.5396880708415956e-05
2222.0,2023-01-22 06:00:59.999,3.0,,0.0,0.0,,,0.4064,13.042,28623.0,131.33,0.0,9999.646031192917,0.0,0.0,0.0,0.0,0,0,0,0.0,-3.5396880708415956e-05
2223.0,2023-01-22 06:01:59.999,3.0,,0.0,0.0,,,0.4064,13.0435,29101.0,242.37,0.0,9999.646031192917,0.0,0.0,0.0,0.0,0,0,0,0.0,-3.5396880708415956e-05
2224.0,2023-01-22 06:02:59.999,3.0,,0.0,0.0,,,0.40635,13.0435,11546.0,312.65,0.0,9999.646031192917,0.0,0.0,0.0,0.0,0,0,0,0.0,-3.5396880708415956e-05
2225.0,2023-01-22 06:03:59.999,3.0,,0.0,0.0,,,0.40625,13.048,19865.0,112.16,0.0,9999.646031192917,0.0,0.0,0.0,0.0,0,0,0,0.0,-3.5396880708415956e-05
2226.0,2023-01-22 06:04:59.999,3.0,,0.0,0.0,,,0.40605,13.0475,27687.0,1014.11,0.0,9999.646031192917,0.0,0.0,0.0,0.0,0,0,0,0.0,-3.5396880708415956e-05
2227.0,2023-01-22 06:05:59.999,3.0,,0.0,0.0,,,0.40595,13.0605,10812.0,2782.57,0.0,9999.646031192917,0.0,0.0,0.0,0.0,0,0,0,0.0,-3.5396880708415956e-05
2228.0,2023-01-22 06:06:59.999,3.0,,0.0,0.0,,,0.406,13.062,40617.0,208.61,0.0,9999.646031192917,0.0,0.0,0.0,0.0,0,0,0,0.0,-3.5396880708415956e-05
2229.0,2023-01-22 06:07:59.999,3.0,,0.0,0.0,,,0.4062,13.0685,110395.0,1279.12,0.0,9999.646031192917,0.0,0.0,0.0,0.0,0,0,0,0.0,-3.5396880708415956e-05
2230.0,2023-01-22 06:08:59.999,3.0,,0.0,0.0,,,0.40625,13.074,44234.0,556.55,0.0,9999.646031192917,0.0,0.0,0.0,0.0,0,0,0,0.0,-3.5396880708415956e-05
2231.0,2023-01-22 06:09:59.999,3.0,,0.0,0.0,,,0.40625,13.077,136245.0,1214.95,0.0,9999.646031192917,0.0,0.0,0.0,0.0,0,0,0,0.0,-3.5396880708415956e-05
2232.0,2023-01-22 06:10:59.999,3.0,,0.0,0.0,,,0.40605,13.08,9825.0,559.47,0.0,9999.646031192917,0.0,0.0,0.0,0.0,0,0,0,0.0,-3.5396880708415956e-05
2233.0,2023-01-22 06:11:59.999,3.0,,0.0,0.0,,,0.40595,13.0785,96064.0,577.69,0.0,9999.646031192917,0.0,0.0,0.0,0.0,0,0,0,0.0,-3.5396880708415956e-05
2234.0,2023-01-22 06:12:59.999,3.0,,0.0,0.0,,,0.40595,13.0885,32275.0,899.28,0.0,9999.646031192917,0.0,0.0,0.0,0.0,0,0,0,0.0,-3.5396880708415956e-05
2235.0,2023-01-22 06:13:59.999,3.0,,0.0,0.0,,,0.406,13.099,50685.0,1331.61,0.0,9999.646031192917,0.0,0.0,0.0,0.0,0,0,0,0.0,-3.5396880708415956e-05
2236.0,2023-01-22 06:14:59.999,3.0,,0.0,0.0,,,0.406,13.091,163844.0,358.82,0.0,9999.646031192917,0.0,0.0,0.0,0.0,0,0,0,0.0,-3.5396880708415956e-05
2237.0,2023-01-22 06:15:59.999,3.0,,0.0,0.0,,,0.406,13.094,69656.0,257.15,0.0,9999.646031192917,0.0,0.0,0.0,0.0,0,0,0,0.0,-3.5396880708415956e-05
2238.0,2023-01-22 06:16:59.999,3.0,,0.0,0.0,,,0.40615,13.0995,36035.0,196.46,0.0,9999.646031192917,0.0,0.0,0.0,0.0,0,0,0,0.0,-3.5396880708415956e-05
2239.0,2023-01-22 06:17:59.999,3.0,,0.0,0.0,,,0.4062,13.1005,48143.0,456.53,0.0,9999.646031192917,0.0,0.0,0.0,0.0,0,0,0,0.0,-3.5396880708415956e-05
2240.0,2023-01-22 06:18:59.999,3.0,,0.0,0.0,,,0.40615,13.0955,31192.0,202.21,0.0,9999.646031192917,0.0,0.0,0.0,0.0,0,0,0,0.0,-3.5396880708415956e-05
2241.0,2023-01-22 06:19:59.999,3.0,,0.0,0.0,,,0.40625,13.1035,70062.0,369.91,0.0,9999.646031192917,0.0,0.0,0.0,0.0,0,0,0,0.0,-3.5396880708415956e-05
2242.0,2023-01-22 06:20:59.999,3.0,,0.0,0.0,,,0.40635,13.103,6194.0,163.73,0.0,9999.646031192917,0.0,0.0,0.0,0.0,0,0,0,0.0,-3.5396880708415956e-05
2243.0,2023-01-22 06:21:59.999,3.0,,0.0,0.0,,,0.4064,13.108,203533.0,277.84,0.0,9999.646031192917,0.0,0.0,0.0,0.0,0,0,0,0.0,-3.5396880708415956e-05
2244.0,2023-01-22 06:22:59.999,3.0,,0.0,0.0,,,0.4064,13.112,132579.0,1103.4,0.0,9999.646031192917,0.0,0.0,0.0,0.0,0,0,0,0.0,-3.5396880708415956e-05
2245.0,2023-01-22 06:23:59.999,3.0,,0.0,0.0,,,0.4065999999999999,13.1205,133451.0,1524.83,0.0,9999.646031192917,0.0,0.0,0.0,0.0,0,0,0,0.0,-3.5396880708415956e-05
2246.0,2023-01-22 06:24:59.999,3.0,,0.0,0.0,,,0.40705,13.1255,187451.0,439.01,0.0,9999.646031192917,0.0,0.0,0.0,0.0,0,0,0,0.0,-3.5396880708415956e-05
2247.0,2023-01-22 06:25:59.999,3.0,,0.0,0.0,,,0.407,13.14,124898.0,7784.56,0.0,9999.646031192917,0.0,0.0,0.0,0.0,0,0,0,0.0,-3.5396880708415956e-05
2248.0,2023-01-22 06:26:59.999,3.0,,0.0,0.0,,,0.40695,13.1565,12137.0,2705.43,0.0,9999.646031192917,0.0,0.0,0.0,0.0,0,0,0,0.0,-3.5396880708415956e-05
2249.0,2023-01-22 06:27:59.999,3.0,,0.0,0.0,,,0.40715,13.159,100385.0,516.24,0.0,9999.646031192917,0.0,0.0,0.0,0.0,0,0,0,0.0,-3.5396880708415956e-05
2250.0,2023-01-22 06:28:59.999,3.0,,0.0,0.0,,,0.4074,13.1625,322477.0,248.62,0.0,9999.646031192917,0.0,0.0,0.0,0.0,0,0,0,0.0,-3.5396880708415956e-05
2251.0,2023-01-22 06:29:59.999,3.0,,0.0,0.0,,,0.4075499999999999,13.174,19164.0,2764.31,0.0,9999.646031192917,0.0,0.0,0.0,0.0,0,0,0,0.0,-3.5396880708415956e-05
2252.0,2023-01-22 06:30:59.999,3.0,,0.0,0.0,,,0.4076999999999999,13.169,312231.0,1001.4,0.0,9999.646031192917,0.0,0.0,0.0,0.0,0,0,0,0.0,-3.5396880708415956e-05
2253.0,2023-01-22 06:31:59.999,3.0,,0.0,0.0,,,0.40805,13.1715,126004.0,673.88,0.0,9999.646031192917,0.0,0.0,0.0,0.0,0,0,0,0.0,-3.5396880708415956e-05
2254.0,2023-01-22 06:32:59.999,3.0,,0.0,0.0,,,0.40805,13.174499999999998,60781.0,591.5,0.0,9999.646031192917,0.0,0.0,0.0,0.0,0,0,0,0.0,-3.5396880708415956e-05
2255.0,2023-01-22 06:33:59.999,3.0,,0.0,0.0,,,0.4081,13.1855,43049.0,189.44,0.0,9999.646031192917,0.0,0.0,0.0,0.0,0,0,0,0.0,-3.5396880708415956e-05
2256.0,2023-01-22 06:34:59.999,3.0,,0.0,0.0,,,0.4081,13.185,96889.0,84.5,0.0,9999.646031192917,0.0,0.0,0.0,0.0,0,0,0,0.0,-3.5396880708415956e-05
2257.0,2023-01-22 06:35:59.999,3.0,,0.0,0.0,,,0.4077499999999999,13.1705,95142.0,532.33,0.0,9999.646031192917,0.0,0.0,0.0,0.0,0,0,0,0.0,-3.5396880708415956e-05
2258.0,2023-01-22 06:36:59.999,3.0,,0.0,0.0,,,0.40765,13.158,62398.0,477.38,0.0,9999.646031192917,0.0,0.0,0.0,0.0,0,0,0,0.0,-3.5396880708415956e-05
2259.0,2023-01-22 06:37:59.999,3.0,,0.0,0.0,,,0.4074,13.1495,146812.0,584.37,0.0,9999.646031192917,0.0,0.0,0.0,0.0,0,0,0,0.0,-3.5396880708415956e-05
2260.0,2023-01-22 06:38:59.999,3.0,,0.0,0.0,,,0.4072,13.1395,42937.0,410.96,0.0,9999.646031192917,0.0,0.0,0.0,0.0,0,0,0,0.0,-3.5396880708415956e-05
2261.0,2023-01-22 06:39:59.999,3.0,,0.0,0.0,,,0.4071,13.1425,90477.0,88.9,0.0,9999.646031192917,0.0,0.0,0.0,0.0,0,0,0,0.0,-3.5396880708415956e-05
2262.0,2023-01-22 06:40:59.999,3.0,,0.0,0.0,,,0.407,13.1385,165445.0,916.37,0.0,9999.646031192917,0.0,0.0,0.0,0.0,0,0,0,0.0,-3.5396880708415956e-05
2263.0,2023-01-22 06:41:59.999,3.0,,0.0,0.0,,,0.40705,13.1285,31482.0,196.73,0.0,9999.646031192917,0.0,0.0,0.0,0.0,0,0,0,0.0,-3.5396880708415956e-05
2264.0,2023-01-22 06:42:59.999,3.0,,0.0,0.0,,,0.4071,13.134,37523.0,2964.53,0.0,9999.646031192917,0.0,0.0,0.0,0.0,0,0,0,0.0,-3.5396880708415956e-05
2265.0,2023-01-22 06:43:59.999,3.0,,0.0,0.0,,,0.407,13.123,214298.0,8299.02,0.0,9999.646031192917,0.0,0.0,0.0,0.0,0,0,0,0.0,-3.5396880708415956e-05
2266.0,2023-01-22 06:44:59.999,3.0,,0.0,0.0,,,0.40705,13.115,15973.0,293.55,0.0,9999.646031192917,0.0,0.0,0.0,0.0,0,0,0,0.0,-3.5396880708415956e-05
2267.0,2023-01-22 06:45:59.999,3.0,,0.0,0.0,,,0.40705,13.1175,22107.0,403.24,0.0,9999.646031192917,0.0,0.0,0.0,0.0,0,0,0,0.0,-3.5396880708415956e-05
2268.0,2023-01-22 06:46:59.999,3.0,,0.0,0.0,,,0.40705,13.117,82733.0,1417.65,0.0,9999.646031192917,0.0,0.0,0.0,0.0,0,0,0,0.0,-3.5396880708415956e-05
2269.0,2023-01-22 06:47:59.999,3.0,,0.0,0.0,,,0.4071,13.1265,103460.0,283.45,0.0,9999.646031192917,0.0,0.0,0.0,0.0,0,0,0,0.0,-3.5396880708415956e-05
2270.0,2023-01-22 06:48:59.999,3.0,,0.0,0.0,,,0.40705,13.1395,29521.0,108.19,0.0,9999.646031192917,0.0,0.0,0.0,0.0,0,0,0,0.0,-3.5396880708415956e-05
2271.0,2023-01-22 06:49:59.999,3.0,,0.0,0.0,,,0.407,13.137,217516.0,182.55,0.0,9999.646031192917,0.0,0.0,0.0,0.0,0,0,0,0.0,-3.5396880708415956e-05
2272.0,2023-01-22 06:50:59.999,3.0,,0.0,0.0,,,0.4068,13.1335,37005.0,206.47,0.0,9999.646031192917,0.0,0.0,0.0,0.0,0,0,0,0.0,-3.5396880708415956e-05
2273.0,2023-01-22 06:51:59.999,3.0,,0.0,0.0,,,0.4067,13.132,96019.0,514.21,0.0,9999.646031192917,0.0,0.0,0.0,0.0,0,0,0,0.0,-3.5396880708415956e-05
2274.0,2023-01-22 06:52:59.999,3.0,,0.0,0.0,,,0.4066499999999999,13.1155,12105.0,184.98,0.0,9999.646031192917,0.0,0.0,0.0,0.0,0,0,0,0.0,-3.5396880708415956e-05
2275.0,2023-01-22 06:53:59.999,3.0,,0.0,0.0,,,0.4065999999999999,13.1095,77268.0,915.17,0.0,9999.646031192917,0.0,0.0,0.0,0.0,0,0,0,0.0,-3.5396880708415956e-05
2276.0,2023-01-22 06:54:59.999,3.0,,0.0,0.0,,,0.40675,13.1085,43613.0,198.88,0.0,9999.646031192917,0.0,0.0,0.0,0.0,0,0,0,0.0,-3.5396880708415956e-05
2277.0,2023-01-22 06:55:59.999,3.0,,0.0,0.0,,,0.4065999999999999,13.095,25380.0,419.15,0.0,9999.646031192917,0.0,0.0,0.0,0.0,0,0,0,0.0,-3.5396880708415956e-05
2278.0,2023-01-22 06:56:59.999,3.0,,0.0,0.0,,,0.4066499999999999,13.102,93487.0,183.72,0.0,9999.646031192917,0.0,0.0,0.0,0.0,0,0,0,0.0,-3.5396880708415956e-05
2279.0,2023-01-22 06:57:59.999,3.0,,0.0,0.0,,,0.4066499999999999,13.0975,204863.0,47.16,0.0,9999.646031192917,0.0,0.0,0.0,0.0,0,0,0,0.0,-3.5396880708415956e-05
2280.0,2023-01-22 06:58:59.999,3.0,,0.0,0.0,,,0.40685,13.1035,6449.0,288.61,0.0,9999.646031192917,0.0,0.0,0.0,0.0,0,0,0,0.0,-3.5396880708415956e-05
2281.0,2023-01-22 06:59:59.999,3.0,,0.0,0.0,,,0.40685,13.101,32790.0,524.4,0.0,9999.646031192917,0.0,0.0,0.0,0.0,0,0,0,0.0,-3.5396880708415956e-05
2282.0,2023-01-22 07:00:59.999,3.0,,0.0,0.0,,,0.40675,13.1,35592.0,98.56,0.0,9999.646031192917,0.0,0.0,0.0,0.0,0,0,0,0.0,-3.5396880708415956e-05
2283.0,2023-01-22 07:01:59.999,3.0,,0.0,0.0,,,0.40665,13.0965,22412.0,977.04,0.0,9999.646031192917,0.0,0.0,0.0,0.0,0,0,0,0.0,-3.5396880708415956e-05
2284.0,2023-01-22 07:02:59.999,3.0,,0.0,0.0,,,0.4065999999999999,13.091,70874.0,103.59,0.0,9999.646031192917,0.0,0.0,0.0,0.0,0,0,0,0.0,-3.5396880708415956e-05
2285.0,2023-01-22 07:03:59.999,3.0,,0.0,0.0,,,0.4065499999999999,13.0925,56476.0,202.3,0.0,9999.646031192917,0.0,0.0,0.0,0.0,0,0,0,0.0,-3.5396880708415956e-05
2286.0,2023-01-22 07:04:59.999,3.0,,0.0,0.0,,,0.4064,13.083,72405.0,297.32,0.0,9999.646031192917,0.0,0.0,0.0,0.0,0,0,0,0.0,-3.5396880708415956e-05
2287.0,2023-01-22 07:05:59.999,3.0,,0.0,0.0,,,0.40625,13.079,10122.0,242.29,0.0,9999.646031192917,0.0,0.0,0.0,0.0,0,0,0,0.0,-3.5396880708415956e-05
2288.0,2023-01-22 07:06:59.999,3.0,,0.0,0.0,,,0.40625,13.074,105499.0,436.12,0.0,9999.646031192917,0.0,0.0,0.0,0.0,0,0,0,0.0,-3.5396880708415956e-05
2289.0,2023-01-22 07:07:59.999,3.0,,0.0,0.0,,,0.40635,13.0295,58164.0,123188.76,0.0,9999.646031192917,0.0,0.0,0.0,0.0,0,0,0,0.0,-3.5396880708415956e-05
2290.0,2023-01-22 07:08:59.999,3.0,,0.0,0.0,,,0.4065499999999999,12.9785,85071.0,24190.37,0.0,9999.646031192917,0.0,0.0,0.0,0.0,0,0,0,0.0,-3.5396880708415956e-05
2291.0,2023-01-22 07:09:59.999,3.0,,0.0,0.0,,,0.4066499999999999,12.997,18011.0,5428.67,4.0,9999.646031192917,0.0,0.0,0.0,0.0,0,0,0,0.0,-3.5396880708415956e-05
2292.0,2023-01-22 07:10:59.999,3.0,,0.0,0.0,,,0.4068,12.9975,50836.0,3767.1,0.0,9999.646031192917,0.0,0.0,0.0,0.0,0,0,0,0.0,-3.5396880708415956e-05
2293.0,2023-01-22 07:11:59.999,3.0,,0.0,0.0,,,0.40715,12.994,865040.0,7350.94,0.0,9999.646031192917,0.0,0.0,0.0,0.0,0,0,0,0.0,-3.5396880708415956e-05
2294.0,2023-01-22 07:12:59.999,3.0,,0.0,0.0,,,0.4075,12.99,53509.0,23326.9,0.0,9999.646031192917,0.0,0.0,0.0,0.0,0,0,0,0.0,-3.5396880708415956e-05
2295.0,2023-01-22 07:13:59.999,3.0,,0.0,0.0,,,0.4075999999999999,12.985,16730.0,6969.01,0.0,9999.646031192917,0.0,0.0,0.0,0.0,0,0,0,0.0,-3.5396880708415956e-05
2296.0,2023-01-22 07:14:59.999,3.0,,0.0,0.0,,,0.4075499999999999,12.986,21003.0,359.0,0.0,9999.646031192917,0.0,0.0,0.0,0.0,0,0,0,0.0,-3.5396880708415956e-05
2297.0,2023-01-22 07:15:59.999,3.0,,0.0,0.0,,,0.4075499999999999,12.994,14409.0,2286.48,0.0,9999.646031192917,0.0,0.0,0.0,0.0,0,0,0,0.0,-3.5396880708415956e-05
2298.0,2023-01-22 07:16:59.999,3.0,,0.0,0.0,,,0.4075499999999999,12.995,48216.0,1580.6,0.0,9999.646031192917,0.0,0.0,0.0,0.0,0,0,0,0.0,-3.5396880708415956e-05
2299.0,2023-01-22 07:17:59.999,3.0,,0.0,0.0,,,0.40725,12.997,261450.0,696.09,0.0,9999.646031192917,0.0,0.0,0.0,0.0,0,0,0,0.0,-3.5396880708415956e-05
2300.0,2023-01-22 07:18:59.999,3.0,,0.0,0.0,,,0.4069,12.9835,23592.0,6109.55,0.0,9999.646031192917,0.0,0.0,0.0,0.0,0,0,0,0.0,-3.5396880708415956e-05
2301.0,2023-01-22 07:19:59.999,3.0,,0.0,0.0,,,0.4068,12.969,18040.0,1944.86,0.0,9999.646031192917,0.0,0.0,0.0,0.0,0,0,0,0.0,-3.5396880708415956e-05
2302.0,2023-01-22 07:20:59.999,3.0,,0.0,0.0,,,0.40675,12.975,47391.0,769.97,0.0,9999.646031192917,0.0,0.0,0.0,0.0,0,0,0,0.0,-3.5396880708415956e-05
2303.0,2023-01-22 07:21:59.999,3.0,,0.0,0.0,,,0.40675,12.988,36035.0,517.9,0.0,9999.646031192917,0.0,0.0,0.0,0.0,0,0,0,0.0,-3.5396880708415956e-05
2304.0,2023-01-22 07:22:59.999,3.0,,0.0,0.0,,,0.4067,12.99,6556.0,361.15,0.0,9999.646031192917,0.0,0.0,0.0,0.0,0,0,0,0.0,-3.5396880708415956e-05
2305.0,2023-01-22 07:23:59.999,3.0,,0.0,0.0,,,0.40645,12.976,25159.0,6943.54,0.0,9999.646031192917,0.0,0.0,0.0,0.0,0,0,0,0.0,-3.5396880708415956e-05
2306.0,2023-01-22 07:24:59.999,3.0,,0.0,0.0,,,0.4057,12.966,1143411.0,1046.98,0.0,9999.646031192917,0.0,0.0,0.0,0.0,0,0,0,0.0,-3.5396880708415956e-05
2307.0,2023-01-22 07:25:59.999,3.0,,0.0,0.0,,,0.4055999999999999,12.971,214039.0,1201.47,0.0,9999.646031192917,0.0,0.0,0.0,0.0,0,0,0,0.0,-3.5396880708415956e-05
2308.0,2023-01-22 07:26:59.999,3.0,,0.0,0.0,,,0.40535,12.969,274763.0,3546.0,3.0,9999.646031192917,0.0,0.0,0.0,0.0,0,0,0,0.0,-3.5396880708415956e-05
2309.0,2023-01-22 07:27:59.999,3.0,,0.0,0.0,,,0.40535,12.973,96053.0,503.51,0.0,9999.646031192917,0.0,0.0,0.0,0.0,0,0,0,0.0,-3.5396880708415956e-05
2310.0,2023-01-22 07:28:59.999,3.0,,0.0,0.0,,,0.4055499999999999,12.971,126603.0,3841.53,0.0,9999.646031192917,0.0,0.0,0.0,0.0,0,0,0,0.0,-3.5396880708415956e-05
2311.0,2023-01-22 07:29:59.999,3.0,,0.0,0.0,,,0.40545,12.967,5800.0,331.9,0.0,9999.646031192917,0.0,0.0,0.0,0.0,0,0,0,0.0,-3.5396880708415956e-05
2312.0,2023-01-22 07:30:59.999,3.0,,0.0,0.0,,,0.4054999999999999,12.9635,235570.0,962.28,0.0,9999.646031192917,0.0,0.0,0.0,0.0,0,0,0,0.0,-3.5396880708415956e-05
2313.0,2023-01-22 07:31:59.999,3.0,,0.0,0.0,,,0.40535,12.966,81736.0,2907.44,0.0,9999.646031192917,0.0,0.0,0.0,0.0,0,0,0,0.0,-3.5396880708415956e-05
2314.0,2023-01-22 07:32:59.999,3.0,,0.0,0.0,,,0.4054,12.973,50110.0,679.58,0.0,9999.646031192917,0.0,0.0,0.0,0.0,0,0,0,0.0,-3.5396880708415956e-05
2315.0,2023-01-22 07:33:59.999,3.0,,0.0,0.0,,,0.4052,12.9625,302666.0,6457.62,0.0,9999.646031192917,0.0,0.0,0.0,0.0,0,0,0,0.0,-3.5396880708415956e-05
2316.0,2023-01-22 07:34:59.999,3.0,,0.0,0.0,,,0.40505,12.9675,136288.0,951.46,0.0,9999.646031192917,0.0,0.0,0.0,0.0,0,0,0,0.0,-3.5396880708415956e-05
2317.0,2023-01-22 07:35:59.999,3.0,,0.0,0.0,,,0.4052,12.9755,39144.0,605.3,0.0,9999.646031192917,0.0,0.0,0.0,0.0,0,0,0,0.0,-3.5396880708415956e-05
2318.0,2023-01-22 07:36:59.999,3.0,,0.0,0.0,,,0.40515,12.979,117046.0,1021.52,0.0,9999.646031192917,0.0,0.0,0.0,0.0,0,0,0,0.0,-3.5396880708415956e-05
2319.0,2023-01-22 07:37:59.999,3.0,,0.0,0.0,,,0.40515,12.99,88948.0,650.77,0.0,9999.646031192917,0.0,0.0,0.0,0.0,0,0,0,0.0,-3.5396880708415956e-05
2320.0,2023-01-22 07:38:59.999,3.0,,0.0,0.0,,,0.40515,12.9865,165089.0,3466.56,0.0,9999.646031192917,0.0,0.0,0.0,0.0,0,0,0,0.0,-3.5396880708415956e-05
2321.0,2023-01-22 07:39:59.999,3.0,,0.0,0.0,,,0.405,12.9785,59187.0,743.87,0.0,9999.646031192917,0.0,0.0,0.0,0.0,0,0,0,0.0,-3.5396880708415956e-05
2322.0,2023-01-22 07:40:59.999,3.0,,0.0,0.0,,,0.4048,12.974,203138.0,773.52,0.0,9999.646031192917,0.0,0.0,0.0,0.0,0,0,0,0.0,-3.5396880708415956e-05
2323.0,2023-01-22 07:41:59.999,3.0,,0.0,0.0,,,0.4047,12.979,37789.0,174.33,0.0,9999.646031192917,0.0,0.0,0.0,0.0,0,0,0,0.0,-3.5396880708415956e-05
2324.0,2023-01-22 07:42:59.999,3.0,,0.0,0.0,,,0.4047,12.979,59630.0,574.6,0.0,9999.646031192917,0.0,0.0,0.0,0.0,0,0,0,0.0,-3.5396880708415956e-05
2325.0,2023-01-22 07:43:59.999,3.0,,0.0,0.0,,,0.40465,12.9675,35219.0,3865.38,0.0,9999.646031192917,0.0,0.0,0.0,0.0,0,0,0,0.0,-3.5396880708415956e-05
2326.0,2023-01-22 07:44:59.999,3.0,,0.0,0.0,,,0.4047,12.9665,88725.0,5651.47,0.0,9999.646031192917,0.0,0.0,0.0,0.0,0,0,0,0.0,-3.5396880708415956e-05
2327.0,2023-01-22 07:45:59.999,3.0,,0.0,0.0,,,0.40475,12.9795,60169.0,450.51,0.0,9999.646031192917,0.0,0.0,0.0,0.0,0,0,0,0.0,-3.5396880708415956e-05
2328.0,2023-01-22 07:46:59.999,3.0,,0.0,0.0,,,0.40475,12.993,85127.0,1720.18,0.0,9999.646031192917,0.0,0.0,0.0,0.0,0,0,0,0.0,-3.5396880708415956e-05
2329.0,2023-01-22 07:47:59.999,3.0,,0.0,0.0,,,0.40465,13.017,23374.0,45020.53,0.0,9999.646031192917,0.0,0.0,0.0,0.0,0,0,0,0.0,-3.5396880708415956e-05
2330.0,2023-01-22 07:48:59.999,3.0,,0.0,0.0,,,0.40475,13.0125,187869.0,12409.65,0.0,9999.646031192917,0.0,0.0,0.0,0.0,0,0,0,0.0,-3.5396880708415956e-05
2331.0,2023-01-22 07:49:59.999,3.0,,0.0,0.0,,,0.4045999999999999,13.0245,206777.0,1539.14,0.0,9999.646031192917,0.0,0.0,0.0,0.0,0,0,0,0.0,-3.5396880708415956e-05
2332.0,2023-01-22 07:50:59.999,3.0,,0.0,0.0,,,0.40445,13.0105,30879.0,2791.12,0.0,9999.646031192917,0.0,0.0,0.0,0.0,0,0,0,0.0,-3.5396880708415956e-05
2333.0,2023-01-22 07:51:59.999,3.0,,0.0,0.0,,,0.40445,13.0125,18115.0,1780.23,0.0,9999.646031192917,0.0,0.0,0.0,0.0,0,0,0,0.0,-3.5396880708415956e-05
2334.0,2023-01-22 07:52:59.999,3.0,,0.0,0.0,,,0.4044999999999999,13.0315,143842.0,3104.36,0.0,9999.646031192917,0.0,0.0,0.0,0.0,0,0,0,0.0,-3.5396880708415956e-05
2335.0,2023-01-22 07:53:59.999,3.0,,0.0,0.0,,,0.40465,13.0245,106799.0,3191.02,0.0,9999.646031192917,0.0,0.0,0.0,0.0,0,0,0,0.0,-3.5396880708415956e-05
2336.0,2023-01-22 07:54:59.999,3.0,,0.0,0.0,,,0.40485,13.011,130204.0,368.89,0.0,9999.646031192917,0.0,0.0,0.0,0.0,0,0,0,0.0,-3.5396880708415956e-05
2337.0,2023-01-22 07:55:59.999,3.0,,0.0,0.0,,,0.40475,13.013,80491.0,1928.98,0.0,9999.646031192917,0.0,0.0,0.0,0.0,0,0,0,0.0,-3.5396880708415956e-05
2338.0,2023-01-22 07:56:59.999,3.0,,0.0,0.0,,,0.40455,13.04,19753.0,4831.31,0.0,9999.646031192917,0.0,0.0,0.0,0.0,0,0,0,0.0,-3.5396880708415956e-05
2339.0,2023-01-22 07:57:59.999,3.0,,0.0,0.0,,,0.40455,13.0505,19162.0,913.25,0.0,9999.646031192917,0.0,0.0,0.0,0.0,0,0,0,0.0,-3.5396880708415956e-05
2340.0,2023-01-22 07:58:59.999,3.0,,0.0,0.0,,,0.40455,13.0425,48119.0,4482.35,0.0,9999.646031192917,0.0,0.0,0.0,0.0,0,0,0,0.0,-3.5396880708415956e-05
2341.0,2023-01-22 07:59:59.999,3.0,,0.0,0.0,,,0.40455,13.0385,45064.0,1605.97,0.0,9999.646031192917,0.0,0.0,0.0,0.0,0,0,0,0.0,-3.5396880708415956e-05
2342.0,2023-01-22 08:00:59.999,3.0,,0.0,0.0,,,0.4044999999999999,13.0285,129839.0,667.49,0.0,9999.646031192917,0.0,0.0,0.0,0.0,0,0,0,0.0,-3.5396880708415956e-05
2343.0,2023-01-22 08:01:59.999,3.0,,0.0,0.0,,,0.4044999999999999,13.0285,51462.0,854.24,0.0,9999.646031192917,0.0,0.0,0.0,0.0,0,0,0,0.0,-3.5396880708415956e-05
2344.0,2023-01-22 08:02:59.999,3.0,,0.0,0.0,,,0.4044,13.013,64152.0,1841.19,0.0,9999.646031192917,0.0,0.0,0.0,0.0,0,0,0,0.0,-3.5396880708415956e-05
2345.0,2023-01-22 08:03:59.999,3.0,,0.0,0.0,,,0.40425,13.0195,64680.0,1936.86,0.0,9999.646031192917,0.0,0.0,0.0,0.0,0,0,0,0.0,-3.5396880708415956e-05
2346.0,2023-01-22 08:04:59.999,3.0,,0.0,0.0,,,0.40425,13.052,6994.0,1682.46,0.0,9999.646031192917,0.0,0.0,0.0,0.0,0,0,0,0.0,-3.5396880708415956e-05
2347.0,2023-01-22 08:05:59.999,3.0,,0.0,0.0,,,0.40425,13.063,231187.0,21281.62,0.0,9999.646031192917,0.0,0.0,0.0,0.0,0,0,0,0.0,-3.5396880708415956e-05
2348.0,2023-01-22 08:06:59.999,3.0,,0.0,0.0,,,0.40425,13.012,14326.0,65696.2,0.0,9999.646031192917,0.0,0.0,0.0,0.0,0,0,0,0.0,-3.5396880708415956e-05
2349.0,2023-01-22 08:07:59.999,3.0,,0.0,0.0,,,0.40415,12.975,36439.0,21830.63,0.0,9999.646031192917,0.0,0.0,0.0,0.0,0,0,0,0.0,-3.5396880708415956e-05
2350.0,2023-01-22 08:08:59.999,3.0,,0.0,0.0,,,0.40415,12.9505,233622.0,11694.36,0.0,9999.646031192917,0.0,0.0,0.0,0.0,0,0,0,0.0,-3.5396880708415956e-05
2351.0,2023-01-22 08:09:59.999,3.0,,0.0,0.0,,,0.40415,12.932,163402.0,6285.49,0.0,9999.646031192917,0.0,0.0,0.0,0.0,0,0,0,0.0,-3.5396880708415956e-05
2352.0,2023-01-22 08:10:59.999,3.0,,0.0,0.0,,,0.4041,12.9245,55469.0,1328.2,0.0,9999.646031192917,0.0,0.0,0.0,0.0,0,0,0,0.0,-3.5396880708415956e-05
2353.0,2023-01-22 08:11:59.999,3.0,,0.0,0.0,,,0.40405,12.928,939719.0,1081.85,0.0,9999.646031192917,0.0,0.0,0.0,0.0,0,0,0,0.0,-3.5396880708415956e-05
2354.0,2023-01-22 08:12:59.999,3.0,,0.0,0.0,,,0.4042,12.935,89242.0,844.03,0.0,9999.646031192917,0.0,0.0,0.0,0.0,0,0,0,0.0,-3.5396880708415956e-05
2355.0,2023-01-22 08:13:59.999,3.0,,0.0,0.0,,,0.40405,12.914,54591.0,3494.09,0.0,9999.646031192917,0.0,0.0,0.0,0.0,0,0,0,0.0,-3.5396880708415956e-05
2356.0,2023-01-22 08:14:59.999,3.0,,0.0,0.0,,,0.40395,12.9055,79140.0,1150.23,0.0,9999.646031192917,0.0,0.0,0.0,0.0,0,0,0,0.0,-3.5396880708415956e-05
2357.0,2023-01-22 08:15:59.999,3.0,,0.0,0.0,,,0.4035999999999999,12.9025,198830.0,1135.06,0.0,9999.646031192917,0.0,0.0,0.0,0.0,0,0,0,0.0,-3.5396880708415956e-05
2358.0,2023-01-22 08:16:59.999,3.0,,0.0,0.0,,,0.4032,12.894,154287.0,3187.67,0.0,9999.646031192917,0.0,0.0,0.0,0.0,0,0,0,0.0,-3.5396880708415956e-05
2359.0,2023-01-22 08:17:59.999,3.0,,0.0,0.0,,,0.4036499999999999,12.9265,137298.0,3651.57,0.0,9999.646031192917,0.0,0.0,0.0,0.0,0,0,0,0.0,-3.5396880708415956e-05
2360.0,2023-01-22 08:18:59.999,3.0,,0.0,0.0,,,0.404,12.9495,94126.0,6210.94,0.0,9999.646031192917,0.0,0.0,0.0,0.0,0,0,0,0.0,-3.5396880708415956e-05
2361.0,2023-01-22 08:19:59.999,3.0,,0.0,0.0,,,0.404,12.9695,76320.0,425.22,0.0,9999.646031192917,0.0,0.0,0.0,0.0,0,0,0,0.0,-3.5396880708415956e-05
2362.0,2023-01-22 08:20:59.999,3.0,,0.0,0.0,,,0.40405,12.979,56346.0,1457.06,0.0,9999.646031192917,0.0,0.0,0.0,0.0,0,0,0,0.0,-3.5396880708415956e-05
2363.0,2023-01-22 08:21:59.999,3.0,,0.0,0.0,,,0.40405,12.9815,163662.0,1771.25,0.0,9999.646031192917,0.0,0.0,0.0,0.0,0,0,0,0.0,-3.5396880708415956e-05
2364.0,2023-01-22 08:22:59.999,3.0,,0.0,0.0,,,0.40425,12.9845,136915.0,647.07,0.0,9999.646031192917,0.0,0.0,0.0,0.0,0,0,0,0.0,-3.5396880708415956e-05
2365.0,2023-01-22 08:23:59.999,3.0,,0.0,0.0,,,0.4044,12.988,52988.0,263.75,0.0,9999.646031192917,0.0,0.0,0.0,0.0,0,0,0,0.0,-3.5396880708415956e-05
2366.0,2023-01-22 08:24:59.999,3.0,,0.0,0.0,,,0.4044,12.9995,37327.0,9564.67,0.0,9999.646031192917,0.0,0.0,0.0,0.0,0,0,0,0.0,-3.5396880708415956e-05
2367.0,2023-01-22 08:25:59.999,3.0,,0.0,0.0,,,0.40435,13.011500000000002,22786.0,920.88,0.0,9999.646031192917,0.0,0.0,0.0,0.0,0,0,0,0.0,-3.5396880708415956e-05
2368.0,2023-01-22 08:26:59.999,3.0,,0.0,0.0,,,0.40435,13.012,8461.0,446.22,0.0,9999.646031192917,0.0,0.0,0.0,0.0,0,0,0,0.0,-3.5396880708415956e-05
2369.0,2023-01-22 08:27:59.999,3.0,,0.0,0.0,,,0.40425,13.0095,169534.0,968.79,0.0,9999.646031192917,0.0,0.0,0.0,0.0,0,0,0,0.0,-3.5396880708415956e-05
2370.0,2023-01-22 08:28:59.999,3.0,,0.0,0.0,,,0.40425,13.013,115383.0,1088.98,0.0,9999.646031192917,0.0,0.0,0.0,0.0,0,0,0,0.0,-3.5396880708415956e-05
2371.0,2023-01-22 08:29:59.999,3.0,,0.0,0.0,,,0.40435,13.019,28969.0,373.92,0.0,9999.646031192917,0.0,0.0,0.0,0.0,0,0,0,0.0,-3.5396880708415956e-05
2372.0,2023-01-22 08:30:59.999,3.0,,0.0,0.0,,,0.4042,13.035,61219.0,28331.88,0.0,9999.646031192917,0.0,0.0,0.0,0.0,0,0,0,0.0,-3.5396880708415956e-05
2373.0,2023-01-22 08:31:59.999,3.0,,0.0,0.0,,,0.40415,13.0695,68696.0,2768.13,0.0,9999.646031192917,0.0,0.0,0.0,0.0,0,0,0,0.0,-3.5396880708415956e-05
2374.0,2023-01-22 08:32:59.999,3.0,,0.0,0.0,,,0.40425,13.0585,72991.0,5086.06,0.0,9999.646031192917,0.0,0.0,0.0,0.0,0,0,0,0.0,-3.5396880708415956e-05
2375.0,2023-01-22 08:33:59.999,3.0,,0.0,0.0,,,0.4045499999999999,13.036,39733.0,481.49,0.0,9999.646031192917,0.0,0.0,0.0,0.0,0,0,0,0.0,-3.5396880708415956e-05
2376.0,2023-01-22 08:34:59.999,3.0,,0.0,0.0,,,0.4047,13.057,70360.0,3692.55,0.0,9999.646031192917,0.0,0.0,0.0,0.0,0,0,0,0.0,-3.5396880708415956e-05
2377.0,2023-01-22 08:35:59.999,3.0,,0.0,0.0,,,0.40495,13.066,226444.0,972.48,0.0,9999.646031192917,0.0,0.0,0.0,0.0,0,0,0,0.0,-3.5396880708415956e-05
2378.0,2023-01-22 08:36:59.999,3.0,,0.0,0.0,,,0.40505,13.064,17283.0,374.63,0.0,9999.646031192917,0.0,0.0,0.0,0.0,0,0,0,0.0,-3.5396880708415956e-05
2379.0,2023-01-22 08:37:59.999,3.0,,0.0,0.0,,,0.40505,13.075,15539.0,2165.15,0.0,9999.646031192917,0.0,0.0,0.0,0.0,0,0,0,0.0,-3.5396880708415956e-05
2380.0,2023-01-22 08:38:59.999,3.0,,0.0,0.0,,,0.405,13.087,86165.0,1616.25,0.0,9999.646031192917,0.0,0.0,0.0,0.0,0,0,0,0.0,-3.5396880708415956e-05
2381.0,2023-01-22 08:39:59.999,3.0,,0.0,0.0,,,0.40515,13.093,310030.0,3718.15,0.0,9999.646031192917,0.0,0.0,0.0,0.0,0,0,0,0.0,-3.5396880708415956e-05
2382.0,2023-01-22 08:40:59.999,3.0,,0.0,0.0,,,0.40545,13.105,28850.0,2828.35,0.0,9999.646031192917,0.0,0.0,0.0,0.0,0,0,0,0.0,-3.5396880708415956e-05
2383.0,2023-01-22 08:41:59.999,3.0,,0.0,0.0,,,0.4055499999999999,13.113,36763.0,6017.74,0.0,9999.646031192917,0.0,0.0,0.0,0.0,0,0,0,0.0,-3.5396880708415956e-05
2384.0,2023-01-22 08:42:59.999,3.0,,0.0,0.0,,,0.4055499999999999,13.109,40706.0,2159.12,0.0,9999.646031192917,0.0,0.0,0.0,0.0,0,0,0,0.0,-3.5396880708415956e-05
2385.0,2023-01-22 08:43:59.999,3.0,,0.0,0.0,,,0.40565,13.1255,120651.0,2173.5,0.0,9999.646031192917,0.0,0.0,0.0,0.0,0,0,0,0.0,-3.5396880708415956e-05
2386.0,2023-01-22 08:44:59.999,3.0,,0.0,0.0,,,0.40575,13.1375,228903.0,3964.38,0.0,9999.646031192917,0.0,0.0,0.0,0.0,0,0,0,0.0,-3.5396880708415956e-05
2387.0,2023-01-22 08:45:59.999,3.0,,0.0,0.0,,,0.40575,13.1375,30112.0,4193.65,0.0,9999.646031192917,0.0,0.0,0.0,0.0,0,0,0,0.0,-3.5396880708415956e-05
2388.0,2023-01-22 08:46:59.999,3.0,,0.0,0.0,,,0.40565,13.156,52615.0,4583.06,0.0,9999.646031192917,0.0,0.0,0.0,0.0,0,0,0,0.0,-3.5396880708415956e-05
2389.0,2023-01-22 08:47:59.999,3.0,,0.0,0.0,,,0.40565,13.127,32051.0,21551.29,0.0,9999.646031192917,0.0,0.0,0.0,0.0,0,0,0,0.0,-3.5396880708415956e-05
2390.0,2023-01-22 08:48:59.999,3.0,,0.0,0.0,,,0.4056,13.109,77070.0,10434.06,0.0,9999.646031192917,0.0,0.0,0.0,0.0,0,0,0,0.0,-3.5396880708415956e-05
2391.0,2023-01-22 08:49:59.999,3.0,,0.0,0.0,,,0.40545,13.1145,122360.0,1878.26,0.0,9999.646031192917,0.0,0.0,0.0,0.0,0,0,0,0.0,-3.5396880708415956e-05
2392.0,2023-01-22 08:50:59.999,3.0,,0.0,0.0,,,0.4055499999999999,13.1175,149841.0,1103.06,0.0,9999.646031192917,0.0,0.0,0.0,0.0,0,0,0,0.0,-3.5396880708415956e-05
2393.0,2023-01-22 08:51:59.999,3.0,,0.0,0.0,,,0.40545,13.101,122836.0,2531.77,0.0,9999.646031192917,0.0,0.0,0.0,0.0,0,0,0,0.0,-3.5396880708415956e-05
2394.0,2023-01-22 08:52:59.999,3.0,,0.0,0.0,,,0.40545,13.105,3793.0,2279.83,0.0,9999.646031192917,0.0,0.0,0.0,0.0,0,0,0,0.0,-3.5396880708415956e-05
2395.0,2023-01-22 08:53:59.999,3.0,,0.0,0.0,,,0.4053,13.1015,48853.0,570.53,0.0,9999.646031192917,0.0,0.0,0.0,0.0,0,0,0,0.0,-3.5396880708415956e-05
2396.0,2023-01-22 08:54:59.999,3.0,,0.0,0.0,,,0.40525,13.0925,63523.0,1025.89,0.0,9999.646031192917,0.0,0.0,0.0,0.0,0,0,0,0.0,-3.5396880708415956e-05
2397.0,2023-01-22 08:55:59.999,3.0,,0.0,0.0,,,0.40525,13.0955,36822.0,1543.26,0.0,9999.646031192917,0.0,0.0,0.0,0.0,0,0,0,0.0,-3.5396880708415956e-05
2398.0,2023-01-22 08:56:59.999,3.0,,0.0,0.0,,,0.4049,13.0875,151443.0,2254.71,0.0,9999.646031192917,0.0,0.0,0.0,0.0,0,0,0,0.0,-3.5396880708415956e-05
2399.0,2023-01-22 08:57:59.999,3.0,,0.0,0.0,,,0.40485,13.088,41888.0,39.24,0.0,9999.646031192917,0.0,0.0,0.0,0.0,0,0,0,0.0,-3.5396880708415956e-05
2400.0,2023-01-22 08:58:59.999,3.0,,0.0,0.0,,,0.405,13.091,83903.0,1102.92,0.0,9999.646031192917,0.0,0.0,0.0,0.0,0,0,0,0.0,-3.5396880708415956e-05
2401.0,2023-01-22 08:59:59.999,3.0,,0.0,0.0,,,0.40495,13.098,24232.0,841.67,0.0,9999.646031192917,0.0,0.0,0.0,0.0,0,0,0,0.0,-3.5396880708415956e-05
2402.0,2023-01-22 09:00:59.999,3.0,,0.0,0.0,,,0.405,13.0915,97513.0,1240.88,0.0,9999.646031192917,0.0,0.0,0.0,0.0,0,0,0,0.0,-3.5396880708415956e-05
2403.0,2023-01-22 09:01:59.999,3.0,,0.0,0.0,,,0.4047,13.0845,70736.0,725.95,0.0,9999.646031192917,0.0,0.0,0.0,0.0,0,0,0,0.0,-3.5396880708415956e-05
2404.0,2023-01-22 09:02:59.999,3.0,,0.0,0.0,,,0.40475,13.082,33730.0,630.51,0.0,9999.646031192917,0.0,0.0,0.0,0.0,0,0,0,0.0,-3.5396880708415956e-05
2405.0,2023-01-22 09:03:59.999,3.0,,0.0,0.0,,,0.4047,13.0785,21594.0,703.14,0.0,9999.646031192917,0.0,0.0,0.0,0.0,0,0,0,0.0,-3.5396880708415956e-05
2406.0,2023-01-22 09:04:59.999,3.0,,0.0,0.0,,,0.40445,13.0645,149927.0,7298.81,0.0,9999.646031192917,0.0,0.0,0.0,0.0,0,0,0,0.0,-3.5396880708415956e-05
2407.0,2023-01-22 09:05:59.999,3.0,,0.0,0.0,,,0.4041,13.0335,77495.0,4627.83,0.0,9999.646031192917,0.0,0.0,0.0,0.0,0,0,0,0.0,-3.5396880708415956e-05
2408.0,2023-01-22 09:06:59.999,3.0,,0.0,0.0,,,0.40435,13.038,82866.0,750.41,0.0,9999.646031192917,0.0,0.0,0.0,0.0,0,0,0,0.0,-3.5396880708415956e-05
2409.0,2023-01-22 09:07:59.999,3.0,,0.0,0.0,,,0.4044,13.045,43779.0,1072.65,0.0,9999.646031192917,0.0,0.0,0.0,0.0,0,0,0,0.0,-3.5396880708415956e-05
2410.0,2023-01-22 09:08:59.999,3.0,,0.0,0.0,,,0.40425,13.0395,31791.0,642.45,0.0,9999.646031192917,0.0,0.0,0.0,0.0,0,0,0,0.0,-3.5396880708415956e-05
2411.0,2023-01-22 09:09:59.999,3.0,,0.0,0.0,,,0.4042,13.044,69334.0,319.21,0.0,9999.646031192917,0.0,0.0,0.0,0.0,0,0,0,0.0,-3.5396880708415956e-05
2412.0,2023-01-22 09:10:59.999,3.0,,0.0,0.0,,,0.40425,13.049,78459.0,329.9,0.0,9999.646031192917,0.0,0.0,0.0,0.0,0,0,0,0.0,-3.5396880708415956e-05
2413.0,2023-01-22 09:11:59.999,3.0,,0.0,0.0,,,0.4042,13.061,136395.0,6438.16,0.0,9999.646031192917,0.0,0.0,0.0,0.0,0,0,0,0.0,-3.5396880708415956e-05
2414.0,2023-01-22 09:12:59.999,3.0,,0.0,0.0,,,0.40425,13.076,90362.0,1195.35,0.0,9999.646031192917,0.0,0.0,0.0,0.0,0,0,0,0.0,-3.5396880708415956e-05
2415.0,2023-01-22 09:13:59.999,3.0,,0.0,0.0,,,0.40425,13.082,104649.0,75.46,0.0,9999.646031192917,0.0,0.0,0.0,0.0,0,0,0,0.0,-3.5396880708415956e-05
2416.0,2023-01-22 09:14:59.999,3.0,,0.0,0.0,,,0.4043,13.086,70138.0,408.96,0.0,9999.646031192917,0.0,0.0,0.0,0.0,0,0,0,0.0,-3.5396880708415956e-05
2417.0,2023-01-22 09:15:59.999,3.0,,0.0,0.0,,,0.40425,13.084499999999998,80881.0,2929.51,0.0,9999.646031192917,0.0,0.0,0.0,0.0,0,0,0,0.0,-3.5396880708415956e-05
2418.0,2023-01-22 09:16:59.999,3.0,,0.0,0.0,,,0.4044,13.104,148147.0,1123.48,0.0,9999.646031192917,0.0,0.0,0.0,0.0,0,0,0,0.0,-3.5396880708415956e-05
2419.0,2023-01-22 09:17:59.999,3.0,,0.0,0.0,,,0.40445,13.1025,94031.0,644.54,0.0,9999.646031192917,0.0,0.0,0.0,0.0,0,0,0,0.0,-3.5396880708415956e-05
2420.0,2023-01-22 09:18:59.999,3.0,,0.0,0.0,,,0.4044,13.0995,42272.0,1247.24,0.0,9999.646031192917,0.0,0.0,0.0,0.0,0,0,0,0.0,-3.5396880708415956e-05
2421.0,2023-01-22 09:19:59.999,3.0,,0.0,0.0,,,0.40435,13.095,23490.0,555.44,0.0,9999.646031192917,0.0,0.0,0.0,0.0,0,0,0,0.0,-3.5396880708415956e-05
2422.0,2023-01-22 09:20:59.999,3.0,,0.0,0.0,,,0.40435,13.094,97746.0,401.56,0.0,9999.646031192917,0.0,0.0,0.0,0.0,0,0,0,0.0,-3.5396880708415956e-05
2423.0,2023-01-22 09:21:59.999,3.0,,0.0,0.0,,,0.4044,13.098,49629.0,308.36,0.0,9999.646031192917,0.0,0.0,0.0,0.0,0,0,0,0.0,-3.5396880708415956e-05
2424.0,2023-01-22 09:22:59.999,3.0,,0.0,0.0,,,0.40435,13.091,157067.0,1305.81,0.0,9999.646031192917,0.0,0.0,0.0,0.0,0,0,0,0.0,-3.5396880708415956e-05
2425.0,2023-01-22 09:23:59.999,3.0,,0.0,0.0,,,0.4043,13.0895,93290.0,326.97,0.0,9999.646031192917,0.0,0.0,0.0,0.0,0,0,0,0.0,-3.5396880708415956e-05
2426.0,2023-01-22 09:24:59.999,3.0,,0.0,0.0,,,0.40435,13.0945,34257.0,2.94,0.0,9999.646031192917,0.0,0.0,0.0,0.0,0,0,0,0.0,-3.5396880708415956e-05
2427.0,2023-01-22 09:25:59.999,3.0,,0.0,0.0,,,0.40435,13.09,65321.0,498.24,0.0,9999.646031192917,0.0,0.0,0.0,0.0,0,0,0,0.0,-3.5396880708415956e-05
2428.0,2023-01-22 09:26:59.999,3.0,,0.0,0.0,,,0.40455,13.087,72031.0,360.94,0.0,9999.646031192917,0.0,0.0,0.0,0.0,0,0,0,0.0,-3.5396880708415956e-05
2429.0,2023-01-22 09:27:59.999,3.0,,0.0,0.0,,,0.40455,13.081499999999998,6520.0,1606.19,0.0,9999.646031192917,0.0,0.0,0.0,0.0,0,0,0,0.0,-3.5396880708415956e-05
2430.0,2023-01-22 09:28:59.999,3.0,,0.0,0.0,,,0.4044999999999999,13.0675,148925.0,1398.19,0.0,9999.646031192917,0.0,0.0,0.0,0.0,0,0,0,0.0,-3.5396880708415956e-05
2431.0,2023-01-22 09:29:59.999,3.0,,0.0,0.0,,,0.4044999999999999,13.067,48802.0,1083.61,0.0,9999.646031192917,0.0,0.0,0.0,0.0,0,0,0,0.0,-3.5396880708415956e-05
2432.0,2023-01-22 09:30:59.999,3.0,,0.0,0.0,,,0.4047,13.054,71552.0,2970.51,0.0,9999.646031192917,0.0,0.0,0.0,0.0,0,0,0,0.0,-3.5396880708415956e-05
2433.0,2023-01-22 09:31:59.999,3.0,,0.0,0.0,,,0.4047,13.044,66503.0,1279.47,0.0,9999.646031192917,0.0,0.0,0.0,0.0,0,0,0,0.0,-3.5396880708415956e-05
2434.0,2023-01-22 09:32:59.999,3.0,,0.0,0.0,,,0.40465,13.068,111423.0,13411.74,0.0,9999.646031192917,0.0,0.0,0.0,0.0,0,0,0,0.0,-3.5396880708415956e-05
2435.0,2023-01-22 09:33:59.999,3.0,,0.0,0.0,,,0.40455,13.0905,8184.0,1040.13,0.0,9999.646031192917,0.0,0.0,0.0,0.0,0,0,0,0.0,-3.5396880708415956e-05
2436.0,2023-01-22 09:34:59.999,3.0,,0.0,0.0,,,0.4044999999999999,13.086,65486.0,965.76,0.0,9999.646031192917,0.0,0.0,0.0,0.0,0,0,0,0.0,-3.5396880708415956e-05
2437.0,2023-01-22 09:35:59.999,3.0,,0.0,0.0,,,0.40455,13.0715,26035.0,513.69,0.0,9999.646031192917,0.0,0.0,0.0,0.0,0,0,0,0.0,-3.5396880708415956e-05
2438.0,2023-01-22 09:36:59.999,3.0,,0.0,0.0,,,0.40435,13.0795,81154.0,438.54,0.0,9999.646031192917,0.0,0.0,0.0,0.0,0,0,0,0.0,-3.5396880708415956e-05
2439.0,2023-01-22 09:37:59.999,3.0,,0.0,0.0,,,0.404,13.061,275890.0,11218.56,0.0,9999.646031192917,0.0,0.0,0.0,0.0,0,0,0,0.0,-3.5396880708415956e-05
2440.0,2023-01-22 09:38:59.999,3.0,,0.0,0.0,,,0.40415,13.051,42367.0,794.43,0.0,9999.646031192917,0.0,0.0,0.0,0.0,0,0,0,0.0,-3.5396880708415956e-05
2441.0,2023-01-22 09:39:59.999,3.0,,0.0,0.0,,,0.404,13.0615,45801.0,58.76,0.0,9999.646031192917,0.0,0.0,0.0,0.0,0,0,0,0.0,-3.5396880708415956e-05
2442.0,2023-01-22 09:40:59.999,3.0,,0.0,0.0,,,0.40385,13.053999999999998,125544.0,1923.67,0.0,9999.646031192917,0.0,0.0,0.0,0.0,0,0,0,0.0,-3.5396880708415956e-05
2443.0,2023-01-22 09:41:59.999,3.0,,0.0,0.0,,,0.40365,13.044,42075.0,608.66,0.0,9999.646031192917,0.0,0.0,0.0,0.0,0,0,0,0.0,-3.5396880708415956e-05
2444.0,2023-01-22 09:42:59.999,3.0,,0.0,0.0,,,0.40365,13.0465,41016.0,3026.71,0.0,9999.646031192917,0.0,0.0,0.0,0.0,0,0,0,0.0,-3.5396880708415956e-05
2445.0,2023-01-22 09:43:59.999,3.0,,0.0,0.0,,,0.4036,13.035,30978.0,404.47,0.0,9999.646031192917,0.0,0.0,0.0,0.0,0,0,0,0.0,-3.5396880708415956e-05
2446.0,2023-01-22 09:44:59.999,3.0,,0.0,0.0,,,0.40365,13.0465,74322.0,846.77,0.0,9999.646031192917,0.0,0.0,0.0,0.0,0,0,0,0.0,-3.5396880708415956e-05
2447.0,2023-01-22 09:45:59.999,3.0,,0.0,0.0,,,0.4039,13.0555,52743.0,327.45,0.0,9999.646031192917,0.0,0.0,0.0,0.0,0,0,0,0.0,-3.5396880708415956e-05
2448.0,2023-01-22 09:46:59.999,3.0,,0.0,0.0,,,0.40415,13.062,28568.0,645.01,0.0,9999.646031192917,0.0,0.0,0.0,0.0,0,0,0,0.0,-3.5396880708415956e-05
2449.0,2023-01-22 09:47:59.999,3.0,,0.0,0.0,,,0.4041,13.057,98295.0,754.18,0.0,9999.646031192917,0.0,0.0,0.0,0.0,0,0,0,0.0,-3.5396880708415956e-05
2450.0,2023-01-22 09:48:59.999,3.0,,0.0,0.0,,,0.4039,13.0555,68247.0,1253.23,0.0,9999.646031192917,0.0,0.0,0.0,0.0,0,0,0,0.0,-3.5396880708415956e-05
2451.0,2023-01-22 09:49:59.999,3.0,,0.0,0.0,,,0.40375,13.064,36796.0,141.2,0.0,9999.646031192917,0.0,0.0,0.0,0.0,0,0,0,0.0,-3.5396880708415956e-05
2452.0,2023-01-22 09:50:59.999,3.0,,0.0,0.0,,,0.4038,13.058,91545.0,477.27,0.0,9999.646031192917,0.0,0.0,0.0,0.0,0,0,0,0.0,-3.5396880708415956e-05
2453.0,2023-01-22 09:51:59.999,3.0,,0.0,0.0,,,0.40365,13.042000000000002,86223.0,640.48,0.0,9999.646031192917,0.0,0.0,0.0,0.0,0,0,0,0.0,-3.5396880708415956e-05
2454.0,2023-01-22 09:52:59.999,3.0,,0.0,0.0,,,0.40365,13.0465,116615.0,613.05,0.0,9999.646031192917,0.0,0.0,0.0,0.0,0,0,0,0.0,-3.5396880708415956e-05
2455.0,2023-01-22 09:53:59.999,3.0,,0.0,0.0,,,0.4034999999999999,13.036,31493.0,2765.56,0.0,9999.646031192917,0.0,0.0,0.0,0.0,0,0,0,0.0,-3.5396880708415956e-05
2456.0,2023-01-22 09:54:59.999,3.0,,0.0,0.0,,,0.40345,13.028,38916.0,320.94,0.0,9999.646031192917,0.0,0.0,0.0,0.0,0,0,0,0.0,-3.5396880708415956e-05
2457.0,2023-01-22 09:55:59.999,3.0,,0.0,0.0,,,0.4034,13.024,81165.0,543.19,0.0,9999.646031192917,0.0,0.0,0.0,0.0,0,0,0,0.0,-3.5396880708415956e-05
2458.0,2023-01-22 09:56:59.999,3.0,,0.0,0.0,,,0.4033,13.013,79693.0,1977.1,0.0,9999.646031192917,0.0,0.0,0.0,0.0,0,0,0,0.0,-3.5396880708415956e-05
2459.0,2023-01-22 09:57:59.999,3.0,,0.0,0.0,,,0.40345,13.0275,45791.0,961.19,0.0,9999.646031192917,0.0,0.0,0.0,0.0,0,0,0,0.0,-3.5396880708415956e-05
2460.0,2023-01-22 09:58:59.999,3.0,,0.0,0.0,,,0.4034999999999999,13.0285,66252.0,4033.22,0.0,9999.646031192917,0.0,0.0,0.0,0.0,0,0,0,0.0,-3.5396880708415956e-05
2461.0,2023-01-22 09:59:59.999,3.0,,0.0,0.0,,,0.4034999999999999,13.021,34931.0,293.07,0.0,9999.646031192917,0.0,0.0,0.0,0.0,0,0,0,0.0,-3.5396880708415956e-05
2462.0,2023-01-22 10:00:59.999,3.0,,0.0,0.0,,,0.40325,13.002,448931.0,2767.75,0.0,9999.646031192917,0.0,0.0,0.0,0.0,0,0,0,0.0,-3.5396880708415956e-05
2463.0,2023-01-22 10:01:59.999,3.0,,0.0,0.0,,,0.4033,12.9955,52366.0,897.14,0.0,9999.646031192917,0.0,0.0,0.0,0.0,0,0,0,0.0,-3.5396880708415956e-05
2464.0,2023-01-22 10:02:59.999,3.0,,0.0,0.0,,,0.4034999999999999,13.0025,37971.0,867.49,0.0,9999.646031192917,0.0,0.0,0.0,0.0,0,0,0,0.0,-3.5396880708415956e-05
2465.0,2023-01-22 10:03:59.999,3.0,,0.0,0.0,,,0.4034999999999999,13.0,20870.0,589.86,0.0,9999.646031192917,0.0,0.0,0.0,0.0,0,0,0,0.0,-3.5396880708415956e-05
2466.0,2023-01-22 10:04:59.999,3.0,,0.0,0.0,,,0.40345,12.995,62320.0,770.38,0.0,9999.646031192917,0.0,0.0,0.0,0.0,0,0,0,0.0,-3.5396880708415956e-05
2467.0,2023-01-22 10:05:59.999,3.0,,0.0,0.0,,,0.4034,12.998,36157.0,478.48,0.0,9999.646031192917,0.0,0.0,0.0,0.0,0,0,0,0.0,-3.5396880708415956e-05
2468.0,2023-01-22 10:06:59.999,3.0,,0.0,0.0,,,0.40345,13.0015,102708.0,827.75,0.0,9999.646031192917,0.0,0.0,0.0,0.0,0,0,0,0.0,-3.5396880708415956e-05
2469.0,2023-01-22 10:07:59.999,3.0,,0.0,0.0,,,0.4034,13.0005,112275.0,718.29,0.0,9999.646031192917,0.0,0.0,0.0,0.0,0,0,0,0.0,-3.5396880708415956e-05
2470.0,2023-01-22 10:08:59.999,3.0,,0.0,0.0,,,0.40335,12.996,160706.0,571.82,0.0,9999.646031192917,0.0,0.0,0.0,0.0,0,0,0,0.0,-3.5396880708415956e-05
2471.0,2023-01-22 10:09:59.999,3.0,,0.0,0.0,,,0.40335,12.9965,86881.0,218.09,0.0,9999.646031192917,0.0,0.0,0.0,0.0,0,0,0,0.0,-3.5396880708415956e-05
2472.0,2023-01-22 10:10:59.999,3.0,,0.0,0.0,,,0.4034999999999999,12.9975,27535.0,685.45,0.0,9999.646031192917,0.0,0.0,0.0,0.0,0,0,0,0.0,-3.5396880708415956e-05
2473.0,2023-01-22 10:11:59.999,3.0,,0.0,0.0,,,0.40365,12.997,28795.0,366.97,0.0,9999.646031192917,0.0,0.0,0.0,0.0,0,0,0,0.0,-3.5396880708415956e-05
2474.0,2023-01-22 10:12:59.999,3.0,,0.0,0.0,,,0.40385,13.003,135643.0,179.75,0.0,9999.646031192917,0.0,0.0,0.0,0.0,0,0,0,0.0,-3.5396880708415956e-05
2475.0,2023-01-22 10:13:59.999,3.0,,0.0,0.0,,,0.4036499999999999,12.9985,160020.0,1225.62,0.0,9999.646031192917,0.0,0.0,0.0,0.0,0,0,0,0.0,-3.5396880708415956e-05
2476.0,2023-01-22 10:14:59.999,3.0,,0.0,0.0,,,0.40355,13.0045,9715.0,76.42,0.0,9999.646031192917,0.0,0.0,0.0,0.0,0,0,0,0.0,-3.5396880708415956e-05
2477.0,2023-01-22 10:15:59.999,3.0,,0.0,0.0,,,0.4034999999999999,13.0005,31692.0,364.91,0.0,9999.646031192917,0.0,0.0,0.0,0.0,0,0,0,0.0,-3.5396880708415956e-05
2478.0,2023-01-22 10:16:59.999,3.0,,0.0,0.0,,,0.4033,12.993,212859.0,421.54,0.0,9999.646031192917,0.0,0.0,0.0,0.0,0,0,0,0.0,-3.5396880708415956e-05
2479.0,2023-01-22 10:17:59.999,3.0,,0.0,0.0,,,0.40325,12.9855,63968.0,476.13,0.0,9999.646031192917,0.0,0.0,0.0,0.0,0,0,0,0.0,-3.5396880708415956e-05
2480.0,2023-01-22 10:18:59.999,3.0,,0.0,0.0,,,0.4034,12.991,121339.0,1076.19,0.0,9999.646031192917,0.0,0.0,0.0,0.0,0,0,0,0.0,-3.5396880708415956e-05
2481.0,2023-01-22 10:19:59.999,3.0,,0.0,0.0,,,0.40355,12.9965,48892.0,551.86,0.0,9999.646031192917,0.0,0.0,0.0,0.0,0,0,0,0.0,-3.5396880708415956e-05
2482.0,2023-01-22 10:20:59.999,3.0,,0.0,0.0,,,0.4036,12.9965,40172.0,469.98,0.0,9999.646031192917,0.0,0.0,0.0,0.0,0,0,0,0.0,-3.5396880708415956e-05
2483.0,2023-01-22 10:21:59.999,3.0,,0.0,0.0,,,0.4034999999999999,12.9965,20651.0,444.21,0.0,9999.646031192917,0.0,0.0,0.0,0.0,0,0,0,0.0,-3.5396880708415956e-05
2484.0,2023-01-22 10:22:59.999,3.0,,0.0,0.0,,,0.40345,12.997,45305.0,278.85,0.0,9999.646031192917,0.0,0.0,0.0,0.0,0,0,0,0.0,-3.5396880708415956e-05
2485.0,2023-01-22 10:23:59.999,3.0,,0.0,0.0,,,0.4033,12.9925,14275.0,285.82,0.0,9999.646031192917,0.0,0.0,0.0,0.0,0,0,0,0.0,-3.5396880708415956e-05
2486.0,2023-01-22 10:24:59.999,3.0,,0.0,0.0,,,0.4033,12.991,47564.0,1132.25,0.0,9999.646031192917,0.0,0.0,0.0,0.0,0,0,0,0.0,-3.5396880708415956e-05
2487.0,2023-01-22 10:25:59.999,3.0,,0.0,0.0,,,0.4034,12.9985,51997.0,542.94,0.0,9999.646031192917,0.0,0.0,0.0,0.0,0,0,0,0.0,-3.5396880708415956e-05
2488.0,2023-01-22 10:26:59.999,3.0,,0.0,0.0,,,0.40365,13.01,58407.0,1053.24,0.0,9999.646031192917,0.0,0.0,0.0,0.0,0,0,0,0.0,-3.5396880708415956e-05
2489.0,2023-01-22 10:27:59.999,3.0,,0.0,0.0,,,0.40375,13.0245,33868.0,508.68,0.0,9999.646031192917,0.0,0.0,0.0,0.0,0,0,0,0.0,-3.5396880708415956e-05
2490.0,2023-01-22 10:28:59.999,3.0,,0.0,0.0,,,0.40375,13.0235,25990.0,289.85,0.0,9999.646031192917,0.0,0.0,0.0,0.0,0,0,0,0.0,-3.5396880708415956e-05
2491.0,2023-01-22 10:29:59.999,3.0,,0.0,0.0,,,0.40385,13.026,30546.0,220.81,0.0,9999.646031192917,0.0,0.0,0.0,0.0,0,0,0,0.0,-3.5396880708415956e-05
2492.0,2023-01-22 10:30:59.999,3.0,,0.0,0.0,,,0.40405,13.027,95074.0,355.9,0.0,9999.646031192917,0.0,0.0,0.0,0.0,0,0,0,0.0,-3.5396880708415956e-05
2493.0,2023-01-22 10:31:59.999,3.0,,0.0,0.0,,,0.4042,13.0335,48651.0,676.74,0.0,9999.646031192917,0.0,0.0,0.0,0.0,0,0,0,0.0,-3.5396880708415956e-05
2494.0,2023-01-22 10:32:59.999,3.0,,0.0,0.0,,,0.40425,13.046,38867.0,672.47,0.0,9999.646031192917,0.0,0.0,0.0,0.0,0,0,0,0.0,-3.5396880708415956e-05
2495.0,2023-01-22 10:33:59.999,3.0,,0.0,0.0,,,0.4042,13.0475,51734.0,322.22,0.0,9999.646031192917,0.0,0.0,0.0,0.0,0,0,0,0.0,-3.5396880708415956e-05
2496.0,2023-01-22 10:34:59.999,3.0,,0.0,0.0,,,0.4042,13.0535,23403.0,1542.21,0.0,9999.646031192917,0.0,0.0,0.0,0.0,0,0,0,0.0,-3.5396880708415956e-05
2497.0,2023-01-22 10:35:59.999,3.0,,0.0,0.0,,,0.40425,13.0505,27221.0,933.47,0.0,9999.646031192917,0.0,0.0,0.0,0.0,0,0,0,0.0,-3.5396880708415956e-05
2498.0,2023-01-22 10:36:59.999,3.0,,0.0,0.0,,,0.40425,13.0505,12000.0,586.58,0.0,9999.646031192917,0.0,0.0,0.0,0.0,0,0,0,0.0,-3.5396880708415956e-05
2499.0,2023-01-22 10:37:59.999,3.0,,0.0,0.0,,,0.4044,13.0625,120640.0,574.07,0.0,9999.646031192917,0.0,0.0,0.0,0.0,0,0,0,0.0,-3.5396880708415956e-05
2500.0,2023-01-22 10:38:59.999,3.0,,0.0,0.0,,,0.40455,13.0625,61589.0,957.04,0.0,9999.646031192917,0.0,0.0,0.0,0.0,0,0,0,0.0,-3.5396880708415956e-05
2501.0,2023-01-22 10:39:59.999,3.0,,0.0,0.0,,,0.40465,13.072,15642.0,2475.0,0.0,9999.646031192917,0.0,0.0,0.0,0.0,0,0,0,0.0,-3.5396880708415956e-05
2502.0,2023-01-22 10:40:59.999,3.0,,0.0,0.0,,,0.4046,13.0825,164569.0,193.94,0.0,9999.646031192917,0.0,0.0,0.0,0.0,0,0,0,0.0,-3.5396880708415956e-05
2503.0,2023-01-22 10:41:59.999,3.0,,0.0,0.0,,,0.4046,13.0825,53075.0,281.24,0.0,9999.646031192917,0.0,0.0,0.0,0.0,0,0,0,0.0,-3.5396880708415956e-05
2504.0,2023-01-22 10:42:59.999,3.0,,0.0,0.0,,,0.4047,13.0845,261644.0,213.84,0.0,9999.646031192917,0.0,0.0,0.0,0.0,0,0,0,0.0,-3.5396880708415956e-05
2505.0,2023-01-22 10:43:59.999,3.0,,0.0,0.0,,,0.4048,13.0835,177362.0,523.4,0.0,9999.646031192917,0.0,0.0,0.0,0.0,0,0,0,0.0,-3.5396880708415956e-05
2506.0,2023-01-22 10:44:59.999,3.0,,0.0,0.0,,,0.40495,13.087,190507.0,1163.45,0.0,9999.646031192917,0.0,0.0,0.0,0.0,0,0,0,0.0,-3.5396880708415956e-05
2507.0,2023-01-22 10:45:59.999,3.0,,0.0,0.0,,,0.4047,13.0815,60702.0,1338.11,0.0,9999.646031192917,0.0,0.0,0.0,0.0,0,0,0,0.0,-3.5396880708415956e-05
2508.0,2023-01-22 10:46:59.999,3.0,,0.0,0.0,,,0.4047,13.0785,73669.0,1236.1,0.0,9999.646031192917,0.0,0.0,0.0,0.0,0,0,0,0.0,-3.5396880708415956e-05
2509.0,2023-01-22 10:47:59.999,3.0,,0.0,0.0,,,0.4046,13.0755,24584.0,1505.87,0.0,9999.646031192917,0.0,0.0,0.0,0.0,0,0,0,0.0,-3.5396880708415956e-05
2510.0,2023-01-22 10:48:59.999,3.0,,0.0,0.0,,,0.4044999999999999,13.084,33791.0,572.98,0.0,9999.646031192917,0.0,0.0,0.0,0.0,0,0,0,0.0,-3.5396880708415956e-05
2511.0,2023-01-22 10:49:59.999,3.0,,0.0,0.0,,,0.4045999999999999,13.0895,102195.0,789.12,0.0,9999.646031192917,0.0,0.0,0.0,0.0,0,0,0,0.0,-3.5396880708415956e-05
2512.0,2023-01-22 10:50:59.999,3.0,,0.0,0.0,,,0.4044,13.087,59942.0,305.96,0.0,9999.646031192917,0.0,0.0,0.0,0.0,0,0,0,0.0,-3.5396880708415956e-05
2513.0,2023-01-22 10:51:59.999,3.0,,0.0,0.0,,,0.4045999999999999,13.0885,127613.0,327.85,0.0,9999.646031192917,0.0,0.0,0.0,0.0,0,0,0,0.0,-3.5396880708415956e-05
2514.0,2023-01-22 10:52:59.999,3.0,,0.0,0.0,,,0.4048,13.0975,32171.0,1310.05,0.0,9999.646031192917,0.0,0.0,0.0,0.0,0,0,0,0.0,-3.5396880708415956e-05
2515.0,2023-01-22 10:53:59.999,3.0,,0.0,0.0,,,0.4047,13.1025,108507.0,838.65,0.0,9999.646031192917,0.0,0.0,0.0,0.0,0,0,0,0.0,-3.5396880708415956e-05
2516.0,2023-01-22 10:54:59.999,3.0,,0.0,0.0,,,0.4045499999999999,13.113,37052.0,3261.52,0.0,9999.646031192917,0.0,0.0,0.0,0.0,0,0,0,0.0,-3.5396880708415956e-05
2517.0,2023-01-22 10:55:59.999,3.0,,0.0,0.0,,,0.4045999999999999,13.115,50678.0,347.3,0.0,9999.646031192917,0.0,0.0,0.0,0.0,0,0,0,0.0,-3.5396880708415956e-05
2518.0,2023-01-22 10:56:59.999,3.0,,0.0,0.0,,,0.40475,13.1095,6320.0,578.43,0.0,9999.646031192917,0.0,0.0,0.0,0.0,0,0,0,0.0,-3.5396880708415956e-05
2519.0,2023-01-22 10:57:59.999,3.0,,0.0,0.0,,,0.4047,13.1125,42596.0,1572.73,0.0,9999.646031192917,0.0,0.0,0.0,0.0,0,0,0,0.0,-3.5396880708415956e-05
2520.0,2023-01-22 10:58:59.999,3.0,,0.0,0.0,,,0.40475,13.126,4625.0,377.21,0.0,9999.646031192917,0.0,0.0,0.0,0.0,0,0,0,0.0,-3.5396880708415956e-05
2521.0,2023-01-22 10:59:59.999,3.0,,0.0,0.0,,,0.4045999999999999,13.1205,174317.0,440.27,0.0,9999.646031192917,0.0,0.0,0.0,0.0,0,0,0,0.0,-3.5396880708415956e-05
2522.0,2023-01-22 11:00:59.999,3.0,,0.0,0.0,,,0.40475,13.1125,685210.0,3255.73,0.0,9999.646031192917,0.0,0.0,0.0,0.0,0,0,0,0.0,-3.5396880708415956e-05
2523.0,2023-01-22 11:01:59.999,3.0,,0.0,0.0,,,0.405,13.1075,109481.0,148.43,0.0,9999.646031192917,0.0,0.0,0.0,0.0,0,0,0,0.0,-3.5396880708415956e-05
2524.0,2023-01-22 11:02:59.999,3.0,,0.0,0.0,,,0.40495,13.1025,33474.0,1376.62,0.0,9999.646031192917,0.0,0.0,0.0,0.0,0,0,0,0.0,-3.5396880708415956e-05
2525.0,2023-01-22 11:03:59.999,3.0,,0.0,0.0,,,0.4048,13.0965,127757.0,236.46,0.0,9999.646031192917,0.0,0.0,0.0,0.0,0,0,0,0.0,-3.5396880708415956e-05
2526.0,2023-01-22 11:04:59.999,3.0,,0.0,0.0,,,0.4047,13.1025,80191.0,1114.64,0.0,9999.646031192917,0.0,0.0,0.0,0.0,0,0,0,0.0,-3.5396880708415956e-05
2527.0,2023-01-22 11:05:59.999,3.0,,0.0,0.0,,,0.4048,13.1235,124329.0,2835.85,0.0,9999.646031192917,0.0,0.0,0.0,0.0,0,0,0,0.0,-3.5396880708415956e-05
2528.0,2023-01-22 11:06:59.999,3.0,,0.0,0.0,,,0.40475,13.1215,82906.0,217.15,0.0,9999.646031192917,0.0,0.0,0.0,0.0,0,0,0,0.0,-3.5396880708415956e-05
2529.0,2023-01-22 11:07:59.999,3.0,,0.0,0.0,,,0.40485,13.132,70981.0,1140.87,0.0,9999.646031192917,0.0,0.0,0.0,0.0,0,0,0,0.0,-3.5396880708415956e-05
2530.0,2023-01-22 11:08:59.999,3.0,,0.0,0.0,,,0.405,13.1315,40565.0,138.04,0.0,9999.646031192917,0.0,0.0,0.0,0.0,0,0,0,0.0,-3.5396880708415956e-05
2531.0,2023-01-22 11:09:59.999,3.0,,0.0,0.0,,,0.4049,13.1365,127723.0,816.78,0.0,9999.646031192917,0.0,0.0,0.0,0.0,0,0,0,0.0,-3.5396880708415956e-05
2532.0,2023-01-22 11:10:59.999,3.0,,0.0,0.0,,,0.40475,13.1365,98231.0,255.42,0.0,9999.646031192917,0.0,0.0,0.0,0.0,0,0,0,0.0,-3.5396880708415956e-05
2533.0,2023-01-22 11:11:59.999,3.0,,0.0,0.0,,,0.4049,13.133,276591.0,272.93,0.0,9999.646031192917,0.0,0.0,0.0,0.0,0,0,0,0.0,-3.5396880708415956e-05
2534.0,2023-01-22 11:12:59.999,3.0,,0.0,0.0,,,0.40505,13.1475,38630.0,1526.88,0.0,9999.646031192917,0.0,0.0,0.0,0.0,0,0,0,0.0,-3.5396880708415956e-05
2535.0,2023-01-22 11:13:59.999,3.0,,0.0,0.0,,,0.4052,13.16,21867.0,1466.76,0.0,9999.646031192917,0.0,0.0,0.0,0.0,0,0,0,0.0,-3.5396880708415956e-05
2536.0,2023-01-22 11:14:59.999,3.0,,0.0,0.0,,,0.4051,13.16,66159.0,252.47,0.0,9999.646031192917,0.0,0.0,0.0,0.0,0,0,0,0.0,-3.5396880708415956e-05
2537.0,2023-01-22 11:15:59.999,3.0,,0.0,0.0,,,0.4049,13.1565,105263.0,474.97,0.0,9999.646031192917,0.0,0.0,0.0,0.0,0,0,0,0.0,-3.5396880708415956e-05
2538.0,2023-01-22 11:16:59.999,3.0,,0.0,0.0,,,0.40495,13.15,161919.0,464.12,0.0,9999.646031192917,0.0,0.0,0.0,0.0,0,0,0,0.0,-3.5396880708415956e-05
2539.0,2023-01-22 11:17:59.999,3.0,,0.0,0.0,,,0.40445,13.1235,244736.0,1439.96,0.0,9999.646031192917,0.0,0.0,0.0,0.0,0,0,0,0.0,-3.5396880708415956e-05
2540.0,2023-01-22 11:18:59.999,3.0,,0.0,0.0,,,0.40365,13.091,870606.0,4470.13,0.0,9999.646031192917,0.0,0.0,0.0,0.0,0,0,0,0.0,-3.5396880708415956e-05
2541.0,2023-01-22 11:19:59.999,3.0,,0.0,0.0,,,0.4036,13.093,229930.0,1008.35,0.0,9999.646031192917,0.0,0.0,0.0,0.0,0,0,0,0.0,-3.5396880708415956e-05
2542.0,2023-01-22 11:20:59.999,3.0,,0.0,0.0,,,0.40355,13.0945,371247.0,1994.22,0.0,9999.646031192917,0.0,0.0,0.0,0.0,0,0,0,0.0,-3.5396880708415956e-05
2543.0,2023-01-22 11:21:59.999,3.0,,0.0,0.0,,,0.40395,13.107,201369.0,1375.27,0.0,9999.646031192917,0.0,0.0,0.0,0.0,0,0,0,0.0,-3.5396880708415956e-05
2544.0,2023-01-22 11:22:59.999,3.0,,0.0,0.0,,,0.404,13.109000000000002,265441.0,1859.06,0.0,9999.646031192917,0.0,0.0,0.0,0.0,0,0,0,0.0,-3.5396880708415956e-05
2545.0,2023-01-22 11:23:59.999,3.0,,0.0,0.0,,,0.4041,13.109000000000002,78185.0,523.86,0.0,9999.646031192917,0.0,0.0,0.0,0.0,0,0,0,0.0,-3.5396880708415956e-05
2546.0,2023-01-22 11:24:59.999,3.0,,0.0,0.0,,,0.404,13.1085,93435.0,1342.16,0.0,9999.646031192917,0.0,0.0,0.0,0.0,0,0,0,0.0,-3.5396880708415956e-05
2547.0,2023-01-22 11:25:59.999,3.0,,0.0,0.0,,,0.40415,13.113499999999998,190483.0,2166.88,0.0,9999.646031192917,0.0,0.0,0.0,0.0,0,0,0,0.0,-3.5396880708415956e-05
2548.0,2023-01-22 11:26:59.999,3.0,,0.0,0.0,,,0.40425,13.117,363263.0,2269.31,0.0,9999.646031192917,0.0,0.0,0.0,0.0,0,0,0,0.0,-3.5396880708415956e-05
2549.0,2023-01-22 11:27:59.999,3.0,,0.0,0.0,,,0.4044,13.121,182994.0,1742.34,0.0,9999.646031192917,0.0,0.0,0.0,0.0,0,0,0,0.0,-3.5396880708415956e-05
2550.0,2023-01-22 11:28:59.999,3.0,,0.0,0.0,,,0.40425,13.113,144915.0,1342.14,0.0,9999.646031192917,0.0,0.0,0.0,0.0,0,0,0,0.0,-3.5396880708415956e-05
2551.0,2023-01-22 11:29:59.999,3.0,,0.0,0.0,,,0.40395,13.092,115477.0,3200.63,0.0,9999.646031192917,0.0,0.0,0.0,0.0,0,0,0,0.0,-3.5396880708415956e-05
2552.0,2023-01-22 11:30:59.999,3.0,,0.0,0.0,,,0.40395,13.1085,122348.0,1317.01,0.0,9999.646031192917,0.0,0.0,0.0,0.0,0,0,0,0.0,-3.5396880708415956e-05
2553.0,2023-01-22 11:31:59.999,3.0,,0.0,0.0,,,0.40395,13.1185,268367.0,3699.76,0.0,9999.646031192917,0.0,0.0,0.0,0.0,0,0,0,0.0,-3.5396880708415956e-05
2554.0,2023-01-22 11:32:59.999,3.0,,0.0,0.0,,,0.4044,13.159,42905.0,2790.5,0.0,9999.646031192917,0.0,0.0,0.0,0.0,0,0,0,0.0,-3.5396880708415956e-05
2555.0,2023-01-22 11:33:59.999,3.0,,0.0,0.0,,,0.40445,13.175,100757.0,1674.02,0.0,9999.646031192917,0.0,0.0,0.0,0.0,0,0,0,0.0,-3.5396880708415956e-05
2556.0,2023-01-22 11:34:59.999,3.0,,0.0,0.0,,,0.4041,13.1715,75839.0,1098.02,0.0,9999.646031192917,0.0,0.0,0.0,0.0,0,0,0,0.0,-3.5396880708415956e-05
2557.0,2023-01-22 11:35:59.999,3.0,,0.0,0.0,,,0.40435,13.1815,104746.0,649.84,0.0,9999.646031192917,0.0,0.0,0.0,0.0,0,0,0,0.0,-3.5396880708415956e-05
2558.0,2023-01-22 11:36:59.999,3.0,,0.0,0.0,,,0.40465,13.1835,307540.0,4223.44,0.0,9999.646031192917,0.0,0.0,0.0,0.0,0,0,0,0.0,-3.5396880708415956e-05
2559.0,2023-01-22 11:37:59.999,3.0,,0.0,0.0,,,0.40435,13.1695,100146.0,3340.58,0.0,9999.646031192917,0.0,0.0,0.0,0.0,0,0,0,0.0,-3.5396880708415956e-05
2560.0,2023-01-22 11:38:59.999,3.0,,0.0,0.0,,,0.4045999999999999,13.179,152889.0,3078.47,0.0,9999.646031192917,0.0,0.0,0.0,0.0,0,0,0,0.0,-3.5396880708415956e-05
2561.0,2023-01-22 11:39:59.999,3.0,,0.0,0.0,,,0.4047,13.1865,63389.0,778.28,0.0,9999.646031192917,0.0,0.0,0.0,0.0,0,0,0,0.0,-3.5396880708415956e-05
2562.0,2023-01-22 11:40:59.999,3.0,,0.0,0.0,,,0.4046,13.1885,104840.0,2022.69,0.0,9999.646031192917,0.0,0.0,0.0,0.0,0,0,0,0.0,-3.5396880708415956e-05
2563.0,2023-01-22 11:41:59.999,3.0,,0.0,0.0,,,0.4045499999999999,13.194,53000.0,3050.14,0.0,9999.646031192917,0.0,0.0,0.0,0.0,0,0,0,0.0,-3.5396880708415956e-05
2564.0,2023-01-22 11:42:59.999,3.0,,0.0,0.0,,,0.4048,13.1985,62693.0,857.61,0.0,9999.646031192917,0.0,0.0,0.0,0.0,0,0,0,0.0,-3.5396880708415956e-05
2565.0,2023-01-22 11:43:59.999,3.0,,0.0,0.0,,,0.4049,13.2,53402.0,1206.36,0.0,9999.646031192917,0.0,0.0,0.0,0.0,0,0,0,0.0,-3.5396880708415956e-05
2566.0,2023-01-22 11:44:59.999,3.0,,0.0,0.0,,,0.4047,13.2125,76013.0,5562.98,0.0,9999.646031192917,0.0,0.0,0.0,0.0,0,0,0,0.0,-3.5396880708415956e-05
2567.0,2023-01-22 11:45:59.999,3.0,,0.0,0.0,,,0.40445,13.208,22387.0,2761.49,0.0,9999.646031192917,0.0,0.0,0.0,0.0,0,0,0,0.0,-3.5396880708415956e-05
2568.0,2023-01-22 11:46:59.999,3.0,,0.0,0.0,,,0.4045999999999999,13.2115,125966.0,1131.46,0.0,9999.646031192917,0.0,0.0,0.0,0.0,0,0,0,0.0,-3.5396880708415956e-05
2569.0,2023-01-22 11:47:59.999,3.0,,0.0,0.0,,,0.40475,13.2185,59549.0,982.93,0.0,9999.646031192917,0.0,0.0,0.0,0.0,0,0,0,0.0,-3.5396880708415956e-05
2570.0,2023-01-22 11:48:59.999,3.0,,0.0,0.0,,,0.40445,13.187,58961.0,2451.85,0.0,9999.646031192917,0.0,0.0,0.0,0.0,0,0,0,0.0,-3.5396880708415956e-05
2571.0,2023-01-22 11:49:59.999,3.0,,0.0,0.0,,,0.40445,13.173,103285.0,3404.28,0.0,9999.646031192917,0.0,0.0,0.0,0.0,0,0,0,0.0,-3.5396880708415956e-05
2572.0,2023-01-22 11:50:59.999,3.0,,0.0,0.0,,,0.4044999999999999,13.1825,57333.0,5033.4,0.0,9999.646031192917,0.0,0.0,0.0,0.0,0,0,0,0.0,-3.5396880708415956e-05
2573.0,2023-01-22 11:51:59.999,3.0,,0.0,0.0,,,0.4044,13.1755,42437.0,8012.42,0.0,9999.646031192917,0.0,0.0,0.0,0.0,0,0,0,0.0,-3.5396880708415956e-05
2574.0,2023-01-22 11:52:59.999,3.0,,0.0,0.0,,,0.40445,13.156,110027.0,7991.64,0.0,9999.646031192917,0.0,0.0,0.0,0.0,0,0,0,0.0,-3.5396880708415956e-05
2575.0,2023-01-22 11:53:59.999,3.0,,0.0,0.0,,,0.4044,13.14,90430.0,2149.63,0.0,9999.646031192917,0.0,0.0,0.0,0.0,0,0,0,0.0,-3.5396880708415956e-05
2576.0,2023-01-22 11:54:59.999,3.0,,0.0,0.0,,,0.40425,13.1325,188948.0,754.4,0.0,9999.646031192917,0.0,0.0,0.0,0.0,0,0,0,0.0,-3.5396880708415956e-05
2577.0,2023-01-22 11:55:59.999,3.0,,0.0,0.0,,,0.4041,13.113,126904.0,2497.42,0.0,9999.646031192917,0.0,0.0,0.0,0.0,0,0,0,0.0,-3.5396880708415956e-05
2578.0,2023-01-22 11:56:59.999,3.0,,0.0,0.0,,,0.4041,13.098,84680.0,2222.99,0.0,9999.646031192917,0.0,0.0,0.0,0.0,0,0,0,0.0,-3.5396880708415956e-05
2579.0,2023-01-22 11:57:59.999,3.0,,0.0,0.0,,,0.4042,13.0855,18738.0,5077.8,0.0,9999.646031192917,0.0,0.0,0.0,0.0,0,0,0,0.0,-3.5396880708415956e-05
2580.0,2023-01-22 11:58:59.999,3.0,,0.0,0.0,,,0.404,13.0695,113929.0,2891.54,0.0,9999.646031192917,0.0,0.0,0.0,0.0,0,0,0,0.0,-3.5396880708415956e-05
2581.0,2023-01-22 11:59:59.999,3.0,,0.0,0.0,,,0.40395,13.076,64235.0,2869.09,0.0,9999.646031192917,0.0,0.0,0.0,0.0,0,0,0,0.0,-3.5396880708415956e-05
2582.0,2023-01-22 12:00:59.999,3.0,,0.0,0.0,,,0.40445,13.101,196491.0,4424.13,0.0,9999.646031192917,0.0,0.0,0.0,0.0,0,0,0,0.0,-3.5396880708415956e-05
2583.0,2023-01-22 12:01:59.999,3.0,,0.0,0.0,,,0.4045499999999999,13.1035,106185.0,8346.58,0.0,9999.646031192917,0.0,0.0,0.0,0.0,0,0,0,0.0,-3.5396880708415956e-05
2584.0,2023-01-22 12:02:59.999,3.0,,0.0,0.0,,,0.4044,13.106,112930.0,14003.44,0.0,9999.646031192917,0.0,0.0,0.0,0.0,0,0,0,0.0,-3.5396880708415956e-05
2585.0,2023-01-22 12:03:59.999,3.0,,0.0,0.0,,,0.4046,13.106,100832.0,6033.49,0.0,9999.646031192917,0.0,0.0,0.0,0.0,0,0,0,0.0,-3.5396880708415956e-05
2586.0,2023-01-22 12:04:59.999,3.0,,0.0,0.0,,,0.4043,13.1055,42540.0,1667.23,0.0,9999.646031192917,0.0,0.0,0.0,0.0,0,0,0,0.0,-3.5396880708415956e-05
2587.0,2023-01-22 12:05:59.999,3.0,,0.0,0.0,,,0.40385,13.089,162153.0,819.28,0.0,9999.646031192917,0.0,0.0,0.0,0.0,0,0,0,0.0,-3.5396880708415956e-05
2588.0,2023-01-22 12:06:59.999,3.0,,0.0,0.0,,,0.4037,13.085,37685.0,879.24,0.0,9999.646031192917,0.0,0.0,0.0,0.0,0,0,0,0.0,-3.5396880708415956e-05
2589.0,2023-01-22 12:07:59.999,3.0,,0.0,0.0,,,0.40365,13.0845,69145.0,545.77,0.0,9999.646031192917,0.0,0.0,0.0,0.0,0,0,0,0.0,-3.5396880708415956e-05
2590.0,2023-01-22 12:08:59.999,3.0,,0.0,0.0,,,0.40345,13.068,95778.0,565.83,0.0,9999.646031192917,0.0,0.0,0.0,0.0,0,0,0,0.0,-3.5396880708415956e-05
2591.0,2023-01-22 12:09:59.999,3.0,,0.0,0.0,,,0.4032,13.0435,146745.0,1946.6,0.0,9999.646031192917,0.0,0.0,0.0,0.0,0,0,0,0.0,-3.5396880708415956e-05
2592.0,2023-01-22 12:10:59.999,3.0,,0.0,0.0,,,0.40305,13.0325,114366.0,712.47,0.0,9999.646031192917,0.0,0.0,0.0,0.0,0,0,0,0.0,-3.5396880708415956e-05
2593.0,2023-01-22 12:11:59.999,3.0,,0.0,0.0,,,0.40295,13.026,182443.0,1211.33,0.0,9999.646031192917,0.0,0.0,0.0,0.0,0,0,0,0.0,-3.5396880708415956e-05
2594.0,2023-01-22 12:12:59.999,3.0,,0.0,0.0,,,0.4031,13.0385,168621.0,391.41,0.0,9999.646031192917,0.0,0.0,0.0,0.0,0,0,0,0.0,-3.5396880708415956e-05
2595.0,2023-01-22 12:13:59.999,3.0,,0.0,0.0,,,0.40315,13.041,164302.0,315.84,0.0,9999.646031192917,0.0,0.0,0.0,0.0,0,0,0,0.0,-3.5396880708415956e-05
2596.0,2023-01-22 12:14:59.999,3.0,,0.0,0.0,,,0.40335,13.0335,79509.0,461.85,0.0,9999.646031192917,0.0,0.0,0.0,0.0,0,0,0,0.0,-3.5396880708415956e-05
2597.0,2023-01-22 12:15:59.999,3.0,,0.0,0.0,,,0.4032,13.028,132692.0,252.91,0.0,9999.646031192917,0.0,0.0,0.0,0.0,0,0,0,0.0,-3.5396880708415956e-05
2598.0,2023-01-22 12:16:59.999,3.0,,0.0,0.0,,,0.40335,13.0415,58633.0,322.52,0.0,9999.646031192917,0.0,0.0,0.0,0.0,0,0,0,0.0,-3.5396880708415956e-05
2599.0,2023-01-22 12:17:59.999,3.0,,0.0,0.0,,,0.40365,13.049,22203.0,675.86,0.0,9999.646031192917,0.0,0.0,0.0,0.0,0,0,0,0.0,-3.5396880708415956e-05
2600.0,2023-01-22 12:18:59.999,3.0,,0.0,0.0,,,0.40395,13.059,42101.0,151.41,0.0,9999.646031192917,0.0,0.0,0.0,0.0,0,0,0,0.0,-3.5396880708415956e-05
2601.0,2023-01-22 12:19:59.999,3.0,,0.0,0.0,,,0.4041,13.0675,78469.0,232.99,0.0,9999.646031192917,0.0,0.0,0.0,0.0,0,0,0,0.0,-3.5396880708415956e-05
2602.0,2023-01-22 12:20:59.999,3.0,,0.0,0.0,,,0.40395,13.06,90580.0,897.79,0.0,9999.646031192917,0.0,0.0,0.0,0.0,0,0,0,0.0,-3.5396880708415956e-05
2603.0,2023-01-22 12:21:59.999,3.0,,0.0,0.0,,,0.40385,13.0465,58891.0,190.85,0.0,9999.646031192917,0.0,0.0,0.0,0.0,0,0,0,0.0,-3.5396880708415956e-05
2604.0,2023-01-22 12:22:59.999,3.0,,0.0,0.0,,,0.4041,13.055,133158.0,3042.67,0.0,9999.646031192917,0.0,0.0,0.0,0.0,0,0,0,0.0,-3.5396880708415956e-05
2605.0,2023-01-22 12:23:59.999,3.0,,0.0,0.0,,,0.40425,13.0595,19995.0,203.91,0.0,9999.646031192917,0.0,0.0,0.0,0.0,0,0,0,0.0,-3.5396880708415956e-05
2606.0,2023-01-22 12:24:59.999,3.0,,0.0,0.0,,,0.4043,13.0635,13116.0,238.73,0.0,9999.646031192917,0.0,0.0,0.0,0.0,0,0,0,0.0,-3.5396880708415956e-05
2607.0,2023-01-22 12:25:59.999,3.0,,0.0,0.0,,,0.40415,13.056,51300.0,447.58,0.0,9999.646031192917,0.0,0.0,0.0,0.0,0,0,0,0.0,-3.5396880708415956e-05
2608.0,2023-01-22 12:26:59.999,3.0,,0.0,0.0,,,0.40395,13.033,168100.0,1731.09,0.0,9999.646031192917,0.0,0.0,0.0,0.0,0,0,0,0.0,-3.5396880708415956e-05
2609.0,2023-01-22 12:27:59.999,3.0,,0.0,0.0,,,0.4038,13.026,75397.0,541.3,0.0,9999.646031192917,0.0,0.0,0.0,0.0,0,0,0,0.0,-3.5396880708415956e-05
2610.0,2023-01-22 12:28:59.999,3.0,,0.0,0.0,,,0.40395,13.0295,110499.0,926.42,0.0,9999.646031192917,0.0,0.0,0.0,0.0,0,0,0,0.0,-3.5396880708415956e-05
2611.0,2023-01-22 12:29:59.999,3.0,,0.0,0.0,,,0.40375,13.0165,76375.0,1193.65,0.0,9999.646031192917,0.0,0.0,0.0,0.0,0,0,0,0.0,-3.5396880708415956e-05
2612.0,2023-01-22 12:30:59.999,3.0,,0.0,0.0,,,0.4034999999999999,13.014,181997.0,2378.33,0.0,9999.646031192917,0.0,0.0,0.0,0.0,0,0,0,0.0,-3.5396880708415956e-05
2613.0,2023-01-22 12:31:59.999,3.0,,0.0,0.0,,,0.40395,13.039,32460.0,1409.09,0.0,9999.646031192917,0.0,0.0,0.0,0.0,0,0,0,0.0,-3.5396880708415956e-05
2614.0,2023-01-22 12:32:59.999,3.0,,0.0,0.0,,,0.40415,13.0655,58795.0,1729.8,0.0,9999.646031192917,0.0,0.0,0.0,0.0,0,0,0,0.0,-3.5396880708415956e-05
2615.0,2023-01-22 12:33:59.999,3.0,,0.0,0.0,,,0.40435,13.0645,84300.0,737.24,0.0,9999.646031192917,0.0,0.0,0.0,0.0,0,0,0,0.0,-3.5396880708415956e-05
2616.0,2023-01-22 12:34:59.999,3.0,,0.0,0.0,,,0.4044999999999999,13.085,66874.0,375.44,0.0,9999.646031192917,0.0,0.0,0.0,0.0,0,0,0,0.0,-3.5396880708415956e-05
2617.0,2023-01-22 12:35:59.999,3.0,,0.0,0.0,,,0.4044999999999999,13.0865,52652.0,194.39,0.0,9999.646031192917,0.0,0.0,0.0,0.0,0,0,0,0.0,-3.5396880708415956e-05
2618.0,2023-01-22 12:36:59.999,3.0,,0.0,0.0,,,0.4045499999999999,13.099,43301.0,897.52,0.0,9999.646031192917,0.0,0.0,0.0,0.0,0,0,0,0.0,-3.5396880708415956e-05
2619.0,2023-01-22 12:37:59.999,3.0,,0.0,0.0,,,0.4046,13.1115,134904.0,472.2,0.0,9999.646031192917,0.0,0.0,0.0,0.0,0,0,0,0.0,-3.5396880708415956e-05
2620.0,2023-01-22 12:38:59.999,3.0,,0.0,0.0,,,0.40465,13.128,154466.0,5010.0,0.0,9999.646031192917,0.0,0.0,0.0,0.0,0,0,0,0.0,-3.5396880708415956e-05
2621.0,2023-01-22 12:39:59.999,3.0,,0.0,0.0,,,0.4047,13.143,20687.0,947.15,0.0,9999.646031192917,0.0,0.0,0.0,0.0,0,0,0,0.0,-3.5396880708415956e-05
2622.0,2023-01-22 12:40:59.999,3.0,,0.0,0.0,,,0.40485,13.1555,249703.0,6472.17,0.0,9999.646031192917,0.0,0.0,0.0,0.0,0,0,0,0.0,-3.5396880708415956e-05
2623.0,2023-01-22 12:41:59.999,3.0,,0.0,0.0,,,0.40485,13.167,159642.0,3065.32,0.0,9999.646031192917,0.0,0.0,0.0,0.0,0,0,0,0.0,-3.5396880708415956e-05
2624.0,2023-01-22 12:42:59.999,3.0,,0.0,0.0,,,0.40505,13.1815,181549.0,2596.59,0.0,9999.646031192917,0.0,0.0,0.0,0.0,0,0,0,0.0,-3.5396880708415956e-05
2625.0,2023-01-22 12:43:59.999,3.0,,0.0,0.0,,,0.40525,13.181,93621.0,1760.18,0.0,9999.646031192917,0.0,0.0,0.0,0.0,0,0,0,0.0,-3.5396880708415956e-05
2626.0,2023-01-22 12:44:59.999,3.0,,0.0,0.0,,,0.40525,13.1705,138048.0,2553.47,0.0,9999.646031192917,0.0,0.0,0.0,0.0,0,0,0,0.0,-3.5396880708415956e-05
2627.0,2023-01-22 12:45:59.999,3.0,,0.0,0.0,,,0.4053,13.1755,230931.0,1414.74,0.0,9999.646031192917,0.0,0.0,0.0,0.0,0,0,0,0.0,-3.5396880708415956e-05
2628.0,2023-01-22 12:46:59.999,3.0,,0.0,0.0,,,0.40485,13.17,264206.0,1692.25,0.0,9999.646031192917,0.0,0.0,0.0,0.0,0,0,0,0.0,-3.5396880708415956e-05
2629.0,2023-01-22 12:47:59.999,3.0,,0.0,0.0,,,0.4051,13.185,71927.0,2302.63,0.0,9999.646031192917,0.0,0.0,0.0,0.0,0,0,0,0.0,-3.5396880708415956e-05
2630.0,2023-01-22 12:48:59.999,3.0,,0.0,0.0,,,0.40545,13.192,118215.0,6155.48,0.0,9999.646031192917,0.0,0.0,0.0,0.0,0,0,0,0.0,-3.5396880708415956e-05
2631.0,2023-01-22 12:49:59.999,3.0,,0.0,0.0,,,0.4055499999999999,13.1925,154872.0,1729.39,0.0,9999.646031192917,0.0,0.0,0.0,0.0,0,0,0,0.0,-3.5396880708415956e-05
2632.0,2023-01-22 12:50:59.999,3.0,,0.0,0.0,,,0.4057,13.178,217899.0,2889.06,0.0,9999.646031192917,0.0,0.0,0.0,0.0,0,0,0,0.0,-3.5396880708415956e-05
2633.0,2023-01-22 12:51:59.999,3.0,,0.0,0.0,,,0.4057,13.181,115055.0,820.94,0.0,9999.646031192917,0.0,0.0,0.0,0.0,0,0,0,0.0,-3.5396880708415956e-05
2634.0,2023-01-22 12:52:59.999,3.0,,0.0,0.0,,,0.40575,13.191,129809.0,392.36,0.0,9999.646031192917,0.0,0.0,0.0,0.0,0,0,0,0.0,-3.5396880708415956e-05
2635.0,2023-01-22 12:53:59.999,3.0,,0.0,0.0,,,0.40545,13.1835,106426.0,512.18,0.0,9999.646031192917,0.0,0.0,0.0,0.0,0,0,0,0.0,-3.5396880708415956e-05
2636.0,2023-01-22 12:54:59.999,3.0,,0.0,0.0,,,0.40545,13.173,167150.0,1767.2,0.0,9999.646031192917,0.0,0.0,0.0,0.0,0,0,0,0.0,-3.5396880708415956e-05
2637.0,2023-01-22 12:55:59.999,3.0,,0.0,0.0,,,0.4055999999999999,13.172999999999998,81658.0,972.26,0.0,9999.646031192917,0.0,0.0,0.0,0.0,0,0,0,0.0,-3.5396880708415956e-05
2638.0,2023-01-22 12:56:59.999,3.0,,0.0,0.0,,,0.4058,13.18,67300.0,1695.06,0.0,9999.646031192917,0.0,0.0,0.0,0.0,0,0,0,0.0,-3.5396880708415956e-05
2639.0,2023-01-22 12:57:59.999,3.0,,0.0,0.0,,,0.406,13.189,195565.0,444.0,0.0,9999.646031192917,0.0,0.0,0.0,0.0,0,0,0,0.0,-3.5396880708415956e-05
2640.0,2023-01-22 12:58:59.999,3.0,,0.0,0.0,,,0.40625,13.2005,147205.0,1175.79,0.0,9999.646031192917,0.0,0.0,0.0,0.0,0,0,0,0.0,-3.5396880708415956e-05
2641.0,2023-01-22 12:59:59.999,3.0,,0.0,0.0,,,0.4064,13.201,229577.0,1361.95,0.0,9999.646031192917,0.0,0.0,0.0,0.0,0,0,0,0.0,-3.5396880708415956e-05
2642.0,2023-01-22 13:00:59.999,3.0,,0.0,0.0,,,0.4064,13.193,158194.0,1184.19,0.0,9999.646031192917,0.0,0.0,0.0,0.0,0,0,0,0.0,-3.5396880708415956e-05
2643.0,2023-01-22 13:01:59.999,3.0,,0.0,0.0,,,0.40615,13.1745,53873.0,1770.89,0.0,9999.646031192917,0.0,0.0,0.0,0.0,0,0,0,0.0,-3.5396880708415956e-05
2644.0,2023-01-22 13:02:59.999,3.0,,0.0,0.0,,,0.4064,13.186,112152.0,3572.48,0.0,9999.646031192917,0.0,0.0,0.0,0.0,0,0,0,0.0,-3.5396880708415956e-05
2645.0,2023-01-22 13:03:59.999,3.0,,0.0,0.0,,,0.4065999999999999,13.192,689080.0,1641.49,0.0,9999.646031192917,0.0,0.0,0.0,0.0,0,0,0,0.0,-3.5396880708415956e-05
2646.0,2023-01-22 13:04:59.999,3.0,,0.0,0.0,,,0.4067,13.1895,140873.0,676.57,0.0,9999.646031192917,0.0,0.0,0.0,0.0,0,0,0,0.0,-3.5396880708415956e-05
2647.0,2023-01-22 13:05:59.999,4.0,long,1229.7097884899167,-20.595698872803332,0.4065999999999999,13.1795,0.4065999999999999,13.1795,120192.0,829.07,2.0,9999.646031192917,0.0,0.0,0.0,0.0,0,0,1,0.0,-3.5396880708415956e-05
2648.0,2023-01-22 13:06:59.999,4.0,long,1229.7097884899167,-20.595698872803332,0.4065999999999999,13.1795,0.4066499999999999,13.183,40605.0,926.15,0.0,9999.646031192917,0.0,0.0,0.0,0.0,0,0,0,0.0,-3.5396880708415956e-05
2649.0,2023-01-22 13:07:59.999,4.0,long,1229.7097884899167,-20.595698872803332,0.4065999999999999,13.1795,0.4065999999999999,13.1735,24931.0,529.98,0.0,9999.646031192917,0.0,0.0,0.0,0.0,0,0,0,0.0,-3.5396880708415956e-05
2650.0,2023-01-22 13:08:59.999,4.0,long,1229.7097884899167,-20.595698872803332,0.4065999999999999,13.1795,0.40645,13.167000000000002,99561.0,1485.63,0.0,9999.646031192917,0.0,0.0,0.0,0.0,0,0,0,0.0,-3.5396880708415956e-05
2651.0,2023-01-22 13:09:59.999,4.0,long,1229.7097884899167,-20.595698872803332,0.4065999999999999,13.1795,0.40625,13.1535,101836.0,1894.05,0.0,9999.646031192917,0.0,0.0,0.0,0.0,0,0,0,0.0,-3.5396880708415956e-05
2652.0,2023-01-22 13:10:59.999,4.0,long,1229.7097884899167,-20.595698872803332,0.4065999999999999,13.1795,0.40595,13.1345,168230.0,973.5,0.0,9999.646031192917,0.0,0.0,0.0,0.0,0,0,0,0.0,-3.5396880708415956e-05
2653.0,2023-01-22 13:11:59.999,4.0,long,1229.7097884899167,-20.595698872803332,0.4065999999999999,13.1795,0.40645,13.1345,1065804.0,2250.32,0.0,9999.646031192917,0.0,0.0,0.0,0.0,0,0,0,0.0,-3.5396880708415956e-05
2654.0,2023-01-22 13:12:59.999,4.0,long,1229.7097884899167,-20.595698872803332,0.4065999999999999,13.1795,0.4068,13.131,1723056.0,480.78,0.0,9999.646031192917,0.0,0.0,0.0,0.0,0,0,0,0.0,-3.5396880708415956e-05
2655.0,2023-01-22 13:13:59.999,4.0,long,1229.7097884899167,-20.595698872803332,0.4065999999999999,13.1795,0.40675,13.1285,230105.0,468.36,0.0,9999.646031192917,0.0,0.0,0.0,0.0,0,0,0,0.0,-3.5396880708415956e-05
2656.0,2023-01-22 13:14:59.999,4.0,long,1229.7097884899167,-20.595698872803332,0.4065999999999999,13.1795,0.40685,13.1425,56919.0,719.4,0.0,9999.646031192917,0.0,0.0,0.0,0.0,0,0,0,0.0,-3.5396880708415956e-05
2657.0,2023-01-22 13:15:59.999,4.0,long,1229.7097884899167,-20.595698872803332,0.4065999999999999,13.1795,0.40705,13.1495,39725.0,1361.18,0.0,9999.646031192917,0.0,0.0,0.0,0.0,0,0,0,0.0,-3.5396880708415956e-05
2658.0,2023-01-22 13:16:59.999,4.0,long,1229.7097884899167,-20.595698872803332,0.4065999999999999,13.1795,0.407,13.134,110882.0,2337.61,0.0,9999.646031192917,0.0,0.0,0.0,0.0,0,0,0,0.0,-3.5396880708415956e-05
2659.0,2023-01-22 13:17:59.999,4.0,long,1229.7097884899167,-20.595698872803332,0.4065999999999999,13.1795,0.40715,13.151,28991.0,879.67,0.0,9999.646031192917,0.0,0.0,0.0,0.0,0,0,0,0.0,-3.5396880708415956e-05
2660.0,2023-01-22 13:18:59.999,4.0,long,1229.7097884899167,-20.595698872803332,0.4065999999999999,13.1795,0.40705,13.1435,38081.0,129.74,0.0,9999.646031192917,0.0,0.0,0.0,0.0,0,0,0,0.0,-3.5396880708415956e-05
2661.0,2023-01-22 13:19:59.999,4.0,long,1229.7097884899167,-20.595698872803332,0.4065999999999999,13.1795,0.40685,13.1305,71069.0,988.56,0.0,9999.646031192917,0.0,0.0,0.0,0.0,0,0,0,0.0,-3.5396880708415956e-05
2662.0,2023-01-22 13:20:59.999,4.0,long,1229.7097884899167,-20.595698872803332,0.4065999999999999,13.1795,0.4068,13.136500000000002,47714.0,792.81,0.0,9999.646031192917,0.0,0.0,0.0,0.0,0,0,0,0.0,-3.5396880708415956e-05
2663.0,2023-01-22 13:21:59.999,4.0,long,1229.7097884899167,-20.595698872803332,0.4065999999999999,13.1795,0.40675,13.1265,47849.0,573.6,0.0,9999.646031192917,0.0,0.0,0.0,0.0,0,0,0,0.0,-3.5396880708415956e-05
2664.0,2023-01-22 13:22:59.999,4.0,long,1229.7097884899167,-20.595698872803332,0.4065999999999999,13.1795,0.40685,13.123,182337.0,692.46,0.0,9999.646031192917,0.0,0.0,0.0,0.0,0,0,0,0.0,-3.5396880708415956e-05
2665.0,2023-01-22 13:23:59.999,4.0,long,1229.7097884899167,-20.595698872803332,0.4065999999999999,13.1795,0.4068,13.1085,94966.0,618.93,0.0,9999.646031192917,0.0,0.0,0.0,0.0,0,0,0,0.0,-3.5396880708415956e-05
2666.0,2023-01-22 13:24:59.999,4.0,long,1229.7097884899167,-20.595698872803332,0.4065999999999999,13.1795,0.40685,13.105,50534.0,1085.35,0.0,9999.646031192917,0.0,0.0,0.0,0.0,0,0,0,0.0,-3.5396880708415956e-05
2667.0,2023-01-22 13:25:59.999,4.0,long,1229.7097884899167,-20.595698872803332,0.4065999999999999,13.1795,0.40695,13.1075,15672.0,563.39,0.0,9999.646031192917,0.0,0.0,0.0,0.0,0,0,0,0.0,-3.5396880708415956e-05
2668.0,2023-01-22 13:26:59.999,4.0,long,1229.7097884899167,-20.595698872803332,0.4065999999999999,13.1795,0.40685,13.105,25899.0,587.85,0.0,9999.646031192917,0.0,0.0,0.0,0.0,0,0,0,0.0,-3.5396880708415956e-05
2669.0,2023-01-22 13:27:59.999,4.0,long,1229.7097884899167,-20.595698872803332,0.4065999999999999,13.1795,0.40675,13.1055,76865.0,1241.33,0.0,9999.646031192917,0.0,0.0,0.0,0.0,0,0,0,0.0,-3.5396880708415956e-05
2670.0,2023-01-22 13:28:59.999,4.0,long,1229.7097884899167,-20.595698872803332,0.4065999999999999,13.1795,0.4068,13.1135,317954.0,674.14,0.0,9999.646031192917,0.0,0.0,0.0,0.0,0,0,0,0.0,-3.5396880708415956e-05
2671.0,2023-01-22 13:29:59.999,4.0,long,1229.7097884899167,-20.595698872803332,0.4065999999999999,13.1795,0.4071,13.1265,282668.0,678.06,0.0,9999.646031192917,0.0,0.0,0.0,0.0,0,0,0,0.0,-3.5396880708415956e-05
2672.0,2023-01-22 13:30:59.999,4.0,long,1229.7097884899167,-20.595698872803332,0.4065999999999999,13.1795,0.4073,13.119,212322.0,361.12,0.0,9999.646031192917,0.0,0.0,0.0,0.0,0,0,0,0.0,-3.5396880708415956e-05
2673.0,2023-01-22 13:31:59.999,4.0,long,1229.7097884899167,-20.595698872803332,0.4065999999999999,13.1795,0.40745,13.1075,479357.0,437.76,0.0,9999.646031192917,0.0,0.0,0.0,0.0,0,0,0,0.0,-3.5396880708415956e-05
2674.0,2023-01-22 13:32:59.999,4.0,long,1229.7097884899167,-20.595698872803332,0.4065999999999999,13.1795,0.4075999999999999,13.1015,222178.0,487.82,0.0,9999.646031192917,0.0,0.0,0.0,0.0,0,0,0,0.0,-3.5396880708415956e-05
2675.0,2023-01-22 13:33:59.999,4.0,,0.0,0.0,,,0.4079,13.1055,866410.0,2137.49,4.0,10001.997257350744,1.5986227250369887,1.52408171658748,-0.5007993113625185,-0.27067897243581784,28,1,0,0.00023513093868454682,0.00019972573507431868
2676.0,2023-01-22 13:34:59.999,4.0,,0.0,0.0,,,0.4081,13.1055,108064.0,685.05,0.0,10001.997257350744,0.0,0.0,0.0,0.0,0,0,0,0.0,0.00019972573507431868
2677.0,2023-01-22 13:35:59.999,4.0,,0.0,0.0,,,0.40805,13.107,338326.0,321.49,0.0,10001.997257350744,0.0,0.0,0.0,0.0,0,0,0,0.0,0.00019972573507431868
2678.0,2023-01-22 13:36:59.999,4.0,,0.0,0.0,,,0.4081,13.103,130609.0,1285.9,0.0,10001.997257350744,0.0,0.0,0.0,0.0,0,0,0,0.0,0.00019972573507431868
2679.0,2023-01-22 13:37:59.999,4.0,,0.0,0.0,,,0.4083,13.1125,317635.0,695.45,0.0,10001.997257350744,0.0,0.0,0.0,0.0,0,0,0,0.0,0.00019972573507431868
2680.0,2023-01-22 13:38:59.999,4.0,,0.0,0.0,,,0.40825,13.1265,149268.0,887.29,0.0,10001.997257350744,0.0,0.0,0.0,0.0,0,0,0,0.0,0.00019972573507431868
2681.0,2023-01-22 13:39:59.999,4.0,,0.0,0.0,,,0.4085,13.126,216989.0,1573.57,0.0,10001.997257350744,0.0,0.0,0.0,0.0,0,0,0,0.0,0.00019972573507431868
2682.0,2023-01-22 13:40:59.999,4.0,,0.0,0.0,,,0.4084,13.119,217243.0,1257.09,0.0,10001.997257350744,0.0,0.0,0.0,0.0,0,0,0,0.0,0.00019972573507431868
2683.0,2023-01-22 13:41:59.999,4.0,,0.0,0.0,,,0.40815,13.121,36400.0,589.49,0.0,10001.997257350744,0.0,0.0,0.0,0.0,0,0,0,0.0,0.00019972573507431868
2684.0,2023-01-22 13:42:59.999,4.0,,0.0,0.0,,,0.408,13.1225,54591.0,552.95,0.0,10001.997257350744,0.0,0.0,0.0,0.0,0,0,0,0.0,0.00019972573507431868
2685.0,2023-01-22 13:43:59.999,4.0,,0.0,0.0,,,0.40785,13.1205,108897.0,547.91,0.0,10001.997257350744,0.0,0.0,0.0,0.0,0,0,0,0.0,0.00019972573507431868
2686.0,2023-01-22 13:44:59.999,4.0,,0.0,0.0,,,0.4076499999999999,13.1205,109809.0,312.89,3.0,10001.997257350744,0.0,0.0,0.0,0.0,0,0,0,0.0,0.00019972573507431868
2687.0,2023-01-22 13:45:59.999,4.0,,0.0,0.0,,,0.4077,13.121,108774.0,107.13,0.0,10001.997257350744,0.0,0.0,0.0,0.0,0,0,0,0.0,0.00019972573507431868
2688.0,2023-01-22 13:46:59.999,4.0,,0.0,0.0,,,0.4075999999999999,13.125,135615.0,2710.49,0.0,10001.997257350744,0.0,0.0,0.0,0.0,0,0,0,0.0,0.00019972573507431868
2689.0,2023-01-22 13:47:59.999,4.0,,0.0,0.0,,,0.4073,13.133,267371.0,514.51,0.0,10001.997257350744,0.0,0.0,0.0,0.0,0,0,0,0.0,0.00019972573507431868
2690.0,2023-01-22 13:48:59.999,4.0,,0.0,0.0,,,0.40715,13.1395,33292.0,1260.86,0.0,10001.997257350744,0.0,0.0,0.0,0.0,0,0,0,0.0,0.00019972573507431868
2691.0,2023-01-22 13:49:59.999,4.0,,0.0,0.0,,,0.40725,13.149,74995.0,363.91,0.0,10001.997257350744,0.0,0.0,0.0,0.0,0,0,0,0.0,0.00019972573507431868
2692.0,2023-01-22 13:50:59.999,4.0,,0.0,0.0,,,0.4072,13.1455,15590.0,268.41,0.0,10001.997257350744,0.0,0.0,0.0,0.0,0,0,0,0.0,0.00019972573507431868
2693.0,2023-01-22 13:51:59.999,4.0,,0.0,0.0,,,0.40705,13.1405,78647.0,289.79,0.0,10001.997257350744,0.0,0.0,0.0,0.0,0,0,0,0.0,0.00019972573507431868
2694.0,2023-01-22 13:52:59.999,4.0,,0.0,0.0,,,0.40705,13.141,78473.0,621.87,0.0,10001.997257350744,0.0,0.0,0.0,0.0,0,0,0,0.0,0.00019972573507431868
2695.0,2023-01-22 13:53:59.999,4.0,,0.0,0.0,,,0.407,13.1405,113161.0,188.05,0.0,10001.997257350744,0.0,0.0,0.0,0.0,0,0,0,0.0,0.00019972573507431868
2696.0,2023-01-22 13:54:59.999,4.0,,0.0,0.0,,,0.407,13.1385,116497.0,403.06,0.0,10001.997257350744,0.0,0.0,0.0,0.0,0,0,0,0.0,0.00019972573507431868
2697.0,2023-01-22 13:55:59.999,4.0,,0.0,0.0,,,0.4069,13.14,54251.0,1253.13,0.0,10001.997257350744,0.0,0.0,0.0,0.0,0,0,0,0.0,0.00019972573507431868
2698.0,2023-01-22 13:56:59.999,4.0,,0.0,0.0,,,0.4069,13.138,128490.0,2404.57,0.0,10001.997257350744,0.0,0.0,0.0,0.0,0,0,0,0.0,0.00019972573507431868
2699.0,2023-01-22 13:57:59.999,4.0,,0.0,0.0,,,0.4068,13.138,114402.0,434.3,0.0,10001.997257350744,0.0,0.0,0.0,0.0,0,0,0,0.0,0.00019972573507431868
2700.0,2023-01-22 13:58:59.999,4.0,,0.0,0.0,,,0.40685,13.1405,113664.0,297.24,0.0,10001.997257350744,0.0,0.0,0.0,0.0,0,0,0,0.0,0.00019972573507431868
2701.0,2023-01-22 13:59:59.999,4.0,,0.0,0.0,,,0.4068,13.138,112324.0,396.26,0.0,10001.997257350744,0.0,0.0,0.0,0.0,0,0,0,0.0,0.00019972573507431868
2702.0,2023-01-22 14:00:59.999,4.0,,0.0,0.0,,,0.40685,13.1345,138968.0,152.01,0.0,10001.997257350744,0.0,0.0,0.0,0.0,0,0,0,0.0,0.00019972573507431868
2703.0,2023-01-22 14:01:59.999,4.0,,0.0,0.0,,,0.4068,13.131,135321.0,1189.09,0.0,10001.997257350744,0.0,0.0,0.0,0.0,0,0,0,0.0,0.00019972573507431868
2704.0,2023-01-22 14:02:59.999,4.0,,0.0,0.0,,,0.4066999999999999,13.131,77855.0,864.35,0.0,10001.997257350744,0.0,0.0,0.0,0.0,0,0,0,0.0,0.00019972573507431868
2705.0,2023-01-22 14:03:59.999,4.0,,0.0,0.0,,,0.4063,13.1155,68566.0,728.18,0.0,10001.997257350744,0.0,0.0,0.0,0.0,0,0,0,0.0,0.00019972573507431868
2706.0,2023-01-22 14:04:59.999,4.0,,0.0,0.0,,,0.40615,13.096,21069.0,2097.53,0.0,10001.997257350744,0.0,0.0,0.0,0.0,0,0,0,0.0,0.00019972573507431868
2707.0,2023-01-22 14:05:59.999,4.0,,0.0,0.0,,,0.40625,13.107,138600.0,1195.1,0.0,10001.997257350744,0.0,0.0,0.0,0.0,0,0,0,0.0,0.00019972573507431868
2708.0,2023-01-22 14:06:59.999,4.0,,0.0,0.0,,,0.40625,13.109,149602.0,542.4,0.0,10001.997257350744,0.0,0.0,0.0,0.0,0,0,0,0.0,0.00019972573507431868
2709.0,2023-01-22 14:07:59.999,4.0,,0.0,0.0,,,0.40635,13.1165,141151.0,202.62,0.0,10001.997257350744,0.0,0.0,0.0,0.0,0,0,0,0.0,0.00019972573507431868
2710.0,2023-01-22 14:08:59.999,4.0,,0.0,0.0,,,0.4062,13.127,140126.0,946.1,0.0,10001.997257350744,0.0,0.0,0.0,0.0,0,0,0,0.0,0.00019972573507431868
2711.0,2023-01-22 14:09:59.999,4.0,,0.0,0.0,,,0.40605,13.1275,104451.0,417.28,0.0,10001.997257350744,0.0,0.0,0.0,0.0,0,0,0,0.0,0.00019972573507431868
2712.0,2023-01-22 14:10:59.999,4.0,,0.0,0.0,,,0.4063,13.133,158434.0,632.43,0.0,10001.997257350744,0.0,0.0,0.0,0.0,0,0,0,0.0,0.00019972573507431868
2713.0,2023-01-22 14:11:59.999,4.0,,0.0,0.0,,,0.4064,13.124,61611.0,389.46,0.0,10001.997257350744,0.0,0.0,0.0,0.0,0,0,0,0.0,0.00019972573507431868
2714.0,2023-01-22 14:12:59.999,4.0,,0.0,0.0,,,0.4062,13.122,169828.0,516.79,0.0,10001.997257350744,0.0,0.0,0.0,0.0,0,0,0,0.0,0.00019972573507431868
2715.0,2023-01-22 14:13:59.999,4.0,,0.0,0.0,,,0.406,13.118,92939.0,450.44,0.0,10001.997257350744,0.0,0.0,0.0,0.0,0,0,0,0.0,0.00019972573507431868
2716.0,2023-01-22 14:14:59.999,4.0,,0.0,0.0,,,0.4059,13.127,35463.0,1264.87,0.0,10001.997257350744,0.0,0.0,0.0,0.0,0,0,0,0.0,0.00019972573507431868
2717.0,2023-01-22 14:15:59.999,4.0,,0.0,0.0,,,0.4058,13.1405,87485.0,1491.84,0.0,10001.997257350744,0.0,0.0,0.0,0.0,0,0,0,0.0,0.00019972573507431868
2718.0,2023-01-22 14:16:59.999,4.0,,0.0,0.0,,,0.40595,13.138000000000002,253357.0,740.95,0.0,10001.997257350744,0.0,0.0,0.0,0.0,0,0,0,0.0,0.00019972573507431868
2719.0,2023-01-22 14:17:59.999,4.0,,0.0,0.0,,,0.40595,13.143999999999998,81722.0,2103.12,0.0,10001.997257350744,0.0,0.0,0.0,0.0,0,0,0,0.0,0.00019972573507431868
2720.0,2023-01-22 14:18:59.999,4.0,,0.0,0.0,,,0.4057,13.135,91604.0,2181.72,0.0,10001.997257350744,0.0,0.0,0.0,0.0,0,0,0,0.0,0.00019972573507431868
2721.0,2023-01-22 14:19:59.999,4.0,,0.0,0.0,,,0.40585,13.1395,147293.0,268.37,0.0,10001.997257350744,0.0,0.0,0.0,0.0,0,0,0,0.0,0.00019972573507431868
2722.0,2023-01-22 14:20:59.999,4.0,,0.0,0.0,,,0.40595,13.143,192525.0,845.75,0.0,10001.997257350744,0.0,0.0,0.0,0.0,0,0,0,0.0,0.00019972573507431868
2723.0,2023-01-22 14:21:59.999,4.0,,0.0,0.0,,,0.4061,13.1495,230544.0,569.88,0.0,10001.997257350744,0.0,0.0,0.0,0.0,0,0,0,0.0,0.00019972573507431868
2724.0,2023-01-22 14:22:59.999,4.0,,0.0,0.0,,,0.4063,13.152,80252.0,646.96,0.0,10001.997257350744,0.0,0.0,0.0,0.0,0,0,0,0.0,0.00019972573507431868
2725.0,2023-01-22 14:23:59.999,4.0,,0.0,0.0,,,0.4065,13.159,95866.0,1305.6,0.0,10001.997257350744,0.0,0.0,0.0,0.0,0,0,0,0.0,0.00019972573507431868
2726.0,2023-01-22 14:24:59.999,4.0,,0.0,0.0,,,0.40675,13.1875,297103.0,4375.52,0.0,10001.997257350744,0.0,0.0,0.0,0.0,0,0,0,0.0,0.00019972573507431868
2727.0,2023-01-22 14:25:59.999,4.0,,0.0,0.0,,,0.4067499999999999,13.2105,187792.0,4237.63,0.0,10001.997257350744,0.0,0.0,0.0,0.0,0,0,0,0.0,0.00019972573507431868
2728.0,2023-01-22 14:26:59.999,4.0,,0.0,0.0,,,0.407,13.217,256116.0,848.7,0.0,10001.997257350744,0.0,0.0,0.0,0.0,0,0,0,0.0,0.00019972573507431868
2729.0,2023-01-22 14:27:59.999,5.0,long,1229.7097884899167,-20.53027366744405,0.4065999999999999,13.2215,0.4065999999999999,13.2215,395774.0,2987.5,2.0,10001.997257350744,0.0,0.0,0.0,0.0,0,0,1,0.0,0.00019972573507431868
2730.0,2023-01-22 14:28:59.999,5.0,long,1229.7097884899167,-20.53027366744405,0.4065999999999999,13.2215,0.4068,13.245,96741.0,7973.37,2.0,10001.997257350744,0.0,0.0,0.0,0.0,0,0,0,0.0,0.00019972573507431868
2731.0,2023-01-22 14:29:59.999,5.0,long,1229.7097884899167,-20.53027366744405,0.4065999999999999,13.2215,0.4069,13.261,454979.0,1770.78,2.0,10001.997257350744,0.0,0.0,0.0,0.0,0,0,0,0.0,0.00019972573507431868
2732.0,2023-01-22 14:30:59.999,5.0,long,1229.7097884899167,-20.53027366744405,0.4065999999999999,13.2215,0.407,13.2595,292180.0,3992.27,2.0,10001.997257350744,0.0,0.0,0.0,0.0,0,0,0,0.0,0.00019972573507431868
2733.0,2023-01-22 14:31:59.999,5.0,long,1229.7097884899167,-20.53027366744405,0.4065999999999999,13.2215,0.4068,13.259,49869.0,4542.93,2.0,10001.997257350744,0.0,0.0,0.0,0.0,0,0,0,0.0,0.00019972573507431868
2734.0,2023-01-22 14:32:59.999,5.0,long,1229.7097884899167,-20.53027366744405,0.4065999999999999,13.2215,0.4065999999999999,13.259,171693.0,3855.73,2.0,10001.997257350744,0.0,0.0,0.0,0.0,0,0,0,0.0,0.00019972573507431868
2735.0,2023-01-22 14:33:59.999,5.0,long,1229.7097884899167,-20.53027366744405,0.4065999999999999,13.2215,0.4066499999999999,13.2725,132789.0,1614.57,2.0,10001.997257350744,0.0,0.0,0.0,0.0,0,0,0,0.0,0.00019972573507431868
2736.0,2023-01-22 14:34:59.999,5.0,long,1229.7097884899167,-20.53027366744405,0.4065999999999999,13.2215,0.4065999999999999,13.2825,180840.0,1135.28,2.0,10001.997257350744,0.0,0.0,0.0,0.0,0,0,0,0.0,0.00019972573507431868
2737.0,2023-01-22 14:35:59.999,5.0,long,1229.7097884899167,-20.53027366744405,0.4065999999999999,13.2215,0.4064,13.265,148900.0,1155.39,2.0,10001.997257350744,0.0,0.0,0.0,0.0,0,0,0,0.0,0.00019972573507431868
2738.0,2023-01-22 14:36:59.999,5.0,long,1229.7097884899167,-20.53027366744405,0.4065999999999999,13.2215,0.4063,13.254,81825.0,1304.68,2.0,10001.997257350744,0.0,0.0,0.0,0.0,0,0,0,0.0,0.00019972573507431868
2739.0,2023-01-22 14:37:59.999,5.0,long,1229.7097884899167,-20.53027366744405,0.4065999999999999,13.2215,0.4061,13.241499999999998,78844.0,6603.01,2.0,10001.997257350744,0.0,0.0,0.0,0.0,0,0,0,0.0,0.00019972573507431868
2740.0,2023-01-22 14:38:59.999,5.0,long,1229.7097884899167,-20.53027366744405,0.4065999999999999,13.2215,0.40615,13.2335,178788.0,775.71,2.0,10001.997257350744,0.0,0.0,0.0,0.0,0,0,0,0.0,0.00019972573507431868
2741.0,2023-01-22 14:39:59.999,5.0,long,1229.7097884899167,-20.53027366744405,0.4065999999999999,13.2215,0.4062,13.2355,188502.0,849.96,2.0,10001.997257350744,0.0,0.0,0.0,0.0,0,0,0,0.0,0.00019972573507431868
2742.0,2023-01-22 14:40:59.999,5.0,long,1229.7097884899167,-20.53027366744405,0.4065999999999999,13.2215,0.4063,13.2365,40412.0,909.35,2.0,10001.997257350744,0.0,0.0,0.0,0.0,0,0,0,0.0,0.00019972573507431868
2743.0,2023-01-22 14:41:59.999,5.0,long,1229.7097884899167,-20.53027366744405,0.4065999999999999,13.2215,0.40635,13.2505,71838.0,880.38,2.0,10001.997257350744,0.0,0.0,0.0,0.0,0,0,0,0.0,0.00019972573507431868
2744.0,2023-01-22 14:42:59.999,5.0,long,1229.7097884899167,-20.53027366744405,0.4065999999999999,13.2215,0.4061,13.2395,129129.0,1024.25,2.0,10001.997257350744,0.0,0.0,0.0,0.0,0,0,0,0.0,0.00019972573507431868
2745.0,2023-01-22 14:43:59.999,5.0,long,1229.7097884899167,-20.53027366744405,0.4065999999999999,13.2215,0.4059,13.225,54805.0,76.91,2.0,10001.997257350744,0.0,0.0,0.0,0.0,0,0,0,0.0,0.00019972573507431868
2746.0,2023-01-22 14:44:59.999,5.0,long,1229.7097884899167,-20.53027366744405,0.4065999999999999,13.2215,0.40585,13.22,41163.0,1627.99,2.0,10001.997257350744,0.0,0.0,0.0,0.0,0,0,0,0.0,0.00019972573507431868
2747.0,2023-01-22 14:45:59.999,5.0,long,1229.7097884899167,-20.53027366744405,0.4065999999999999,13.2215,0.40595,13.2245,185041.0,3836.89,2.0,10001.997257350744,0.0,0.0,0.0,0.0,0,0,0,0.0,0.00019972573507431868
2748.0,2023-01-22 14:46:59.999,5.0,long,1229.7097884899167,-20.53027366744405,0.4065999999999999,13.2215,0.40605,13.224,78515.0,1526.68,2.0,10001.997257350744,0.0,0.0,0.0,0.0,0,0,0,0.0,0.00019972573507431868
2749.0,2023-01-22 14:47:59.999,5.0,long,1229.7097884899167,-20.53027366744405,0.4065999999999999,13.2215,0.406,13.2235,140891.0,2246.17,2.0,10001.997257350744,0.0,0.0,0.0,0.0,0,0,0,0.0,0.00019972573507431868
2750.0,2023-01-22 14:48:59.999,5.0,long,1229.7097884899167,-20.53027366744405,0.4065999999999999,13.2215,0.406,13.231,111624.0,1833.85,2.0,10001.997257350744,0.0,0.0,0.0,0.0,0,0,0,0.0,0.00019972573507431868
2751.0,2023-01-22 14:49:59.999,5.0,long,1229.7097884899167,-20.53027366744405,0.4065999999999999,13.2215,0.406,13.235,77036.0,607.24,0.0,10001.997257350744,0.0,0.0,0.0,0.0,0,0,0,0.0,0.00019972573507431868
2752.0,2023-01-22 14:50:59.999,5.0,long,1229.7097884899167,-20.53027366744405,0.4065999999999999,13.2215,0.4059,13.2135,68210.0,1322.52,0.0,10001.997257350744,0.0,0.0,0.0,0.0,0,0,0,0.0,0.00019972573507431868
2753.0,2023-01-22 14:51:59.999,5.0,long,1229.7097884899167,-20.53027366744405,0.4065999999999999,13.2215,0.40635,13.2195,74231.0,993.18,0.0,10001.997257350744,0.0,0.0,0.0,0.0,0,0,0,0.0,0.00019972573507431868
2754.0,2023-01-22 14:52:59.999,5.0,long,1229.7097884899167,-20.53027366744405,0.4065999999999999,13.2215,0.4065499999999999,13.227,70036.0,1365.32,0.0,10001.997257350744,0.0,0.0,0.0,0.0,0,0,0,0.0,0.00019972573507431868
2755.0,2023-01-22 14:53:59.999,5.0,long,1229.7097884899167,-20.53027366744405,0.4065999999999999,13.2215,0.40705,13.235,266022.0,1309.44,0.0,10001.997257350744,0.0,0.0,0.0,0.0,0,0,0,0.0,0.00019972573507431868
2756.0,2023-01-22 14:54:59.999,5.0,long,1229.7097884899167,-20.53027366744405,0.4065999999999999,13.2215,0.40735,13.2465,255829.0,1993.4,0.0,10001.997257350744,0.0,0.0,0.0,0.0,0,0,0,0.0,0.00019972573507431868
2757.0,2023-01-22 14:55:59.999,5.0,long,1229.7097884899167,-20.53027366744405,0.4065999999999999,13.2215,0.40735,13.2425,150007.0,599.22,0.0,10001.997257350744,0.0,0.0,0.0,0.0,0,0,0,0.0,0.00019972573507431868
2758.0,2023-01-22 14:56:59.999,5.0,long,1229.7097884899167,-20.53027366744405,0.4065999999999999,13.2215,0.4073,13.231,103022.0,754.25,0.0,10001.997257350744,0.0,0.0,0.0,0.0,0,0,0,0.0,0.00019972573507431868
2759.0,2023-01-22 14:57:59.999,5.0,long,1229.7097884899167,-20.53027366744405,0.4065999999999999,13.2215,0.4078,13.266,554739.0,6747.92,0.0,10001.997257350744,0.0,0.0,0.0,0.0,0,0,0,0.0,0.00019972573507431868
2760.0,2023-01-22 14:58:59.999,5.0,long,1229.7097884899167,-20.53027366744405,0.4065999999999999,13.2215,0.4076499999999999,13.253,251471.0,1443.15,0.0,10001.997257350744,0.0,0.0,0.0,0.0,0,0,0,0.0,0.00019972573507431868
2761.0,2023-01-22 14:59:59.999,5.0,long,1229.7097884899167,-20.53027366744405,0.4065999999999999,13.2215,0.4079,13.2545,143015.0,981.62,0.0,10001.997257350744,0.0,0.0,0.0,0.0,0,0,0,0.0,0.00019972573507431868
2762.0,2023-01-22 15:00:59.999,5.0,long,1229.7097884899167,-20.53027366744405,0.4065999999999999,13.2215,0.40795,13.2415,285322.0,1155.89,0.0,10001.997257350744,0.0,0.0,0.0,0.0,0,0,0,0.0,0.00019972573507431868
2763.0,2023-01-22 15:01:59.999,5.0,long,1229.7097884899167,-20.53027366744405,0.4065999999999999,13.2215,0.40785,13.2495,204821.0,1644.48,0.0,10001.997257350744,0.0,0.0,0.0,0.0,0,0,0,0.0,0.00019972573507431868
2764.0,2023-01-22 15:02:59.999,5.0,long,1229.7097884899167,-20.53027366744405,0.4065999999999999,13.2215,0.40805,13.27,232761.0,3395.51,0.0,10001.997257350744,0.0,0.0,0.0,0.0,0,0,0,0.0,0.00019972573507431868
2765.0,2023-01-22 15:03:59.999,5.0,long,1229.7097884899167,-20.53027366744405,0.4065999999999999,13.2215,0.4079,13.2575,105138.0,1190.24,0.0,10001.997257350744,0.0,0.0,0.0,0.0,0,0,0,0.0,0.00019972573507431868
2766.0,2023-01-22 15:04:59.999,5.0,long,1229.7097884899167,-20.53027366744405,0.4065999999999999,13.2215,0.40805,13.262,222867.0,832.39,0.0,10001.997257350744,0.0,0.0,0.0,0.0,0,0,0,0.0,0.00019972573507431868
2767.0,2023-01-22 15:05:59.999,5.0,long,1229.7097884899167,-20.53027366744405,0.4065999999999999,13.2215,0.40815,13.2775,415162.0,675.65,0.0,10001.997257350744,0.0,0.0,0.0,0.0,0,0,0,0.0,0.00019972573507431868
2768.0,2023-01-22 15:06:59.999,5.0,long,1229.7097884899167,-20.53027366744405,0.4065999999999999,13.2215,0.4083,13.2855,439247.0,2286.22,0.0,10001.997257350744,0.0,0.0,0.0,0.0,0,0,0,0.0,0.00019972573507431868
2769.0,2023-01-22 15:07:59.999,5.0,long,1229.7097884899167,-20.53027366744405,0.4065999999999999,13.2215,0.40835,13.2865,118448.0,923.34,0.0,10001.997257350744,0.0,0.0,0.0,0.0,0,0,0,0.0,0.00019972573507431868
2770.0,2023-01-22 15:08:59.999,5.0,long,1229.7097884899167,-20.53027366744405,0.4065999999999999,13.2215,0.4082,13.2795,178481.0,1933.51,0.0,10001.997257350744,0.0,0.0,0.0,0.0,0,0,0,0.0,0.00019972573507431868
2771.0,2023-01-22 15:09:59.999,5.0,long,1229.7097884899167,-20.53027366744405,0.4065999999999999,13.2215,0.40815,13.288,213709.0,1131.57,0.0,10001.997257350744,0.0,0.0,0.0,0.0,0,0,0,0.0,0.00019972573507431868
2772.0,2023-01-22 15:10:59.999,5.0,long,1229.7097884899167,-20.53027366744405,0.4065999999999999,13.2215,0.4081,13.31,153369.0,1615.73,0.0,10001.997257350744,0.0,0.0,0.0,0.0,0,0,0,0.0,0.00019972573507431868
2773.0,2023-01-22 15:11:59.999,5.0,long,1229.7097884899167,-20.53027366744405,0.4065999999999999,13.2215,0.4085999999999999,13.326,285406.0,1111.46,0.0,10001.997257350744,0.0,0.0,0.0,0.0,0,0,0,0.0,0.00019972573507431868
2774.0,2023-01-22 15:12:59.999,5.0,long,1229.7097884899167,-20.53027366744405,0.4065999999999999,13.2215,0.4089,13.3345,224189.0,2322.32,0.0,10001.997257350744,0.0,0.0,0.0,0.0,0,0,0,0.0,0.00019972573507431868
2775.0,2023-01-22 15:13:59.999,5.0,long,1229.7097884899167,-20.53027366744405,0.4065999999999999,13.2215,0.4086499999999999,13.328,188049.0,2580.4,2.0,10001.997257350744,0.0,0.0,0.0,0.0,0,0,0,0.0,0.00019972573507431868
2776.0,2023-01-22 15:14:59.999,5.0,long,1229.7097884899167,-20.53027366744405,0.4065999999999999,13.2215,0.4086999999999999,13.328,86164.0,1053.03,2.0,10001.997257350744,0.0,0.0,0.0,0.0,0,0,0,0.0,0.00019972573507431868
2777.0,2023-01-22 15:15:59.999,5.0,long,1229.7097884899167,-20.53027366744405,0.4065999999999999,13.2215,0.4092,13.3415,247479.0,5515.65,2.0,10001.997257350744,0.0,0.0,0.0,0.0,0,0,0,0.0,0.00019972573507431868
2778.0,2023-01-22 15:16:59.999,5.0,long,1229.7097884899167,-20.53027366744405,0.4065999999999999,13.2215,0.4091,13.3615,179849.0,4356.34,2.0,10001.997257350744,0.0,0.0,0.0,0.0,0,0,0,0.0,0.00019972573507431868
2779.0,2023-01-22 15:17:59.999,5.0,long,1229.7097884899167,-20.53027366744405,0.4065999999999999,13.2215,0.40895,13.3705,188678.0,1171.99,2.0,10001.997257350744,0.0,0.0,0.0,0.0,0,0,0,0.0,0.00019972573507431868
2780.0,2023-01-22 15:18:59.999,5.0,long,1229.7097884899167,-20.53027366744405,0.4065999999999999,13.2215,0.4095,13.3785,152153.0,934.83,2.0,10001.997257350744,0.0,0.0,0.0,0.0,0,0,0,0.0,0.00019972573507431868
2781.0,2023-01-22 15:19:59.999,5.0,long,1229.7097884899167,-20.53027366744405,0.4065999999999999,13.2215,0.4095999999999999,13.3505,208874.0,3514.5,2.0,10001.997257350744,0.0,0.0,0.0,0.0,0,0,0,0.0,0.00019972573507431868
2782.0,2023-01-22 15:20:59.999,5.0,long,1229.7097884899167,-20.53027366744405,0.4065999999999999,13.2215,0.40875,13.335,354517.0,3420.52,2.0,10001.997257350744,0.0,0.0,0.0,0.0,0,0,0,0.0,0.00019972573507431868
2783.0,2023-01-22 15:21:59.999,5.0,long,1229.7097884899167,-20.53027366744405,0.4065999999999999,13.2215,0.4081,13.3125,274789.0,16518.53,2.0,10001.997257350744,0.0,0.0,0.0,0.0,0,0,0,0.0,0.00019972573507431868
2784.0,2023-01-22 15:22:59.999,5.0,long,1229.7097884899167,-20.53027366744405,0.4065999999999999,13.2215,0.40575,13.1965,1783094.0,12584.0,2.0,10001.997257350744,0.0,0.0,0.0,0.0,0,0,0,0.0,0.00019972573507431868
2785.0,2023-01-22 15:23:59.999,5.0,long,1229.7097884899167,-20.53027366744405,0.4065999999999999,13.2215,0.4039,13.116,2464790.0,36679.66,2.0,10001.997257350744,0.0,0.0,0.0,0.0,0,0,0,0.0,0.00019972573507431868
2786.0,2023-01-22 15:24:59.999,5.0,long,1229.7097884899167,-20.53027366744405,0.4065999999999999,13.2215,0.40375,13.076,1769857.0,14681.56,0.0,10001.997257350744,0.0,0.0,0.0,0.0,0,0,0,0.0,0.00019972573507431868
2787.0,2023-01-22 15:25:59.999,5.0,long,1229.7097884899167,-20.53027366744405,0.4065999999999999,13.2215,0.4046,13.123,1077834.0,5431.75,0.0,10001.997257350744,0.0,0.0,0.0,0.0,0,0,0,0.0,0.00019972573507431868
2788.0,2023-01-22 15:26:59.999,5.0,long,1229.7097884899167,-20.53027366744405,0.4065999999999999,13.2215,0.4042,13.107,791069.0,4743.15,0.0,10001.997257350744,0.0,0.0,0.0,0.0,0,0,0,0.0,0.00019972573507431868
2789.0,2023-01-22 15:27:59.999,5.0,long,1229.7097884899167,-20.53027366744405,0.4065999999999999,13.2215,0.4042,13.1115,551415.0,2314.09,0.0,10001.997257350744,0.0,0.0,0.0,0.0,0,0,0,0.0,0.00019972573507431868
2790.0,2023-01-22 15:28:59.999,5.0,long,1229.7097884899167,-20.53027366744405,0.4065999999999999,13.2215,0.4042,13.119,382584.0,3265.81,0.0,10001.997257350744,0.0,0.0,0.0,0.0,0,0,0,0.0,0.00019972573507431868
2791.0,2023-01-22 15:29:59.999,5.0,long,1229.7097884899167,-20.53027366744405,0.4065999999999999,13.2215,0.4046499999999999,13.1,367709.0,9431.67,0.0,10001.997257350744,0.0,0.0,0.0,0.0,0,0,0,0.0,0.00019972573507431868
2792.0,2023-01-22 15:30:59.999,5.0,long,1229.7097884899167,-20.53027366744405,0.4065999999999999,13.2215,0.4043,13.0915,576750.0,3004.43,0.0,10001.997257350744,0.0,0.0,0.0,0.0,0,0,0,0.0,0.00019972573507431868
2793.0,2023-01-22 15:31:59.999,5.0,long,1229.7097884899167,-20.53027366744405,0.4065999999999999,13.2215,0.40525,13.1365,300579.0,7370.91,0.0,10001.997257350744,0.0,0.0,0.0,0.0,0,0,0,0.0,0.00019972573507431868
2794.0,2023-01-22 15:32:59.999,5.0,long,1229.7097884899167,-20.53027366744405,0.4065999999999999,13.2215,0.40545,13.173,345793.0,1919.41,0.0,10001.997257350744,0.0,0.0,0.0,0.0,0,0,0,0.0,0.00019972573507431868
2795.0,2023-01-22 15:33:59.999,5.0,long,1229.7097884899167,-20.53027366744405,0.4065999999999999,13.2215,0.40575,13.1855,210648.0,1335.69,0.0,10001.997257350744,0.0,0.0,0.0,0.0,0,0,0,0.0,0.00019972573507431868
2796.0,2023-01-22 15:34:59.999,5.0,long,1229.7097884899167,-20.53027366744405,0.4065999999999999,13.2215,0.40575,13.1845,262648.0,111.01,0.0,10001.997257350744,0.0,0.0,0.0,0.0,0,0,0,0.0,0.00019972573507431868
2797.0,2023-01-22 15:35:59.999,5.0,long,1229.7097884899167,-20.53027366744405,0.4065999999999999,13.2215,0.40585,13.1835,123743.0,1220.26,0.0,10001.997257350744,0.0,0.0,0.0,0.0,0,0,0,0.0,0.00019972573507431868
2798.0,2023-01-22 15:36:59.999,5.0,long,1229.7097884899167,-20.53027366744405,0.4065999999999999,13.2215,0.4055499999999999,13.191,153403.0,733.76,0.0,10001.997257350744,0.0,0.0,0.0,0.0,0,0,0,0.0,0.00019972573507431868
2799.0,2023-01-22 15:37:59.999,5.0,long,1229.7097884899167,-20.53027366744405,0.4065999999999999,13.2215,0.4047,13.1565,269912.0,3094.13,0.0,10001.997257350744,0.0,0.0,0.0,0.0,0,0,0,0.0,0.00019972573507431868
2800.0,2023-01-22 15:38:59.999,5.0,long,1229.7097884899167,-20.53027366744405,0.4065999999999999,13.2215,0.4044,13.146,295063.0,625.97,0.0,10001.997257350744,0.0,0.0,0.0,0.0,0,0,0,0.0,0.00019972573507431868
2801.0,2023-01-22 15:39:59.999,5.0,long,1229.7097884899167,-20.53027366744405,0.4065999999999999,13.2215,0.4044999999999999,13.1615,187689.0,892.08,0.0,10001.997257350744,0.0,0.0,0.0,0.0,0,0,0,0.0,0.00019972573507431868
2802.0,2023-01-22 15:40:59.999,5.0,long,1229.7097884899167,-20.53027366744405,0.4065999999999999,13.2215,0.4047,13.166,85398.0,1026.85,0.0,10001.997257350744,0.0,0.0,0.0,0.0,0,0,0,0.0,0.00019972573507431868
2803.0,2023-01-22 15:41:59.999,5.0,long,1229.7097884899167,-20.53027366744405,0.4065999999999999,13.2215,0.40495,13.1835,180603.0,931.29,0.0,10001.997257350744,0.0,0.0,0.0,0.0,0,0,0,0.0,0.00019972573507431868
2804.0,2023-01-22 15:42:59.999,5.0,long,1229.7097884899167,-20.53027366744405,0.4065999999999999,13.2215,0.4051,13.203,196344.0,1196.54,0.0,10001.997257350744,0.0,0.0,0.0,0.0,0,0,0,0.0,0.00019972573507431868
2805.0,2023-01-22 15:43:59.999,5.0,long,1229.7097884899167,-20.53027366744405,0.4065999999999999,13.2215,0.4052,13.2145,127968.0,501.56,0.0,10001.997257350744,0.0,0.0,0.0,0.0,0,0,0,0.0,0.00019972573507431868
2806.0,2023-01-22 15:44:59.999,5.0,long,1229.7097884899167,-20.53027366744405,0.4065999999999999,13.2215,0.40515,13.221,67783.0,410.19,0.0,10001.997257350744,0.0,0.0,0.0,0.0,0,0,0,0.0,0.00019972573507431868
2807.0,2023-01-22 15:45:59.999,5.0,long,1229.7097884899167,-20.53027366744405,0.4065999999999999,13.2215,0.40505,13.216,58841.0,588.05,0.0,10001.997257350744,0.0,0.0,0.0,0.0,0,0,0,0.0,0.00019972573507431868
2808.0,2023-01-22 15:46:59.999,5.0,long,1229.7097884899167,-20.53027366744405,0.4065999999999999,13.2215,0.40535,13.239,88045.0,2460.89,0.0,10001.997257350744,0.0,0.0,0.0,0.0,0,0,0,0.0,0.00019972573507431868
2809.0,2023-01-22 15:47:59.999,5.0,long,1229.7097884899167,-20.53027366744405,0.4065999999999999,13.2215,0.4059,13.2735,136514.0,3289.88,0.0,10001.997257350744,0.0,0.0,0.0,0.0,0,0,0,0.0,0.00019972573507431868
2810.0,2023-01-22 15:48:59.999,5.0,long,1229.7097884899167,-20.53027366744405,0.4065999999999999,13.2215,0.40625,13.286,111398.0,999.8,0.0,10001.997257350744,0.0,0.0,0.0,0.0,0,0,0,0.0,0.00019972573507431868
2811.0,2023-01-22 15:49:59.999,5.0,long,1229.7097884899167,-20.53027366744405,0.4065999999999999,13.2215,0.4065,13.294,260524.0,1732.64,2.0,10001.997257350744,0.0,0.0,0.0,0.0,0,0,0,0.0,0.00019972573507431868
2812.0,2023-01-22 15:50:59.999,5.0,long,1229.7097884899167,-20.53027366744405,0.4065999999999999,13.2215,0.4065,13.287,113040.0,5656.01,2.0,10001.997257350744,0.0,0.0,0.0,0.0,0,0,0,0.0,0.00019972573507431868
2813.0,2023-01-22 15:51:59.999,5.0,long,1229.7097884899167,-20.53027366744405,0.4065999999999999,13.2215,0.40645,13.271,77501.0,854.89,2.0,10001.997257350744,0.0,0.0,0.0,0.0,0,0,0,0.0,0.00019972573507431868
2814.0,2023-01-22 15:52:59.999,5.0,long,1229.7097884899167,-20.53027366744405,0.4065999999999999,13.2215,0.40625,13.281,138062.0,953.34,2.0,10001.997257350744,0.0,0.0,0.0,0.0,0,0,0,0.0,0.00019972573507431868
2815.0,2023-01-22 15:53:59.999,5.0,long,1229.7097884899167,-20.53027366744405,0.4065999999999999,13.2215,0.4059,13.2515,80094.0,2637.32,2.0,10001.997257350744,0.0,0.0,0.0,0.0,0,0,0,0.0,0.00019972573507431868
2816.0,2023-01-22 15:54:59.999,5.0,long,1229.7097884899167,-20.53027366744405,0.4065999999999999,13.2215,0.4061,13.245,158828.0,662.13,2.0,10001.997257350744,0.0,0.0,0.0,0.0,0,0,0,0.0,0.00019972573507431868
2817.0,2023-01-22 15:55:59.999,5.0,long,1229.7097884899167,-20.53027366744405,0.4065999999999999,13.2215,0.4058,13.209,345066.0,2141.5,0.0,10001.997257350744,0.0,0.0,0.0,0.0,0,0,0,0.0,0.00019972573507431868
2818.0,2023-01-22 15:56:59.999,5.0,long,1229.7097884899167,-20.53027366744405,0.4065999999999999,13.2215,0.40535,13.171,86229.0,1365.17,0.0,10001.997257350744,0.0,0.0,0.0,0.0,0,0,0,0.0,0.00019972573507431868
2819.0,2023-01-22 15:57:59.999,5.0,long,1229.7097884899167,-20.53027366744405,0.4065999999999999,13.2215,0.40545,13.1735,119986.0,1243.45,0.0,10001.997257350744,0.0,0.0,0.0,0.0,0,0,0,0.0,0.00019972573507431868
2820.0,2023-01-22 15:58:59.999,5.0,long,1229.7097884899167,-20.53027366744405,0.4065999999999999,13.2215,0.40565,13.183,73613.0,645.61,0.0,10001.997257350744,0.0,0.0,0.0,0.0,0,0,0,0.0,0.00019972573507431868
2821.0,2023-01-22 15:59:59.999,5.0,long,1229.7097884899167,-20.53027366744405,0.4065999999999999,13.2215,0.4055999999999999,13.1645,74247.0,860.71,0.0,10001.997257350744,0.0,0.0,0.0,0.0,0,0,0,0.0,0.00019972573507431868
2822.0,2023-01-22 16:00:59.999,5.0,long,1229.7097884899167,-20.53027366744405,0.4065999999999999,13.2215,0.4056,13.181,74685.0,820.8,0.0,10001.997257350744,0.0,0.0,0.0,0.0,0,0,0,0.0,0.00019972573507431868
2823.0,2023-01-22 16:01:59.999,5.0,long,1229.7097884899167,-20.53027366744405,0.4065999999999999,13.2215,0.40565,13.1655,58193.0,684.72,0.0,10001.997257350744,0.0,0.0,0.0,0.0,0,0,0,0.0,0.00019972573507431868
2824.0,2023-01-22 16:02:59.999,5.0,long,1229.7097884899167,-20.53027366744405,0.4065999999999999,13.2215,0.4054,13.1505,151004.0,2092.02,0.0,10001.997257350744,0.0,0.0,0.0,0.0,0,0,0,0.0,0.00019972573507431868
2825.0,2023-01-22 16:03:59.999,5.0,long,1229.7097884899167,-20.53027366744405,0.4065999999999999,13.2215,0.40495,13.1255,130311.0,1847.48,0.0,10001.997257350744,0.0,0.0,0.0,0.0,0,0,0,0.0,0.00019972573507431868
2826.0,2023-01-22 16:04:59.999,5.0,long,1229.7097884899167,-20.53027366744405,0.4065999999999999,13.2215,0.405,13.1145,239163.0,1174.84,0.0,10001.997257350744,0.0,0.0,0.0,0.0,0,0,0,0.0,0.00019972573507431868
2827.0,2023-01-22 16:05:59.999,5.0,long,1229.7097884899167,-20.53027366744405,0.4065999999999999,13.2215,0.4045499999999999,13.0895,200169.0,3422.41,0.0,10001.997257350744,0.0,0.0,0.0,0.0,0,0,0,0.0,0.00019972573507431868
2828.0,2023-01-22 16:06:59.999,5.0,long,1229.7097884899167,-20.53027366744405,0.4065999999999999,13.2215,0.40485,13.1155,110289.0,1979.38,0.0,10001.997257350744,0.0,0.0,0.0,0.0,0,0,0,0.0,0.00019972573507431868
2829.0,2023-01-22 16:07:59.999,5.0,long,1229.7097884899167,-20.53027366744405,0.4065999999999999,13.2215,0.4051,13.134,62687.0,481.78,0.0,10001.997257350744,0.0,0.0,0.0,0.0,0,0,0,0.0,0.00019972573507431868
2830.0,2023-01-22 16:08:59.999,5.0,long,1229.7097884899167,-20.53027366744405,0.4065999999999999,13.2215,0.40525,13.148,128186.0,741.13,0.0,10001.997257350744,0.0,0.0,0.0,0.0,0,0,0,0.0,0.00019972573507431868
2831.0,2023-01-22 16:09:59.999,5.0,long,1229.7097884899167,-20.53027366744405,0.4065999999999999,13.2215,0.405,13.1395,183071.0,761.65,0.0,10001.997257350744,0.0,0.0,0.0,0.0,0,0,0,0.0,0.00019972573507431868
2832.0,2023-01-22 16:10:59.999,5.0,long,1229.7097884899167,-20.53027366744405,0.4065999999999999,13.2215,0.40495,13.1225,132769.0,882.92,0.0,10001.997257350744,0.0,0.0,0.0,0.0,0,0,0,0.0,0.00019972573507431868
2833.0,2023-01-22 16:11:59.999,5.0,long,1229.7097884899167,-20.53027366744405,0.4065999999999999,13.2215,0.40525,13.135,140482.0,213.51,2.0,10001.997257350744,0.0,0.0,0.0,0.0,0,0,0,0.0,0.00019972573507431868
2834.0,2023-01-22 16:12:59.999,5.0,long,1229.7097884899167,-20.53027366744405,0.4065999999999999,13.2215,0.4055499999999999,13.122,647855.0,571.0,0.0,10001.997257350744,0.0,0.0,0.0,0.0,0,0,0,0.0,0.00019972573507431868
2835.0,2023-01-22 16:13:59.999,5.0,long,1229.7097884899167,-20.53027366744405,0.4065999999999999,13.2215,0.40565,13.1015,2117363.0,1756.69,0.0,10001.997257350744,0.0,0.0,0.0,0.0,0,0,0,0.0,0.00019972573507431868
2836.0,2023-01-22 16:14:59.999,5.0,long,1229.7097884899167,-20.53027366744405,0.4065999999999999,13.2215,0.4054,13.0925,867209.0,1802.51,0.0,10001.997257350744,0.0,0.0,0.0,0.0,0,0,0,0.0,0.00019972573507431868
2837.0,2023-01-22 16:15:59.999,5.0,long,1229.7097884899167,-20.53027366744405,0.4065999999999999,13.2215,0.4062,13.1255,192528.0,657.23,0.0,10001.997257350744,0.0,0.0,0.0,0.0,0,0,0,0.0,0.00019972573507431868
2838.0,2023-01-22 16:16:59.999,5.0,long,1229.7097884899167,-20.53027366744405,0.4065999999999999,13.2215,0.4063,13.1495,136754.0,576.32,0.0,10001.997257350744,0.0,0.0,0.0,0.0,0,0,0,0.0,0.00019972573507431868
2839.0,2023-01-22 16:17:59.999,5.0,long,1229.7097884899167,-20.53027366744405,0.4065999999999999,13.2215,0.40635,13.1625,8688.0,799.11,0.0,10001.997257350744,0.0,0.0,0.0,0.0,0,0,0,0.0,0.00019972573507431868
2840.0,2023-01-22 16:18:59.999,5.0,long,1229.7097884899167,-20.53027366744405,0.4065999999999999,13.2215,0.4065,13.163,56625.0,462.55,0.0,10001.997257350744,0.0,0.0,0.0,0.0,0,0,0,0.0,0.00019972573507431868
2841.0,2023-01-22 16:19:59.999,5.0,long,1229.7097884899167,-20.53027366744405,0.4065999999999999,13.2215,0.4068,13.181,236996.0,682.22,0.0,10001.997257350744,0.0,0.0,0.0,0.0,0,0,0,0.0,0.00019972573507431868
2842.0,2023-01-22 16:20:59.999,5.0,long,1229.7097884899167,-20.53027366744405,0.4065999999999999,13.2215,0.4074,13.197500000000002,200852.0,1526.18,0.0,10001.997257350744,0.0,0.0,0.0,0.0,0,0,0,0.0,0.00019972573507431868
2843.0,2023-01-22 16:21:59.999,5.0,long,1229.7097884899167,-20.53027366744405,0.4065999999999999,13.2215,0.4075999999999999,13.2095,80592.0,3025.41,0.0,10001.997257350744,0.0,0.0,0.0,0.0,0,0,0,0.0,0.00019972573507431868
2844.0,2023-01-22 16:22:59.999,5.0,long,1229.7097884899167,-20.53027366744405,0.4065999999999999,13.2215,0.4078,13.2485,286284.0,13577.32,0.0,10001.997257350744,0.0,0.0,0.0,0.0,0,0,0,0.0,0.00019972573507431868
2845.0,2023-01-22 16:23:59.999,5.0,long,1229.7097884899167,-20.53027366744405,0.4065999999999999,13.2215,0.4081,13.2765,319916.0,6973.31,0.0,10001.997257350744,0.0,0.0,0.0,0.0,0,0,0,0.0,0.00019972573507431868
2846.0,2023-01-22 16:24:59.999,5.0,long,1229.7097884899167,-20.53027366744405,0.4065999999999999,13.2215,0.4083,13.2915,289421.0,2131.86,2.0,10001.997257350744,0.0,0.0,0.0,0.0,0,0,0,0.0,0.00019972573507431868
2847.0,2023-01-22 16:25:59.999,5.0,long,1229.7097884899167,-20.53027366744405,0.4065999999999999,13.2215,0.40795,13.276,242033.0,908.37,2.0,10001.997257350744,0.0,0.0,0.0,0.0,0,0,0,0.0,0.00019972573507431868
2848.0,2023-01-22 16:26:59.999,5.0,long,1229.7097884899167,-20.53027366744405,0.4065999999999999,13.2215,0.4076999999999999,13.244,265675.0,1958.47,2.0,10001.997257350744,0.0,0.0,0.0,0.0,0,0,0,0.0,0.00019972573507431868
2849.0,2023-01-22 16:27:59.999,5.0,long,1229.7097884899167,-20.53027366744405,0.4065999999999999,13.2215,0.40745,13.2225,164414.0,1289.77,2.0,10001.997257350744,0.0,0.0,0.0,0.0,0,0,0,0.0,0.00019972573507431868
2850.0,2023-01-22 16:28:59.999,5.0,long,1229.7097884899167,-20.53027366744405,0.4065999999999999,13.2215,0.4078,13.2445,345440.0,1699.04,2.0,10001.997257350744,0.0,0.0,0.0,0.0,0,0,0,0.0,0.00019972573507431868
2851.0,2023-01-22 16:29:59.999,5.0,long,1229.7097884899167,-20.53027366744405,0.4065999999999999,13.2215,0.40795,13.245,63186.0,393.67,0.0,10001.997257350744,0.0,0.0,0.0,0.0,0,0,0,0.0,0.00019972573507431868
2852.0,2023-01-22 16:30:59.999,5.0,long,1229.7097884899167,-20.53027366744405,0.4065999999999999,13.2215,0.4077499999999999,13.2435,211899.0,599.78,2.0,10001.997257350744,0.0,0.0,0.0,0.0,0,0,0,0.0,0.00019972573507431868
2853.0,2023-01-22 16:31:59.999,5.0,long,1229.7097884899167,-20.53027366744405,0.4065999999999999,13.2215,0.4072,13.2265,169365.0,987.61,2.0,10001.997257350744,0.0,0.0,0.0,0.0,0,0,0,0.0,0.00019972573507431868
2854.0,2023-01-22 16:32:59.999,5.0,long,1229.7097884899167,-20.53027366744405,0.4065999999999999,13.2215,0.4069,13.2145,90367.0,774.43,2.0,10001.997257350744,0.0,0.0,0.0,0.0,0,0,0,0.0,0.00019972573507431868
2855.0,2023-01-22 16:33:59.999,5.0,long,1229.7097884899167,-20.53027366744405,0.4065999999999999,13.2215,0.40715,13.2195,165612.0,358.37,2.0,10001.997257350744,0.0,0.0,0.0,0.0,0,0,0,0.0,0.00019972573507431868
2856.0,2023-01-22 16:34:59.999,5.0,long,1229.7097884899167,-20.53027366744405,0.4065999999999999,13.2215,0.407,13.207,86062.0,829.71,2.0,10001.997257350744,0.0,0.0,0.0,0.0,0,0,0,0.0,0.00019972573507431868
2857.0,2023-01-22 16:35:59.999,5.0,long,1229.7097884899167,-20.53027366744405,0.4065999999999999,13.2215,0.4072,13.218,87054.0,741.11,2.0,10001.997257350744,0.0,0.0,0.0,0.0,0,0,0,0.0,0.00019972573507431868
2858.0,2023-01-22 16:36:59.999,5.0,long,1229.7097884899167,-20.53027366744405,0.4065999999999999,13.2215,0.40705,13.2015,65140.0,718.53,0.0,10001.997257350744,0.0,0.0,0.0,0.0,0,0,0,0.0,0.00019972573507431868
2859.0,2023-01-22 16:37:59.999,5.0,long,1229.7097884899167,-20.53027366744405,0.4065999999999999,13.2215,0.4066999999999999,13.188,235583.0,902.37,2.0,10001.997257350744,0.0,0.0,0.0,0.0,0,0,0,0.0,0.00019972573507431868
2860.0,2023-01-22 16:38:59.999,5.0,long,1229.7097884899167,-20.53027366744405,0.4065999999999999,13.2215,0.4065,13.178999999999998,136660.0,490.23,0.0,10001.997257350744,0.0,0.0,0.0,0.0,0,0,0,0.0,0.00019972573507431868
2861.0,2023-01-22 16:39:59.999,5.0,long,1229.7097884899167,-20.53027366744405,0.4065999999999999,13.2215,0.4065999999999999,13.187,31712.0,410.75,0.0,10001.997257350744,0.0,0.0,0.0,0.0,0,0,0,0.0,0.00019972573507431868
2862.0,2023-01-22 16:40:59.999,5.0,long,1229.7097884899167,-20.53027366744405,0.4065999999999999,13.2215,0.40635,13.1815,1027373.0,566.71,0.0,10001.997257350744,0.0,0.0,0.0,0.0,0,0,0,0.0,0.00019972573507431868
2863.0,2023-01-22 16:41:59.999,5.0,long,1229.7097884899167,-20.53027366744405,0.4065999999999999,13.2215,0.40615,13.1875,145299.0,1315.13,0.0,10001.997257350744,0.0,0.0,0.0,0.0,0,0,0,0.0,0.00019972573507431868
2864.0,2023-01-22 16:42:59.999,5.0,long,1229.7097884899167,-20.53027366744405,0.4065999999999999,13.2215,0.40635,13.1875,60641.0,545.29,0.0,10001.997257350744,0.0,0.0,0.0,0.0,0,0,0,0.0,0.00019972573507431868
2865.0,2023-01-22 16:43:59.999,5.0,long,1229.7097884899167,-20.53027366744405,0.4065999999999999,13.2215,0.4065999999999999,13.1905,97987.0,1743.11,2.0,10001.997257350744,0.0,0.0,0.0,0.0,0,0,0,0.0,0.00019972573507431868
2866.0,2023-01-22 16:44:59.999,5.0,long,1229.7097884899167,-20.53027366744405,0.4065999999999999,13.2215,0.40685,13.1955,39236.0,1759.76,0.0,10001.997257350744,0.0,0.0,0.0,0.0,0,0,0,0.0,0.00019972573507431868
2867.0,2023-01-22 16:45:59.999,5.0,long,1229.7097884899167,-20.53027366744405,0.4065999999999999,13.2215,0.40685,13.2035,107357.0,756.59,0.0,10001.997257350744,0.0,0.0,0.0,0.0,0,0,0,0.0,0.00019972573507431868
2868.0,2023-01-22 16:46:59.999,5.0,long,1229.7097884899167,-20.53027366744405,0.4065999999999999,13.2215,0.40725,13.2325,266162.0,759.0,0.0,10001.997257350744,0.0,0.0,0.0,0.0,0,0,0,0.0,0.00019972573507431868
2869.0,2023-01-22 16:47:59.999,5.0,long,1229.7097884899167,-20.53027366744405,0.4065999999999999,13.2215,0.4075,13.2475,162295.0,784.05,0.0,10001.997257350744,0.0,0.0,0.0,0.0,0,0,0,0.0,0.00019972573507431868
2870.0,2023-01-22 16:48:59.999,5.0,long,1229.7097884899167,-20.53027366744405,0.4065999999999999,13.2215,0.4075999999999999,13.248,178176.0,2110.01,0.0,10001.997257350744,0.0,0.0,0.0,0.0,0,0,0,0.0,0.00019972573507431868
2871.0,2023-01-22 16:49:59.999,5.0,long,1229.7097884899167,-20.53027366744405,0.4065999999999999,13.2215,0.4076999999999999,13.2755,202270.0,2756.3,2.0,10001.997257350744,0.0,0.0,0.0,0.0,0,0,0,0.0,0.00019972573507431868
2872.0,2023-01-22 16:50:59.999,5.0,long,1229.7097884899167,-20.53027366744405,0.4065999999999999,13.2215,0.4075,13.273,300200.0,3086.34,2.0,10001.997257350744,0.0,0.0,0.0,0.0,0,0,0,0.0,0.00019972573507431868
2873.0,2023-01-22 16:51:59.999,5.0,long,1229.7097884899167,-20.53027366744405,0.4065999999999999,13.2215,0.40705,13.2965,195607.0,1193.24,2.0,10001.997257350744,0.0,0.0,0.0,0.0,0,0,0,0.0,0.00019972573507431868
2874.0,2023-01-22 16:52:59.999,5.0,long,1229.7097884899167,-20.53027366744405,0.4065999999999999,13.2215,0.4073,13.3125,94773.0,1031.33,2.0,10001.997257350744,0.0,0.0,0.0,0.0,0,0,0,0.0,0.00019972573507431868
2875.0,2023-01-22 16:53:59.999,5.0,long,1229.7097884899167,-20.53027366744405,0.4065999999999999,13.2215,0.4075999999999999,13.325500000000002,381269.0,1577.34,2.0,10001.997257350744,0.0,0.0,0.0,0.0,0,0,0,0.0,0.00019972573507431868
2876.0,2023-01-22 16:54:59.999,5.0,long,1229.7097884899167,-20.53027366744405,0.4065999999999999,13.2215,0.4077499999999999,13.323,275177.0,3205.05,2.0,10001.997257350744,0.0,0.0,0.0,0.0,0,0,0,0.0,0.00019972573507431868
2877.0,2023-01-22 16:55:59.999,5.0,long,1229.7097884899167,-20.53027366744405,0.4065999999999999,13.2215,0.4075499999999999,13.323,201747.0,3883.98,2.0,10001.997257350744,0.0,0.0,0.0,0.0,0,0,0,0.0,0.00019972573507431868
2878.0,2023-01-22 16:56:59.999,5.0,long,1229.7097884899167,-20.53027366744405,0.4065999999999999,13.2215,0.40715,13.268,144017.0,2853.32,2.0,10001.997257350744,0.0,0.0,0.0,0.0,0,0,0,0.0,0.00019972573507431868
2879.0,2023-01-22 16:57:59.999,5.0,long,1229.7097884899167,-20.53027366744405,0.4065999999999999,13.2215,0.4073,13.234,399398.0,2594.35,2.0,10001.997257350744,0.0,0.0,0.0,0.0,0,0,0,0.0,0.00019972573507431868
2880.0,2023-01-22 16:58:59.999,5.0,long,1229.7097884899167,-20.53027366744405,0.4065999999999999,13.2215,0.4076499999999999,13.233,223498.0,853.24,2.0,10001.997257350744,0.0,0.0,0.0,0.0,0,0,0,0.0,0.00019972573507431868
2881.0,2023-01-22 16:59:59.999,5.0,long,1229.7097884899167,-20.53027366744405,0.4065999999999999,13.2215,0.4074,13.217,196491.0,893.2,2.0,10001.997257350744,0.0,0.0,0.0,0.0,0,0,0,0.0,0.00019972573507431868
2882.0,2023-01-22 17:00:59.999,5.0,long,1229.7097884899167,-20.53027366744405,0.4065999999999999,13.2215,0.4076499999999999,13.2295,30604.0,531.25,0.0,10001.997257350744,0.0,0.0,0.0,0.0,0,0,0,0.0,0.00019972573507431868
2883.0,2023-01-22 17:01:59.999,5.0,long,1229.7097884899167,-20.53027366744405,0.4065999999999999,13.2215,0.4076499999999999,13.2165,330170.0,2000.09,0.0,10001.997257350744,0.0,0.0,0.0,0.0,0,0,0,0.0,0.00019972573507431868
2884.0,2023-01-22 17:02:59.999,5.0,long,1229.7097884899167,-20.53027366744405,0.4065999999999999,13.2215,0.40735,13.192,137945.0,1082.42,2.0,10001.997257350744,0.0,0.0,0.0,0.0,0,0,0,0.0,0.00019972573507431868
2885.0,2023-01-22 17:03:59.999,5.0,long,1229.7097884899167,-20.53027366744405,0.4065999999999999,13.2215,0.4069,13.1935,698846.0,1026.52,0.0,10001.997257350744,0.0,0.0,0.0,0.0,0,0,0,0.0,0.00019972573507431868
2886.0,2023-01-22 17:04:59.999,5.0,long,1229.7097884899167,-20.53027366744405,0.4065999999999999,13.2215,0.40715,13.2115,189106.0,1234.09,0.0,10001.997257350744,0.0,0.0,0.0,0.0,0,0,0,0.0,0.00019972573507431868
2887.0,2023-01-22 17:05:59.999,5.0,long,1229.7097884899167,-20.53027366744405,0.4065999999999999,13.2215,0.4076999999999999,13.2185,125200.0,5814.68,0.0,10001.997257350744,0.0,0.0,0.0,0.0,0,0,0,0.0,0.00019972573507431868
2888.0,2023-01-22 17:06:59.999,5.0,long,1229.7097884899167,-20.53027366744405,0.4065999999999999,13.2215,0.40795,13.205,645309.0,4033.53,0.0,10001.997257350744,0.0,0.0,0.0,0.0,0,0,0,0.0,0.00019972573507431868
2889.0,2023-01-22 17:07:59.999,5.0,long,1229.7097884899167,-20.53027366744405,0.4065999999999999,13.2215,0.4083,13.206,266841.0,1383.82,0.0,10001.997257350744,0.0,0.0,0.0,0.0,0,0,0,0.0,0.00019972573507431868
2890.0,2023-01-22 17:08:59.999,5.0,long,1229.7097884899167,-20.53027366744405,0.4065999999999999,13.2215,0.4085499999999999,13.22,366658.0,1980.95,0.0,10001.997257350744,0.0,0.0,0.0,0.0,0,0,0,0.0,0.00019972573507431868
2891.0,2023-01-22 17:09:59.999,5.0,long,1229.7097884899167,-20.53027366744405,0.4065999999999999,13.2215,0.4085999999999999,13.2065,157069.0,268.55,0.0,10001.997257350744,0.0,0.0,0.0,0.0,0,0,0,0.0,0.00019972573507431868
2892.0,2023-01-22 17:10:59.999,5.0,long,1229.7097884899167,-20.53027366744405,0.4065999999999999,13.2215,0.4086999999999999,13.2165,206953.0,649.64,0.0,10001.997257350744,0.0,0.0,0.0,0.0,0,0,0,0.0,0.00019972573507431868
2893.0,2023-01-22 17:11:59.999,5.0,long,1229.7097884899167,-20.53027366744405,0.4065999999999999,13.2215,0.4085499999999999,13.2195,314047.0,691.65,0.0,10001.997257350744,0.0,0.0,0.0,0.0,0,0,0,0.0,0.00019972573507431868
2894.0,2023-01-22 17:12:59.999,5.0,long,1229.7097884899167,-20.53027366744405,0.4065999999999999,13.2215,0.4086999999999999,13.2225,662604.0,711.45,0.0,10001.997257350744,0.0,0.0,0.0,0.0,0,0,0,0.0,0.00019972573507431868
2895.0,2023-01-22 17:13:59.999,5.0,long,1229.7097884899167,-20.53027366744405,0.4065999999999999,13.2215,0.4087,13.2285,151639.0,405.69,0.0,10001.997257350744,0.0,0.0,0.0,0.0,0,0,0,0.0,0.00019972573507431868
2896.0,2023-01-22 17:14:59.999,5.0,long,1229.7097884899167,-20.53027366744405,0.4065999999999999,13.2215,0.4087499999999999,13.228000000000002,154162.0,302.04,0.0,10001.997257350744,0.0,0.0,0.0,0.0,0,0,0,0.0,0.00019972573507431868
2897.0,2023-01-22 17:15:59.999,5.0,long,1229.7097884899167,-20.53027366744405,0.4065999999999999,13.2215,0.4085999999999999,13.236,503042.0,411.74,2.0,10001.997257350744,0.0,0.0,0.0,0.0,0,0,0,0.0,0.00019972573507431868
2898.0,2023-01-22 17:16:59.999,5.0,long,1229.7097884899167,-20.53027366744405,0.4065999999999999,13.2215,0.40815,13.224,395867.0,450.34,0.0,10001.997257350744,0.0,0.0,0.0,0.0,0,0,0,0.0,0.00019972573507431868
2899.0,2023-01-22 17:17:59.999,5.0,long,1229.7097884899167,-20.53027366744405,0.4065999999999999,13.2215,0.4083,13.2245,92834.0,646.73,0.0,10001.997257350744,0.0,0.0,0.0,0.0,0,0,0,0.0,0.00019972573507431868
2900.0,2023-01-22 17:18:59.999,5.0,long,1229.7097884899167,-20.53027366744405,0.4065999999999999,13.2215,0.4085,13.244,212956.0,1442.27,0.0,10001.997257350744,0.0,0.0,0.0,0.0,0,0,0,0.0,0.00019972573507431868
2901.0,2023-01-22 17:19:59.999,5.0,long,1229.7097884899167,-20.53027366744405,0.4065999999999999,13.2215,0.4088,13.2665,190171.0,706.26,0.0,10001.997257350744,0.0,0.0,0.0,0.0,0,0,0,0.0,0.00019972573507431868
2902.0,2023-01-22 17:20:59.999,5.0,long,1229.7097884899167,-20.53027366744405,0.4065999999999999,13.2215,0.40925,13.2945,890593.0,1710.78,0.0,10001.997257350744,0.0,0.0,0.0,0.0,0,0,0,0.0,0.00019972573507431868
2903.0,2023-01-22 17:21:59.999,5.0,long,1229.7097884899167,-20.53027366744405,0.4065999999999999,13.2215,0.40935,13.313,482089.0,3852.4,2.0,10001.997257350744,0.0,0.0,0.0,0.0,0,0,0,0.0,0.00019972573507431868
2904.0,2023-01-22 17:22:59.999,5.0,long,1229.7097884899167,-20.53027366744405,0.4065999999999999,13.2215,0.4096999999999999,13.3275,644064.0,1498.24,2.0,10001.997257350744,0.0,0.0,0.0,0.0,0,0,0,0.0,0.00019972573507431868
2905.0,2023-01-22 17:23:59.999,5.0,long,1229.7097884899167,-20.53027366744405,0.4065999999999999,13.2215,0.4103,13.334,690146.0,1346.16,2.0,10001.997257350744,0.0,0.0,0.0,0.0,0,0,0,0.0,0.00019972573507431868
2906.0,2023-01-22 17:24:59.999,5.0,long,1229.7097884899167,-20.53027366744405,0.4065999999999999,13.2215,0.4111,13.357,601706.0,3029.85,2.0,10001.997257350744,0.0,0.0,0.0,0.0,0,0,0,0.0,0.00019972573507431868
2907.0,2023-01-22 17:25:59.999,5.0,long,1229.7097884899167,-20.53027366744405,0.4065999999999999,13.2215,0.41175,13.371,1671147.0,1762.47,2.0,10001.997257350744,0.0,0.0,0.0,0.0,0,0,0,0.0,0.00019972573507431868
2908.0,2023-01-22 17:26:59.999,5.0,long,1229.7097884899167,-20.53027366744405,0.4065999999999999,13.2215,0.4116,13.381,645477.0,6571.5,2.0,10001.997257350744,0.0,0.0,0.0,0.0,0,0,0,0.0,0.00019972573507431868
2909.0,2023-01-22 17:27:59.999,5.0,long,1229.7097884899167,-20.53027366744405,0.4065999999999999,13.2215,0.41105,13.41,298857.0,7124.94,2.0,10001.997257350744,0.0,0.0,0.0,0.0,0,0,0,0.0,0.00019972573507431868
2910.0,2023-01-22 17:28:59.999,5.0,long,1229.7097884899167,-20.53027366744405,0.4065999999999999,13.2215,0.4105999999999999,13.456,86513.0,6346.44,2.0,10001.997257350744,0.0,0.0,0.0,0.0,0,0,0,0.0,0.00019972573507431868
2911.0,2023-01-22 17:29:59.999,5.0,long,1229.7097884899167,-20.53027366744405,0.4065999999999999,13.2215,0.41085,13.514,171342.0,20014.33,2.0,10001.997257350744,0.0,0.0,0.0,0.0,0,0,0,0.0,0.00019972573507431868
2912.0,2023-01-22 17:30:59.999,5.0,long,1229.7097884899167,-20.53027366744405,0.4065999999999999,13.2215,0.41065,13.5025,565683.0,13685.77,2.0,10001.997257350744,0.0,0.0,0.0,0.0,0,0,0,0.0,0.00019972573507431868
2913.0,2023-01-22 17:31:59.999,5.0,long,1229.7097884899167,-20.53027366744405,0.4065999999999999,13.2215,0.4112,13.491,720458.0,9934.05,2.0,10001.997257350744,0.0,0.0,0.0,0.0,0,0,0,0.0,0.00019972573507431868
2914.0,2023-01-22 17:32:59.999,5.0,long,1229.7097884899167,-20.53027366744405,0.4065999999999999,13.2215,0.4108,13.5165,314535.0,17694.52,2.0,10001.997257350744,0.0,0.0,0.0,0.0,0,0,0,0.0,0.00019972573507431868
2915.0,2023-01-22 17:33:59.999,5.0,long,1229.7097884899167,-20.53027366744405,0.4065999999999999,13.2215,0.41075,13.5135,276689.0,9268.65,2.0,10001.997257350744,0.0,0.0,0.0,0.0,0,0,0,0.0,0.00019972573507431868
2916.0,2023-01-22 17:34:59.999,5.0,long,1229.7097884899167,-20.53027366744405,0.4065999999999999,13.2215,0.4107499999999999,13.474,227248.0,4474.1,2.0,10001.997257350744,0.0,0.0,0.0,0.0,0,0,0,0.0,0.00019972573507431868
2917.0,2023-01-22 17:35:59.999,5.0,long,1229.7097884899167,-20.53027366744405,0.4065999999999999,13.2215,0.4108,13.5015,294990.0,12717.43,2.0,10001.997257350744,0.0,0.0,0.0,0.0,0,0,0,0.0,0.00019972573507431868
2918.0,2023-01-22 17:36:59.999,5.0,long,1229.7097884899167,-20.53027366744405,0.4065999999999999,13.2215,0.41085,13.5085,429918.0,3783.03,2.0,10001.997257350744,0.0,0.0,0.0,0.0,0,0,0,0.0,0.00019972573507431868
2919.0,2023-01-22 17:37:59.999,5.0,long,1229.7097884899167,-20.53027366744405,0.4065999999999999,13.2215,0.4105499999999999,13.4965,106858.0,4048.92,2.0,10001.997257350744,0.0,0.0,0.0,0.0,0,0,0,0.0,0.00019972573507431868
2920.0,2023-01-22 17:38:59.999,5.0,long,1229.7097884899167,-20.53027366744405,0.4065999999999999,13.2215,0.4102,13.485,165689.0,1424.28,2.0,10001.997257350744,0.0,0.0,0.0,0.0,0,0,0,0.0,0.00019972573507431868
2921.0,2023-01-22 17:39:59.999,5.0,long,1229.7097884899167,-20.53027366744405,0.4065999999999999,13.2215,0.4098,13.5065,273133.0,4206.36,2.0,10001.997257350744,0.0,0.0,0.0,0.0,0,0,0,0.0,0.00019972573507431868
2922.0,2023-01-22 17:40:59.999,5.0,long,1229.7097884899167,-20.53027366744405,0.4065999999999999,13.2215,0.4092,13.505,784180.0,3846.22,2.0,10001.997257350744,0.0,0.0,0.0,0.0,0,0,0,0.0,0.00019972573507431868
2923.0,2023-01-22 17:41:59.999,5.0,long,1229.7097884899167,-20.53027366744405,0.4065999999999999,13.2215,0.4091,13.509,348489.0,3265.62,2.0,10001.997257350744,0.0,0.0,0.0,0.0,0,0,0,0.0,0.00019972573507431868
2924.0,2023-01-22 17:42:59.999,5.0,long,1229.7097884899167,-20.53027366744405,0.4065999999999999,13.2215,0.409,13.5025,168996.0,3170.69,2.0,10001.997257350744,0.0,0.0,0.0,0.0,0,0,0,0.0,0.00019972573507431868
2925.0,2023-01-22 17:43:59.999,5.0,long,1229.7097884899167,-20.53027366744405,0.4065999999999999,13.2215,0.4092,13.5135,174858.0,5184.8,2.0,10001.997257350744,0.0,0.0,0.0,0.0,0,0,0,0.0,0.00019972573507431868
2926.0,2023-01-22 17:44:59.999,5.0,long,1229.7097884899167,-20.53027366744405,0.4065999999999999,13.2215,0.40915,13.587,150734.0,21671.92,2.0,10001.997257350744,0.0,0.0,0.0,0.0,0,0,0,0.0,0.00019972573507431868
2927.0,2023-01-22 17:45:59.999,5.0,long,1229.7097884899167,-20.53027366744405,0.4065999999999999,13.2215,0.40925,13.6135,59175.0,18462.53,0.0,10001.997257350744,0.0,0.0,0.0,0.0,0,0,0,0.0,0.00019972573507431868
2928.0,2023-01-22 17:46:59.999,5.0,long,1229.7097884899167,-20.53027366744405,0.4065999999999999,13.2215,0.4096499999999999,13.692,109652.0,12460.53,0.0,10001.997257350744,0.0,0.0,0.0,0.0,0,0,0,0.0,0.00019972573507431868
2929.0,2023-01-22 17:47:59.999,5.0,long,1229.7097884899167,-20.53027366744405,0.4065999999999999,13.2215,0.4096999999999999,13.7575,90389.0,31678.72,0.0,10001.997257350744,0.0,0.0,0.0,0.0,0,0,0,0.0,0.00019972573507431868
2930.0,2023-01-22 17:48:59.999,5.0,long,1229.7097884899167,-20.53027366744405,0.4065999999999999,13.2215,0.4098,13.7155,522659.0,14939.32,0.0,10001.997257350744,0.0,0.0,0.0,0.0,0,0,0,0.0,0.00019972573507431868
2931.0,2023-01-22 17:49:59.999,5.0,long,1229.7097884899167,-20.53027366744405,0.4065999999999999,13.2215,0.4093,13.705,273128.0,10305.13,0.0,10001.997257350744,0.0,0.0,0.0,0.0,0,0,0,0.0,0.00019972573507431868
2932.0,2023-01-22 17:50:59.999,5.0,long,1229.7097884899167,-20.53027366744405,0.4065999999999999,13.2215,0.4091,13.661,173900.0,10085.69,0.0,10001.997257350744,0.0,0.0,0.0,0.0,0,0,0,0.0,0.00019972573507431868
2933.0,2023-01-22 17:51:59.999,5.0,long,1229.7097884899167,-20.53027366744405,0.4065999999999999,13.2215,0.40895,13.6265,113320.0,7251.1,0.0,10001.997257350744,0.0,0.0,0.0,0.0,0,0,0,0.0,0.00019972573507431868
2934.0,2023-01-22 17:52:59.999,5.0,long,1229.7097884899167,-20.53027366744405,0.4065999999999999,13.2215,0.40925,13.586,289411.0,8792.87,0.0,10001.997257350744,0.0,0.0,0.0,0.0,0,0,0,0.0,0.00019972573507431868
2935.0,2023-01-22 17:53:59.999,5.0,long,1229.7097884899167,-20.53027366744405,0.4065999999999999,13.2215,0.40925,13.569,264045.0,46519.24,0.0,10001.997257350744,0.0,0.0,0.0,0.0,0,0,0,0.0,0.00019972573507431868
2936.0,2023-01-22 17:54:59.999,5.0,long,1229.7097884899167,-20.53027366744405,0.4065999999999999,13.2215,0.4093,13.609,282916.0,5343.37,0.0,10001.997257350744,0.0,0.0,0.0,0.0,0,0,0,0.0,0.00019972573507431868
2937.0,2023-01-22 17:55:59.999,5.0,long,1229.7097884899167,-20.53027366744405,0.4065999999999999,13.2215,0.40935,13.603,85849.0,9417.5,0.0,10001.997257350744,0.0,0.0,0.0,0.0,0,0,0,0.0,0.00019972573507431868
2938.0,2023-01-22 17:56:59.999,5.0,long,1229.7097884899167,-20.53027366744405,0.4065999999999999,13.2215,0.40925,13.5785,104127.0,10179.64,0.0,10001.997257350744,0.0,0.0,0.0,0.0,0,0,0,0.0,0.00019972573507431868
2939.0,2023-01-22 17:57:59.999,5.0,long,1229.7097884899167,-20.53027366744405,0.4065999999999999,13.2215,0.40925,13.5405,214759.0,4869.44,0.0,10001.997257350744,0.0,0.0,0.0,0.0,0,0,0,0.0,0.00019972573507431868
2940.0,2023-01-22 17:58:59.999,5.0,long,1229.7097884899167,-20.53027366744405,0.4065999999999999,13.2215,0.4094,13.549,27395.0,3077.18,2.0,10001.997257350744,0.0,0.0,0.0,0.0,0,0,0,0.0,0.00019972573507431868
2941.0,2023-01-22 17:59:59.999,5.0,long,1229.7097884899167,-20.53027366744405,0.4065999999999999,13.2215,0.4092,13.5405,237324.0,3496.34,2.0,10001.997257350744,0.0,0.0,0.0,0.0,0,0,0,0.0,0.00019972573507431868
2942.0,2023-01-22 18:00:59.999,5.0,long,1229.7097884899167,-20.53027366744405,0.4065999999999999,13.2215,0.4094,13.54,277862.0,3484.57,2.0,10001.997257350744,0.0,0.0,0.0,0.0,0,0,0,0.0,0.00019972573507431868
2943.0,2023-01-22 18:01:59.999,5.0,long,1229.7097884899167,-20.53027366744405,0.4065999999999999,13.2215,0.40925,13.565,62711.0,6066.52,2.0,10001.997257350744,0.0,0.0,0.0,0.0,0,0,0,0.0,0.00019972573507431868
2944.0,2023-01-22 18:02:59.999,5.0,long,1229.7097884899167,-20.53027366744405,0.4065999999999999,13.2215,0.4093,13.577,46248.0,5135.81,0.0,10001.997257350744,0.0,0.0,0.0,0.0,0,0,0,0.0,0.00019972573507431868
2945.0,2023-01-22 18:03:59.999,5.0,long,1229.7097884899167,-20.53027366744405,0.4065999999999999,13.2215,0.4092,13.6075,49131.0,4705.08,0.0,10001.997257350744,0.0,0.0,0.0,0.0,0,0,0,0.0,0.00019972573507431868
2946.0,2023-01-22 18:04:59.999,5.0,long,1229.7097884899167,-20.53027366744405,0.4065999999999999,13.2215,0.4094,13.581,280871.0,16537.02,0.0,10001.997257350744,0.0,0.0,0.0,0.0,0,0,0,0.0,0.00019972573507431868
2947.0,2023-01-22 18:05:59.999,5.0,long,1229.7097884899167,-20.53027366744405,0.4065999999999999,13.2215,0.4095,13.5485,56597.0,13429.42,0.0,10001.997257350744,0.0,0.0,0.0,0.0,0,0,0,0.0,0.00019972573507431868
2948.0,2023-01-22 18:06:59.999,5.0,long,1229.7097884899167,-20.53027366744405,0.4065999999999999,13.2215,0.4095,13.5615,34932.0,5692.62,2.0,10001.997257350744,0.0,0.0,0.0,0.0,0,0,0,0.0,0.00019972573507431868
2949.0,2023-01-22 18:07:59.999,5.0,long,1229.7097884899167,-20.53027366744405,0.4065999999999999,13.2215,0.4096499999999999,13.5665,158485.0,4131.01,2.0,10001.997257350744,0.0,0.0,0.0,0.0,0,0,0,0.0,0.00019972573507431868
2950.0,2023-01-22 18:08:59.999,5.0,long,1229.7097884899167,-20.53027366744405,0.4065999999999999,13.2215,0.4096999999999999,13.576,149443.0,5595.58,2.0,10001.997257350744,0.0,0.0,0.0,0.0,0,0,0,0.0,0.00019972573507431868
2951.0,2023-01-22 18:09:59.999,5.0,long,1229.7097884899167,-20.53027366744405,0.4065999999999999,13.2215,0.40945,13.57,91406.0,1561.14,0.0,10001.997257350744,0.0,0.0,0.0,0.0,0,0,0,0.0,0.00019972573507431868
2952.0,2023-01-22 18:10:59.999,5.0,long,1229.7097884899167,-20.53027366744405,0.4065999999999999,13.2215,0.40935,13.5925,103890.0,31784.62,0.0,10001.997257350744,0.0,0.0,0.0,0.0,0,0,0,0.0,0.00019972573507431868
2953.0,2023-01-22 18:11:59.999,5.0,long,1229.7097884899167,-20.53027366744405,0.4065999999999999,13.2215,0.40915,13.6305,67715.0,6457.95,0.0,10001.997257350744,0.0,0.0,0.0,0.0,0,0,0,0.0,0.00019972573507431868
2954.0,2023-01-22 18:12:59.999,5.0,long,1229.7097884899167,-20.53027366744405,0.4065999999999999,13.2215,0.4086,13.5825,767302.0,3719.9,0.0,10001.997257350744,0.0,0.0,0.0,0.0,0,0,0,0.0,0.00019972573507431868
2955.0,2023-01-22 18:13:59.999,5.0,long,1229.7097884899167,-20.53027366744405,0.4065999999999999,13.2215,0.40825,13.538,285017.0,2806.02,0.0,10001.997257350744,0.0,0.0,0.0,0.0,0,0,0,0.0,0.00019972573507431868
2956.0,2023-01-22 18:14:59.999,5.0,long,1229.7097884899167,-20.53027366744405,0.4065999999999999,13.2215,0.4087499999999999,13.5285,47787.0,8014.18,0.0,10001.997257350744,0.0,0.0,0.0,0.0,0,0,0,0.0,0.00019972573507431868
2957.0,2023-01-22 18:15:59.999,5.0,long,1229.7097884899167,-20.53027366744405,0.4065999999999999,13.2215,0.409,13.5115,32508.0,2768.92,0.0,10001.997257350744,0.0,0.0,0.0,0.0,0,0,0,0.0,0.00019972573507431868
2958.0,2023-01-22 18:16:59.999,5.0,long,1229.7097884899167,-20.53027366744405,0.4065999999999999,13.2215,0.40875,13.512,79736.0,3065.8,2.0,10001.997257350744,0.0,0.0,0.0,0.0,0,0,0,0.0,0.00019972573507431868
2959.0,2023-01-22 18:17:59.999,5.0,long,1229.7097884899167,-20.53027366744405,0.4065999999999999,13.2215,0.4085499999999999,13.5045,95096.0,4669.02,2.0,10001.997257350744,0.0,0.0,0.0,0.0,0,0,0,0.0,0.00019972573507431868
2960.0,2023-01-22 18:18:59.999,5.0,long,1229.7097884899167,-20.53027366744405,0.4065999999999999,13.2215,0.4088,13.528,45178.0,1690.18,2.0,10001.997257350744,0.0,0.0,0.0,0.0,0,0,0,0.0,0.00019972573507431868
2961.0,2023-01-22 18:19:59.999,5.0,long,1229.7097884899167,-20.53027366744405,0.4065999999999999,13.2215,0.40895,13.533,152929.0,6592.52,0.0,10001.997257350744,0.0,0.0,0.0,0.0,0,0,0,0.0,0.00019972573507431868
2962.0,2023-01-22 18:20:59.999,5.0,long,1229.7097884899167,-20.53027366744405,0.4065999999999999,13.2215,0.40905,13.527,111166.0,1186.49,0.0,10001.997257350744,0.0,0.0,0.0,0.0,0,0,0,0.0,0.00019972573507431868
2963.0,2023-01-22 18:21:59.999,5.0,long,1229.7097884899167,-20.53027366744405,0.4065999999999999,13.2215,0.4091,13.5475,55946.0,1774.71,2.0,10001.997257350744,0.0,0.0,0.0,0.0,0,0,0,0.0,0.00019972573507431868
2964.0,2023-01-22 18:22:59.999,5.0,long,1229.7097884899167,-20.53027366744405,0.4065999999999999,13.2215,0.409,13.56,33121.0,3290.22,0.0,10001.997257350744,0.0,0.0,0.0,0.0,0,0,0,0.0,0.00019972573507431868
2965.0,2023-01-22 18:23:59.999,5.0,long,1229.7097884899167,-20.53027366744405,0.4065999999999999,13.2215,0.4087499999999999,13.543,67382.0,2298.99,0.0,10001.997257350744,0.0,0.0,0.0,0.0,0,0,0,0.0,0.00019972573507431868
2966.0,2023-01-22 18:24:59.999,5.0,long,1229.7097884899167,-20.53027366744405,0.4065999999999999,13.2215,0.4087499999999999,13.5315,45432.0,8829.3,0.0,10001.997257350744,0.0,0.0,0.0,0.0,0,0,0,0.0,0.00019972573507431868
2967.0,2023-01-22 18:25:59.999,5.0,long,1229.7097884899167,-20.53027366744405,0.4065999999999999,13.2215,0.4086999999999999,13.5265,177570.0,2292.9,0.0,10001.997257350744,0.0,0.0,0.0,0.0,0,0,0,0.0,0.00019972573507431868
2968.0,2023-01-22 18:26:59.999,5.0,long,1229.7097884899167,-20.53027366744405,0.4065999999999999,13.2215,0.4085499999999999,13.522,43541.0,979.47,0.0,10001.997257350744,0.0,0.0,0.0,0.0,0,0,0,0.0,0.00019972573507431868
2969.0,2023-01-22 18:27:59.999,5.0,long,1229.7097884899167,-20.53027366744405,0.4065999999999999,13.2215,0.40835,13.508500000000002,206211.0,1041.22,0.0,10001.997257350744,0.0,0.0,0.0,0.0,0,0,0,0.0,0.00019972573507431868
2970.0,2023-01-22 18:28:59.999,5.0,long,1229.7097884899167,-20.53027366744405,0.4065999999999999,13.2215,0.40825,13.508,181837.0,2247.24,0.0,10001.997257350744,0.0,0.0,0.0,0.0,0,0,0,0.0,0.00019972573507431868
2971.0,2023-01-22 18:29:59.999,5.0,long,1229.7097884899167,-20.53027366744405,0.4065999999999999,13.2215,0.40845,13.5065,358378.0,1565.77,0.0,10001.997257350744,0.0,0.0,0.0,0.0,0,0,0,0.0,0.00019972573507431868
2972.0,2023-01-22 18:30:59.999,5.0,long,1229.7097884899167,-20.53027366744405,0.4065999999999999,13.2215,0.40845,13.5165,177949.0,12450.46,0.0,10001.997257350744,0.0,0.0,0.0,0.0,0,0,0,0.0,0.00019972573507431868
2973.0,2023-01-22 18:31:59.999,5.0,long,1229.7097884899167,-20.53027366744405,0.4065999999999999,13.2215,0.40885,13.544,130016.0,1266.73,0.0,10001.997257350744,0.0,0.0,0.0,0.0,0,0,0,0.0,0.00019972573507431868
2974.0,2023-01-22 18:32:59.999,5.0,long,1229.7097884899167,-20.53027366744405,0.4065999999999999,13.2215,0.40925,13.529,114746.0,1030.23,0.0,10001.997257350744,0.0,0.0,0.0,0.0,0,0,0,0.0,0.00019972573507431868
2975.0,2023-01-22 18:33:59.999,5.0,long,1229.7097884899167,-20.53027366744405,0.4065999999999999,13.2215,0.40905,13.506,107071.0,1944.48,2.0,10001.997257350744,0.0,0.0,0.0,0.0,0,0,0,0.0,0.00019972573507431868
2976.0,2023-01-22 18:34:59.999,5.0,long,1229.7097884899167,-20.53027366744405,0.4065999999999999,13.2215,0.40845,13.4915,302710.0,4387.34,2.0,10001.997257350744,0.0,0.0,0.0,0.0,0,0,0,0.0,0.00019972573507431868
2977.0,2023-01-22 18:35:59.999,5.0,long,1229.7097884899167,-20.53027366744405,0.4065999999999999,13.2215,0.40795,13.4855,163517.0,5371.47,2.0,10001.997257350744,0.0,0.0,0.0,0.0,0,0,0,0.0,0.00019972573507431868
2978.0,2023-01-22 18:36:59.999,5.0,long,1229.7097884899167,-20.53027366744405,0.4065999999999999,13.2215,0.4079,13.5245,324838.0,1799.89,0.0,10001.997257350744,0.0,0.0,0.0,0.0,0,0,0,0.0,0.00019972573507431868
2979.0,2023-01-22 18:37:59.999,5.0,long,1229.7097884899167,-20.53027366744405,0.4065999999999999,13.2215,0.4081,13.5515,251112.0,878.32,0.0,10001.997257350744,0.0,0.0,0.0,0.0,0,0,0,0.0,0.00019972573507431868
2980.0,2023-01-22 18:38:59.999,5.0,long,1229.7097884899167,-20.53027366744405,0.4065999999999999,13.2215,0.408,13.549,20691.0,1303.84,0.0,10001.997257350744,0.0,0.0,0.0,0.0,0,0,0,0.0,0.00019972573507431868
2981.0,2023-01-22 18:39:59.999,5.0,long,1229.7097884899167,-20.53027366744405,0.4065999999999999,13.2215,0.4078,13.532,243298.0,277.39,0.0,10001.997257350744,0.0,0.0,0.0,0.0,0,0,0,0.0,0.00019972573507431868
2982.0,2023-01-22 18:40:59.999,5.0,long,1229.7097884899167,-20.53027366744405,0.4065999999999999,13.2215,0.4075499999999999,13.5125,264668.0,1667.21,0.0,10001.997257350744,0.0,0.0,0.0,0.0,0,0,0,0.0,0.00019972573507431868
2983.0,2023-01-22 18:41:59.999,5.0,long,1229.7097884899167,-20.53027366744405,0.4065999999999999,13.2215,0.4079,13.5125,101203.0,755.61,0.0,10001.997257350744,0.0,0.0,0.0,0.0,0,0,0,0.0,0.00019972573507431868
2984.0,2023-01-22 18:42:59.999,5.0,long,1229.7097884899167,-20.53027366744405,0.4065999999999999,13.2215,0.40805,13.522,44649.0,373.17,0.0,10001.997257350744,0.0,0.0,0.0,0.0,0,0,0,0.0,0.00019972573507431868
2985.0,2023-01-22 18:43:59.999,5.0,long,1229.7097884899167,-20.53027366744405,0.4065999999999999,13.2215,0.4079,13.5145,89334.0,704.0,0.0,10001.997257350744,0.0,0.0,0.0,0.0,0,0,0,0.0,0.00019972573507431868
2986.0,2023-01-22 18:44:59.999,5.0,long,1229.7097884899167,-20.53027366744405,0.4065999999999999,13.2215,0.4075499999999999,13.4975,43417.0,361.23,0.0,10001.997257350744,0.0,0.0,0.0,0.0,0,0,0,0.0,0.00019972573507431868
2987.0,2023-01-22 18:45:59.999,5.0,long,1229.7097884899167,-20.53027366744405,0.4065999999999999,13.2215,0.4075999999999999,13.513,156550.0,3194.19,0.0,10001.997257350744,0.0,0.0,0.0,0.0,0,0,0,0.0,0.00019972573507431868
2988.0,2023-01-22 18:46:59.999,5.0,long,1229.7097884899167,-20.53027366744405,0.4065999999999999,13.2215,0.4078,13.5285,48055.0,407.12,0.0,10001.997257350744,0.0,0.0,0.0,0.0,0,0,0,0.0,0.00019972573507431868
2989.0,2023-01-22 18:47:59.999,5.0,long,1229.7097884899167,-20.53027366744405,0.4065999999999999,13.2215,0.40785,13.5255,80866.0,699.21,0.0,10001.997257350744,0.0,0.0,0.0,0.0,0,0,0,0.0,0.00019972573507431868
2990.0,2023-01-22 18:48:59.999,5.0,long,1229.7097884899167,-20.53027366744405,0.4065999999999999,13.2215,0.40785,13.5355,100988.0,905.13,0.0,10001.997257350744,0.0,0.0,0.0,0.0,0,0,0,0.0,0.00019972573507431868
2991.0,2023-01-22 18:49:59.999,5.0,long,1229.7097884899167,-20.53027366744405,0.4065999999999999,13.2215,0.40775,13.548,10623.0,53.92,0.0,10001.997257350744,0.0,0.0,0.0,0.0,0,0,0,0.0,0.00019972573507431868
2992.0,2023-01-22 18:50:59.999,5.0,long,1229.7097884899167,-20.53027366744405,0.4065999999999999,13.2215,0.40775,13.5635,31608.0,1406.94,0.0,10001.997257350744,0.0,0.0,0.0,0.0,0,0,0,0.0,0.00019972573507431868
2993.0,2023-01-22 18:51:59.999,5.0,long,1229.7097884899167,-20.53027366744405,0.4065999999999999,13.2215,0.4078,13.5855,142021.0,860.18,0.0,10001.997257350744,0.0,0.0,0.0,0.0,0,0,0,0.0,0.00019972573507431868
2994.0,2023-01-22 18:52:59.999,5.0,long,1229.7097884899167,-20.53027366744405,0.4065999999999999,13.2215,0.40785,13.605,104956.0,4482.56,0.0,10001.997257350744,0.0,0.0,0.0,0.0,0,0,0,0.0,0.00019972573507431868
2995.0,2023-01-22 18:53:59.999,5.0,long,1229.7097884899167,-20.53027366744405,0.4065999999999999,13.2215,0.4078,13.577,55395.0,725.98,0.0,10001.997257350744,0.0,0.0,0.0,0.0,0,0,0,0.0,0.00019972573507431868
2996.0,2023-01-22 18:54:59.999,5.0,long,1229.7097884899167,-20.53027366744405,0.4065999999999999,13.2215,0.4076499999999999,13.5735,130771.0,2075.69,0.0,10001.997257350744,0.0,0.0,0.0,0.0,0,0,0,0.0,0.00019972573507431868
2997.0,2023-01-22 18:55:59.999,5.0,long,1229.7097884899167,-20.53027366744405,0.4065999999999999,13.2215,0.4075999999999999,13.566,134000.0,430.88,0.0,10001.997257350744,0.0,0.0,0.0,0.0,0,0,0,0.0,0.00019972573507431868
2998.0,2023-01-22 18:56:59.999,5.0,long,1229.7097884899167,-20.53027366744405,0.4065999999999999,13.2215,0.40775,13.5865,11620.0,1032.18,0.0,10001.997257350744,0.0,0.0,0.0,0.0,0,0,0,0.0,0.00019972573507431868
2999.0,2023-01-22 18:57:59.999,5.0,long,1229.7097884899167,-20.53027366744405,0.4065999999999999,13.2215,0.4077,13.5755,29814.0,2225.58,0.0,10001.997257350744,0.0,0.0,0.0,0.0,0,0,0,0.0,0.00019972573507431868
3000.0,2023-01-22 18:58:59.999,5.0,long,1229.7097884899167,-20.53027366744405,0.4065999999999999,13.2215,0.4076499999999999,13.5665,60796.0,1126.77,0.0,10001.997257350744,0.0,0.0,0.0,0.0,0,0,0,0.0,0.00019972573507431868
3001.0,2023-01-22 18:59:59.999,5.0,long,1229.7097884899167,-20.53027366744405,0.4065999999999999,13.2215,0.4075999999999999,13.5645,124616.0,542.12,0.0,10001.997257350744,0.0,0.0,0.0,0.0,0,0,0,0.0,0.00019972573507431868
3002.0,2023-01-22 19:00:59.999,5.0,long,1229.7097884899167,-20.53027366744405,0.4065999999999999,13.2215,0.4074,13.5565,132140.0,451.88,0.0,10001.997257350744,0.0,0.0,0.0,0.0,0,0,0,0.0,0.00019972573507431868
3003.0,2023-01-22 19:01:59.999,5.0,long,1229.7097884899167,-20.53027366744405,0.4065999999999999,13.2215,0.40735,13.552,54206.0,377.15,0.0,10001.997257350744,0.0,0.0,0.0,0.0,0,0,0,0.0,0.00019972573507431868
3004.0,2023-01-22 19:02:59.999,5.0,long,1229.7097884899167,-20.53027366744405,0.4065999999999999,13.2215,0.40745,13.5545,40742.0,183.29,0.0,10001.997257350744,0.0,0.0,0.0,0.0,0,0,0,0.0,0.00019972573507431868
3005.0,2023-01-22 19:03:59.999,5.0,long,1229.7097884899167,-20.53027366744405,0.4065999999999999,13.2215,0.4074,13.5475,48433.0,448.76,0.0,10001.997257350744,0.0,0.0,0.0,0.0,0,0,0,0.0,0.00019972573507431868
3006.0,2023-01-22 19:04:59.999,5.0,long,1229.7097884899167,-20.53027366744405,0.4065999999999999,13.2215,0.4074,13.537,170054.0,770.79,0.0,10001.997257350744,0.0,0.0,0.0,0.0,0,0,0,0.0,0.00019972573507431868
3007.0,2023-01-22 19:05:59.999,5.0,long,1229.7097884899167,-20.53027366744405,0.4065999999999999,13.2215,0.40735,13.5185,54579.0,2098.25,0.0,10001.997257350744,0.0,0.0,0.0,0.0,0,0,0,0.0,0.00019972573507431868
3008.0,2023-01-22 19:06:59.999,5.0,long,1229.7097884899167,-20.53027366744405,0.4065999999999999,13.2215,0.40695,13.485,328362.0,6077.24,2.0,10001.997257350744,0.0,0.0,0.0,0.0,0,0,0,0.0,0.00019972573507431868
3009.0,2023-01-22 19:07:59.999,5.0,long,1229.7097884899167,-20.53027366744405,0.4065999999999999,13.2215,0.40645,13.453,469085.0,5955.7,2.0,10001.997257350744,0.0,0.0,0.0,0.0,0,0,0,0.0,0.00019972573507431868
3010.0,2023-01-22 19:08:59.999,5.0,long,1229.7097884899167,-20.53027366744405,0.4065999999999999,13.2215,0.40645,13.4455,277300.0,6563.15,2.0,10001.997257350744,0.0,0.0,0.0,0.0,0,0,0,0.0,0.00019972573507431868
3011.0,2023-01-22 19:09:59.999,5.0,long,1229.7097884899167,-20.53027366744405,0.4065999999999999,13.2215,0.4066499999999999,13.446,97715.0,1374.55,2.0,10001.997257350744,0.0,0.0,0.0,0.0,0,0,0,0.0,0.00019972573507431868
3012.0,2023-01-22 19:10:59.999,5.0,long,1229.7097884899167,-20.53027366744405,0.4065999999999999,13.2215,0.40695,13.469,117760.0,745.98,2.0,10001.997257350744,0.0,0.0,0.0,0.0,0,0,0,0.0,0.00019972573507431868
3013.0,2023-01-22 19:11:59.999,5.0,long,1229.7097884899167,-20.53027366744405,0.4065999999999999,13.2215,0.4066499999999999,13.444,176680.0,1529.4,2.0,10001.997257350744,0.0,0.0,0.0,0.0,0,0,0,0.0,0.00019972573507431868
3014.0,2023-01-22 19:12:59.999,5.0,long,1229.7097884899167,-20.53027366744405,0.4065999999999999,13.2215,0.4064,13.424,247759.0,781.3,2.0,10001.997257350744,0.0,0.0,0.0,0.0,0,0,0,0.0,0.00019972573507431868
3015.0,2023-01-22 19:13:59.999,5.0,long,1229.7097884899167,-20.53027366744405,0.4065999999999999,13.2215,0.40645,13.4065,105893.0,2166.97,2.0,10001.997257350744,0.0,0.0,0.0,0.0,0,0,0,0.0,0.00019972573507431868
3016.0,2023-01-22 19:14:59.999,5.0,long,1229.7097884899167,-20.53027366744405,0.4065999999999999,13.2215,0.40615,13.402,289701.0,6593.69,2.0,10001.997257350744,0.0,0.0,0.0,0.0,0,0,0,0.0,0.00019972573507431868
3017.0,2023-01-22 19:15:59.999,5.0,long,1229.7097884899167,-20.53027366744405,0.4065999999999999,13.2215,0.40595,13.4005,202400.0,3418.0,2.0,10001.997257350744,0.0,0.0,0.0,0.0,0,0,0,0.0,0.00019972573507431868
3018.0,2023-01-22 19:16:59.999,5.0,long,1229.7097884899167,-20.53027366744405,0.4065999999999999,13.2215,0.40625,13.405,72986.0,1684.73,2.0,10001.997257350744,0.0,0.0,0.0,0.0,0,0,0,0.0,0.00019972573507431868
3019.0,2023-01-22 19:17:59.999,5.0,long,1229.7097884899167,-20.53027366744405,0.4065999999999999,13.2215,0.40645,13.3725,62366.0,1537.67,2.0,10001.997257350744,0.0,0.0,0.0,0.0,0,0,0,0.0,0.00019972573507431868
3020.0,2023-01-22 19:18:59.999,5.0,long,1229.7097884899167,-20.53027366744405,0.4065999999999999,13.2215,0.40645,13.368,136102.0,2078.13,2.0,10001.997257350744,0.0,0.0,0.0,0.0,0,0,0,0.0,0.00019972573507431868
3021.0,2023-01-22 19:19:59.999,5.0,long,1229.7097884899167,-20.53027366744405,0.4065999999999999,13.2215,0.40645,13.3765,33473.0,755.49,2.0,10001.997257350744,0.0,0.0,0.0,0.0,0,0,0,0.0,0.00019972573507431868
3022.0,2023-01-22 19:20:59.999,5.0,long,1229.7097884899167,-20.53027366744405,0.4065999999999999,13.2215,0.4065999999999999,13.405,50684.0,938.82,2.0,10001.997257350744,0.0,0.0,0.0,0.0,0,0,0,0.0,0.00019972573507431868
3023.0,2023-01-22 19:21:59.999,5.0,long,1229.7097884899167,-20.53027366744405,0.4065999999999999,13.2215,0.4065999999999999,13.421,68088.0,657.51,2.0,10001.997257350744,0.0,0.0,0.0,0.0,0,0,0,0.0,0.00019972573507431868
3024.0,2023-01-22 19:22:59.999,5.0,long,1229.7097884899167,-20.53027366744405,0.4065999999999999,13.2215,0.4067,13.418,49010.0,836.73,2.0,10001.997257350744,0.0,0.0,0.0,0.0,0,0,0,0.0,0.00019972573507431868
3025.0,2023-01-22 19:23:59.999,5.0,long,1229.7097884899167,-20.53027366744405,0.4065999999999999,13.2215,0.40695,13.4205,285531.0,897.79,2.0,10001.997257350744,0.0,0.0,0.0,0.0,0,0,0,0.0,0.00019972573507431868
3026.0,2023-01-22 19:24:59.999,5.0,long,1229.7097884899167,-20.53027366744405,0.4065999999999999,13.2215,0.40685,13.408,91272.0,736.68,2.0,10001.997257350744,0.0,0.0,0.0,0.0,0,0,0,0.0,0.00019972573507431868
3027.0,2023-01-22 19:25:59.999,5.0,long,1229.7097884899167,-20.53027366744405,0.4065999999999999,13.2215,0.4065999999999999,13.4,61571.0,1622.9,2.0,10001.997257350744,0.0,0.0,0.0,0.0,0,0,0,0.0,0.00019972573507431868
3028.0,2023-01-22 19:26:59.999,5.0,long,1229.7097884899167,-20.53027366744405,0.4065999999999999,13.2215,0.4065499999999999,13.386,166132.0,762.31,2.0,10001.997257350744,0.0,0.0,0.0,0.0,0,0,0,0.0,0.00019972573507431868
3029.0,2023-01-22 19:27:59.999,5.0,long,1229.7097884899167,-20.53027366744405,0.4065999999999999,13.2215,0.4065499999999999,13.3685,59018.0,1203.08,2.0,10001.997257350744,0.0,0.0,0.0,0.0,0,0,0,0.0,0.00019972573507431868
3030.0,2023-01-22 19:28:59.999,5.0,long,1229.7097884899167,-20.53027366744405,0.4065999999999999,13.2215,0.4065499999999999,13.365,13482.0,309.31,2.0,10001.997257350744,0.0,0.0,0.0,0.0,0,0,0,0.0,0.00019972573507431868
3031.0,2023-01-22 19:29:59.999,5.0,long,1229.7097884899167,-20.53027366744405,0.4065999999999999,13.2215,0.4065999999999999,13.379,92468.0,571.3,2.0,10001.997257350744,0.0,0.0,0.0,0.0,0,0,0,0.0,0.00019972573507431868
3032.0,2023-01-22 19:30:59.999,5.0,long,1229.7097884899167,-20.53027366744405,0.4065999999999999,13.2215,0.4065,13.3635,70710.0,1429.06,2.0,10001.997257350744,0.0,0.0,0.0,0.0,0,0,0,0.0,0.00019972573507431868
3033.0,2023-01-22 19:31:59.999,5.0,long,1229.7097884899167,-20.53027366744405,0.4065999999999999,13.2215,0.4065499999999999,13.3705,91539.0,1852.11,2.0,10001.997257350744,0.0,0.0,0.0,0.0,0,0,0,0.0,0.00019972573507431868
3034.0,2023-01-22 19:32:59.999,5.0,long,1229.7097884899167,-20.53027366744405,0.4065999999999999,13.2215,0.4065999999999999,13.372,121083.0,247.83,2.0,10001.997257350744,0.0,0.0,0.0,0.0,0,0,0,0.0,0.00019972573507431868
3035.0,2023-01-22 19:33:59.999,5.0,long,1229.7097884899167,-20.53027366744405,0.4065999999999999,13.2215,0.4068,13.3855,30838.0,628.49,2.0,10001.997257350744,0.0,0.0,0.0,0.0,0,0,0,0.0,0.00019972573507431868
3036.0,2023-01-22 19:34:59.999,5.0,long,1229.7097884899167,-20.53027366744405,0.4065999999999999,13.2215,0.40675,13.39,91452.0,254.07,2.0,10001.997257350744,0.0,0.0,0.0,0.0,0,0,0,0.0,0.00019972573507431868
3037.0,2023-01-22 19:35:59.999,5.0,long,1229.7097884899167,-20.53027366744405,0.4065999999999999,13.2215,0.40665,13.3825,18340.0,411.14,2.0,10001.997257350744,0.0,0.0,0.0,0.0,0,0,0,0.0,0.00019972573507431868
3038.0,2023-01-22 19:36:59.999,5.0,long,1229.7097884899167,-20.53027366744405,0.4065999999999999,13.2215,0.4065999999999999,13.369,75819.0,519.39,2.0,10001.997257350744,0.0,0.0,0.0,0.0,0,0,0,0.0,0.00019972573507431868
3039.0,2023-01-22 19:37:59.999,5.0,long,1229.7097884899167,-20.53027366744405,0.4065999999999999,13.2215,0.4065999999999999,13.3785,118066.0,4982.98,2.0,10001.997257350744,0.0,0.0,0.0,0.0,0,0,0,0.0,0.00019972573507431868
3040.0,2023-01-22 19:38:59.999,5.0,long,1229.7097884899167,-20.53027366744405,0.4065999999999999,13.2215,0.4069,13.396999999999998,129180.0,1590.95,2.0,10001.997257350744,0.0,0.0,0.0,0.0,0,0,0,0.0,0.00019972573507431868
3041.0,2023-01-22 19:39:59.999,5.0,long,1229.7097884899167,-20.53027366744405,0.4065999999999999,13.2215,0.4069,13.398,91034.0,291.12,2.0,10001.997257350744,0.0,0.0,0.0,0.0,0,0,0,0.0,0.00019972573507431868
3042.0,2023-01-22 19:40:59.999,5.0,long,1229.7097884899167,-20.53027366744405,0.4065999999999999,13.2215,0.4069,13.401,45306.0,274.33,2.0,10001.997257350744,0.0,0.0,0.0,0.0,0,0,0,0.0,0.00019972573507431868
3043.0,2023-01-22 19:41:59.999,5.0,long,1229.7097884899167,-20.53027366744405,0.4065999999999999,13.2215,0.4069,13.4235,87909.0,1254.96,2.0,10001.997257350744,0.0,0.0,0.0,0.0,0,0,0,0.0,0.00019972573507431868
3044.0,2023-01-22 19:42:59.999,5.0,long,1229.7097884899167,-20.53027366744405,0.4065999999999999,13.2215,0.40685,13.448,157481.0,1827.34,0.0,10001.997257350744,0.0,0.0,0.0,0.0,0,0,0,0.0,0.00019972573507431868
3045.0,2023-01-22 19:43:59.999,5.0,long,1229.7097884899167,-20.53027366744405,0.4065999999999999,13.2215,0.4068,13.448,22807.0,2783.98,0.0,10001.997257350744,0.0,0.0,0.0,0.0,0,0,0,0.0,0.00019972573507431868
3046.0,2023-01-22 19:44:59.999,5.0,long,1229.7097884899167,-20.53027366744405,0.4065999999999999,13.2215,0.4069,13.448,11559.0,1107.04,0.0,10001.997257350744,0.0,0.0,0.0,0.0,0,0,0,0.0,0.00019972573507431868
3047.0,2023-01-22 19:45:59.999,5.0,long,1229.7097884899167,-20.53027366744405,0.4065999999999999,13.2215,0.4068,13.44,28418.0,1271.56,0.0,10001.997257350744,0.0,0.0,0.0,0.0,0,0,0,0.0,0.00019972573507431868
3048.0,2023-01-22 19:46:59.999,5.0,long,1229.7097884899167,-20.53027366744405,0.4065999999999999,13.2215,0.40685,13.431,7704.0,339.22,0.0,10001.997257350744,0.0,0.0,0.0,0.0,0,0,0,0.0,0.00019972573507431868
3049.0,2023-01-22 19:47:59.999,5.0,long,1229.7097884899167,-20.53027366744405,0.4065999999999999,13.2215,0.40675,13.417,186409.0,504.99,0.0,10001.997257350744,0.0,0.0,0.0,0.0,0,0,0,0.0,0.00019972573507431868
3050.0,2023-01-22 19:48:59.999,5.0,long,1229.7097884899167,-20.53027366744405,0.4065999999999999,13.2215,0.4066499999999999,13.427,62768.0,616.82,0.0,10001.997257350744,0.0,0.0,0.0,0.0,0,0,0,0.0,0.00019972573507431868
3051.0,2023-01-22 19:49:59.999,5.0,long,1229.7097884899167,-20.53027366744405,0.4065999999999999,13.2215,0.40675,13.4325,19019.0,352.71,0.0,10001.997257350744,0.0,0.0,0.0,0.0,0,0,0,0.0,0.00019972573507431868
3052.0,2023-01-22 19:50:59.999,5.0,long,1229.7097884899167,-20.53027366744405,0.4065999999999999,13.2215,0.4066499999999999,13.423,50218.0,341.1,0.0,10001.997257350744,0.0,0.0,0.0,0.0,0,0,0,0.0,0.00019972573507431868
3053.0,2023-01-22 19:51:59.999,5.0,long,1229.7097884899167,-20.53027366744405,0.4065999999999999,13.2215,0.4065499999999999,13.427,24213.0,896.71,0.0,10001.997257350744,0.0,0.0,0.0,0.0,0,0,0,0.0,0.00019972573507431868
3054.0,2023-01-22 19:52:59.999,5.0,long,1229.7097884899167,-20.53027366744405,0.4065999999999999,13.2215,0.40665,13.4315,34344.0,181.41,0.0,10001.997257350744,0.0,0.0,0.0,0.0,0,0,0,0.0,0.00019972573507431868
3055.0,2023-01-22 19:53:59.999,5.0,long,1229.7097884899167,-20.53027366744405,0.4065999999999999,13.2215,0.40645,13.408,135856.0,3211.97,0.0,10001.997257350744,0.0,0.0,0.0,0.0,0,0,0,0.0,0.00019972573507431868
3056.0,2023-01-22 19:54:59.999,5.0,long,1229.7097884899167,-20.53027366744405,0.4065999999999999,13.2215,0.4064,13.390999999999998,214128.0,979.08,0.0,10001.997257350744,0.0,0.0,0.0,0.0,0,0,0,0.0,0.00019972573507431868
3057.0,2023-01-22 19:55:59.999,5.0,long,1229.7097884899167,-20.53027366744405,0.4065999999999999,13.2215,0.40625,13.3725,141030.0,795.14,2.0,10001.997257350744,0.0,0.0,0.0,0.0,0,0,0,0.0,0.00019972573507431868
3058.0,2023-01-22 19:56:59.999,5.0,long,1229.7097884899167,-20.53027366744405,0.4065999999999999,13.2215,0.4062,13.351,31441.0,2442.39,2.0,10001.997257350744,0.0,0.0,0.0,0.0,0,0,0,0.0,0.00019972573507431868
3059.0,2023-01-22 19:57:59.999,5.0,long,1229.7097884899167,-20.53027366744405,0.4065999999999999,13.2215,0.4046,13.3045,3188844.0,25122.06,2.0,10001.997257350744,0.0,0.0,0.0,0.0,0,0,0,0.0,0.00019972573507431868
3060.0,2023-01-22 19:58:59.999,5.0,long,1229.7097884899167,-20.53027366744405,0.4065999999999999,13.2215,0.40485,13.332,453067.0,3345.5,0.0,10001.997257350744,0.0,0.0,0.0,0.0,0,0,0,0.0,0.00019972573507431868
3061.0,2023-01-22 19:59:59.999,5.0,long,1229.7097884899167,-20.53027366744405,0.4065999999999999,13.2215,0.4047,13.334499999999998,382290.0,2026.25,0.0,10001.997257350744,0.0,0.0,0.0,0.0,0,0,0,0.0,0.00019972573507431868
3062.0,2023-01-22 20:00:59.999,5.0,long,1229.7097884899167,-20.53027366744405,0.4065999999999999,13.2215,0.40485,13.368,307627.0,8070.65,0.0,10001.997257350744,0.0,0.0,0.0,0.0,0,0,0,0.0,0.00019972573507431868
3063.0,2023-01-22 20:01:59.999,5.0,long,1229.7097884899167,-20.53027366744405,0.4065999999999999,13.2215,0.4044999999999999,13.378,507735.0,3464.26,0.0,10001.997257350744,0.0,0.0,0.0,0.0,0,0,0,0.0,0.00019972573507431868
3064.0,2023-01-22 20:02:59.999,5.0,long,1229.7097884899167,-20.53027366744405,0.4065999999999999,13.2215,0.4044,13.376,287561.0,848.81,0.0,10001.997257350744,0.0,0.0,0.0,0.0,0,0,0,0.0,0.00019972573507431868
3065.0,2023-01-22 20:03:59.999,5.0,long,1229.7097884899167,-20.53027366744405,0.4065999999999999,13.2215,0.4043,13.355,464777.0,4712.94,0.0,10001.997257350744,0.0,0.0,0.0,0.0,0,0,0,0.0,0.00019972573507431868
3066.0,2023-01-22 20:04:59.999,5.0,long,1229.7097884899167,-20.53027366744405,0.4065999999999999,13.2215,0.40365,13.3185,647967.0,1459.78,0.0,10001.997257350744,0.0,0.0,0.0,0.0,0,0,0,0.0,0.00019972573507431868
3067.0,2023-01-22 20:05:59.999,5.0,long,1229.7097884899167,-20.53027366744405,0.4065999999999999,13.2215,0.40295,13.264,1261836.0,7279.29,0.0,10001.997257350744,0.0,0.0,0.0,0.0,0,0,0,0.0,0.00019972573507431868
3068.0,2023-01-22 20:06:59.999,5.0,long,1229.7097884899167,-20.53027366744405,0.4065999999999999,13.2215,0.4005499999999999,13.189,6140743.0,15630.98,2.0,10001.997257350744,0.0,0.0,0.0,0.0,0,0,0,0.0,0.00019972573507431868
3069.0,2023-01-22 20:07:59.999,5.0,long,1229.7097884899167,-20.53027366744405,0.4065999999999999,13.2215,0.4002,13.1855,3126788.0,12150.51,0.0,10001.997257350744,0.0,0.0,0.0,0.0,0,0,0,0.0,0.00019972573507431868
3070.0,2023-01-22 20:08:59.999,5.0,long,1229.7097884899167,-20.53027366744405,0.4065999999999999,13.2215,0.40105,13.2335,1341032.0,6993.9,0.0,10001.997257350744,0.0,0.0,0.0,0.0,0,0,0,0.0,0.00019972573507431868
3071.0,2023-01-22 20:09:59.999,5.0,long,1229.7097884899167,-20.53027366744405,0.4065999999999999,13.2215,0.40085,13.2055,1015724.0,2306.24,0.0,10001.997257350744,0.0,0.0,0.0,0.0,0,0,0,0.0,0.00019972573507431868
3072.0,2023-01-22 20:10:59.999,5.0,long,1229.7097884899167,-20.53027366744405,0.4065999999999999,13.2215,0.4015999999999999,13.204,563769.0,846.62,0.0,10001.997257350744,0.0,0.0,0.0,0.0,0,0,0,0.0,0.00019972573507431868
3073.0,2023-01-22 20:11:59.999,5.0,long,1229.7097884899167,-20.53027366744405,0.4065999999999999,13.2215,0.402,13.2355,582715.0,2920.82,0.0,10001.997257350744,0.0,0.0,0.0,0.0,0,0,0,0.0,0.00019972573507431868
3074.0,2023-01-22 20:12:59.999,5.0,long,1229.7097884899167,-20.53027366744405,0.4065999999999999,13.2215,0.4023,13.2885,628894.0,4370.84,0.0,10001.997257350744,0.0,0.0,0.0,0.0,0,0,0,0.0,0.00019972573507431868
3075.0,2023-01-22 20:13:59.999,5.0,long,1229.7097884899167,-20.53027366744405,0.4065999999999999,13.2215,0.40195,13.2765,467333.0,1365.07,0.0,10001.997257350744,0.0,0.0,0.0,0.0,0,0,0,0.0,0.00019972573507431868
3076.0,2023-01-22 20:14:59.999,5.0,long,1229.7097884899167,-20.53027366744405,0.4065999999999999,13.2215,0.4014,13.277,1179686.0,3163.44,0.0,10001.997257350744,0.0,0.0,0.0,0.0,0,0,0,0.0,0.00019972573507431868
3077.0,2023-01-22 20:15:59.999,5.0,long,1229.7097884899167,-20.53027366744405,0.4065999999999999,13.2215,0.4009,13.279,607600.0,4006.63,0.0,10001.997257350744,0.0,0.0,0.0,0.0,0,0,0,0.0,0.00019972573507431868
3078.0,2023-01-22 20:16:59.999,5.0,long,1229.7097884899167,-20.53027366744405,0.4065999999999999,13.2215,0.4016,13.3075,466854.0,3319.68,0.0,10001.997257350744,0.0,0.0,0.0,0.0,0,0,0,0.0,0.00019972573507431868
3079.0,2023-01-22 20:17:59.999,5.0,long,1229.7097884899167,-20.53027366744405,0.4065999999999999,13.2215,0.4022,13.3435,435192.0,2173.37,0.0,10001.997257350744,0.0,0.0,0.0,0.0,0,0,0,0.0,0.00019972573507431868
3080.0,2023-01-22 20:18:59.999,5.0,long,1229.7097884899167,-20.53027366744405,0.4065999999999999,13.2215,0.4026,13.366,246237.0,1466.87,0.0,10001.997257350744,0.0,0.0,0.0,0.0,0,0,0,0.0,0.00019972573507431868
3081.0,2023-01-22 20:19:59.999,5.0,long,1229.7097884899167,-20.53027366744405,0.4065999999999999,13.2215,0.40215,13.355,377536.0,600.63,0.0,10001.997257350744,0.0,0.0,0.0,0.0,0,0,0,0.0,0.00019972573507431868
3082.0,2023-01-22 20:20:59.999,5.0,long,1229.7097884899167,-20.53027366744405,0.4065999999999999,13.2215,0.4022,13.342,254709.0,419.9,0.0,10001.997257350744,0.0,0.0,0.0,0.0,0,0,0,0.0,0.00019972573507431868
3083.0,2023-01-22 20:21:59.999,5.0,long,1229.7097884899167,-20.53027366744405,0.4065999999999999,13.2215,0.40215,13.323,121762.0,1150.91,0.0,10001.997257350744,0.0,0.0,0.0,0.0,0,0,0,0.0,0.00019972573507431868
3084.0,2023-01-22 20:22:59.999,5.0,long,1229.7097884899167,-20.53027366744405,0.4065999999999999,13.2215,0.40245,13.324,707214.0,1595.48,0.0,10001.997257350744,0.0,0.0,0.0,0.0,0,0,0,0.0,0.00019972573507431868
3085.0,2023-01-22 20:23:59.999,5.0,long,1229.7097884899167,-20.53027366744405,0.4065999999999999,13.2215,0.4025999999999999,13.3285,171659.0,629.71,0.0,10001.997257350744,0.0,0.0,0.0,0.0,0,0,0,0.0,0.00019972573507431868
3086.0,2023-01-22 20:24:59.999,5.0,long,1229.7097884899167,-20.53027366744405,0.4065999999999999,13.2215,0.4026499999999999,13.373,135848.0,3123.03,0.0,10001.997257350744,0.0,0.0,0.0,0.0,0,0,0,0.0,0.00019972573507431868
3087.0,2023-01-22 20:25:59.999,5.0,long,1229.7097884899167,-20.53027366744405,0.4065999999999999,13.2215,0.40245,13.4035,122081.0,2190.41,0.0,10001.997257350744,0.0,0.0,0.0,0.0,0,0,0,0.0,0.00019972573507431868
3088.0,2023-01-22 20:26:59.999,5.0,long,1229.7097884899167,-20.53027366744405,0.4065999999999999,13.2215,0.4021,13.3685,335495.0,3144.5,0.0,10001.997257350744,0.0,0.0,0.0,0.0,0,0,0,0.0,0.00019972573507431868
3089.0,2023-01-22 20:27:59.999,5.0,long,1229.7097884899167,-20.53027366744405,0.4065999999999999,13.2215,0.40195,13.3315,345790.0,1455.31,0.0,10001.997257350744,0.0,0.0,0.0,0.0,0,0,0,0.0,0.00019972573507431868
3090.0,2023-01-22 20:28:59.999,5.0,long,1229.7097884899167,-20.53027366744405,0.4065999999999999,13.2215,0.40195,13.364,188835.0,1487.26,0.0,10001.997257350744,0.0,0.0,0.0,0.0,0,0,0,0.0,0.00019972573507431868
3091.0,2023-01-22 20:29:59.999,5.0,long,1229.7097884899167,-20.53027366744405,0.4065999999999999,13.2215,0.4017,13.377,285942.0,1893.75,0.0,10001.997257350744,0.0,0.0,0.0,0.0,0,0,0,0.0,0.00019972573507431868
3092.0,2023-01-22 20:30:59.999,5.0,long,1229.7097884899167,-20.53027366744405,0.4065999999999999,13.2215,0.40155,13.372,175342.0,1569.49,0.0,10001.997257350744,0.0,0.0,0.0,0.0,0,0,0,0.0,0.00019972573507431868
3093.0,2023-01-22 20:31:59.999,5.0,long,1229.7097884899167,-20.53027366744405,0.4065999999999999,13.2215,0.4019,13.383,147883.0,1740.24,0.0,10001.997257350744,0.0,0.0,0.0,0.0,0,0,0,0.0,0.00019972573507431868
3094.0,2023-01-22 20:32:59.999,5.0,long,1229.7097884899167,-20.53027366744405,0.4065999999999999,13.2215,0.4018,13.415,100521.0,2193.33,0.0,10001.997257350744,0.0,0.0,0.0,0.0,0,0,0,0.0,0.00019972573507431868
3095.0,2023-01-22 20:33:59.999,5.0,long,1229.7097884899167,-20.53027366744405,0.4065999999999999,13.2215,0.40185,13.437,72915.0,2041.83,0.0,10001.997257350744,0.0,0.0,0.0,0.0,0,0,0,0.0,0.00019972573507431868
3096.0,2023-01-22 20:34:59.999,5.0,long,1229.7097884899167,-20.53027366744405,0.4065999999999999,13.2215,0.4015499999999999,13.435,195393.0,3028.97,0.0,10001.997257350744,0.0,0.0,0.0,0.0,0,0,0,0.0,0.00019972573507431868
3097.0,2023-01-22 20:35:59.999,5.0,long,1229.7097884899167,-20.53027366744405,0.4065999999999999,13.2215,0.40145,13.4485,97389.0,3268.7,0.0,10001.997257350744,0.0,0.0,0.0,0.0,0,0,0,0.0,0.00019972573507431868
3098.0,2023-01-22 20:36:59.999,5.0,long,1229.7097884899167,-20.53027366744405,0.4065999999999999,13.2215,0.40135,13.3955,279628.0,2089.28,0.0,10001.997257350744,0.0,0.0,0.0,0.0,0,0,0,0.0,0.00019972573507431868
3099.0,2023-01-22 20:37:59.999,5.0,long,1229.7097884899167,-20.53027366744405,0.4065999999999999,13.2215,0.40085,13.3525,614120.0,3274.63,0.0,10001.997257350744,0.0,0.0,0.0,0.0,0,0,0,0.0,0.00019972573507431868
3100.0,2023-01-22 20:38:59.999,5.0,long,1229.7097884899167,-20.53027366744405,0.4065999999999999,13.2215,0.40065,13.3035,393893.0,2882.75,0.0,10001.997257350744,0.0,0.0,0.0,0.0,0,0,0,0.0,0.00019972573507431868
3101.0,2023-01-22 20:39:59.999,5.0,long,1229.7097884899167,-20.53027366744405,0.4065999999999999,13.2215,0.4011,13.288,209240.0,917.16,0.0,10001.997257350744,0.0,0.0,0.0,0.0,0,0,0,0.0,0.00019972573507431868
3102.0,2023-01-22 20:40:59.999,5.0,long,1229.7097884899167,-20.53027366744405,0.4065999999999999,13.2215,0.40005,13.2455,2251038.0,7959.32,0.0,10001.997257350744,0.0,0.0,0.0,0.0,0,0,0,0.0,0.00019972573507431868
3103.0,2023-01-22 20:41:59.999,5.0,long,1229.7097884899167,-20.53027366744405,0.4065999999999999,13.2215,0.40075,13.299,390873.0,2065.34,0.0,10001.997257350744,0.0,0.0,0.0,0.0,0,0,0,0.0,0.00019972573507431868
3104.0,2023-01-22 20:42:59.999,5.0,long,1229.7097884899167,-20.53027366744405,0.4065999999999999,13.2215,0.4009,13.333,283999.0,1959.23,0.0,10001.997257350744,0.0,0.0,0.0,0.0,0,0,0,0.0,0.00019972573507431868
3105.0,2023-01-22 20:43:59.999,5.0,long,1229.7097884899167,-20.53027366744405,0.4065999999999999,13.2215,0.4006,13.325500000000002,120162.0,3357.7,0.0,10001.997257350744,0.0,0.0,0.0,0.0,0,0,0,0.0,0.00019972573507431868
3106.0,2023-01-22 20:44:59.999,5.0,long,1229.7097884899167,-20.53027366744405,0.4065999999999999,13.2215,0.40025,13.304,271793.0,1475.82,0.0,10001.997257350744,0.0,0.0,0.0,0.0,0,0,0,0.0,0.00019972573507431868
3107.0,2023-01-22 20:45:59.999,5.0,long,1229.7097884899167,-20.53027366744405,0.4065999999999999,13.2215,0.4003,13.3135,144370.0,672.67,0.0,10001.997257350744,0.0,0.0,0.0,0.0,0,0,0,0.0,0.00019972573507431868
3108.0,2023-01-22 20:46:59.999,5.0,long,1229.7097884899167,-20.53027366744405,0.4065999999999999,13.2215,0.4002,13.328,276575.0,1290.47,0.0,10001.997257350744,0.0,0.0,0.0,0.0,0,0,0,0.0,0.00019972573507431868
3109.0,2023-01-22 20:47:59.999,5.0,long,1229.7097884899167,-20.53027366744405,0.4065999999999999,13.2215,0.40015,13.3365,179822.0,1254.61,0.0,10001.997257350744,0.0,0.0,0.0,0.0,0,0,0,0.0,0.00019972573507431868
3110.0,2023-01-22 20:48:59.999,5.0,long,1229.7097884899167,-20.53027366744405,0.4065999999999999,13.2215,0.40045,13.342,88518.0,523.42,0.0,10001.997257350744,0.0,0.0,0.0,0.0,0,0,0,0.0,0.00019972573507431868
3111.0,2023-01-22 20:49:59.999,5.0,long,1229.7097884899167,-20.53027366744405,0.4065999999999999,13.2215,0.4003,13.33,193150.0,1231.21,0.0,10001.997257350744,0.0,0.0,0.0,0.0,0,0,0,0.0,0.00019972573507431868
3112.0,2023-01-22 20:50:59.999,5.0,long,1229.7097884899167,-20.53027366744405,0.4065999999999999,13.2215,0.39995,13.3015,349911.0,2540.15,0.0,10001.997257350744,0.0,0.0,0.0,0.0,0,0,0,0.0,0.00019972573507431868
3113.0,2023-01-22 20:51:59.999,5.0,long,1229.7097884899167,-20.53027366744405,0.4065999999999999,13.2215,0.39985,13.275,232750.0,3888.37,0.0,10001.997257350744,0.0,0.0,0.0,0.0,0,0,0,0.0,0.00019972573507431868
3114.0,2023-01-22 20:52:59.999,5.0,long,1229.7097884899167,-20.53027366744405,0.4065999999999999,13.2215,0.39905,13.2265,1065824.0,9126.87,0.0,10001.997257350744,0.0,0.0,0.0,0.0,0,0,0,0.0,0.00019972573507431868
3115.0,2023-01-22 20:53:59.999,5.0,long,1229.7097884899167,-20.53027366744405,0.4065999999999999,13.2215,0.39765,13.126,2928542.0,20812.84,0.0,10001.997257350744,0.0,0.0,0.0,0.0,0,0,0,0.0,0.00019972573507431868
3116.0,2023-01-22 20:54:59.999,5.0,long,1229.7097884899167,-20.53027366744405,0.4065999999999999,13.2215,0.39725,13.1215,1299589.0,3476.47,0.0,10001.997257350744,0.0,0.0,0.0,0.0,0,0,0,0.0,0.00019972573507431868
3117.0,2023-01-22 20:55:59.999,5.0,long,1229.7097884899167,-20.53027366744405,0.4065999999999999,13.2215,0.39715,13.1115,914359.0,9415.62,0.0,10001.997257350744,0.0,0.0,0.0,0.0,0,0,0,0.0,0.00019972573507431868
3118.0,2023-01-22 20:56:59.999,5.0,long,1229.7097884899167,-20.53027366744405,0.4065999999999999,13.2215,0.39795,13.1665,383883.0,2951.85,0.0,10001.997257350744,0.0,0.0,0.0,0.0,0,0,0,0.0,0.00019972573507431868
3119.0,2023-01-22 20:57:59.999,5.0,long,1229.7097884899167,-20.53027366744405,0.4065999999999999,13.2215,0.3979,13.1475,346547.0,3086.09,0.0,10001.997257350744,0.0,0.0,0.0,0.0,0,0,0,0.0,0.00019972573507431868
3120.0,2023-01-22 20:58:59.999,5.0,long,1229.7097884899167,-20.53027366744405,0.4065999999999999,13.2215,0.39785,13.114999999999998,253611.0,666.29,0.0,10001.997257350744,0.0,0.0,0.0,0.0,0,0,0,0.0,0.00019972573507431868
3121.0,2023-01-22 20:59:59.999,5.0,long,1229.7097884899167,-20.53027366744405,0.4065999999999999,13.2215,0.398,13.105,133105.0,1310.17,0.0,10001.997257350744,0.0,0.0,0.0,0.0,0,0,0,0.0,0.00019972573507431868
3122.0,2023-01-22 21:00:59.999,5.0,long,1229.7097884899167,-20.53027366744405,0.4065999999999999,13.2215,0.39775,13.1265,310998.0,1062.91,0.0,10001.997257350744,0.0,0.0,0.0,0.0,0,0,0,0.0,0.00019972573507431868
3123.0,2023-01-22 21:01:59.999,5.0,long,1229.7097884899167,-20.53027366744405,0.4065999999999999,13.2215,0.39775,13.139,203515.0,877.68,0.0,10001.997257350744,0.0,0.0,0.0,0.0,0,0,0,0.0,0.00019972573507431868
3124.0,2023-01-22 21:02:59.999,5.0,long,1229.7097884899167,-20.53027366744405,0.4065999999999999,13.2215,0.39815,13.1575,265111.0,492.43,0.0,10001.997257350744,0.0,0.0,0.0,0.0,0,0,0,0.0,0.00019972573507431868
3125.0,2023-01-22 21:03:59.999,5.0,long,1229.7097884899167,-20.53027366744405,0.4065999999999999,13.2215,0.3984499999999999,13.189,1073888.0,742.94,0.0,10001.997257350744,0.0,0.0,0.0,0.0,0,0,0,0.0,0.00019972573507431868
3126.0,2023-01-22 21:04:59.999,5.0,long,1229.7097884899167,-20.53027366744405,0.4065999999999999,13.2215,0.3985499999999999,13.197,148229.0,1228.39,0.0,10001.997257350744,0.0,0.0,0.0,0.0,0,0,0,0.0,0.00019972573507431868
3127.0,2023-01-22 21:05:59.999,5.0,long,1229.7097884899167,-20.53027366744405,0.4065999999999999,13.2215,0.3984,13.207999999999998,567874.0,1549.39,0.0,10001.997257350744,0.0,0.0,0.0,0.0,0,0,0,0.0,0.00019972573507431868
3128.0,2023-01-22 21:06:59.999,5.0,long,1229.7097884899167,-20.53027366744405,0.4065999999999999,13.2215,0.3977,13.19,188684.0,862.02,0.0,10001.997257350744,0.0,0.0,0.0,0.0,0,0,0,0.0,0.00019972573507431868
3129.0,2023-01-22 21:07:59.999,5.0,long,1229.7097884899167,-20.53027366744405,0.4065999999999999,13.2215,0.3974499999999999,13.156,124048.0,831.13,0.0,10001.997257350744,0.0,0.0,0.0,0.0,0,0,0,0.0,0.00019972573507431868
3130.0,2023-01-22 21:08:59.999,5.0,long,1229.7097884899167,-20.53027366744405,0.4065999999999999,13.2215,0.39695,13.116499999999998,446286.0,1092.15,0.0,10001.997257350744,0.0,0.0,0.0,0.0,0,0,0,0.0,0.00019972573507431868
3131.0,2023-01-22 21:09:59.999,5.0,long,1229.7097884899167,-20.53027366744405,0.4065999999999999,13.2215,0.39695,13.081,359958.0,1729.89,0.0,10001.997257350744,0.0,0.0,0.0,0.0,0,0,0,0.0,0.00019972573507431868
3132.0,2023-01-22 21:10:59.999,5.0,long,1229.7097884899167,-20.53027366744405,0.4065999999999999,13.2215,0.39765,13.099,282850.0,2424.69,0.0,10001.997257350744,0.0,0.0,0.0,0.0,0,0,0,0.0,0.00019972573507431868
3133.0,2023-01-22 21:11:59.999,5.0,long,1229.7097884899167,-20.53027366744405,0.4065999999999999,13.2215,0.3977,13.0905,75008.0,520.07,0.0,10001.997257350744,0.0,0.0,0.0,0.0,0,0,0,0.0,0.00019972573507431868
3134.0,2023-01-22 21:12:59.999,5.0,long,1229.7097884899167,-20.53027366744405,0.4065999999999999,13.2215,0.3974499999999999,13.0495,754878.0,2253.08,0.0,10001.997257350744,0.0,0.0,0.0,0.0,0,0,0,0.0,0.00019972573507431868
3135.0,2023-01-22 21:13:59.999,5.0,long,1229.7097884899167,-20.53027366744405,0.4065999999999999,13.2215,0.39705,13.005,409216.0,9052.02,0.0,10001.997257350744,0.0,0.0,0.0,0.0,0,0,0,0.0,0.00019972573507431868
3136.0,2023-01-22 21:14:59.999,5.0,long,1229.7097884899167,-20.53027366744405,0.4065999999999999,13.2215,0.39775,13.0365,390689.0,2288.46,0.0,10001.997257350744,0.0,0.0,0.0,0.0,0,0,0,0.0,0.00019972573507431868
3137.0,2023-01-22 21:15:59.999,5.0,long,1229.7097884899167,-20.53027366744405,0.4065999999999999,13.2215,0.39805,13.0615,519275.0,739.89,0.0,10001.997257350744,0.0,0.0,0.0,0.0,0,0,0,0.0,0.00019972573507431868
3138.0,2023-01-22 21:16:59.999,5.0,long,1229.7097884899167,-20.53027366744405,0.4065999999999999,13.2215,0.39805,13.0915,131181.0,798.37,0.0,10001.997257350744,0.0,0.0,0.0,0.0,0,0,0,0.0,0.00019972573507431868
3139.0,2023-01-22 21:17:59.999,5.0,long,1229.7097884899167,-20.53027366744405,0.4065999999999999,13.2215,0.398,13.0875,97148.0,1598.91,0.0,10001.997257350744,0.0,0.0,0.0,0.0,0,0,0,0.0,0.00019972573507431868
3140.0,2023-01-22 21:18:59.999,5.0,long,1229.7097884899167,-20.53027366744405,0.4065999999999999,13.2215,0.3976499999999999,13.0735,152735.0,899.55,0.0,10001.997257350744,0.0,0.0,0.0,0.0,0,0,0,0.0,0.00019972573507431868
3141.0,2023-01-22 21:19:59.999,5.0,long,1229.7097884899167,-20.53027366744405,0.4065999999999999,13.2215,0.3976,13.045,340585.0,3900.31,0.0,10001.997257350744,0.0,0.0,0.0,0.0,0,0,0,0.0,0.00019972573507431868
3142.0,2023-01-22 21:20:59.999,5.0,long,1229.7097884899167,-20.53027366744405,0.4065999999999999,13.2215,0.3975999999999999,13.013000000000002,283319.0,2685.24,0.0,10001.997257350744,0.0,0.0,0.0,0.0,0,0,0,0.0,0.00019972573507431868
3143.0,2023-01-22 21:21:59.999,5.0,long,1229.7097884899167,-20.53027366744405,0.4065999999999999,13.2215,0.3979,13.0265,222436.0,2276.04,0.0,10001.997257350744,0.0,0.0,0.0,0.0,0,0,0,0.0,0.00019972573507431868
3144.0,2023-01-22 21:22:59.999,5.0,long,1229.7097884899167,-20.53027366744405,0.4065999999999999,13.2215,0.39785,13.0165,167296.0,1149.68,0.0,10001.997257350744,0.0,0.0,0.0,0.0,0,0,0,0.0,0.00019972573507431868
3145.0,2023-01-22 21:23:59.999,5.0,long,1229.7097884899167,-20.53027366744405,0.4065999999999999,13.2215,0.3981,13.0195,355368.0,1978.86,0.0,10001.997257350744,0.0,0.0,0.0,0.0,0,0,0,0.0,0.00019972573507431868
3146.0,2023-01-22 21:24:59.999,5.0,long,1229.7097884899167,-20.53027366744405,0.4065999999999999,13.2215,0.3985499999999999,13.0635,146307.0,1389.81,0.0,10001.997257350744,0.0,0.0,0.0,0.0,0,0,0,0.0,0.00019972573507431868
3147.0,2023-01-22 21:25:59.999,5.0,long,1229.7097884899167,-20.53027366744405,0.4065999999999999,13.2215,0.3985999999999999,13.0795,272302.0,1450.39,0.0,10001.997257350744,0.0,0.0,0.0,0.0,0,0,0,0.0,0.00019972573507431868
3148.0,2023-01-22 21:26:59.999,5.0,long,1229.7097884899167,-20.53027366744405,0.4065999999999999,13.2215,0.3981,13.069,124284.0,1061.71,0.0,10001.997257350744,0.0,0.0,0.0,0.0,0,0,0,0.0,0.00019972573507431868
3149.0,2023-01-22 21:27:59.999,5.0,long,1229.7097884899167,-20.53027366744405,0.4065999999999999,13.2215,0.39815,13.058,100834.0,273.31,0.0,10001.997257350744,0.0,0.0,0.0,0.0,0,0,0,0.0,0.00019972573507431868
3150.0,2023-01-22 21:28:59.999,5.0,long,1229.7097884899167,-20.53027366744405,0.4065999999999999,13.2215,0.39835,13.0715,114398.0,1053.94,0.0,10001.997257350744,0.0,0.0,0.0,0.0,0,0,0,0.0,0.00019972573507431868
3151.0,2023-01-22 21:29:59.999,5.0,long,1229.7097884899167,-20.53027366744405,0.4065999999999999,13.2215,0.39855,13.0895,772256.0,548.22,0.0,10001.997257350744,0.0,0.0,0.0,0.0,0,0,0,0.0,0.00019972573507431868
3152.0,2023-01-22 21:30:59.999,5.0,long,1229.7097884899167,-20.53027366744405,0.4065999999999999,13.2215,0.3984,13.1055,653548.0,1689.25,0.0,10001.997257350744,0.0,0.0,0.0,0.0,0,0,0,0.0,0.00019972573507431868
3153.0,2023-01-22 21:31:59.999,5.0,long,1229.7097884899167,-20.53027366744405,0.4065999999999999,13.2215,0.39895,13.124,91497.0,964.83,0.0,10001.997257350744,0.0,0.0,0.0,0.0,0,0,0,0.0,0.00019972573507431868
3154.0,2023-01-22 21:32:59.999,5.0,long,1229.7097884899167,-20.53027366744405,0.4065999999999999,13.2215,0.3992,13.1525,218397.0,1095.5,0.0,10001.997257350744,0.0,0.0,0.0,0.0,0,0,0,0.0,0.00019972573507431868
3155.0,2023-01-22 21:33:59.999,5.0,long,1229.7097884899167,-20.53027366744405,0.4065999999999999,13.2215,0.3992,13.1635,111410.0,1234.24,0.0,10001.997257350744,0.0,0.0,0.0,0.0,0,0,0,0.0,0.00019972573507431868
3156.0,2023-01-22 21:34:59.999,5.0,long,1229.7097884899167,-20.53027366744405,0.4065999999999999,13.2215,0.3994,13.1645,111814.0,2479.71,0.0,10001.997257350744,0.0,0.0,0.0,0.0,0,0,0,0.0,0.00019972573507431868
3157.0,2023-01-22 21:35:59.999,5.0,long,1229.7097884899167,-20.53027366744405,0.4065999999999999,13.2215,0.39905,13.17,178760.0,818.89,0.0,10001.997257350744,0.0,0.0,0.0,0.0,0,0,0,0.0,0.00019972573507431868
3158.0,2023-01-22 21:36:59.999,5.0,long,1229.7097884899167,-20.53027366744405,0.4065999999999999,13.2215,0.3986499999999999,13.157,57086.0,547.75,0.0,10001.997257350744,0.0,0.0,0.0,0.0,0,0,0,0.0,0.00019972573507431868
3159.0,2023-01-22 21:37:59.999,5.0,long,1229.7097884899167,-20.53027366744405,0.4065999999999999,13.2215,0.39895,13.18,112599.0,1453.9,0.0,10001.997257350744,0.0,0.0,0.0,0.0,0,0,0,0.0,0.00019972573507431868
3160.0,2023-01-22 21:38:59.999,5.0,long,1229.7097884899167,-20.53027366744405,0.4065999999999999,13.2215,0.3989,13.1765,138846.0,1063.23,0.0,10001.997257350744,0.0,0.0,0.0,0.0,0,0,0,0.0,0.00019972573507431868
3161.0,2023-01-22 21:39:59.999,5.0,long,1229.7097884899167,-20.53027366744405,0.4065999999999999,13.2215,0.399,13.164,61245.0,1467.94,0.0,10001.997257350744,0.0,0.0,0.0,0.0,0,0,0,0.0,0.00019972573507431868
3162.0,2023-01-22 21:40:59.999,5.0,long,1229.7097884899167,-20.53027366744405,0.4065999999999999,13.2215,0.3992,13.179,35828.0,862.74,0.0,10001.997257350744,0.0,0.0,0.0,0.0,0,0,0,0.0,0.00019972573507431868
3163.0,2023-01-22 21:41:59.999,5.0,long,1229.7097884899167,-20.53027366744405,0.4065999999999999,13.2215,0.39895,13.16,86741.0,1129.5,0.0,10001.997257350744,0.0,0.0,0.0,0.0,0,0,0,0.0,0.00019972573507431868
3164.0,2023-01-22 21:42:59.999,5.0,long,1229.7097884899167,-20.53027366744405,0.4065999999999999,13.2215,0.3992,13.179,16822.0,370.58,0.0,10001.997257350744,0.0,0.0,0.0,0.0,0,0,0,0.0,0.00019972573507431868
3165.0,2023-01-22 21:43:59.999,5.0,long,1229.7097884899167,-20.53027366744405,0.4065999999999999,13.2215,0.3994499999999999,13.1875,124293.0,689.95,0.0,10001.997257350744,0.0,0.0,0.0,0.0,0,0,0,0.0,0.00019972573507431868
3166.0,2023-01-22 21:44:59.999,5.0,long,1229.7097884899167,-20.53027366744405,0.4065999999999999,13.2215,0.39975,13.196,183034.0,740.57,0.0,10001.997257350744,0.0,0.0,0.0,0.0,0,0,0,0.0,0.00019972573507431868
3167.0,2023-01-22 21:45:59.999,5.0,long,1229.7097884899167,-20.53027366744405,0.4065999999999999,13.2215,0.39955,13.1925,110525.0,1364.59,0.0,10001.997257350744,0.0,0.0,0.0,0.0,0,0,0,0.0,0.00019972573507431868
3168.0,2023-01-22 21:46:59.999,5.0,long,1229.7097884899167,-20.53027366744405,0.4065999999999999,13.2215,0.3994999999999999,13.18,110987.0,1027.82,0.0,10001.997257350744,0.0,0.0,0.0,0.0,0,0,0,0.0,0.00019972573507431868
3169.0,2023-01-22 21:47:59.999,5.0,long,1229.7097884899167,-20.53027366744405,0.4065999999999999,13.2215,0.39935,13.1735,152328.0,1105.21,0.0,10001.997257350744,0.0,0.0,0.0,0.0,0,0,0,0.0,0.00019972573507431868
3170.0,2023-01-22 21:48:59.999,5.0,long,1229.7097884899167,-20.53027366744405,0.4065999999999999,13.2215,0.39925,13.1595,51488.0,565.96,0.0,10001.997257350744,0.0,0.0,0.0,0.0,0,0,0,0.0,0.00019972573507431868
3171.0,2023-01-22 21:49:59.999,5.0,long,1229.7097884899167,-20.53027366744405,0.4065999999999999,13.2215,0.39935,13.1725,62944.0,646.29,0.0,10001.997257350744,0.0,0.0,0.0,0.0,0,0,0,0.0,0.00019972573507431868
3172.0,2023-01-22 21:50:59.999,5.0,long,1229.7097884899167,-20.53027366744405,0.4065999999999999,13.2215,0.3995499999999999,13.1885,109596.0,876.36,0.0,10001.997257350744,0.0,0.0,0.0,0.0,0,0,0,0.0,0.00019972573507431868
3173.0,2023-01-22 21:51:59.999,5.0,long,1229.7097884899167,-20.53027366744405,0.4065999999999999,13.2215,0.3995499999999999,13.191,76137.0,471.6,0.0,10001.997257350744,0.0,0.0,0.0,0.0,0,0,0,0.0,0.00019972573507431868
3174.0,2023-01-22 21:52:59.999,5.0,long,1229.7097884899167,-20.53027366744405,0.4065999999999999,13.2215,0.3994999999999999,13.1875,238356.0,1981.46,0.0,10001.997257350744,0.0,0.0,0.0,0.0,0,0,0,0.0,0.00019972573507431868
3175.0,2023-01-22 21:53:59.999,5.0,long,1229.7097884899167,-20.53027366744405,0.4065999999999999,13.2215,0.39985,13.2155,116223.0,966.56,0.0,10001.997257350744,0.0,0.0,0.0,0.0,0,0,0,0.0,0.00019972573507431868
3176.0,2023-01-22 21:54:59.999,5.0,long,1229.7097884899167,-20.53027366744405,0.4065999999999999,13.2215,0.40005,13.224,175431.0,945.09,0.0,10001.997257350744,0.0,0.0,0.0,0.0,0,0,0,0.0,0.00019972573507431868
3177.0,2023-01-22 21:55:59.999,5.0,long,1229.7097884899167,-20.53027366744405,0.4065999999999999,13.2215,0.40015,13.2175,102370.0,974.43,0.0,10001.997257350744,0.0,0.0,0.0,0.0,0,0,0,0.0,0.00019972573507431868
3178.0,2023-01-22 21:56:59.999,5.0,long,1229.7097884899167,-20.53027366744405,0.4065999999999999,13.2215,0.40005,13.204,124315.0,868.81,0.0,10001.997257350744,0.0,0.0,0.0,0.0,0,0,0,0.0,0.00019972573507431868
3179.0,2023-01-22 21:57:59.999,5.0,long,1229.7097884899167,-20.53027366744405,0.4065999999999999,13.2215,0.3996,13.1795,1052313.0,855.52,0.0,10001.997257350744,0.0,0.0,0.0,0.0,0,0,0,0.0,0.00019972573507431868
3180.0,2023-01-22 21:58:59.999,5.0,long,1229.7097884899167,-20.53027366744405,0.4065999999999999,13.2215,0.3994499999999999,13.1805,87828.0,611.94,0.0,10001.997257350744,0.0,0.0,0.0,0.0,0,0,0,0.0,0.00019972573507431868
3181.0,2023-01-22 21:59:59.999,5.0,long,1229.7097884899167,-20.53027366744405,0.4065999999999999,13.2215,0.39985,13.1905,167607.0,736.98,0.0,10001.997257350744,0.0,0.0,0.0,0.0,0,0,0,0.0,0.00019972573507431868
3182.0,2023-01-22 22:00:59.999,5.0,long,1229.7097884899167,-20.53027366744405,0.4065999999999999,13.2215,0.3999,13.2045,141220.0,961.77,0.0,10001.997257350744,0.0,0.0,0.0,0.0,0,0,0,0.0,0.00019972573507431868
3183.0,2023-01-22 22:01:59.999,5.0,long,1229.7097884899167,-20.53027366744405,0.4065999999999999,13.2215,0.4001,13.209,98485.0,226.85,0.0,10001.997257350744,0.0,0.0,0.0,0.0,0,0,0,0.0,0.00019972573507431868
3184.0,2023-01-22 22:02:59.999,5.0,long,1229.7097884899167,-20.53027366744405,0.4065999999999999,13.2215,0.3999,13.1895,51624.0,974.33,0.0,10001.997257350744,0.0,0.0,0.0,0.0,0,0,0,0.0,0.00019972573507431868
3185.0,2023-01-22 22:03:59.999,5.0,long,1229.7097884899167,-20.53027366744405,0.4065999999999999,13.2215,0.39975,13.197,40442.0,1125.32,0.0,10001.997257350744,0.0,0.0,0.0,0.0,0,0,0,0.0,0.00019972573507431868
3186.0,2023-01-22 22:04:59.999,5.0,long,1229.7097884899167,-20.53027366744405,0.4065999999999999,13.2215,0.39965,13.2085,81431.0,5304.62,0.0,10001.997257350744,0.0,0.0,0.0,0.0,0,0,0,0.0,0.00019972573507431868
3187.0,2023-01-22 22:05:59.999,5.0,long,1229.7097884899167,-20.53027366744405,0.4065999999999999,13.2215,0.3994999999999999,13.2155,60828.0,912.74,0.0,10001.997257350744,0.0,0.0,0.0,0.0,0,0,0,0.0,0.00019972573507431868
3188.0,2023-01-22 22:06:59.999,5.0,long,1229.7097884899167,-20.53027366744405,0.4065999999999999,13.2215,0.3997,13.233,42299.0,2303.06,0.0,10001.997257350744,0.0,0.0,0.0,0.0,0,0,0,0.0,0.00019972573507431868
3189.0,2023-01-22 22:07:59.999,5.0,long,1229.7097884899167,-20.53027366744405,0.4065999999999999,13.2215,0.4002,13.243,182452.0,3522.87,0.0,10001.997257350744,0.0,0.0,0.0,0.0,0,0,0,0.0,0.00019972573507431868
3190.0,2023-01-22 22:08:59.999,5.0,long,1229.7097884899167,-20.53027366744405,0.4065999999999999,13.2215,0.40005,13.23,64487.0,2080.02,0.0,10001.997257350744,0.0,0.0,0.0,0.0,0,0,0,0.0,0.00019972573507431868
3191.0,2023-01-22 22:09:59.999,5.0,long,1229.7097884899167,-20.53027366744405,0.4065999999999999,13.2215,0.40015,13.2305,104350.0,1314.8,0.0,10001.997257350744,0.0,0.0,0.0,0.0,0,0,0,0.0,0.00019972573507431868
3192.0,2023-01-22 22:10:59.999,5.0,long,1229.7097884899167,-20.53027366744405,0.4065999999999999,13.2215,0.4002,13.2275,88270.0,780.53,0.0,10001.997257350744,0.0,0.0,0.0,0.0,0,0,0,0.0,0.00019972573507431868
3193.0,2023-01-22 22:11:59.999,5.0,long,1229.7097884899167,-20.53027366744405,0.4065999999999999,13.2215,0.4003,13.231000000000002,79004.0,2116.04,0.0,10001.997257350744,0.0,0.0,0.0,0.0,0,0,0,0.0,0.00019972573507431868
3194.0,2023-01-22 22:12:59.999,5.0,long,1229.7097884899167,-20.53027366744405,0.4065999999999999,13.2215,0.40045,13.2455,65333.0,1194.97,0.0,10001.997257350744,0.0,0.0,0.0,0.0,0,0,0,0.0,0.00019972573507431868
3195.0,2023-01-22 22:13:59.999,5.0,long,1229.7097884899167,-20.53027366744405,0.4065999999999999,13.2215,0.4005499999999999,13.2565,107680.0,1616.2,0.0,10001.997257350744,0.0,0.0,0.0,0.0,0,0,0,0.0,0.00019972573507431868
3196.0,2023-01-22 22:14:59.999,5.0,long,1229.7097884899167,-20.53027366744405,0.4065999999999999,13.2215,0.4005499999999999,13.2385,83240.0,3292.79,0.0,10001.997257350744,0.0,0.0,0.0,0.0,0,0,0,0.0,0.00019972573507431868
3197.0,2023-01-22 22:15:59.999,5.0,long,1229.7097884899167,-20.53027366744405,0.4065999999999999,13.2215,0.40045,13.2205,83265.0,1520.9,0.0,10001.997257350744,0.0,0.0,0.0,0.0,0,0,0,0.0,0.00019972573507431868
3198.0,2023-01-22 22:16:59.999,5.0,long,1229.7097884899167,-20.53027366744405,0.4065999999999999,13.2215,0.40015,13.2065,79079.0,1408.31,0.0,10001.997257350744,0.0,0.0,0.0,0.0,0,0,0,0.0,0.00019972573507431868
3199.0,2023-01-22 22:17:59.999,5.0,long,1229.7097884899167,-20.53027366744405,0.4065999999999999,13.2215,0.4001,13.205,59802.0,1289.03,0.0,10001.997257350744,0.0,0.0,0.0,0.0,0,0,0,0.0,0.00019972573507431868
3200.0,2023-01-22 22:18:59.999,5.0,long,1229.7097884899167,-20.53027366744405,0.4065999999999999,13.2215,0.4003,13.2215,21364.0,129.53,0.0,10001.997257350744,0.0,0.0,0.0,0.0,0,0,0,0.0,0.00019972573507431868
3201.0,2023-01-22 22:19:59.999,5.0,long,1229.7097884899167,-20.53027366744405,0.4065999999999999,13.2215,0.40045,13.235,14752.0,670.4,0.0,10001.997257350744,0.0,0.0,0.0,0.0,0,0,0,0.0,0.00019972573507431868
3202.0,2023-01-22 22:20:59.999,5.0,long,1229.7097884899167,-20.53027366744405,0.4065999999999999,13.2215,0.3999,13.211,111254.0,779.64,0.0,10001.997257350744,0.0,0.0,0.0,0.0,0,0,0,0.0,0.00019972573507431868
3203.0,2023-01-22 22:21:59.999,5.0,long,1229.7097884899167,-20.53027366744405,0.4065999999999999,13.2215,0.3995999999999999,13.2025,74614.0,982.24,0.0,10001.997257350744,0.0,0.0,0.0,0.0,0,0,0,0.0,0.00019972573507431868
3204.0,2023-01-22 22:22:59.999,5.0,long,1229.7097884899167,-20.53027366744405,0.4065999999999999,13.2215,0.3997,13.2075,36821.0,204.03,0.0,10001.997257350744,0.0,0.0,0.0,0.0,0,0,0,0.0,0.00019972573507431868
3205.0,2023-01-22 22:23:59.999,5.0,long,1229.7097884899167,-20.53027366744405,0.4065999999999999,13.2215,0.3994999999999999,13.219,93008.0,359.14,0.0,10001.997257350744,0.0,0.0,0.0,0.0,0,0,0,0.0,0.00019972573507431868
3206.0,2023-01-22 22:24:59.999,5.0,long,1229.7097884899167,-20.53027366744405,0.4065999999999999,13.2215,0.3988,13.2055,365533.0,123.71,0.0,10001.997257350744,0.0,0.0,0.0,0.0,0,0,0,0.0,0.00019972573507431868
3207.0,2023-01-22 22:25:59.999,5.0,long,1229.7097884899167,-20.53027366744405,0.4065999999999999,13.2215,0.3989,13.1925,96293.0,348.39,0.0,10001.997257350744,0.0,0.0,0.0,0.0,0,0,0,0.0,0.00019972573507431868
3208.0,2023-01-22 22:26:59.999,5.0,long,1229.7097884899167,-20.53027366744405,0.4065999999999999,13.2215,0.39885,13.1735,68489.0,958.4,0.0,10001.997257350744,0.0,0.0,0.0,0.0,0,0,0,0.0,0.00019972573507431868
3209.0,2023-01-22 22:27:59.999,5.0,long,1229.7097884899167,-20.53027366744405,0.4065999999999999,13.2215,0.39865,13.1685,32327.0,536.14,0.0,10001.997257350744,0.0,0.0,0.0,0.0,0,0,0,0.0,0.00019972573507431868
3210.0,2023-01-22 22:28:59.999,5.0,long,1229.7097884899167,-20.53027366744405,0.4065999999999999,13.2215,0.3987,13.178,64581.0,455.12,0.0,10001.997257350744,0.0,0.0,0.0,0.0,0,0,0,0.0,0.00019972573507431868
3211.0,2023-01-22 22:29:59.999,5.0,long,1229.7097884899167,-20.53027366744405,0.4065999999999999,13.2215,0.3984999999999999,13.18,49129.0,529.65,0.0,10001.997257350744,0.0,0.0,0.0,0.0,0,0,0,0.0,0.00019972573507431868
3212.0,2023-01-22 22:30:59.999,5.0,long,1229.7097884899167,-20.53027366744405,0.4065999999999999,13.2215,0.3984,13.1625,57056.0,253.42,0.0,10001.997257350744,0.0,0.0,0.0,0.0,0,0,0,0.0,0.00019972573507431868
3213.0,2023-01-22 22:31:59.999,5.0,long,1229.7097884899167,-20.53027366744405,0.4065999999999999,13.2215,0.3981,13.145,188032.0,1274.38,0.0,10001.997257350744,0.0,0.0,0.0,0.0,0,0,0,0.0,0.00019972573507431868
3214.0,2023-01-22 22:32:59.999,5.0,long,1229.7097884899167,-20.53027366744405,0.4065999999999999,13.2215,0.39805,13.1435,179152.0,982.73,0.0,10001.997257350744,0.0,0.0,0.0,0.0,0,0,0,0.0,0.00019972573507431868
3215.0,2023-01-22 22:33:59.999,5.0,long,1229.7097884899167,-20.53027366744405,0.4065999999999999,13.2215,0.3985999999999999,13.1615,53367.0,392.18,0.0,10001.997257350744,0.0,0.0,0.0,0.0,0,0,0,0.0,0.00019972573507431868
3216.0,2023-01-22 22:34:59.999,5.0,long,1229.7097884899167,-20.53027366744405,0.4065999999999999,13.2215,0.3982,13.16,694515.0,856.73,0.0,10001.997257350744,0.0,0.0,0.0,0.0,0,0,0,0.0,0.00019972573507431868
3217.0,2023-01-22 22:35:59.999,5.0,long,1229.7097884899167,-20.53027366744405,0.4065999999999999,13.2215,0.39795,13.1535,83983.0,49.02,0.0,10001.997257350744,0.0,0.0,0.0,0.0,0,0,0,0.0,0.00019972573507431868
3218.0,2023-01-22 22:36:59.999,5.0,long,1229.7097884899167,-20.53027366744405,0.4065999999999999,13.2215,0.39825,13.163,95942.0,143.06,0.0,10001.997257350744,0.0,0.0,0.0,0.0,0,0,0,0.0,0.00019972573507431868
3219.0,2023-01-22 22:37:59.999,5.0,long,1229.7097884899167,-20.53027366744405,0.4065999999999999,13.2215,0.3986499999999999,13.1815,139159.0,328.92,0.0,10001.997257350744,0.0,0.0,0.0,0.0,0,0,0,0.0,0.00019972573507431868
3220.0,2023-01-22 22:38:59.999,5.0,long,1229.7097884899167,-20.53027366744405,0.4065999999999999,13.2215,0.3988,13.197,69000.0,970.71,0.0,10001.997257350744,0.0,0.0,0.0,0.0,0,0,0,0.0,0.00019972573507431868
3221.0,2023-01-22 22:39:59.999,5.0,long,1229.7097884899167,-20.53027366744405,0.4065999999999999,13.2215,0.3987,13.1965,76019.0,757.26,0.0,10001.997257350744,0.0,0.0,0.0,0.0,0,0,0,0.0,0.00019972573507431868
3222.0,2023-01-22 22:40:59.999,5.0,long,1229.7097884899167,-20.53027366744405,0.4065999999999999,13.2215,0.3985499999999999,13.1885,40948.0,83.84,0.0,10001.997257350744,0.0,0.0,0.0,0.0,0,0,0,0.0,0.00019972573507431868
3223.0,2023-01-22 22:41:59.999,5.0,long,1229.7097884899167,-20.53027366744405,0.4065999999999999,13.2215,0.3987,13.1965,171369.0,221.61,0.0,10001.997257350744,0.0,0.0,0.0,0.0,0,0,0,0.0,0.00019972573507431868
3224.0,2023-01-22 22:42:59.999,5.0,long,1229.7097884899167,-20.53027366744405,0.4065999999999999,13.2215,0.39875,13.198,49867.0,358.63,0.0,10001.997257350744,0.0,0.0,0.0,0.0,0,0,0,0.0,0.00019972573507431868
3225.0,2023-01-22 22:43:59.999,5.0,long,1229.7097884899167,-20.53027366744405,0.4065999999999999,13.2215,0.3988,13.186,61875.0,366.44,0.0,10001.997257350744,0.0,0.0,0.0,0.0,0,0,0,0.0,0.00019972573507431868
3226.0,2023-01-22 22:44:59.999,5.0,long,1229.7097884899167,-20.53027366744405,0.4065999999999999,13.2215,0.3985999999999999,13.1755,598036.0,486.55,0.0,10001.997257350744,0.0,0.0,0.0,0.0,0,0,0,0.0,0.00019972573507431868
3227.0,2023-01-22 22:45:59.999,5.0,long,1229.7097884899167,-20.53027366744405,0.4065999999999999,13.2215,0.3989,13.1745,43935.0,107.54,0.0,10001.997257350744,0.0,0.0,0.0,0.0,0,0,0,0.0,0.00019972573507431868
3228.0,2023-01-22 22:46:59.999,5.0,long,1229.7097884899167,-20.53027366744405,0.4065999999999999,13.2215,0.3985,13.1635,126643.0,396.42,0.0,10001.997257350744,0.0,0.0,0.0,0.0,0,0,0,0.0,0.00019972573507431868
3229.0,2023-01-22 22:47:59.999,5.0,long,1229.7097884899167,-20.53027366744405,0.4065999999999999,13.2215,0.3981,13.1565,105070.0,169.05,0.0,10001.997257350744,0.0,0.0,0.0,0.0,0,0,0,0.0,0.00019972573507431868
3230.0,2023-01-22 22:48:59.999,5.0,long,1229.7097884899167,-20.53027366744405,0.4065999999999999,13.2215,0.3982,13.1625,50014.0,594.24,0.0,10001.997257350744,0.0,0.0,0.0,0.0,0,0,0,0.0,0.00019972573507431868
3231.0,2023-01-22 22:49:59.999,5.0,long,1229.7097884899167,-20.53027366744405,0.4065999999999999,13.2215,0.39825,13.1585,98907.0,609.34,0.0,10001.997257350744,0.0,0.0,0.0,0.0,0,0,0,0.0,0.00019972573507431868
3232.0,2023-01-22 22:50:59.999,5.0,long,1229.7097884899167,-20.53027366744405,0.4065999999999999,13.2215,0.39835,13.1725,32860.0,148.05,0.0,10001.997257350744,0.0,0.0,0.0,0.0,0,0,0,0.0,0.00019972573507431868
3233.0,2023-01-22 22:51:59.999,5.0,long,1229.7097884899167,-20.53027366744405,0.4065999999999999,13.2215,0.39885,13.2,111050.0,668.37,0.0,10001.997257350744,0.0,0.0,0.0,0.0,0,0,0,0.0,0.00019972573507431868
3234.0,2023-01-22 22:52:59.999,5.0,long,1229.7097884899167,-20.53027366744405,0.4065999999999999,13.2215,0.39915,13.205,59668.0,97.66,0.0,10001.997257350744,0.0,0.0,0.0,0.0,0,0,0,0.0,0.00019972573507431868
3235.0,2023-01-22 22:53:59.999,5.0,long,1229.7097884899167,-20.53027366744405,0.4065999999999999,13.2215,0.3992,13.2105,27465.0,157.54,0.0,10001.997257350744,0.0,0.0,0.0,0.0,0,0,0,0.0,0.00019972573507431868
3236.0,2023-01-22 22:54:59.999,5.0,long,1229.7097884899167,-20.53027366744405,0.4065999999999999,13.2215,0.3993,13.2185,62769.0,561.43,0.0,10001.997257350744,0.0,0.0,0.0,0.0,0,0,0,0.0,0.00019972573507431868
3237.0,2023-01-22 22:55:59.999,5.0,long,1229.7097884899167,-20.53027366744405,0.4065999999999999,13.2215,0.3995499999999999,13.2315,53170.0,1227.31,0.0,10001.997257350744,0.0,0.0,0.0,0.0,0,0,0,0.0,0.00019972573507431868
3238.0,2023-01-22 22:56:59.999,5.0,long,1229.7097884899167,-20.53027366744405,0.4065999999999999,13.2215,0.4,13.2555,71938.0,948.72,0.0,10001.997257350744,0.0,0.0,0.0,0.0,0,0,0,0.0,0.00019972573507431868
3239.0,2023-01-22 22:57:59.999,5.0,long,1229.7097884899167,-20.53027366744405,0.4065999999999999,13.2215,0.3999,13.2495,342788.0,896.66,0.0,10001.997257350744,0.0,0.0,0.0,0.0,0,0,0,0.0,0.00019972573507431868
3240.0,2023-01-22 22:58:59.999,5.0,long,1229.7097884899167,-20.53027366744405,0.4065999999999999,13.2215,0.39995,13.249,40558.0,411.11,0.0,10001.997257350744,0.0,0.0,0.0,0.0,0,0,0,0.0,0.00019972573507431868
3241.0,2023-01-22 22:59:59.999,5.0,long,1229.7097884899167,-20.53027366744405,0.4065999999999999,13.2215,0.40025,13.2635,62231.0,652.03,0.0,10001.997257350744,0.0,0.0,0.0,0.0,0,0,0,0.0,0.00019972573507431868
3242.0,2023-01-22 23:00:59.999,5.0,long,1229.7097884899167,-20.53027366744405,0.4065999999999999,13.2215,0.40005,13.26,86707.0,1059.82,0.0,10001.997257350744,0.0,0.0,0.0,0.0,0,0,0,0.0,0.00019972573507431868
3243.0,2023-01-22 23:01:59.999,5.0,long,1229.7097884899167,-20.53027366744405,0.4065999999999999,13.2215,0.39975,13.2365,186322.0,2621.58,0.0,10001.997257350744,0.0,0.0,0.0,0.0,0,0,0,0.0,0.00019972573507431868
3244.0,2023-01-22 23:02:59.999,5.0,long,1229.7097884899167,-20.53027366744405,0.4065999999999999,13.2215,0.3998,13.224,145100.0,1151.7,0.0,10001.997257350744,0.0,0.0,0.0,0.0,0,0,0,0.0,0.00019972573507431868
3245.0,2023-01-22 23:03:59.999,5.0,long,1229.7097884899167,-20.53027366744405,0.4065999999999999,13.2215,0.4005499999999999,13.2495,411926.0,933.98,0.0,10001.997257350744,0.0,0.0,0.0,0.0,0,0,0,0.0,0.00019972573507431868
3246.0,2023-01-22 23:04:59.999,5.0,long,1229.7097884899167,-20.53027366744405,0.4065999999999999,13.2215,0.40075,13.2645,126872.0,90.32,0.0,10001.997257350744,0.0,0.0,0.0,0.0,0,0,0,0.0,0.00019972573507431868
3247.0,2023-01-22 23:05:59.999,5.0,long,1229.7097884899167,-20.53027366744405,0.4065999999999999,13.2215,0.40045,13.2555,215438.0,899.14,0.0,10001.997257350744,0.0,0.0,0.0,0.0,0,0,0,0.0,0.00019972573507431868
3248.0,2023-01-22 23:06:59.999,5.0,long,1229.7097884899167,-20.53027366744405,0.4065999999999999,13.2215,0.40065,13.2595,165094.0,574.89,0.0,10001.997257350744,0.0,0.0,0.0,0.0,0,0,0,0.0,0.00019972573507431868
3249.0,2023-01-22 23:07:59.999,5.0,long,1229.7097884899167,-20.53027366744405,0.4065999999999999,13.2215,0.40085,13.271,96295.0,939.56,0.0,10001.997257350744,0.0,0.0,0.0,0.0,0,0,0,0.0,0.00019972573507431868
3250.0,2023-01-22 23:08:59.999,5.0,long,1229.7097884899167,-20.53027366744405,0.4065999999999999,13.2215,0.40105,13.288,127272.0,1054.49,0.0,10001.997257350744,0.0,0.0,0.0,0.0,0,0,0,0.0,0.00019972573507431868
3251.0,2023-01-22 23:09:59.999,5.0,long,1229.7097884899167,-20.53027366744405,0.4065999999999999,13.2215,0.40095,13.287,71082.0,678.84,0.0,10001.997257350744,0.0,0.0,0.0,0.0,0,0,0,0.0,0.00019972573507431868
3252.0,2023-01-22 23:10:59.999,5.0,long,1229.7097884899167,-20.53027366744405,0.4065999999999999,13.2215,0.40085,13.2685,58298.0,356.83,0.0,10001.997257350744,0.0,0.0,0.0,0.0,0,0,0,0.0,0.00019972573507431868
3253.0,2023-01-22 23:11:59.999,5.0,long,1229.7097884899167,-20.53027366744405,0.4065999999999999,13.2215,0.40085,13.2565,98595.0,1162.06,0.0,10001.997257350744,0.0,0.0,0.0,0.0,0,0,0,0.0,0.00019972573507431868
3254.0,2023-01-22 23:12:59.999,5.0,long,1229.7097884899167,-20.53027366744405,0.4065999999999999,13.2215,0.40085,13.252,53653.0,503.02,0.0,10001.997257350744,0.0,0.0,0.0,0.0,0,0,0,0.0,0.00019972573507431868
3255.0,2023-01-22 23:13:59.999,5.0,long,1229.7097884899167,-20.53027366744405,0.4065999999999999,13.2215,0.401,13.26,46468.0,290.06,0.0,10001.997257350744,0.0,0.0,0.0,0.0,0,0,0,0.0,0.00019972573507431868
3256.0,2023-01-22 23:14:59.999,5.0,long,1229.7097884899167,-20.53027366744405,0.4065999999999999,13.2215,0.4012,13.2655,112859.0,294.96,0.0,10001.997257350744,0.0,0.0,0.0,0.0,0,0,0,0.0,0.00019972573507431868
3257.0,2023-01-22 23:15:59.999,5.0,long,1229.7097884899167,-20.53027366744405,0.4065999999999999,13.2215,0.40115,13.2615,113422.0,914.17,0.0,10001.997257350744,0.0,0.0,0.0,0.0,0,0,0,0.0,0.00019972573507431868
3258.0,2023-01-22 23:16:59.999,5.0,long,1229.7097884899167,-20.53027366744405,0.4065999999999999,13.2215,0.40125,13.266,138857.0,112.44,0.0,10001.997257350744,0.0,0.0,0.0,0.0,0,0,0,0.0,0.00019972573507431868
3259.0,2023-01-22 23:17:59.999,5.0,long,1229.7097884899167,-20.53027366744405,0.4065999999999999,13.2215,0.40105,13.254,232939.0,321.13,0.0,10001.997257350744,0.0,0.0,0.0,0.0,0,0,0,0.0,0.00019972573507431868
3260.0,2023-01-22 23:18:59.999,5.0,long,1229.7097884899167,-20.53027366744405,0.4065999999999999,13.2215,0.40075,13.2355,128612.0,610.66,0.0,10001.997257350744,0.0,0.0,0.0,0.0,0,0,0,0.0,0.00019972573507431868
3261.0,2023-01-22 23:19:59.999,5.0,long,1229.7097884899167,-20.53027366744405,0.4065999999999999,13.2215,0.4008,13.246,37721.0,443.91,0.0,10001.997257350744,0.0,0.0,0.0,0.0,0,0,0,0.0,0.00019972573507431868
3262.0,2023-01-22 23:20:59.999,5.0,long,1229.7097884899167,-20.53027366744405,0.4065999999999999,13.2215,0.4008,13.246,137673.0,415.79,0.0,10001.997257350744,0.0,0.0,0.0,0.0,0,0,0,0.0,0.00019972573507431868
3263.0,2023-01-22 23:21:59.999,5.0,long,1229.7097884899167,-20.53027366744405,0.4065999999999999,13.2215,0.4011,13.262,113931.0,688.96,0.0,10001.997257350744,0.0,0.0,0.0,0.0,0,0,0,0.0,0.00019972573507431868
3264.0,2023-01-22 23:22:59.999,5.0,long,1229.7097884899167,-20.53027366744405,0.4065999999999999,13.2215,0.4007,13.268,959324.0,1440.29,0.0,10001.997257350744,0.0,0.0,0.0,0.0,0,0,0,0.0,0.00019972573507431868
3265.0,2023-01-22 23:23:59.999,5.0,long,1229.7097884899167,-20.53027366744405,0.4065999999999999,13.2215,0.40015,13.2845,1073718.0,434.11,0.0,10001.997257350744,0.0,0.0,0.0,0.0,0,0,0,0.0,0.00019972573507431868
3266.0,2023-01-22 23:24:59.999,5.0,long,1229.7097884899167,-20.53027366744405,0.4065999999999999,13.2215,0.40035,13.2945,181157.0,1231.25,0.0,10001.997257350744,0.0,0.0,0.0,0.0,0,0,0,0.0,0.00019972573507431868
3267.0,2023-01-22 23:25:59.999,5.0,long,1229.7097884899167,-20.53027366744405,0.4065999999999999,13.2215,0.40035,13.268,128883.0,718.49,0.0,10001.997257350744,0.0,0.0,0.0,0.0,0,0,0,0.0,0.00019972573507431868
3268.0,2023-01-22 23:26:59.999,5.0,long,1229.7097884899167,-20.53027366744405,0.4065999999999999,13.2215,0.4004,13.246,59230.0,1614.19,0.0,10001.997257350744,0.0,0.0,0.0,0.0,0,0,0,0.0,0.00019972573507431868
3269.0,2023-01-22 23:27:59.999,5.0,long,1229.7097884899167,-20.53027366744405,0.4065999999999999,13.2215,0.4004,13.267,95633.0,805.95,0.0,10001.997257350744,0.0,0.0,0.0,0.0,0,0,0,0.0,0.00019972573507431868
3270.0,2023-01-22 23:28:59.999,5.0,long,1229.7097884899167,-20.53027366744405,0.4065999999999999,13.2215,0.40045,13.278,17938.0,372.14,0.0,10001.997257350744,0.0,0.0,0.0,0.0,0,0,0,0.0,0.00019972573507431868
3271.0,2023-01-22 23:29:59.999,5.0,long,1229.7097884899167,-20.53027366744405,0.4065999999999999,13.2215,0.4004999999999999,13.2835,114054.0,430.37,0.0,10001.997257350744,0.0,0.0,0.0,0.0,0,0,0,0.0,0.00019972573507431868
3272.0,2023-01-22 23:30:59.999,5.0,long,1229.7097884899167,-20.53027366744405,0.4065999999999999,13.2215,0.4004,13.2795,83137.0,1122.18,0.0,10001.997257350744,0.0,0.0,0.0,0.0,0,0,0,0.0,0.00019972573507431868
3273.0,2023-01-22 23:31:59.999,5.0,long,1229.7097884899167,-20.53027366744405,0.4065999999999999,13.2215,0.4002,13.273,51115.0,114.41,0.0,10001.997257350744,0.0,0.0,0.0,0.0,0,0,0,0.0,0.00019972573507431868
3274.0,2023-01-22 23:32:59.999,5.0,long,1229.7097884899167,-20.53027366744405,0.4065999999999999,13.2215,0.4003,13.2865,28306.0,944.97,0.0,10001.997257350744,0.0,0.0,0.0,0.0,0,0,0,0.0,0.00019972573507431868
3275.0,2023-01-22 23:33:59.999,5.0,long,1229.7097884899167,-20.53027366744405,0.4065999999999999,13.2215,0.40035,13.3065,42742.0,891.63,0.0,10001.997257350744,0.0,0.0,0.0,0.0,0,0,0,0.0,0.00019972573507431868
3276.0,2023-01-22 23:34:59.999,5.0,long,1229.7097884899167,-20.53027366744405,0.4065999999999999,13.2215,0.4004999999999999,13.316,41398.0,599.64,0.0,10001.997257350744,0.0,0.0,0.0,0.0,0,0,0,0.0,0.00019972573507431868
3277.0,2023-01-22 23:35:59.999,5.0,long,1229.7097884899167,-20.53027366744405,0.4065999999999999,13.2215,0.40065,13.32,116428.0,1003.15,0.0,10001.997257350744,0.0,0.0,0.0,0.0,0,0,0,0.0,0.00019972573507431868
3278.0,2023-01-22 23:36:59.999,5.0,long,1229.7097884899167,-20.53027366744405,0.4065999999999999,13.2215,0.4006,13.3245,60743.0,104.33,0.0,10001.997257350744,0.0,0.0,0.0,0.0,0,0,0,0.0,0.00019972573507431868
3279.0,2023-01-22 23:37:59.999,5.0,long,1229.7097884899167,-20.53027366744405,0.4065999999999999,13.2215,0.4006,13.316,75540.0,532.26,0.0,10001.997257350744,0.0,0.0,0.0,0.0,0,0,0,0.0,0.00019972573507431868
3280.0,2023-01-22 23:38:59.999,5.0,long,1229.7097884899167,-20.53027366744405,0.4065999999999999,13.2215,0.40075,13.3155,64454.0,1985.01,0.0,10001.997257350744,0.0,0.0,0.0,0.0,0,0,0,0.0,0.00019972573507431868
3281.0,2023-01-22 23:39:59.999,5.0,long,1229.7097884899167,-20.53027366744405,0.4065999999999999,13.2215,0.40095,13.3205,56375.0,472.35,0.0,10001.997257350744,0.0,0.0,0.0,0.0,0,0,0,0.0,0.00019972573507431868
3282.0,2023-01-22 23:40:59.999,5.0,long,1229.7097884899167,-20.53027366744405,0.4065999999999999,13.2215,0.4008,13.331,1002326.0,460.04,0.0,10001.997257350744,0.0,0.0,0.0,0.0,0,0,0,0.0,0.00019972573507431868
3283.0,2023-01-22 23:41:59.999,5.0,long,1229.7097884899167,-20.53027366744405,0.4065999999999999,13.2215,0.4007,13.34,158350.0,1341.63,0.0,10001.997257350744,0.0,0.0,0.0,0.0,0,0,0,0.0,0.00019972573507431868
3284.0,2023-01-22 23:42:59.999,5.0,long,1229.7097884899167,-20.53027366744405,0.4065999999999999,13.2215,0.4005499999999999,13.336,101235.0,3038.71,0.0,10001.997257350744,0.0,0.0,0.0,0.0,0,0,0,0.0,0.00019972573507431868
3285.0,2023-01-22 23:43:59.999,5.0,long,1229.7097884899167,-20.53027366744405,0.4065999999999999,13.2215,0.4005499999999999,13.3355,72882.0,117.48,0.0,10001.997257350744,0.0,0.0,0.0,0.0,0,0,0,0.0,0.00019972573507431868
3286.0,2023-01-22 23:44:59.999,5.0,long,1229.7097884899167,-20.53027366744405,0.4065999999999999,13.2215,0.40035,13.3265,112937.0,756.42,0.0,10001.997257350744,0.0,0.0,0.0,0.0,0,0,0,0.0,0.00019972573507431868
3287.0,2023-01-22 23:45:59.999,5.0,long,1229.7097884899167,-20.53027366744405,0.4065999999999999,13.2215,0.40045,13.326,188705.0,845.41,0.0,10001.997257350744,0.0,0.0,0.0,0.0,0,0,0,0.0,0.00019972573507431868
3288.0,2023-01-22 23:46:59.999,5.0,long,1229.7097884899167,-20.53027366744405,0.4065999999999999,13.2215,0.4004999999999999,13.3265,31738.0,172.94,0.0,10001.997257350744,0.0,0.0,0.0,0.0,0,0,0,0.0,0.00019972573507431868
3289.0,2023-01-22 23:47:59.999,5.0,long,1229.7097884899167,-20.53027366744405,0.4065999999999999,13.2215,0.4004,13.3085,62571.0,861.26,0.0,10001.997257350744,0.0,0.0,0.0,0.0,0,0,0,0.0,0.00019972573507431868
3290.0,2023-01-22 23:48:59.999,5.0,long,1229.7097884899167,-20.53027366744405,0.4065999999999999,13.2215,0.40025,13.2905,17002.0,145.31,0.0,10001.997257350744,0.0,0.0,0.0,0.0,0,0,0,0.0,0.00019972573507431868
3291.0,2023-01-22 23:49:59.999,5.0,long,1229.7097884899167,-20.53027366744405,0.4065999999999999,13.2215,0.40025,13.295,5664.0,1834.19,0.0,10001.997257350744,0.0,0.0,0.0,0.0,0,0,0,0.0,0.00019972573507431868
3292.0,2023-01-22 23:50:59.999,5.0,long,1229.7097884899167,-20.53027366744405,0.4065999999999999,13.2215,0.4003,13.299,20767.0,90.8,0.0,10001.997257350744,0.0,0.0,0.0,0.0,0,0,0,0.0,0.00019972573507431868
3293.0,2023-01-22 23:51:59.999,5.0,long,1229.7097884899167,-20.53027366744405,0.4065999999999999,13.2215,0.4004,13.304,77028.0,320.98,0.0,10001.997257350744,0.0,0.0,0.0,0.0,0,0,0,0.0,0.00019972573507431868
3294.0,2023-01-22 23:52:59.999,5.0,long,1229.7097884899167,-20.53027366744405,0.4065999999999999,13.2215,0.4005499999999999,13.309,33679.0,266.01,0.0,10001.997257350744,0.0,0.0,0.0,0.0,0,0,0,0.0,0.00019972573507431868
3295.0,2023-01-22 23:53:59.999,5.0,long,1229.7097884899167,-20.53027366744405,0.4065999999999999,13.2215,0.40095,13.329,67877.0,1762.41,0.0,10001.997257350744,0.0,0.0,0.0,0.0,0,0,0,0.0,0.00019972573507431868
3296.0,2023-01-22 23:54:59.999,5.0,long,1229.7097884899167,-20.53027366744405,0.4065999999999999,13.2215,0.401,13.3355,130151.0,691.41,0.0,10001.997257350744,0.0,0.0,0.0,0.0,0,0,0,0.0,0.00019972573507431868
3297.0,2023-01-22 23:55:59.999,5.0,long,1229.7097884899167,-20.53027366744405,0.4065999999999999,13.2215,0.40095,13.336,67768.0,487.56,0.0,10001.997257350744,0.0,0.0,0.0,0.0,0,0,0,0.0,0.00019972573507431868
3298.0,2023-01-22 23:56:59.999,5.0,long,1229.7097884899167,-20.53027366744405,0.4065999999999999,13.2215,0.40075,13.316,200273.0,1144.13,0.0,10001.997257350744,0.0,0.0,0.0,0.0,0,0,0,0.0,0.00019972573507431868
3299.0,2023-01-22 23:57:59.999,5.0,long,1229.7097884899167,-20.53027366744405,0.4065999999999999,13.2215,0.40045,13.32,132918.0,3437.7,0.0,10001.997257350744,0.0,0.0,0.0,0.0,0,0,0,0.0,0.00019972573507431868
3300.0,2023-01-22 23:58:59.999,5.0,long,1229.7097884899167,-20.53027366744405,0.4065999999999999,13.2215,0.4004999999999999,13.338,25044.0,1203.33,0.0,10001.997257350744,0.0,0.0,0.0,0.0,0,0,0,0.0,0.00019972573507431868
3301.0,2023-01-22 23:59:59.999,5.0,long,1229.7097884899167,-20.53027366744405,0.4065999999999999,13.2215,0.40045,13.335,99548.0,793.2,0.0,10001.997257350744,0.0,0.0,0.0,0.0,0,0,0,0.0,0.00019972573507431868
