index,close_time,historical_spread,historical_ETHUSDT_mid,historical_ETHUSDT_vol,historical_SHIBUSDT_mid,historical_SHIBUSDT_vol,historical_rolling_mean_2160_minutes,historical_rolling_sd_2160_minutes,historical_rolling_z_score_2160_minutes,historical_rolling_z_score_2160_minutes_lag_1,rolling_sd_2160_minutes,algo_trading_rolling_sd_2160_minutes_percentile_75th,signal_2160_minutes,threshold_2160_minutes,delayed_signal_2160_minutes
0,2023-01-20 16:43:59.999,-0.0409293373337185,1585.085,1021.493,1.1635e-05,10440648604.0,-0.04818435260495539,0.005944264902450187,1.220506722075327,0.0,,3.5688918932234425e-05,0,2.0,0.0
1,2023-01-20 16:44:59.999,-0.0409798090868989,1585.005,1512.4681,1.1635e-05,5826756753.0,-0.04818017788151007,0.005946156455512723,1.2109282438970574,1.220506722075327,3.5688918932234425e-05,3.5688918932234425e-05,0,2.0,0.0
2,2023-01-20 16:45:59.999,-0.040728866959288,1584.84,845.033,1.163e-05,8688076052.0,-0.04817582038040968,0.00594816628167803,1.2519746537786478,1.2109282438970574,0.00013273263872869178,0.00010847170877957744,0,2.5,0.0
3,2023-01-20 16:46:59.999,-0.0399203547465347,1583.3049999999998,768.089,1.1605000000000002e-05,7845801977.0,-0.0481712767910025,0.005950721710897203,1.3865414054497582,1.2519746537786478,0.0004915866386025926,0.0003121596386656422,0,2.5,0.0
4,2023-01-20 16:47:59.999,-0.0389405963330204,1585.985,631.1147,1.1615e-05,10856714629.0,-0.048166905247210165,0.005954031908243465,1.54959010236673,1.3865414054497582,0.0008709536980831164,0.0005864284034727235,0,2.5,0.0
5,2023-01-20 16:48:59.999,-0.0394298952342069,1586.9,916.3916,1.163e-05,6281232165.0,-0.048163109848359885,0.005956986446315849,1.466045741895907,1.54959010236673,0.0008561358524428752,0.0008561358524428752,0,2.0,0.0
6,2023-01-20 16:49:59.999,-0.0385826897803127,1588.245,577.2642,1.163e-05,3571537017.0,-0.04815892071035407,0.0059605395562423984,1.6066047108121784,1.466045741895907,0.0009817776864061132,0.0008672492366730561,0,2.5,0.0
7,2023-01-20 16:50:59.999,-0.0381124838655004,1586.17,344.1892,1.1605000000000002e-05,3748681322.0,-0.04815432237870916,0.00596445570872491,1.6836135606673013,1.6066047108121784,0.0011131982836649777,0.0009263656922446149,0,2.5,0.0
8,2023-01-20 16:51:59.999,-0.0377088935610103,1587.375,572.308,1.161e-05,7455513158.0,-0.048149357885060654,0.0059686836068990005,1.749207197376415,1.6836135606673013,0.0012353703519524736,0.0010146328357208295,0,2.5,0.0
9,2023-01-20 16:52:59.999,-0.0366105317556844,1590.25,1540.5741,1.162e-05,6560911151.0,-0.04814388489057636,0.005973839467619514,1.9306432985698947,1.749207197376415,0.0014767457834071883,0.0011131982836649777,0,2.5,0.0
10,2023-01-20 16:53:59.999,-0.0368841435159268,1590.9450000000002,809.9337,1.163e-05,6412698026.0,-0.0481384910753268,0.005978741792078568,1.8823939803373433,1.9306432985698947,0.001564571918616153,0.0012048273348805997,0,2.5,0.0
11,2023-01-20 16:54:59.999,-0.0360984736303535,1591.63,786.4548,1.1625e-05,9836964275.0,-0.04813280922326532,0.005984346922783729,2.0109689074165225,1.8823939803373433,0.0017086143394678197,0.001356058067679831,0,2.5,0.0
12,2023-01-20 16:55:59.999,-0.0358197623420792,1589.245,760.9385,1.16e-05,8589386996.0,-0.04812726688064838,0.005990201473271237,2.054606108573519,2.0109689074165225,0.0018258676207293417,0.0014987023172094295,0,2.5,0.0
13,2023-01-20 16:56:59.999,-0.0361681837653407,1587.56,373.3549,1.159e-05,7868836471.0,-0.04812227934624501,0.005995669304845343,1.9937883450716203,2.054606108573519,0.0018633451981232077,0.001564571918616153,0,2.5,0.0
14,2023-01-20 16:57:59.999,-0.0372302439272544,1587.5700000000002,457.4738,1.1605000000000002e-05,3109290249.0,-0.04811790182270124,0.006000166670567741,1.8145592436379168,1.9937883450716203,0.0018187334111729818,0.0016726037342549031,0,2.5,0.0
15,2023-01-20 16:58:59.999,-0.0371795692745458,1585.39,809.2374,1.1585e-05,9500919337.0,-0.048113375151820986,0.0060047271402032636,1.8208663977535993,1.8145592436379168,0.0017783266878868462,0.0017434705136773329,0,2.5,0.0
16,2023-01-20 16:59:59.999,-0.0361365410255949,1584.215,335.4183,1.156e-05,7459636025.0,-0.0481083337917955,0.006010206702519992,1.9919103216834455,1.8208663977535993,0.0017936381693698412,0.0017821545582575949,0,2.5,0.0
17,2023-01-20 17:00:59.999,-0.0360600603766023,1586.6,666.0841,1.158e-05,8876580384.0,-0.04810330397456066,0.006015738904061918,2.0019558345237654,1.9919103216834455,0.0018044104134890757,0.0017936381693698412,0,2.5,0.0
18,2023-01-20 17:01:59.999,-0.0369341194041865,1587.475,291.4886,1.16e-05,8012873443.0,-0.04809873423267073,0.006020470743395959,1.8544421697806672,2.0019558345237654,0.0017697052647380315,0.0017898102989990926,0,2.0,0.0
19,2023-01-20 17:02:59.999,-0.0376647965728267,1587.4450000000002,288.1506,1.161e-05,7152536431.0,-0.048094592133711304,0.00602456874263746,1.7312103166937394,1.8544421697806672,0.001723439732880034,0.0017859824286283437,0,2.0,0.0
20,2023-01-20 17:03:59.999,-0.0380673383351783,1587.935,187.5174,1.162e-05,5648457424.0,-0.04809020832290461,0.006028417208701308,1.6626039042651988,1.7312103166937394,0.0016801703221201384,0.0017821545582575949,0,2.0,0.0
21,2023-01-20 17:04:59.999,-0.0379788176772279,1588.64,370.108,1.1625e-05,7528017475.0,-0.04808585923748056,0.006032320475229624,1.6754815334753796,1.6626039042651988,0.001639737199812169,0.0017783266878868462,0,2.0,0.0
22,2023-01-20 17:05:59.999,-0.0374440813883509,1588.925,442.3178,1.162e-05,6348865749.0,-0.04808131637412607,0.006036636541269784,1.762112877436492,1.6754815334753796,0.0016050641268656118,0.0017761713320996425,0,2.0,0.0
23,2023-01-20 17:06:59.999,-0.0361827121098343,1590.365,535.1032,1.1615e-05,14256886441.0,-0.04807599119248569,0.006042054659075524,1.9684163341334528,1.762112877436492,0.0016082714816425309,0.0017740159763124388,0,2.0,0.0
24,2023-01-20 17:07:59.999,-0.0359015655362249,1589.115,401.8698,1.16e-05,4899276636.0,-0.048070345326145306,0.006047727775367999,2.0121242625177427,1.9684163341334528,0.0016207095456334854,0.0017718606205252352,1,2.0,0.0
25,2023-01-20 17:08:59.999,-0.0368115877792973,1588.8000000000002,342.3714,1.161e-05,4521369971.0,-0.04806485786877825,0.006052561665114248,1.8592574040744674,2.0121242625177427,0.0015985429220155558,0.0017697052647380315,0,2.0,1.0
26,2023-01-20 17:09:59.999,-0.0368903472072403,1589.24,235.7068,1.1615e-05,5492846111.0,-0.048059349369197715,0.006057312921993411,1.8438872658211278,1.8592574040744674,0.0015754510670833773,0.001758138881773532,0,2.0,0.0
27,2023-01-20 17:10:59.999,-0.0362445825472548,1588.5700000000002,430.4516,1.16e-05,16649801174.0,-0.04805357822421936,0.006062626063534151,1.9478350723284776,1.8438872658211278,0.0015696627017300804,0.0017465724988090328,0,2.0,0.0
28,2023-01-20 17:11:59.999,-0.0365158107804113,1589.27,265.0098,1.161e-05,1222265201.0,-0.048047820223157865,0.006067673087881434,1.9005653857289528,1.9478350723284776,0.0015552026352445222,0.0017350061158445335,0,2.0,0.0
29,2023-01-20 17:12:59.999,-0.0365413626340114,1590.36,213.6598,1.162e-05,2464361899.0,-0.04804207212282987,0.006072687739879713,1.8938417355617685,1.9005653857289528,0.0015401361811784627,0.001723439732880034,0,2.0,0.0
30,2023-01-20 17:13:59.999,-0.0363682213252971,1590.07,328.9877,1.1615e-05,6010112310.0,-0.04803621322171773,0.006077840752616182,1.9197593966900477,1.8938417355617685,0.0015292178612028254,0.0017197333845269803,0,2.0,0.0
31,2023-01-20 17:14:59.999,-0.036820896955902,1588.2199999999998,256.25,1.1605000000000002e-05,7182553085.0,-0.04803053365024329,0.006082584653574689,1.8429068122797878,1.9197593966900477,0.00150939342295919,0.0017160270361739269,0,2.0,0.0
32,2023-01-20 17:15:59.999,-0.0364019691741219,1588.32,287.8588,1.16e-05,950218765.0,-0.04802495539806068,0.006087719325242613,1.9092513309121024,1.8429068122797878,0.0014977893152858545,0.0017123206878208734,0,2.0,0.0
33,2023-01-20 17:16:59.999,-0.0361166917095054,1590.47,470.3565,1.1615e-05,6979596108.0,-0.04801941189908586,0.006093106360875477,1.953473234278195,1.9092513309121024,0.00149289154532241,0.0017086143394678197,0,2.0,0.0
34,2023-01-20 17:17:59.999,-0.0368872844996488,1590.375,500.5536,1.1625e-05,4635977511.0,-0.04801428713445759,0.006097810212544107,1.8247538455557175,1.953473234278195,0.0014735654710100433,0.0017015033351308994,0,2.0,0.0
35,2023-01-20 17:18:59.999,-0.0369313002447171,1590.305,338.7052,1.1625e-05,3243517171.0,-0.048009206647756875,0.006102468763247075,1.8153155440561908,1.8247538455557175,0.0014545367595763406,0.001694392330793979,0,2.0,0.0
36,2023-01-20 17:19:59.999,-0.0364059562250531,1590.01,268.6864,1.1615e-05,1336992150.0,-0.048004560103244796,0.006107478877837257,1.8990821106693576,1.8153155440561908,0.001443382223280283,0.0016872813264570588,0,2.0,0.0
37,2023-01-20 17:20:59.999,-0.036082111334494,1590.525,412.2902,1.1615e-05,2239355153.0,-0.04800025252645509,0.0061126028944100096,1.949765328753853,1.8990821106693576,0.0014389524755635255,0.0016801703221201384,0,2.0,0.0
38,2023-01-20 17:21:59.999,-0.0363401705703587,1590.6799999999998,294.6719,1.162e-05,447829008.0,-0.04799622905205907,0.006117414422040552,1.9053897083879954,1.949765328753853,0.0014287923391443416,0.001670062041543146,0,2.0,0.0
39,2023-01-20 17:22:59.999,-0.0365476505382815,1590.35,1897.5982,1.162e-05,8153564032.0,-0.04799187362355734,0.006122213039049028,1.8692951408717218,1.9053897083879954,0.001415484085863796,0.0016599537609661538,0,2.0,0.0
40,2023-01-20 17:23:59.999,-0.0366073876009025,1590.255,1677.3559,1.162e-05,821093538.0,-0.047987605991868076,0.0061269327138582285,1.8574087430771327,1.8692951408717218,0.0014017382175513934,0.0016498454803891614,0,2.0,0.0
41,2023-01-20 17:24:59.999,-0.0364059562250531,1590.01,178.0316,1.1615e-05,4861591673.0,-0.047983348077101924,0.0061317822250148875,1.8880957325617866,1.8574087430771327,0.0013909923928325347,0.001639737199812169,0,2.0,0.0
42,2023-01-20 17:25:59.999,-0.0363645152366096,1588.945,241.8182,1.1605000000000002e-05,4565331255.0,-0.04797904865397775,0.006136669751785288,1.8926443636614527,1.8880957325617866,0.001380991444211017,0.001634980286267498,0,2.0,0.0
43,2023-01-20 17:26:59.999,-0.035787168402031,1588.165,209.2955,1.159e-05,8672757209.0,-0.047974382029409506,0.006142104246072812,1.9842082027785288,1.8926443636614527,0.0013821114069800064,0.001630223372722827,0,2.0,0.0
44,2023-01-20 17:27:59.999,-0.0348758381083698,1588.48,339.5982,1.158e-05,12598585502.0,-0.04796936424339439,0.006148372622998214,2.1295921600535035,1.9842082027785288,0.0014095295164888177,0.0016254664591781563,1,2.0,0.0
45,2023-01-20 17:28:59.999,-0.0355422994743825,1589.12,284.9545,1.1595e-05,1089183424.0,-0.0479647394410877,0.0061539589012182825,2.018609510740471,2.1295921600535035,0.0014137334971388985,0.0016207095456334854,0,2.0,1.0
46,2023-01-20 17:29:59.999,-0.0349283832106159,1587.83,297.8255,1.1575e-05,3303880969.0,-0.047959900083693593,0.00616009545799107,2.115473203612908,2.018609510740471,0.0014341223522613329,0.0016176000296357468,0,2.0,0.0
47,2023-01-20 17:30:59.999,-0.0350521227833944,1588.2,229.6448,1.158e-05,2677966857.0,-0.047955146784921014,0.006166089505301654,2.092578122719835,2.115473203612908,0.0014482602287266505,0.001614490513638008,0,2.0,0.0
48,2023-01-20 17:31:59.999,-0.03499726030185,1589.42,397.472,1.159e-05,1170583888.0,-0.04795025147435596,0.006172174592393447,2.09861062395564,2.092578122719835,0.0014620569490171843,0.0016113809976402694,0,2.0,0.0
49,2023-01-20 17:32:59.999,-0.0355492302100231,1589.675,101.2886,1.16e-05,3093989345.0,-0.0479458777157014,0.006177611020894996,2.006705741709569,2.09861062395564,0.0014611955413752645,0.0016082714816425309,0,2.0,0.0
50,2023-01-20 17:33:59.999,-0.0357883013568454,1589.295,107.9866,1.16e-05,2490877861.0,-0.04794194457297897,0.006182643695104065,1.9657680137313815,2.006705741709569,0.0014556936021314002,0.0016074696429483012,0,2.0,0.0
51,2023-01-20 17:34:59.999,-0.0357945934747085,1589.285,306.9286,1.16e-05,1586312029.0,-0.04793794338158213,0.006187705084608647,1.962496554187611,1.9657680137313815,0.0014499461320719293,0.0016066678042540713,0,2.0,0.0
52,2023-01-20 17:35:59.999,-0.0353496521652445,1588.86,212.4814,1.159e-05,1205027056.0,-0.04793387546951155,0.0061930889148429594,2.0319784645924384,1.962496554187611,0.001451833612931024,0.0016058659655598414,1,2.0,0.0
53,2023-01-20 17:36:59.999,-0.0353472815142197,1587.165,430.6387,1.1575e-05,6270546564.0,-0.04792975045392216,0.006198501355663279,2.0299211402456896,2.0319784645924384,0.0014531199256262212,0.0016050641268656118,0,2.0,1.0
54,2023-01-20 17:37:59.999,-0.0351028498706966,1586.42,324.9839,1.1565e-05,3747640704.0,-0.0479256015791804,0.006204083801947083,2.066824388229496,2.0299211402456896,0.0014587874813962657,0.0016034338256530978,0,2.0,0.0
55,2023-01-20 17:38:59.999,-0.0347404642348472,1586.995,406.6144,1.1565e-05,6757085922.0,-0.04792138325376353,0.0062099469245352765,2.1225493839309624,2.066824388229496,0.0014719312608013474,0.0016018035244405838,0,2.0,0.0
56,2023-01-20 17:39:59.999,-0.0358066316281515,1588.6999999999998,243.894,1.1595e-05,15064350505.0,-0.0479174131472608,0.00621494757673998,1.9486538493800054,2.1225493839309624,0.0014644480363669593,0.0016001732232280698,0,2.0,0.0
57,2023-01-20 17:40:59.999,-0.0361320604021742,1589.88,246.7723,1.161e-05,3176809155.0,-0.04791402250574545,0.006219376927474678,1.8943958922192572,1.9486538493800054,0.001453927017540401,0.0015985429220155558,0,2.0,0.0
58,2023-01-20 17:41:59.999,-0.0359056538505093,1590.24,485.5338,1.161e-05,606787450.0,-0.0479105392789359,0.006223992768260457,1.928807740530496,1.8943958922192572,0.0014455708410517614,0.0015927699582825112,0,2.0,0.0
59,2023-01-20 17:42:59.999,-0.0364845751732048,1589.885,213.3906,1.1615e-05,10621956274.0,-0.04790738470223175,0.0062280550144769315,1.834089375009527,1.928807740530496,0.0014336480462349014,0.0015869969945494665,0,2.0,0.0
60,2023-01-20 17:43:59.999,-0.0379689929933491,1589.2199999999998,330.4078,1.163e-05,8021361403.0,-0.047904997517795714,0.006230875061315756,1.5946403076084885,1.834089375009527,0.0014303887782960356,0.001581224030816422,0,2.0,0.0
61,2023-01-20 17:44:59.999,-0.0378309033476789,1588.875,115.7426,1.1625e-05,3417002625.0,-0.04790278014147558,0.006233606903868642,1.6157381992672601,1.5946403076084885,0.0014251659886062712,0.001581224030816422,0,2.0,0.0
62,2023-01-20 17:45:59.999,-0.0381168752101501,1588.985,127.8327,1.163e-05,3171472688.0,-0.04790066030842167,0.006236155316590277,1.5688809212694557,1.6157381992672601,0.0014237206200876978,0.001581224030816422,0,2.0,0.0
63,2023-01-20 17:46:59.999,-0.0381424930715184,1588.38,155.0497,1.1625e-05,1467619508.0,-0.04789785645567672,0.0062391798470766546,1.5635650234908935,1.5688809212694557,0.0014223857249619834,0.001581224030816422,0,2.0,0.0
64,2023-01-20 17:47:59.999,-0.0380201082981237,1588.01,141.4834,1.162e-05,3522154643.0,-0.04789489444076731,0.006242349047870069,1.581902272192381,1.5635650234908935,0.0014191110965842378,0.001581224030816422,0,2.0,0.0
65,2023-01-20 17:48:59.999,-0.0381303151880558,1587.835,214.0856,1.162e-05,2217729756.0,-0.04789224246826667,0.0062452793535767385,1.5630889712915903,1.581902272192381,0.0014171576202934534,0.001581224030816422,0,2.0,0.0
66,2023-01-20 17:49:59.999,-0.0378154705770121,1588.335,674.0268,1.162e-05,7133005715.0,-0.04788954474011821,0.006248372251759333,1.6122717657017929,1.5630889712915903,0.00141127617102772,0.001581224030816422,0,2.0,0.0
67,2023-01-20 17:50:59.999,-0.0374879521708138,1589.42,317.5578,1.1625e-05,4881822495.0,-0.047886728713526734,0.0062516878822153265,1.6633550392519054,1.6122717657017929,0.0014027177696850162,0.001581224030816422,0,2.0,0.0
68,2023-01-20 17:51:59.999,-0.0373711974133712,1590.735,600.8491,1.1635e-05,5747610273.0,-0.04788398284434356,0.006255002511651802,1.6807004331955375,1.6633550392519054,0.001393632998446993,0.001581224030816422,0,2.0,0.0
69,2023-01-20 17:52:59.999,-0.0377260930329406,1590.735,321.7195,1.164e-05,5640827090.0,-0.047881463371461694,0.0062579968043039984,1.622782921770852,1.6807004331955375,0.0013871473133789166,0.001581224030816422,0,2.0,0.0
70,2023-01-20 17:53:59.999,-0.0379923339867467,1591.44,476.5563,1.165e-05,11279101514.0,-0.04787912772857185,0.006260745179694547,1.5791720407166467,1.622782921770852,0.0013833275599391154,0.001581224030816422,0,2.0,0.0
71,2023-01-20 17:54:59.999,-0.0371157034654991,1593.965,2983.8059,1.166e-05,7923797628.0,-0.04787634095810989,0.006264194926009099,1.7178005505435905,1.5791720407166467,0.0013737606768834162,0.0015711097930684046,0,2.0,0.0
72,2023-01-20 17:55:59.999,-0.0380189346025119,1593.09,664.0607,1.1665e-05,13684085470.0,-0.04787416947415899,0.00626679811508134,1.5726108757086035,1.7178005505435905,0.0013702922909985711,0.0015588176518659118,0,2.0,0.0
73,2023-01-20 17:56:59.999,-0.0379316124804276,1592.665,225.8357,1.166e-05,4940647607.0,-0.04787172408112316,0.006269646151798855,1.5854342270725434,1.5726108757086035,0.0013658450394605196,0.0015439027946949776,0,2.0,0.0
74,2023-01-20 17:57:59.999,-0.0380377661076209,1593.06,271.2152,1.1665e-05,4507558623.0,-0.04786914296812633,0.006272545821945031,1.567366287880996,1.5854342270725434,0.0013624549930320283,0.0015319474411967348,0,2.0,0.0
75,2023-01-20 17:58:59.999,-0.0374890561296616,1593.37,139.704,1.166e-05,3159759340.0,-0.047866341164528405,0.00627582926347199,1.6535320830455094,1.567366287880996,0.001354710469945328,0.0015143495325200989,0,2.0,0.0
76,2023-01-20 17:59:59.999,-0.0373264922691518,1592.5,253.4094,1.165e-05,3451828894.0,-0.047863259474533654,0.006279368712271087,1.6779978510882783,1.6535320830455094,0.0013463979546368013,0.0015006903422041884,0,2.0,0.0
77,2023-01-20 18:00:59.999,-0.0374008304056125,1594.0749999999998,1493.5737,1.1665e-05,4433684988.0,-0.04785996997440573,0.006282986549038704,1.6646764221377301,1.6779978510882783,0.0013385160619336662,0.0014941159878132711,0,2.0,0.0
78,2023-01-20 18:01:59.999,-0.0367921335309979,1596.175,1343.6542,1.1675e-05,10186683671.0,-0.04785598405751863,0.006287274287640396,1.7597213069374418,1.6646764221377301,0.0013300680720977579,0.0014783969895881348,0,2.0,0.0
79,2023-01-20 18:02:59.999,-0.0367666082673459,1597.345,1501.0303,1.1685e-05,13703170405.0,-0.04785227822881401,0.006291449058023018,1.762021731278484,1.7597213069374418,0.0013218247945133892,0.0014723398133535213,0,2.0,0.0
80,2023-01-20 18:03:59.999,-0.037120382778923,1596.78,661.9547,1.1685e-05,5016740787.0,-0.04784890421967848,0.006295248175173333,1.704225336669921,1.762021731278484,0.0013136429083086241,0.0014663188424755562,0,2.0,0.0
81,2023-01-20 18:04:59.999,-0.0373525791168773,1595.845,295.2038,1.168e-05,2557120431.0,-0.04784564376926633,0.00629885882456646,1.6658675713550777,1.704225336669921,0.0013061837248768522,0.001462654720854628,0,2.0,0.0
82,2023-01-20 18:05:59.999,-0.0380703248619802,1594.7,293.4382,1.168e-05,1731337110.0,-0.047842612570641437,0.0063019860943586085,1.5506679263239194,1.6658675713550777,0.001303729507147455,0.0014614108932857444,0,2.0,0.0
83,2023-01-20 18:06:59.999,-0.0379310589339745,1593.23,252.7956,1.1665e-05,4437069705.0,-0.047839492506884004,0.006305223326250839,1.5714643336513154,1.5506679263239194,0.00129991165312205,0.0014593894963910155,0,2.0,0.0
84,2023-01-20 18:07:59.999,-0.0383775055613995,1591.955,594.1923,1.166e-05,4658240977.0,-0.04783628268301124,0.006308273860606863,1.4994239835842813,1.5714643336513154,0.0013007429300450606,0.0014564670719476166,0,2.0,0.0
85,2023-01-20 18:08:59.999,-0.0388810229183853,1590.59,515.7036,1.1655e-05,5163507530.0,-0.04783336533447129,0.006310956997546732,1.4185396001852089,1.4994239835842813,0.0013085882898591912,0.0014548259702151056,0,2.0,0.0
86,2023-01-20 18:09:59.999,-0.0384039956443942,1590.785,366.4205,1.165e-05,2674691119.0,-0.047829999519614724,0.00631404560551435,1.4928628116002765,1.4185396001852089,0.0013091598742842536,0.0014540794530493858,0,2.0,0.0
87,2023-01-20 18:10:59.999,-0.0378207762159163,1590.02,530.5873,1.1635e-05,6213430156.0,-0.04782639548191067,0.006317535098928135,1.58378530697708,1.4928628116002765,0.0013041718492227427,0.001453321698604766,0,2.0,0.0
88,2023-01-20 18:11:59.999,-0.0383434606007675,1588.625,555.7038,1.163e-05,4192166797.0,-0.047823126578282776,0.006320613535261004,1.4998015500600956,1.58378530697708,0.0013038173319892005,0.0014521551911048235,0,2.0,0.0
89,2023-01-20 18:12:59.999,-0.0386607409679093,1588.685,231.8232,1.1635e-05,2927375190.0,-0.04781989854455108,0.006323510922400579,1.4484291541580367,1.4998015500600956,0.0013071618483820294,0.001450418002286703,0,2.0,0.0
90,2023-01-20 18:13:59.999,-0.0386310477695737,1589.86,182.71,1.1645e-05,4470025312.0,-0.04781661283463016,0.0063264400941143665,1.4519326712035103,1.4484291541580367,0.001309806811878599,0.0014486817045629703,0,2.0,0.0
91,2023-01-20 18:14:59.999,-0.0386068096872094,1591.59,1018.9262,1.166e-05,2539939317.0,-0.047813167866216325,0.0063294275329264325,1.45453251990237,1.4519326712035103,0.0013118737640461298,0.0014462431879704836,0,2.0,0.0
92,2023-01-20 18:15:59.999,-0.0389872831337996,1592.675,213.3536,1.1675e-05,6790078821.0,-0.04781009484910835,0.0063320999536432875,1.393346880166095,1.45453251990237,0.0013188813680121505,0.0014439293777231525,0,2.0,0.0
93,2023-01-20 18:16:59.999,-0.0397187138932864,1594.325,745.6092,1.17e-05,19090703398.0,-0.04780770368233103,0.006334179473476905,1.2770383003695494,1.393346880166095,0.0013382858128968623,0.001440059912492715,0,2.0,0.0
94,2023-01-20 18:17:59.999,-0.0395846196896165,1592.85,434.0,1.1685e-05,5936601085.0,-0.04780543243389575,0.0063362477277113865,1.2974260315495203,1.2770383003695494,0.0013538908693501279,0.001435329883086881,0,2.0,0.0
95,2023-01-20 18:18:59.999,-0.04000044872231,1591.625,294.0899,1.168e-05,3139162503.0,-0.04780359327217702,0.006337936170768797,1.231180677687465,1.2974260315495203,0.0013767120116929409,0.0014337666227415093,0,2.0,0.0
96,2023-01-20 18:19:59.999,-0.0393620922220776,1589.8249999999998,242.6493,1.1655e-05,1957396859.0,-0.0478017592181121,0.006339805215485639,1.3312186588035424,1.231180677687465,0.0013865179190591518,0.001431203595280752,0,2.0,0.0
97,2023-01-20 18:20:59.999,-0.0401221663217192,1589.1799999999998,328.8567,1.166e-05,4810333891.0,-0.04780021923850807,0.006341266286106145,1.2108075217739485,1.3312186588035424,0.0014094825050518826,0.001429191448932265,0,2.0,0.0
98,2023-01-20 18:21:59.999,-0.0403473121538482,1589.385,137.3143,1.1665e-05,3268470359.0,-0.04779868032382253,0.006342671289071266,1.1747996751484504,1.2108075217739485,0.0014357194567381944,0.001431203595280752,0,2.5,0.0
99,2023-01-20 18:22:59.999,-0.0400913614929265,1587.54,824.8083,1.1645e-05,6607779988.0,-0.047797142769709054,0.006344136754496464,1.214630386288728,1.1747996751484504,0.0014552229439738788,0.0014337666227415093,0,2.5,0.0
100,2023-01-20 18:23:59.999,-0.0393115225161686,1588.215,406.9653,1.164e-05,6971483126.0,-0.04779525617052455,0.00634605369777107,1.3368518544581012,1.214630386288728,0.001461149807121672,0.0014345216283805483,0,2.5,0.0
101,2023-01-20 18:24:59.999,-0.0388503165464761,1587.8200000000002,238.3165,1.163e-05,3271141971.0,-0.04779302705771368,0.006348349250489597,1.4086670657805886,1.3368518544581012,0.0014613667732866333,0.0014381823028165861,0,2.5,0.0
102,2023-01-20 18:25:59.999,-0.0396620698589842,1587.095,407.8898,1.1635e-05,2494943804.0,-0.04779121317695111,0.00635011223024661,1.280157424501333,1.4086670657805886,0.0014715476026167333,0.0014462431879704836,0,2.5,0.0
103,2023-01-20 18:26:59.999,-0.0391478301189991,1588.475,433.2336,1.164e-05,2831648192.0,-0.047789226301820704,0.0063521446033227725,1.3603903441211556,1.280157424501333,0.0014744174087242359,0.0014486817045629703,0,2.5,0.0
104,2023-01-20 18:27:59.999,-0.0395476645236207,1587.84,210.8353,1.164e-05,4983795033.0,-0.047787601634326084,0.006353803317775813,1.2968511454631908,1.3603903441211556,0.0014820160374156028,0.001450418002286703,0,2.5,0.0
105,2023-01-20 18:28:59.999,-0.0402595764782134,1586.71,518.0058,1.164e-05,3914294339.0,-0.047786435243787194,0.006354953805234827,1.184408100555133,1.2968511454631908,0.001500256576328299,0.0014521551911048235,0,2.5,0.0
106,2023-01-20 18:29:59.999,-0.0397618148201566,1587.5,273.1353,1.164e-05,1824899928.0,-0.04778507019605413,0.0063563605259355765,1.2622404508304075,1.184408100555133,0.0015096431160670015,0.001453321698604766,0,2.5,0.0
107,2023-01-20 18:30:59.999,-0.040334583123446,1585.465,1778.3554,1.163e-05,2309361564.0,-0.0477837703398646,0.006357596792587077,1.17169859295014,1.2622404508304075,0.0015274343656761597,0.0014542509991487705,0,2.5,0.0
108,2023-01-20 18:31:59.999,-0.0408444855354197,1587.47,282.0686,1.1655e-05,11458026166.0,-0.04778247786033772,0.00635872351863995,1.0910982848334265,1.17169859295014,0.0015535584816851705,0.0014542509991487705,0,2.5,0.0
109,2023-01-20 18:32:59.999,-0.0401297668664248,1588.605,224.656,1.1655e-05,568809905.0,-0.04778074554840546,0.006360298231744779,1.2029276620699938,1.0910982848334265,0.001566016843841396,0.0014542509991487705,0,2.5,0.0
110,2023-01-20 18:33:59.999,-0.0405973669927952,1588.425,97.95,1.166e-05,2491810653.0,-0.04777930990978126,0.0063615693913727615,1.1289577264889774,1.2029276620699938,0.0015852680652816311,0.0014542509991487705,0,2.5,0.0
111,2023-01-20 18:34:59.999,-0.041014459275086,1588.325,47.6802,1.1665e-05,1852102265.0,-0.04777790250869635,0.006362729475361984,1.0629782799661733,1.1289577264889774,0.0016109410701819341,0.0014561140783294756,0,2.5,0.0
112,2023-01-20 18:35:59.999,-0.0410173769764661,1589.4450000000002,421.9896,1.1675e-05,1800088490.0,-0.04777665375447089,0.0063637914022014255,1.062146187831763,1.0629782799661733,0.00163525562906402,0.0014593780628276173,0,2.5,0.0
113,2023-01-20 18:36:59.999,-0.0409244598761837,1590.155,327.4738,1.168e-05,2203539898.0,-0.04777525612278842,0.006364964528993468,1.076329053429632,1.062146187831763,0.0016566249344082394,0.0014612040486629123,0,2.5,0.0
114,2023-01-20 18:37:59.999,-0.0407858938349221,1591.5,305.4009,1.169e-05,6410879294.0,-0.04777385934909988,0.00636616701864655,1.0976723503656094,1.076329053429632,0.001674587624378732,0.0014621370890567148,0,2.5,0.0
115,2023-01-20 18:38:59.999,-0.0401246782300148,1591.99,477.884,1.1685e-05,5784711981.0,-0.04777218520469219,0.006367702679429702,1.200983676480684,1.0976723503656094,0.001682340471400725,0.0014621370890567148,0,2.5,0.0
116,2023-01-20 18:39:59.999,-0.0399910244362367,1591.64,107.4012,1.168e-05,910059262.0,-0.0477705732317162,0.006369231365719871,1.2214266288629678,1.200983676480684,0.00168809588899845,0.0014639119806191584,0,2.5,0.0
117,2023-01-20 18:40:59.999,-0.0400807090712334,1592.06,115.5118,1.1685e-05,4155377220.0,-0.04776925860840481,0.006370525255015883,1.206894130294479,1.2214266288629678,0.0016945436425526597,0.001472265054143609,0,2.5,0.0
118,2023-01-20 18:41:59.999,-0.0404937593190375,1591.965,165.5547,1.169e-05,2976482943.0,-0.04776851085414713,0.006371284352633376,1.1418029917473123,1.206894130294479,0.001705769267466997,0.0014763170658970777,0,2.5,0.0
119,2023-01-20 18:42:59.999,-0.039994501130959,1592.76,243.8968,1.169e-05,1161478747.0,-0.047767678675642064,0.006372182239364355,1.2198611484561779,1.1418029917473123,0.0017104733434676826,0.001486576172143777,0,2.5,0.0
120,2023-01-20 18:43:59.999,-0.0399459898474638,1593.4,364.8963,1.1695e-05,430502692.0,-0.04776691476574661,0.006373020912653036,1.2271927278247428,1.2198611484561779,0.0017143871595549632,0.0015026032112629747,0,2.5,0.0
121,2023-01-20 18:44:59.999,-0.0399773697799972,1593.35,115.0237,1.1695e-05,3675154001.0,-0.04776616991950787,0.006373837201066521,1.2219954626715894,1.2271927278247428,0.0017183686089249663,0.001514090928469291,0,2.5,0.0
122,2023-01-20 18:45:59.999,-0.0401263564293792,1592.55,285.7059,1.169e-05,1943955694.0,-0.04776550916794937,0.0063745551394888585,1.1983820943437176,1.2219954626715894,0.0017236509873573215,0.0015339653946784123,0,2.5,0.0
123,2023-01-20 18:46:59.999,-0.0399739348765706,1592.23,149.2581,1.1685e-05,247152620.0,-0.04776493553860501,0.006375200475223375,1.2220793200642721,1.1983820943437176,0.0017270786891672057,0.0015566730722242268,0,2.5,0.0
124,2023-01-20 18:47:59.999,-0.0400147589577599,1592.165,65.0116,1.1685e-05,4174094851.0,-0.047764602073143876,0.0063755870027944975,1.215549738712236,1.2220793200642721,0.0017306787541704026,0.001570829649201455,0,2.5,0.0
125,2023-01-20 18:48:59.999,-0.0400918212183718,1592.605,174.4258,1.169e-05,1703807943.0,-0.04776425136881395,0.00637598820545702,1.203331923336299,1.215549738712236,0.0017348090005878205,0.0015916863165067068,0,2.5,0.0
126,2023-01-20 18:49:59.999,-0.0399633614452099,1593.935,164.6085,1.17e-05,7053224260.0,-0.0477639062024084,0.006376390306841842,1.2233480671389492,1.203331923336299,0.0017374616545098565,0.0016170197099024555,0,2.5,0.0
127,2023-01-20 18:50:59.999,-0.0407743768046131,1593.205,94.4274,1.1705e-05,2231190444.0,-0.047763950111674315,0.006376341848467476,1.0961729269175127,1.2233480671389492,0.0017487823569320383,0.0016405979554000747,0,2.5,0.0
128,2023-01-20 18:51:59.999,-0.0411906385353901,1591.98,256.3488,1.17e-05,9494666563.0,-0.04776405013081911,0.006376237043604778,1.030923340910293,1.0961729269175127,0.0017651282648159317,0.0016611156069008626,0,2.5,0.0
129,2023-01-20 18:52:59.999,-0.0410592582455215,1591.065,211.6036,1.169e-05,1405789180.0,-0.04776392105377315,0.006376369947041065,1.0514858554220072,1.030923340910293,0.0017789379926051567,0.0016765258361342303,0,2.5,0.0
130,2023-01-20 18:53:59.999,-0.040624015563079,1592.32,114.7064,1.1695e-05,1098294582.0,-0.04776347669377235,0.006376834040206907,1.1195933727736938,1.0514858554220072,0.0017868471368867852,0.0016837793258001562,0,2.5,0.0
131,2023-01-20 18:54:59.999,-0.0406099746567676,1591.78,117.7449,1.169e-05,2459318154.0,-0.047762930605362214,0.006377396085247174,1.1216107409639402,1.1195933727736938,0.0017942273998046516,0.0016897078273870026,0,2.5,0.0
132,2023-01-20 18:55:59.999,-0.0412226841558052,1590.8049999999998,83.3078,1.169e-05,607920531.0,-0.0477631699704829,0.006377140895294775,1.0256141305429591,1.1216107409639402,0.001808597239667628,0.001697350048781244,0,2.5,0.0
133,2023-01-20 18:56:59.999,-0.0412402570089369,1590.215,158.9398,1.1685e-05,2683529642.0,-0.047763635781833645,0.006376627651855068,1.0230139078293183,1.0256141305429591,0.0018225586598056118,0.0017069452864671682,0,2.5,0.0
134,2023-01-20 18:57:59.999,-0.0412509721210092,1590.76,169.8021,1.169e-05,2378827595.0,-0.04776431284497873,0.0063758584212308895,1.0215629478661006,1.0230139078293183,0.0018360429509269895,0.0017114517974895027,0,2.5,0.0
135,2023-01-20 18:58:59.999,-0.0405597177181569,1591.86,61.6332,1.169e-05,5271103153.0,-0.047764719039185874,0.006375371450081265,1.1301304367037526,1.0215629478661006,0.001841241300299352,0.001715382521897464,0,2.5,0.0
136,2023-01-20 18:59:59.999,-0.0405534357784205,1591.87,82.8047,1.169e-05,1558743698.0,-0.04776549999362491,0.006374384659496832,1.1314133991678028,1.1301304367037526,0.0018461155799859533,0.0017196892035330551,0,2.5,0.0
137,2023-01-20 19:00:59.999,-0.0408658303686593,1591.935,360.79,1.1695e-05,634028827.0,-0.04776692641722303,0.006372495518346969,1.08295031808102,1.1314133991678028,0.001853871490988713,0.0017245079128097925,0,2.5,0.0
138,2023-01-20 19:01:59.999,-0.0415307517570759,1590.315,498.4583,1.169e-05,1846961241.0,-0.047769411750425164,0.0063690150688599624,0.9795329302723677,1.08295031808102,0.0018690534956275458,0.0017279787054180048,0,2.5,0.0
139,2023-01-20 19:02:59.999,-0.0413018527875621,1589.5549999999998,144.4862,1.168e-05,594978685.0,-0.04777133583844457,0.006366432625266241,1.016186525748699,0.9795329302723677,0.0018807888330367186,0.001731711315774757,0,2.5,0.0
140,2023-01-20 19:03:59.999,-0.0409513183635787,1589.55,102.0492,1.1675e-05,3591660669.0,-0.04777314454586095,0.006363939345689872,1.0719502200948052,1.016186525748699,0.0018881956683920302,0.0017354721640683295,0,2.5,0.0
141,2023-01-20 19:04:59.999,-0.0411144957602118,1590.415,177.9006,1.1685e-05,2578252502.0,-0.047775242022376964,0.006360997103960281,1.0471229829704318,1.0719502200948052,0.0018969701825432314,0.001740291830115402,0,2.5,0.0
142,2023-01-20 19:05:59.999,-0.0408504486074008,1590.835,148.9266,1.1685e-05,6412650380.0,-0.047777262637137635,0.006358103204939777,1.0894466174055197,1.0471229829704318,0.0019027210745808487,0.0017528688339030116,0,2.5,0.0
143,2023-01-20 19:06:59.999,-0.0404466488402448,1592.04,276.1186,1.169e-05,1483766678.0,-0.04777913414469534,0.006355349618731825,1.153750107285789,1.0894466174055197,0.0019047066534515005,0.0017685806967632379,0,2.5,0.0
144,2023-01-20 19:07:59.999,-0.0408357975428259,1592.545,190.7676,1.17e-05,1942272753.0,-0.04778089740404939,0.006352894162532613,1.0932182535297874,1.153750107285789,0.0019098571504730937,0.0017809152786755638,0,2.5,0.0
145,2023-01-20 19:08:59.999,-0.0407918437069021,1592.615,212.2747,1.17e-05,7471797538.0,-0.04778252567195588,0.006350651523399008,1.1007818551051929,1.0932182535297874,0.0019143690189608658,0.0017886922026162518,0,2.5,0.0
146,2023-01-20 19:09:59.999,-0.040558076217831,1592.425,70.2904,1.1695e-05,3240841688.0,-0.04778389639084965,0.006348772255659743,1.138144491886135,1.1007818551051929,0.001916706937943325,0.0017978198597703957,0,2.5,0.0
147,2023-01-20 19:10:59.999,-0.0404262105698975,1592.635,37.9718,1.1695e-05,1419414763.0,-0.047785174329254644,0.006347013047816968,1.1594373138855028,1.138144491886135,0.0019178896366265179,0.001812087594702124,0,2.5,0.0
148,2023-01-20 19:11:59.999,-0.0401625314282156,1593.0549999999998,48.5895,1.1695e-05,450176180.0,-0.04778596935933054,0.006345950540231393,1.2013074925158438,1.1594373138855028,0.0019171590318303362,0.0018259297325859563,0,2.5,0.0
149,2023-01-20 19:12:59.999,-0.0399303002504503,1593.425,73.8287,1.1695e-05,496529425.0,-0.04778641549777859,0.0063453643475077405,1.238087337004363,1.2013074925158438,0.0019150005039622082,0.00183734253827008,0,2.5,0.0
150,2023-01-20 19:13:59.999,-0.0399662486859426,1592.8049999999998,138.192,1.169e-05,5589664152.0,-0.04778671798742161,0.006344975959940437,1.2325451429373777,1.238087337004363,0.001913008092638278,0.0018424598702210023,0,2.5,0.0
151,2023-01-20 19:14:59.999,-0.0398326336173404,1592.455,43.5449,1.1685e-05,845566543.0,-0.04778718338479767,0.00634435562142031,1.2537994781693031,1.2325451429373777,0.001910284852377789,0.0018480545577366433,0,2.5,0.0
152,2023-01-20 19:15:59.999,-0.0393378237296637,1592.6799999999998,87.3726,1.168e-05,1999700605.0,-0.04778737887032888,0.006344088761531574,1.3318784554056755,1.2537994781693031,0.0019055235275132253,0.0018576669921484211,0,2.5,0.0
153,2023-01-20 19:16:59.999,-0.0388428824278719,1592.905,73.8785,1.1675e-05,247921500.0,-0.04778717640722063,0.006344367225584658,1.4098007983017538,1.3318784554056755,0.0018996232408635203,0.001871987329979839,0,2.5,0.0
154,2023-01-20 19:17:59.999,-0.0388689323253998,1592.3,213.3581,1.167e-05,5983990890.0,-0.04778685508040088,0.006344801313661519,1.4055479934098418,1.4098007983017538,0.001893817531920973,0.0018826405418755465,0,2.5,0.0
155,2023-01-20 19:18:59.999,-0.0387898659318466,1590.735,149.9521,1.1655e-05,5634199084.0,-0.047786840220502586,0.006344822347500641,1.418002553247229,1.4055479934098418,0.001887950458964424,0.0018880117613213256,0,2.0,0.0
156,2023-01-20 19:19:59.999,-0.0389793488500949,1589.87,123.1252,1.165e-05,2054466141.0,-0.04778690803805768,0.006344727423409539,1.3881698298758054,1.418002553247229,0.001882443609061,0.0018880117613213256,0,2.0,0.0
157,2023-01-20 19:20:59.999,-0.0385580195183976,1590.54,116.3979,1.165e-05,1370958891.0,-0.04778679846849606,0.0063448847541970515,1.4545227072869609,1.3881698298758054,0.0018764755447481807,0.0018880117613213256,0,2.0,0.0
158,2023-01-20 19:21:59.999,-0.0383781913375109,1591.39,56.1957,1.1655e-05,3346523689.0,-0.04778688642076523,0.006344753014161657,1.4829095887978416,1.4545227072869609,0.0018705297955018138,0.0018880117613213256,0,2.0,0.0
159,2023-01-20 19:22:59.999,-0.038500003963577,1591.76,141.9002,1.166e-05,456417714.0,-0.04778736050780339,0.006344020769697737,1.4639543093218608,1.4829095887978416,0.0018646514722274047,0.0018880117613213256,0,2.0,0.0
160,2023-01-20 19:23:59.999,-0.0385863621911823,1592.75,178.3644,1.167e-05,988861040.0,-0.04778776735741772,0.006343402476441327,1.4505472733928508,1.4639543093218608,0.0018588660583407012,0.0018880117613213256,0,2.0,0.0
161,2023-01-20 19:24:59.999,-0.0384874181667811,1594.035,633.441,1.168e-05,6303190819.0,-0.04778803607355517,0.006342996186978801,1.4662814910509976,1.4505472733928508,0.0018530933776586315,0.0018880117613213256,0,2.0,0.0
162,2023-01-20 19:25:59.999,-0.0388617161200919,1592.875,253.0726,1.1675e-05,2349619417.0,-0.047788695782814215,0.006341993580392871,1.4075983442054054,1.4662814910509976,0.0018476984951825096,0.0018880117613213256,0,2.0,0.0
163,2023-01-20 19:26:59.999,-0.0390961220229186,1593.065,150.4537,1.168e-05,2826280225.0,-0.04778953986961495,0.006340715127290671,1.3710469043593452,1.4075983442054054,0.0018427866352816377,0.0018880117613213256,0,2.0,0.0
164,2023-01-20 19:27:59.999,-0.039003966248952,1592.085,410.525,1.167e-05,3870245111.0,-0.04779033826622895,0.006339500144278174,1.3859723664818029,1.3710469043593452,0.0018377212330753115,0.0018880117613213256,0,2.0,0.0
165,2023-01-20 19:28:59.999,-0.0389043989168129,1591.68,127.8635,1.1665e-05,1167875139.0,-0.04779127950520541,0.006338029662119344,1.4021519402957268,1.3859723664818029,0.001832523228392804,0.0018880117613213256,0,2.0,0.0
166,2023-01-20 19:29:59.999,-0.0388343916922657,1592.355,117.422,1.167e-05,3828408678.0,-0.04779234860789822,0.006336323725247744,1.4137467250826545,1.4021519402957268,0.001827267297221108,0.0018880117613213256,0,2.0,0.0
167,2023-01-20 19:30:59.999,-0.0391348445251011,1592.44,254.2526,1.1675e-05,123467135.0,-0.047793263398895516,0.006334930964166744,1.3667739905565468,1.4137467250826545,0.0018226011061181708,0.0018880117613213256,0,2.0,0.0
168,2023-01-20 19:31:59.999,-0.0384120548734792,1591.9,83.6749,1.166e-05,3583783776.0,-0.047793813301586385,0.006334064993819391,1.4811591667060018,1.3667739905565468,0.0018171693555381057,0.0018880117613213256,0,2.0,0.0
169,2023-01-20 19:32:59.999,-0.0387410628399074,1591.94,115.7902,1.1665e-05,611963513.0,-0.04779465006680089,0.006332749498612424,1.4296455637282406,1.4811591667060018,0.0018119387508714645,0.0018880117613213256,0,2.0,0.0
170,2023-01-20 19:33:59.999,-0.0386374210885236,1592.105,49.8158,1.1665e-05,1082212722.0,-0.04779554773867828,0.006331313803037828,1.4464812415016477,1.4296455637282406,0.0018066678096960121,0.0018880117613213256,0,2.0,0.0
171,2023-01-20 19:34:59.999,-0.0389295299121279,1591.64,54.5526,1.1665e-05,652474500.0,-0.04779687592888381,0.006329152451920382,1.401032141999581,1.4464812415016477,0.0018017697402388036,0.0018880117613213256,0,2.0,0.0
172,2023-01-20 19:35:59.999,-0.0387230524084252,1591.4050000000002,76.3338,1.166e-05,1187010509.0,-0.047798046437925366,0.0063272401572213675,1.434273680783675,1.401032141999581,0.0017966539268043076,0.0018880117613213256,0,2.0,0.0
173,2023-01-20 19:36:59.999,-0.0383052699476422,1592.0700000000002,128.7699,1.166e-05,3480533067.0,-0.04779899620941336,0.0063256609698816735,1.5008275509821938,1.434273680783675,0.0017914832845430976,0.0018880117613213256,0,2.0,0.0
174,2023-01-20 19:37:59.999,-0.0384545234486068,1592.96,83.7843,1.167e-05,4183700893.0,-0.04780000145345678,0.006324003164968985,1.477778831076188,1.5008275509821938,0.0017863282561950845,0.0018880117613213256,0,2.0,0.0
175,2023-01-20 19:38:59.999,-0.0386859487853712,1593.1550000000002,35.856,1.1675e-05,353001514.0,-0.047801174472783294,0.006322077240127912,1.4418086557935925,1.477778831076188,0.0017813134340564825,0.0018880117613213256,0,2.0,0.0
176,2023-01-20 19:39:59.999,-0.0384309592688438,1594.125,111.4906,1.168e-05,1979134916.0,-0.047802382679122506,0.006320036691067292,1.4828115513196665,1.4418086557935925,0.0017762458571571882,0.0018880117613213256,0,2.0,0.0
177,2023-01-20 19:40:59.999,-0.0380765956535746,1594.69,279.7153,1.168e-05,4042671119.0,-0.047803643684356856,0.006317823910155579,1.5396199971870888,1.4828115513196665,0.0017714323567446688,0.0018880117613213256,0,2.0,0.0
178,2023-01-20 19:41:59.999,-0.0384959699312048,1594.585,78.9493,1.1685e-05,4493754851.0,-0.04780519095533396,0.006315134395736282,1.474112891471378,1.5396199971870888,0.0017664544522263575,0.0018880117613213256,0,2.0,0.0
179,2023-01-20 19:42:59.999,-0.0383235261356951,1594.86,156.2267,1.1685e-05,744885355.0,-0.04780672651798004,0.006312424852615423,1.5023070537395429,1.474112891471378,0.001761534646626018,0.0018880117613213256,0,2.0,0.0
180,2023-01-20 19:43:59.999,-0.0387072694908745,1595.375,157.9762,1.1695e-05,3581840715.0,-0.04780839583682375,0.006309540857483796,1.4424387687662457,1.5023070537395429,0.0017567476849977039,0.0018880117613213256,0,2.0,0.0
181,2023-01-20 19:44:59.999,-0.0384180688721578,1596.4,3046.3165,1.17e-05,28754930536.0,-0.047809838655830016,0.006307036557405735,1.489093918861844,1.4424387687662457,0.0017518888710245898,0.0018880117613213256,0,2.0,0.0
182,2023-01-20 19:45:59.999,-0.0401874946678404,1591.89,587.187,1.1685e-05,10255821003.0,-0.04781177941896831,0.006304045071891923,1.2094273857784725,1.489093918861844,0.001751835566285267,0.0018880117613213256,0,2.0,0.0
183,2023-01-20 19:46:59.999,-0.0398384151750264,1591.3200000000002,257.8165,1.1675e-05,5453587025.0,-0.0478131181642457,0.006302044321701532,1.2654152497401285,1.2094273857784725,0.001750037955994664,0.0018880117613213256,0,2.0,0.0
184,2023-01-20 19:47:59.999,-0.0400664212118044,1591.52,199.5888,1.168e-05,4458991822.0,-0.047814214766520396,0.006300489969852318,1.2297128622994387,1.2654152497401285,0.0017492793224997785,0.0018880117613213256,0,2.0,0.0
185,2023-01-20 19:48:59.999,-0.0393888180478754,1593.725,249.7994,1.169e-05,4903283339.0,-0.04781520005901497,0.006299005715055292,1.3377320790485432,1.2297128622994387,0.0017458558907805979,0.0018880117613213256,0,2.0,0.0
186,2023-01-20 19:49:59.999,-0.0404308674348179,1593.19,119.8758,1.17e-05,4907508416.0,-0.04781669503012377,0.006296869425999547,1.172936438035392,1.3377320790485432,0.0017470431717516448,0.0018880117613213256,0,2.0,0.0
187,2023-01-20 19:50:59.999,-0.0405498647706501,1594.125,233.1152,1.171e-05,5063481943.0,-0.04781803209569966,0.0062950193641772715,1.1545901457285632,1.172936438035392,0.0017488819254498265,0.0018880117613213256,0,2.0,0.0
188,2023-01-20 19:51:59.999,-0.0405324473256349,1594.715,388.2816,1.1715e-05,13102650785.0,-0.04781953036946326,0.006292899659861983,1.1579849413947558,1.1545901457285632,0.0017505229938158586,0.0018880117613213256,0,2.0,0.0
189,2023-01-20 19:52:59.999,-0.0410166135757279,1594.505,102.332,1.172e-05,10191674010.0,-0.04782111051923272,0.006290762364856599,1.0816649157689058,1.1579849413947558,0.0017553792105647699,0.0018880117613213256,0,2.0,0.0
190,2023-01-20 19:53:59.999,-0.0410399514295534,1596.715,485.0553,1.174e-05,2626001812.0,-0.04782270752871176,0.006288602426702628,1.078579251624727,1.0816649157689058,0.0017602471148083418,0.0018880117613213256,0,2.0,0.0
191,2023-01-20 19:54:59.999,-0.0415843762722971,1597.5300000000002,460.4494,1.1755e-05,14391656264.0,-0.047824632269392965,0.006286056032437934,0.9927140268706279,1.078579251624727,0.001769417108937415,0.0018880117613213256,0,2.0,0.0
192,2023-01-20 19:55:59.999,-0.0418754929886802,1597.065,831.3896,1.1755e-05,8351551000.0,-0.047826517974326625,0.006283659724793489,0.9470635340366086,0.9927140268706279,0.0017810028774879888,0.0018880117613213256,0,2.0,0.0
193,2023-01-20 19:56:59.999,-0.0418393080820607,1598.245,608.4814,1.1765e-05,8158920697.0,-0.047828371791396186,0.006281301981203269,0.9534748890051298,0.9470635340366086,0.0017918876486828362,0.0018880117613213256,0,2.0,0.0
194,2023-01-20 19:57:59.999,-0.0418399600785157,1598.8049999999998,895.2271,1.177e-05,5723643431.0,-0.0478303210095693,0.006278789574633667,0.9540630180145988,0.9534748890051298,0.0018024449497871804,0.0018880117613213256,0,2.0,0.0
195,2023-01-20 19:58:59.999,-0.042028177730458,1599.065,1069.8616,1.1775e-05,5513308143.0,-0.04783227561116035,0.0062763254166391886,0.9247605080060202,0.9540630180145988,0.001814447954736879,0.0018880117613213256,0,2.0,0.0
196,2023-01-20 19:59:59.999,-0.041587392249859,1599.77,3231.0622,1.1775e-05,14655959880.0,-0.04783403496944536,0.006274041578428228,0.9956329809901048,0.9247605080060202,0.0018221674803667663,0.0018880117613213256,0,2.0,0.0
197,2023-01-20 20:00:59.999,-0.0404338016591623,1602.74,3088.7528,1.1785e-05,18760774217.0,-0.04783517905555762,0.006272466509695209,1.1799787826615222,0.9956329809901048,0.0018220549643376775,0.0018880117613213256,0,2.0,0.0
198,2023-01-20 20:01:59.999,-0.0400368950213305,1604.5,2542.0095,1.1795e-05,12319862087.0,-0.04783550394911459,0.006272044386373339,1.2433918587577861,1.1799787826615222,0.001820149462830368,0.0018880117613213256,0,2.0,0.0
199,2023-01-20 20:02:59.999,-0.0416024332787898,1605.355,1033.4187,1.1825e-05,20953018239.0,-0.04783631138893247,0.00627112958263629,0.9940598464753843,1.2433918587577861,0.0018275702379562846,0.0018880117613213256,0,2.0,0.0
200,2023-01-20 20:03:59.999,-0.0405766241303311,1605.88,1318.4139,1.1815e-05,11680153461.0,-0.04783619112260483,0.006271266313703108,1.1575918848177638,0.9940598464753843,0.0018279997491543612,0.001883820321536856,0,2.0,0.0
201,2023-01-20 20:04:59.999,-0.0400962253510037,1606.09,525.7698,1.181e-05,11435270735.0,-0.0478351921787634,0.006272327185501007,1.2338270308425476,1.1575918848177638,0.001826206602625555,0.0018779675608263855,0,2.0,0.0
202,2023-01-20 20:05:59.999,-0.0381017690104776,1619.42,12750.5334,1.19e-05,73795122121.0,-0.047833007324496746,0.006274894805510602,1.5508209484999158,1.2338270308425476,0.0018221278505043547,0.0018720162328134055,0,2.0,0.0
203,2023-01-20 20:06:59.999,-0.0346010685034876,1624.535,3283.057,1.1895e-05,48976657527.0,-0.047829228823113586,0.006280401727946062,2.1062602191137407,1.5508209484999158,0.001839868039897831,0.001866121053046007,1,2.0,0.0
204,2023-01-20 20:07:59.999,-0.0361041658440477,1622.0949999999998,2867.209,1.1895e-05,20501920284.0,-0.047826247609759426,0.006284437088395572,1.8652556467399366,2.1062602191137407,0.00184397354948994,0.001860312411812377,0,2.0,1.0
205,2023-01-20 20:08:59.999,-0.0377496745320122,1623.9250000000002,1764.9581,1.1935e-05,35727838325.0,-0.04782415380204302,0.006287040038084233,1.6024200910132402,1.8652556467399366,0.0018405200921067148,0.001854536547829149,0,2.0,0.0
206,2023-01-20 20:09:59.999,-0.0383173609990663,1623.565,1336.5842,1.194e-05,67998166407.0,-0.0478224650123232,0.006289103210571551,1.5113607926293011,1.6024200910132402,0.001836182056302025,0.0018490472158015402,0,2.0,0.0
207,2023-01-20 20:10:59.999,-0.0410551593590646,1624.165,1023.9647,1.1985e-05,67160391297.0,-0.0478222524047248,0.00628932421432734,1.075965050465117,1.5113607926293011,0.0018394070002089688,0.0018449047859130823,0,2.0,0.0
208,2023-01-20 20:11:59.999,-0.0418020696679022,1624.63,478.1961,1.2e-05,37632903480.0,-0.047822572002396715,0.00628900073698802,0.9573066670330683,1.075965050465117,0.0018479091582817423,0.0018449047859130823,0,2.5,0.0
209,2023-01-20 20:12:59.999,-0.0411813860284624,1623.96,788.3944,1.1985e-05,17246718586.0,-0.04782258106586044,0.0062889911518479,1.0560032407497744,0.9573066670330683,0.00185165946593366,0.0018449047859130823,0,2.5,0.0
210,2023-01-20 20:13:59.999,-0.0419236748067071,1622.755,741.4004,1.1985e-05,19797970489.0,-0.04782254556861157,0.006289024230747583,0.9379627976410683,1.0560032407497744,0.0018607390221530439,0.0018449047859130823,0,2.5,0.0
211,2023-01-20 20:14:59.999,-0.0415909627382049,1623.295,388.2605,1.1985e-05,13252188092.0,-0.04782236477251241,0.006289197757231193,0.9908103187155729,0.9379627976410683,0.0018669867081871011,0.0018449047859130823,0,2.5,0.0
212,2023-01-20 20:15:59.999,-0.0436785754557398,1625.49,804.4245,1.2035e-05,29160948049.0,-0.04782276423713149,0.006288907138769585,0.6589680352956362,0.9908103187155729,0.001893514561457063,0.0018449047859130823,0,2.5,0.0
213,2023-01-20 20:16:59.999,-0.0475710124707369,1625.285,730.617,1.209e-05,43793655904.0,-0.047824240829520234,0.006288473411574515,0.04026865380670091,0.6589680352956362,0.0019834483536420827,0.0018449047859130823,0,2.5,0.0
214,2023-01-20 20:17:59.999,-0.0486379696514269,1625.77,412.3114,1.211e-05,25570922287.0,-0.04782612630531581,0.006288106549993315,-0.12910775917306203,0.04026865380670091,0.002090157490261677,0.0018449047859130823,3,2.5,0.0
215,2023-01-20 20:18:59.999,-0.0501232165166598,1627.785,510.1257,1.215e-05,30152315343.0,-0.047829537686992066,0.0062873530038946,-0.3648083427552032,-0.12910775917306203,0.0022227331051753564,0.0018449047859130823,0,2.5,3.0
216,2023-01-20 20:19:59.999,-0.0477046604321742,1633.9450000000002,2922.0901,1.217e-05,22759658853.0,-0.04783197544955954,0.006286283226853294,0.02025282870512164,-0.3648083427552032,0.0022973104290566035,0.0018449047859130823,4,2.5,0.0
217,2023-01-20 20:20:59.999,-0.0465603037949406,1633.595,1188.6797,1.215e-05,44719245724.0,-0.04783391828539216,0.006285241329907191,0.20263573403161067,0.02025282870512164,0.0023498893316309284,0.0018449047859130823,0,2.5,4.0
218,2023-01-20 20:21:59.999,-0.0455471630963373,1631.915,589.9809,1.212e-05,18817580890.0,-0.047835616809242115,0.006284127298987054,0.3641641239943839,0.20263573403161067,0.0023865965543265998,0.0018449047859130823,0,2.5,0.0
219,2023-01-20 20:22:59.999,-0.0439763877620187,1631.6950000000002,520.0004,1.2095e-05,18623610631.0,-0.047836575995975135,0.006283380003038463,0.6143490019845627,0.3641641239943839,0.0024049213638779932,0.0018449047859130823,0,2.5,0.0
220,2023-01-20 20:23:59.999,-0.0420515697069987,1630.93,275.665,1.206e-05,18073124601.0,-0.047836495490109036,0.006283453008545994,0.9206603081526,0.6143490019845627,0.0024082409193628643,0.0018449047859130823,0,2.5,0.0
221,2023-01-20 20:24:59.999,-0.0405306399732054,1630.615,615.9132,1.2035e-05,12621996795.0,-0.0478353933441168,0.006284525513269321,1.1623396795013314,0.9206603081526,0.0024049553041894634,0.0018449047859130823,0,2.5,0.0
222,2023-01-20 20:25:59.999,-0.0368609892155369,1629.3049999999998,894.0786,1.197e-05,44500157432.0,-0.047832610247693697,0.006288052820988918,1.7448360159339913,1.1623396795013314,0.002403867990861154,0.0018449574516878906,0,2.5,0.0
223,2023-01-20 20:26:59.999,-0.0342180422721014,1626.85,857.4143,1.191e-05,27993738623.0,-0.04782805313669532,0.0062943479745084146,2.162259048866273,1.7448360159339913,0.0024197153579089024,0.0018488467351947219,0,2.5,0.0
224,2023-01-20 20:27:59.999,-0.0350943519883415,1625.425,952.9693,1.191e-05,19939567204.0,-0.04782368082182493,0.006299909189203375,2.020557511415978,2.162259048866273,0.0024282003766834584,0.0018539293549885059,0,2.5,0.0
225,2023-01-20 20:28:59.999,-0.0373477437987368,1625.14,3737.0178,1.194e-05,18722933437.0,-0.04782026107678753,0.006303588954526276,1.6613578952559975,2.020557511415978,0.002425193302140519,0.001862300943661558,0,2.5,0.0
226,2023-01-20 20:29:59.999,-0.04033202200673,1625.9,539.3362,1.199e-05,33788816635.0,-0.04781804907812732,0.0063053777062148314,1.187244828175605,1.6613578952559975,0.002421533639827134,0.0018736186715045916,0,2.5,0.0
227,2023-01-20 20:30:59.999,-0.0400334400448265,1625.265,830.092,1.198e-05,14139343069.0,-0.04781565465365033,0.006307351087537821,1.2338324759184673,1.187244828175605,0.0024172269639200408,0.0019159980095033178,0,2.5,0.0
228,2023-01-20 20:31:59.999,-0.0407104262314135,1624.725,447.8716,1.1985e-05,5280184853.0,-0.04781374456108893,0.006308877611838933,1.1259242557417326,1.2338324759184673,0.002414657045679184,0.0020101256377969812,0,2.5,0.0
229,2023-01-20 20:32:59.999,-0.0400395929065204,1625.255,408.3574,1.198e-05,6637457401.0,-0.04781152844145258,0.006310767033250992,1.2315358012714452,1.1259242557417326,0.002410394253226695,0.002123301393990097,0,2.5,0.0
230,2023-01-20 20:33:59.999,-0.0397296926224157,1627.44,276.4415,1.1995e-05,15042518159.0,-0.047809076447883334,0.0063128774141500334,1.2798258694772142,1.2315358012714452,0.0024056497563247183,0.0022413774361456683,0,2.5,0.0
231,2023-01-20 20:34:59.999,-0.0408410603046007,1628.99,1031.0664,1.2025e-05,10288622168.0,-0.047807038980134095,0.006314415614885986,1.1031865972064583,1.2798258694772142,0.002403522689149717,0.002310455154700185,0,2.5,0.0
232,2023-01-20 20:35:59.999,-0.0420541607968694,1629.25,828.6015,1.2045e-05,15815938582.0,-0.04780542403993147,0.006315440579182787,0.9106669868796832,1.1031865972064583,0.002406698198510042,0.0023590661373048463,0,2.5,0.0
233,2023-01-20 20:36:59.999,-0.0440244174301689,1629.945,1126.3408,1.208e-05,10424256824.0,-0.047804301930676876,0.006315896938365069,0.5984715294430436,0.9106669868796832,0.0024238169536304546,0.002390828088032379,0,2.5,0.0
234,2023-01-20 20:37:59.999,-0.0428677266169792,1633.505,2354.6312,1.2095e-05,31474221893.0,-0.04780195290643279,0.006316788914641769,0.7811288862314972,0.5984715294430436,0.002431559608980323,0.0024036090145775763,0,2.5,0.0
235,2023-01-20 20:38:59.999,-0.041944404223436,1637.8049999999998,4403.3607,1.212e-05,37126350304.0,-0.047799068326479996,0.006318040366687905,0.9266582299652467,0.7811288862314972,0.0024337072635357833,0.0024041313341153637,0,2.5,0.0
236,2023-01-20 20:39:59.999,-0.0426895812221772,1636.585,1401.6321,1.212e-05,37278219776.0,-0.04779643076592918,0.006318983601354785,0.8081757867922114,0.9266582299652467,0.0024399769214347934,0.0024049298489558606,0,2.5,0.0
237,2023-01-20 20:40:59.999,-0.0432136034277945,1636.285,1019.2251,1.2125e-05,17594255268.0,-0.04779410690311786,0.006319745512837182,0.7247923933042987,0.8081757867922114,0.0024495712268116886,0.0024051289172232772,0,2.5,0.0
238,2023-01-20 20:41:59.999,-0.0424900739754789,1634.6799999999998,938.786,1.21e-05,19678855968.0,-0.04779147529789771,0.006320770041357707,0.8387271309873607,0.7247923933042987,0.0024542907509197804,0.002405911866871049,0,2.5,0.0
239,2023-01-20 20:42:59.999,-0.0407138406298912,1635.35,689.1257,1.208e-05,11628208209.0,-0.04778807791530164,0.006322600894318148,1.1188808852014922,0.8387271309873607,0.0024513523507767023,0.0024070838787232473,0,2.5,0.0
240,2023-01-20 20:43:59.999,-0.0389226566184568,1634.36,667.3738,1.2045e-05,13361608885.0,-0.047783821023413296,0.006325472361021645,1.400869990288805,1.1188808852014922,0.0024462702628428178,0.002408779252828822,0,2.5,0.0
241,2023-01-20 20:44:59.999,-0.0388405600495396,1635.615,677.1495,1.2055e-05,13400417715.0,-0.04777945198477964,0.006328388203170193,1.4125068893153747,1.400869990288805,0.0024412514819809675,0.002411459951339817,0,2.5,0.0
242,2023-01-20 20:45:59.999,-0.0370493912508216,1634.0549999999998,1079.1232,1.2015e-05,23693074402.0,-0.0477742718589376,0.006332588392279428,1.6936014065262117,1.4125068893153747,0.002439784389878852,0.002415299525239398,0,2.5,0.0
243,2023-01-20 20:46:59.999,-0.0351676419236106,1636.5700000000002,471.8832,1.201e-05,12419379794.0,-0.04776834763615611,0.0063383910703362365,1.9879975174641717,1.6936014065262117,0.002447746087837066,0.002417849062417256,0,2.5,0.0
244,2023-01-20 20:47:59.999,-0.0364864215887941,1639.4699999999998,1029.1704,1.2055e-05,16044995368.0,-0.047763329563706644,0.006343028626265525,1.777842831769128,1.9879975174641717,0.00244835991232298,0.0024201699283884605,0,2.5,0.0
245,2023-01-20 20:48:59.999,-0.0372018447471589,1639.42,755.3097,1.2065e-05,12785356851.0,-0.04775894646280167,0.006347052863377747,1.6633076709596735,1.777842831769128,0.0024462730924263293,0.002422104468277964,0,2.5,0.0
246,2023-01-20 20:49:59.999,-0.0383843865374515,1640.8449999999998,1256.8078,1.2095e-05,15954704775.0,-0.04775491547882337,0.006350239658992823,1.4756181568835596,1.6633076709596735,0.0024416819595773453,0.002424161040757971,0,2.5,0.0
247,2023-01-20 20:50:59.999,-0.0387680002673462,1637.975,1282.9325,1.2075e-05,14351816173.0,-0.0477508371057923,0.006353180583405975,1.4139117754512742,1.4756181568835596,0.0024368067449393664,0.002425945070776254,0,2.5,0.0
248,2023-01-20 20:51:59.999,-0.0388869336144424,1637.22,367.1282,1.207e-05,10794685015.0,-0.04774706690934473,0.006356022621292955,1.3939744747321219,1.4139117754512742,0.002431914395534557,0.002429040184757675,0,2.5,0.0
249,2023-01-20 20:52:59.999,-0.0388565281254429,1637.83,549.7843,1.2075e-05,5572565938.0,-0.04774338657120895,0.006358867307592812,1.3975536861973332,1.3939744747321219,0.0024270609328440125,0.002429040184757675,0,2.0,0.0
250,2023-01-20 20:53:59.999,-0.0384686289634821,1637.905,579.9552,1.207e-05,8804679077.0,-0.047739859000970275,0.006361897296072375,1.457305832838881,1.3975536861973332,0.0024224907519007468,0.002429040184757675,0,2.0,0.0
251,2023-01-20 20:54:59.999,-0.0381769306918862,1640.625,2105.4284,1.209e-05,20520609721.0,-0.047736573272812145,0.006365001916324865,1.501907258881967,1.457305832838881,0.0024182985299262805,0.002429040184757675,0,2.0,0.0
252,2023-01-20 20:55:59.999,-0.0391068867765582,1639.1,2342.2243,1.209e-05,19020140355.0,-0.047734055302266314,0.006367339072802053,1.3549095512376388,1.501907258881967,0.002413497721107224,0.002429040184757675,0,2.0,0.0
253,2023-01-20 20:56:59.999,-0.0384752377065495,1639.015,832.6279,1.208e-05,7323033753.0,-0.04773118565705115,0.006370113842851143,1.4530270853619254,1.3549095512376388,0.0024089984742372422,0.002429040184757675,0,2.0,0.0
254,2023-01-20 20:57:59.999,-0.0380901682563106,1638.525,736.4666,1.207e-05,25135133170.0,-0.04772801682616779,0.006373205804002098,1.5122449935329314,1.4530270853619254,0.0024050080790766993,0.002429040184757675,0,2.0,0.0
255,2023-01-20 20:58:59.999,-0.0367935572378215,1638.4050000000002,547.7586,1.205e-05,9722291941.0,-0.04772410399914527,0.00637732201968765,1.7139712762786166,1.5122449935329314,0.002404425435619282,0.002429040184757675,0,2.0,0.0
256,2023-01-20 20:59:59.999,-0.0373532418999928,1640.855,734.0162,1.208e-05,10377835737.0,-0.04772064230410653,0.00638092012839242,1.62475006668445,1.7139712762786166,0.0024020321817499165,0.002429040184757675,0,2.0,0.0
257,2023-01-20 21:00:59.999,-0.0358035072253208,1640.59,657.5352,1.2055e-05,12943466834.0,-0.04771662973387385,0.006385685923393954,1.8655979406862673,1.62475006668445,0.002405776749432852,0.002429040184757675,0,2.0,0.0
258,2023-01-20 21:01:59.999,-0.0361345967241533,1639.485,536.952,1.205e-05,21388221876.0,-0.04771258111437774,0.006390253951087304,1.8118191356470965,1.8655979406862673,0.0024078018535434067,0.002429040184757675,0,2.0,0.0
259,2023-01-20 21:02:59.999,-0.0388080385152171,1640.15,320.2018,1.2095e-05,28503107745.0,-0.04770990963467852,0.006392769316656129,1.3924905903092601,1.8118191356470965,0.0024031818864003,0.002429040184757675,0,2.0,0.0
260,2023-01-20 21:03:59.999,-0.040686677210374,1640.425,454.8539,1.2125e-05,13287700416.0,-0.047707773417819725,0.0063943447103705035,1.0980165326493487,1.3924905903092601,0.002400801008872367,0.002429040184757675,0,2.0,0.0
261,2023-01-20 21:04:59.999,-0.0404589064648526,1644.71,3581.7205,1.216e-05,25026917701.0,-0.047705687586621214,0.006395973909873041,1.1330223080776238,1.0980165326493487,0.002397854646757903,0.002429040184757675,0,2.0,0.0
262,2023-01-20 21:05:59.999,-0.0397040447625123,1647.0700000000002,4783.8673,1.217e-05,32447582054.0,-0.04770356569610958,0.006397867593780568,1.250341745329913,1.1330223080776238,0.0023936441134664783,0.002429040184757675,0,2.0,0.0
263,2023-01-20 21:06:59.999,-0.0422603276616122,1642.865,860.4914,1.217e-05,21546471703.0,-0.047702603107399766,0.0063985300353715455,0.8505508946120849,1.250341745329913,0.002397376664916619,0.002429040184757675,0,2.0,0.0
264,2023-01-20 21:07:59.999,-0.041293338617077,1642.78,692.9488,1.2155e-05,12971021262.0,-0.04770113223419094,0.006399637942107795,1.0012743963142792,0.8505508946120849,0.0023968447436953626,0.002429040184757675,0,2.0,0.0
265,2023-01-20 21:08:59.999,-0.0398960135761541,1643.4,460.0731,1.214e-05,12779991145.0,-0.04769896431973185,0.0064014881915613765,1.2189276165288911,1.0012743963142792,0.0023928870929448495,0.002429040184757675,0,2.0,0.0
266,2023-01-20 21:09:59.999,-0.0381141298188794,1643.53,435.4335,1.2115e-05,21159980530.0,-0.04769639437973228,0.006404220752237942,1.4962420771495708,1.2189276165288911,0.002389068940431356,0.002429040184757675,0,2.0,0.0
267,2023-01-20 21:10:59.999,-0.0378078191238699,1640.67,752.905,1.2085e-05,18312129358.0,-0.0476937372103268,0.006407131716746152,1.5429553384423693,1.4962420771495708,0.002385787485525834,0.002429040184757675,0,2.0,0.0
268,2023-01-20 21:11:59.999,-0.0372194013692777,1638.83,823.1612,1.206e-05,35892329613.0,-0.04769075304419315,0.006410507539379157,1.6334668683549478,1.5429553384423693,0.0023839182451595017,0.002429040184757675,0,2.0,0.0
269,2023-01-20 21:12:59.999,-0.036199930256437,1637.13,1412.0196,1.203e-05,26407680471.0,-0.047687290835728445,0.0064146917694068014,1.7907891746377296,1.6334668683549478,0.002385722781747828,0.002429040184757675,0,2.0,0.0
270,2023-01-20 21:13:59.999,-0.0340653332236051,1638.375,350.092,1.201e-05,21170563135.0,-0.04768274182109401,0.006420863239336587,2.1208065161805068,1.7907891746377296,0.0024002670410552597,0.002429040184757675,1,2.0,0.0
271,2023-01-20 21:14:59.999,-0.033632086133096,1636.83,596.4602,1.199e-05,20965408023.0,-0.047677729933439855,0.006427600108611609,2.185208096802055,2.1208065161805068,0.002417878625307273,0.002429040184757675,0,2.0,1.0
272,2023-01-20 21:15:59.999,-0.0347094713600775,1637.3200000000002,797.5378,1.201e-05,30573214545.0,-0.047673109164675743,0.006433331112605909,2.015073929460339,2.185208096802055,0.0024272612514389595,0.002429040184757675,0,2.0,0.0
273,2023-01-20 21:16:59.999,-0.0362401909314513,1638.75,441.1871,1.2045e-05,16449957214.0,-0.047669168244881925,0.006437724712012249,1.775313146289888,2.015073929460339,0.0024284141371207794,0.0024292005050856654,0,2.0,0.0
274,2023-01-20 21:17:59.999,-0.0357158498452463,1638.485,489.3266,1.2035e-05,8106570788.0,-0.04766501490874391,0.006442539412505462,1.854729059212796,1.775313146289888,0.002431856018358501,0.0024316337113248674,0,2.5,0.0
275,2023-01-20 21:18:59.999,-0.0371232004020853,1637.865,169.4118,1.205e-05,5128824183.0,-0.04766154660891666,0.006446196051585241,1.634816273426835,1.854729059212796,0.0024299125379992023,0.0024316337113248674,0,2.0,0.0
276,2023-01-20 21:19:59.999,-0.0382854849293465,1638.205,173.5081,1.207e-05,11471532396.0,-0.04765832725316926,0.006449140729139717,1.453347464023017,1.634816273426835,0.0024258260491534893,0.0024316337113248674,0,2.0,0.0
277,2023-01-20 21:20:59.999,-0.0391862832022198,1637.85,319.9333,1.208e-05,12808883980.0,-0.047655390322963204,0.006451553294775929,1.3127237323763825,1.453347464023017,0.0024214889861480108,0.0024316337113248674,0,2.0,0.0
278,2023-01-20 21:21:59.999,-0.0396408588548808,1638.225,209.7159,1.209e-05,5426048136.0,-0.04765291970439051,0.0064535998455688606,1.2414870833695888,1.3127237323763825,0.0024174947757231806,0.0024316337113248674,0,2.0,0.0
279,2023-01-20 21:22:59.999,-0.0371225515544395,1639.55,315.3074,1.2065e-05,47816706020.0,-0.0476494451755086,0.0064572469948786316,1.6302448441910595,1.2414870833695888,0.0024156063258510855,0.0024316337113248674,0,2.0,0.0
280,2023-01-20 21:23:59.999,-0.0376208997733336,1639.855,271.8146,1.2075e-05,7846330235.0,-0.04764620287883911,0.006460522603139718,1.5517789691863884,1.6302448441910595,0.0024125634257879318,0.0024316337113248674,0,2.0,0.0
281,2023-01-20 21:24:59.999,-0.0377290310139244,1641.36,379.6563,1.209e-05,23751349001.0,-0.0476429335255035,0.006463752746274973,1.5337688337927888,1.5517789691863884,0.002409329536587775,0.0024316337113248674,0,2.0,0.0
282,2023-01-20 21:25:59.999,-0.0362842582703741,1640.925,174.8309,1.2065e-05,23660600963.0,-0.04763897256832335,0.006468089184277059,1.755497485339385,1.5337688337927888,0.0024101765412835787,0.0024316337113248674,0,2.0,0.0
283,2023-01-20 21:26:59.999,-0.0358405758987743,1639.405,262.1956,1.2045e-05,9470459393.0,-0.047634880140107014,0.006472754708643333,1.822146021628674,1.755497485339385,0.002412830380612494,0.0024316337113248674,0,2.0,0.0
284,2023-01-20 21:27:59.999,-0.0354854162617215,1639.425,160.2863,1.204e-05,6630771660.0,-0.047631310503429,0.006477326280088665,1.8751400989392872,1.822146021628674,0.0024170870740967253,0.0024316337113248674,0,2.0,0.0
285,2023-01-20 21:28:59.999,-0.0365270738249599,1639.965,290.6183,1.206e-05,4765886705.0,-0.047628653818544725,0.006480702459698515,1.7130210903250256,1.8751400989392872,0.002416899317193433,0.0024316337113248674,0,2.0,0.0
286,2023-01-20 21:29:59.999,-0.0372635467271464,1639.88,141.206,1.207e-05,3338485043.0,-0.04762621967062523,0.006483607073954052,1.5982882406782122,1.7130210903250256,0.0024145701058517393,0.0024316337113248674,0,2.0,0.0
287,2023-01-20 21:30:59.999,-0.0377342134429774,1640.23,153.8607,1.208e-05,4790397466.0,-0.047624296871270795,0.006485924129895049,1.524853394862858,1.5982882406782122,0.0024113056994241964,0.0024316337113248674,0,2.0,0.0
288,2023-01-20 21:31:59.999,-0.0375391378810583,1640.55,123.7788,1.208e-05,7927866078.0,-0.04762267333808297,0.006488009163519983,1.5541802119702892,1.524853394862858,0.002408400501480346,0.0024316337113248674,0,2.0,0.0
289,2023-01-20 21:32:59.999,-0.0383623714057144,1639.2,180.4919,1.208e-05,7629356908.0,-0.047621524293371444,0.006489429152971954,1.4268054507408627,1.5541802119702892,0.0024044161001407502,0.0024316337113248674,0,2.0,0.0
290,2023-01-20 21:33:59.999,-0.0392899307991569,1638.8000000000002,224.4621,1.209e-05,3856278434.0,-0.04762043232058903,0.006490632456999333,1.28346529812341,1.4268054507408627,0.0024003932670083475,0.0024316337113248674,0,2.0,0.0
291,2023-01-20 21:34:59.999,-0.0407010189080594,1638.725,148.1453,1.211e-05,20256814672.0,-0.047619746235254244,0.006491285473387249,1.065848568139548,1.28346529812341,0.0023986563622533643,0.0024316337113248674,0,2.0,0.0
292,2023-01-20 21:35:59.999,-0.0421255874086128,1639.7399999999998,202.9022,1.214e-05,16859280089.0,-0.04761992144924952,0.006491132062082209,0.8464369524588382,1.065848568139548,0.0024020518552625497,0.0024316337113248674,0,2.0,0.0
293,2023-01-20 21:36:59.999,-0.0434346374182119,1640.38,297.066,1.2165e-05,21147392964.0,-0.047620870828801,0.006490369854284648,0.6449915035004578,0.8464369524588382,0.0024125612998944397,0.0024316337113248674,0,2.0,0.0
294,2023-01-20 21:37:59.999,-0.0444113247739466,1639.335,156.3962,1.217e-05,5866966605.0,-0.047621830470454714,0.006489741961448367,0.4947046763307052,0.6449915035004578,0.002429704613497452,0.002430398408089027,0,2.0,0.0
295,2023-01-20 21:38:59.999,-0.0431550943159848,1638.61,253.5598,1.2145e-05,10641741277.0,-0.04762192038881896,0.006489678726301238,0.6882969498522478,0.4947046763307052,0.002438025165688797,0.002430398408089027,0,2.5,0.0
296,2023-01-20 21:39:59.999,-0.0437292615362494,1639.34,193.4757,1.216e-05,7963271857.0,-0.04762252160765377,0.006489257905729659,0.5999545907964047,0.6882969498522478,0.0024497362473121847,0.002430398408089027,0,2.5,0.0
297,2023-01-20 21:40:59.999,-0.0442326395181424,1638.515,181.418,1.216e-05,12272121955.0,-0.04762270387763014,0.00648915715837829,0.5224198269124599,0.5999545907964047,0.002464656455536224,0.002430398408089027,0,2.5,0.0
298,2023-01-20 21:41:59.999,-0.0439762490154613,1637.265,240.2092,1.2145e-05,5133866332.0,-0.047622721984892986,0.0064891469287546135,0.5619341046622766,0.5224198269124599,0.0024774857709185033,0.002430398408089027,0,2.5,0.0
299,2023-01-20 21:42:59.999,-0.0418733484058186,1636.8049999999998,265.5073,1.211e-05,12761949630.0,-0.04762186961874384,0.006489781119473891,0.8857804457650579,0.5619341046622766,0.0024789441024553127,0.002430398408089027,0,2.5,0.0
300,2023-01-20 21:43:59.999,-0.0415709756940287,1637.3,218.1041,1.211e-05,5911241403.0,-0.04762084088592879,0.006490564036943761,0.9321016105017615,0.8857804457650579,0.0024792509886170356,0.002430398408089027,0,2.5,0.0
301,2023-01-20 21:44:59.999,-0.0424621830246714,1637.515,248.4555,1.2125e-05,8752408380.0,-0.04762003981095862,0.006491093875591264,0.7946051752051426,0.9321016105017615,0.002483107117608507,0.002430398408089027,0,2.5,0.0
302,2023-01-20 21:45:59.999,-0.0424408094030788,1637.55,61.9799,1.2125e-05,3994699316.0,-0.047619294020264574,0.00649159633596356,0.7977212921414837,0.7946051752051426,0.0024867820569755886,0.002430398408089027,0,2.5,0.0
303,2023-01-20 21:46:59.999,-0.0415077918947375,1636.845,166.6173,1.2105e-05,9502734120.0,-0.04761795121905305,0.006492560321036291,0.9411016643955178,0.7977212921414837,0.002486743549374353,0.002430398408089027,0,2.5,0.0
304,2023-01-20 21:47:59.999,-0.0406974378362541,1636.495,153.5421,1.209e-05,5549498432.0,-0.04761597452363327,0.006494016883844111,1.0653709115834276,0.9411016643955178,0.0024844704968355236,0.002430398408089027,0,2.5,0.0
305,2023-01-20 21:48:59.999,-0.0406063212958827,1636.085,76.0307,1.2085e-05,7117533962.0,-0.04761378321740078,0.006495583048637791,1.0788041456859878,1.0653709115834276,0.0024820053202040606,0.002430398408089027,0,2.5,0.0
306,2023-01-20 21:49:59.999,-0.0396935035364514,1635.9,164.7005,1.207e-05,7332485252.0,-0.04761096666144253,0.006497697421216956,1.218502895985616,1.0788041456859878,0.0024782208513941437,0.002430398408089027,0,2.5,0.0
307,2023-01-20 21:50:59.999,-0.0397729736542018,1635.77,100.297,1.207e-05,11324903939.0,-0.04760815094846345,0.006499775221439333,1.2054535775971955,1.218502895985616,0.0024745248278136454,0.002430398408089027,0,2.5,0.0
308,2023-01-20 21:51:59.999,-0.0407738235106158,1636.37,134.906,1.209e-05,6230819046.0,-0.04760536490665197,0.006501414125297008,1.0507777637875182,1.2054535775971955,0.0024724459822457,0.002430398408089027,0,2.5,0.0
309,2023-01-20 21:52:59.999,-0.0423553194847308,1637.69,162.3986,1.2125e-05,4644137284.0,-0.047603419534824526,0.006502356031971148,0.8071074583258091,1.0507777637875182,0.0024755386387129946,0.002433398305191075,0,2.5,0.0
310,2023-01-20 21:53:59.999,-0.0422837948873429,1638.3649999999998,205.9732,1.213e-05,3626553444.0,-0.0476013683233045,0.006503334911979342,0.8176687050464625,0.8071074583258091,0.00247826042567809,0.0024409529360946438,0,2.5,0.0
311,2023-01-20 21:54:59.999,-0.0421556265349849,1638.575,154.9173,1.213e-05,4331369482.0,-0.0475992238536985,0.006504366497542183,0.8369142976138538,0.8176687050464625,0.002480398722548122,0.002453466299368195,0,2.5,0.0
312,2023-01-20 21:55:59.999,-0.0425997966547058,1638.405,194.4964,1.2135e-05,9612046575.0,-0.04759763226144658,0.006505168980282908,0.7682868226619729,0.8369142976138538,0.0024843622380088617,0.002466603837213593,0,2.5,0.0
313,2023-01-20 21:56:59.999,-0.0420445326154457,1639.315,208.8145,1.2135e-05,9084946715.0,-0.047595773407462114,0.006506181774215213,0.8532255913931972,0.7682868226619729,0.002485952503744498,0.002472965693637686,0,2.5,0.0
314,2023-01-20 21:57:59.999,-0.0401214678913497,1639.675,196.2017,1.211e-05,17102905145.0,-0.04759285695002329,0.0065081193441291095,1.1480104564175566,0.8532255913931972,0.0024826465670300733,0.0024747782805384826,0,2.5,0.0
315,2023-01-20 21:58:59.999,-0.0391832030224108,1638.415,1382.5701,1.2085e-05,15303828414.0,-0.0475895318712319,0.006510579896087667,1.2911797386700714,1.1480104564175566,0.0024787059604333824,0.002476025421764372,0,2.5,0.0
316,2023-01-20 21:59:59.999,-0.0387831044560691,1637.39,127.8334,1.207e-05,10319004647.0,-0.0475860003471718,0.006513286385685415,1.3515290699406801,1.2911797386700714,0.0024748498933613848,0.002476025421764372,0,2.0,0.0
317,2023-01-20 22:00:59.999,-0.0400224421247941,1637.6,407.9137,1.209e-05,8128386635.0,-0.04758330426253309,0.006515211085990879,1.1604938102460707,1.3515290699406801,0.0024714715812453113,0.002476025421764372,0,2.0,0.0
318,2023-01-20 22:01:59.999,-0.0393878599179977,1636.96,228.9007,1.2075e-05,4922973644.0,-0.04758027348154059,0.006517499715003994,1.256987176337432,1.1604938102460707,0.0024676301742435963,0.002476025421764372,0,2.0,0.0
319,2023-01-20 22:02:59.999,-0.0394244286002702,1637.46,301.9423,1.208e-05,7052983121.0,-0.047577159617218714,0.006519788458340862,1.250459438836333,1.256987176337432,0.0024638201283729137,0.002476025421764372,0,2.0,0.0
320,2023-01-20 22:03:59.999,-0.0382263009687591,1636.62,186.0509,1.2055e-05,16590838787.0,-0.04757316083975518,0.00652287288540499,1.432936075131833,1.250459438836333,0.002460468440728472,0.002476025421764372,0,2.0,0.0
321,2023-01-20 22:04:59.999,-0.0377626192465676,1637.94,332.1766,1.206e-05,26663122594.0,-0.047569080127635596,0.006526251086364047,1.50261777417017,1.432936075131833,0.0024577855078823352,0.002476025421764372,0,2.0,0.0
322,2023-01-20 22:05:59.999,-0.0364313169211456,1637.875,346.3995,1.204e-05,16624479143.0,-0.04756465784834453,0.006530558944527691,1.704806743460781,1.50261777417017,0.0024584846095375003,0.002476025421764372,0,2.0,0.0
323,2023-01-20 22:06:59.999,-0.0361156893043492,1637.83,251.035,1.2035e-05,12318702081.0,-0.04755962133503521,0.006535190047668364,1.7511245957979444,1.704806743460781,0.0024602710899729323,0.002476025421764372,0,2.0,0.0
324,2023-01-20 22:07:59.999,-0.0365708044086261,1638.77,345.695,1.205e-05,5503924972.0,-0.047554596203687176,0.006539463280934269,1.6796167090782816,1.7511245957979444,0.002460447377097255,0.002476025421764372,0,2.0,0.0
325,2023-01-20 22:08:59.999,-0.0360393717193652,1637.955,283.9275,1.2035e-05,37445259027.0,-0.04754941071024762,0.006544149782531348,1.7588287819460957,1.6796167090782816,0.0024624384116877125,0.002476025421764372,0,2.0,0.0
326,2023-01-20 22:09:59.999,-0.0351313188820405,1637.755,300.7649,1.202e-05,10448809796.0,-0.04754328284745218,0.006549575714047564,1.895079087152231,1.7588287819460957,0.0024683088082049763,0.002476025421764372,0,2.0,0.0
327,2023-01-20 22:10:59.999,-0.0351649020025561,1637.7,200.2545,1.202e-05,7482058992.0,-0.04753680683203281,0.006554894164680694,1.8874301428296791,1.895079087152231,0.0024739090988497043,0.002476025421764372,0,2.0,0.0
328,2023-01-20 22:11:59.999,-0.0350183657528901,1637.94,354.8275,1.202e-05,19753583660.0,-0.04752969825322121,0.006560138317140457,1.9071751075188852,1.8874301428296791,0.002480117157369427,0.0024776695410374133,0,2.5,0.0
329,2023-01-20 22:12:59.999,-0.0359564783212675,1639.215,371.4623,1.2045e-05,11491093979.0,-0.047523592829484144,0.006564768061198305,1.7619989617889462,1.9071751075188852,0.0024821488208028484,0.00247823074496513,0,2.5,0.0
330,2023-01-20 22:13:59.999,-0.0360815460028725,1639.01,174.9466,1.2045e-05,20324822019.0,-0.047517256870986326,0.00656920241591172,1.740806591743101,1.7619989617889462,0.002483673787365114,0.002478371809366913,0,2.5,0.0
331,2023-01-20 22:14:59.999,-0.0346020840748337,1639.185,238.0138,1.2025e-05,22858537024.0,-0.04751030865743205,0.006574919550097768,1.9632520952148236,1.740806591743101,0.0024917434512104946,0.002478765495938865,0,2.5,0.0
332,2023-01-20 22:15:59.999,-0.0344324353885951,1638.9,300.4226,1.202e-05,9370576205.0,-0.04750347151040948,0.006580834173318744,1.9862278516011593,1.9632520952148236,0.0025005830766286433,0.0024790208239957433,0,2.5,0.0
333,2023-01-20 22:16:59.999,-0.035342089124235,1638.535,172.1749,1.203e-05,9409810765.0,-0.047497729899821484,0.006586029952508754,1.8456704362475838,1.9862278516011593,0.0025048039048466736,0.0024794675308051333,0,2.5,0.0
334,2023-01-20 22:17:59.999,-0.0360052833603958,1639.135,220.2412,1.2045e-05,11363451605.0,-0.04749263685992327,0.00659065999837038,1.742974679678189,1.8456704362475838,0.0025063333630060804,0.0024801875486641007,0,2.5,0.0
335,2023-01-20 22:18:59.999,-0.0347633485271074,1642.86,1293.3263,1.206e-05,32831007605.0,-0.047487935411422065,0.006596114423106107,1.92910341878555,1.742974679678189,0.002513105257380049,0.0024808003719621065,0,2.5,0.0
336,2023-01-20 22:19:59.999,-0.0359312148610939,1643.19,814.2926,1.208e-05,10951110809.0,-0.047483331202490535,0.006600707092256901,1.7501331569383058,1.92910341878555,0.0025147826190212844,0.0024820411953537574,0,2.5,0.0
337,2023-01-20 22:20:59.999,-0.0311307721632339,1656.74,10084.7791,1.213e-05,59392571356.0,-0.047476312037508184,0.006610024744751491,2.472840950747274,1.7501331569383058,0.0025468263474563257,0.0024822732573596545,0,2.5,0.0
338,2023-01-20 22:21:59.999,-0.0310731264195673,1653.45,3626.7841,1.21e-05,21375597888.0,-0.04746945643196827,0.006619348088768267,2.4770309390772662,2.472840950747274,0.0025785955120823374,0.002482761704674682,0,2.5,0.0
339,2023-01-20 22:22:59.999,-0.0316678136823398,1653.595,1431.4686,1.211e-05,7517634968.0,-0.047462989889689375,0.006627953557532472,2.3831151003462945,2.4770309390772662,0.0026045343653999953,0.002483248785047659,0,2.5,0.0
340,2023-01-20 22:23:59.999,-0.0319626686328859,1654.235,961.7847,1.212e-05,8635220982.0,-0.047456773292274476,0.006636186607431206,2.3347903812768416,2.3831151003462945,0.0026275706822565087,0.0024838459000260512,0,2.5,0.0
341,2023-01-20 22:24:59.999,-0.0312163785210373,1655.4699999999998,968.7214,1.212e-05,3908488251.0,-0.04745058551231717,0.006645089537216848,2.4430381111281787,2.3347903812768416,0.0026561016990191096,0.002484389302715527,0,2.5,0.0
342,2023-01-20 22:25:59.999,-0.0322507182878126,1653.195,802.0893,1.2115e-05,5469119597.0,-0.04744477198181253,0.006652887277586994,2.283828518361854,2.4430381111281787,0.0026759823371518927,0.002484840998562767,0,2.5,0.0
343,2023-01-20 22:26:59.999,-0.0326831793059341,1650.79,586.0985,1.21e-05,10238890975.0,-0.04743932988321587,0.0066601483536930465,2.2155888718453998,2.283828518361854,0.002692499919612595,0.0024861502651519615,0,2.5,0.0
344,2023-01-20 22:27:59.999,-0.0324501611987209,1648.92,989.2305,1.208e-05,10913559130.0,-0.04743346938634388,0.006667761512322406,2.247127189527245,2.2155888718453998,0.002710259623656523,0.002486753176274662,0,2.5,0.0
345,2023-01-20 22:28:59.999,-0.0317613157778495,1647.235,559.6564,1.2055e-05,6595715253.0,-0.047427126495082704,0.006676145233818862,2.346535338667597,2.247127189527245,0.002732549413281348,0.0024880224055343152,0,2.5,0.0
346,2023-01-20 22:29:59.999,-0.030490324445946,1649.895,288.8835,1.206e-05,9706299308.0,-0.047419817506146045,0.006686034213918255,2.532067967130362,2.346535338667597,0.0027645234001003782,0.0024939533575650315,1,2.5,0.0
347,2023-01-20 22:30:59.999,-0.029814491941785,1650.445,274.3216,1.2055e-05,5646057743.0,-0.047412319283339756,0.00669668366939278,2.6278421096677596,2.532067967130362,0.0028017084801849486,0.002501638283683151,0,2.5,1.0
348,2023-01-20 22:31:59.999,-0.0305871740911953,1647.475,781.4604,1.204e-05,8332098496.0,-0.047405653053316614,0.0067062553545371465,2.5078792967140298,2.6278421096677596,0.0028313156229049377,0.002505186269386525,0,2.5,0.0
349,2023-01-20 22:32:59.999,-0.0314312456019791,1646.085,299.9194,1.204e-05,3239153863.0,-0.047399520264745594,0.006714798480180656,2.3780720612686026,2.5078792967140298,0.002853775020786737,0.0025080263365995724,0,2.5,0.0
350,2023-01-20 22:33:59.999,-0.031867560057833,1647.06,286.3102,1.2055e-05,5316472146.0,-0.0473933814930939,0.006722929175692689,2.3093834591320404,2.3780720612686026,0.0028727462627293533,0.0025135245977903576,0,2.5,0.0
351,2023-01-20 22:34:59.999,-0.0321402746241723,1647.1750000000002,167.5135,1.206e-05,5139111303.0,-0.04738695966229466,0.006730866437321474,2.265189062968501,2.3093834591320404,0.0028895746699930855,0.002522793551130045,0,2.5,0.0
352,2023-01-20 22:35:59.999,-0.0332691699072213,1645.88,405.9043,1.2065e-05,3438339843.0,-0.04738119712816638,0.0067376191339172725,2.0945124591422704,2.265189062968501,0.0028995614706709893,0.0025547686386128286,0,2.5,0.0
353,2023-01-20 22:36:59.999,-0.0334987587299977,1647.755,344.6836,1.2085e-05,3238817652.0,-0.04737548591026567,0.006744152677370538,2.05759386599153,2.0945124591422704,0.0029082115658910536,0.0025850802254117518,0,2.5,0.0
354,2023-01-20 22:37:59.999,-0.0333001027930102,1650.335,482.0509,1.2105e-05,4722814102.0,-0.04736971461913063,0.006750857978401516,2.084122028804977,2.05759386599153,0.002917714478611199,0.002610293444614124,0,2.5,0.0
355,2023-01-20 22:38:59.999,-0.033208733256778,1652.175,362.8529,1.212e-05,8552690154.0,-0.04736379925264413,0.006757662426540261,2.0946689997820953,2.084122028804977,0.002927525180059708,0.002634703436447159,0,2.5,0.0
356,2023-01-20 22:39:59.999,-0.0324222010667298,1653.475,618.1413,1.212e-05,10190213712.0,-0.0473576668151126,0.006765204360010706,2.2076887782824004,2.0946689997820953,0.0029414874908482397,0.0026610718585523053,0,2.5,0.0
357,2023-01-20 22:40:59.999,-0.0316768848684745,1653.58,221.4828,1.211e-05,2495888127.0,-0.0473511619760958,0.006773518562316604,2.3140524327817817,2.2076887782824004,0.0029597871533392226,0.002680111732767068,0,2.5,0.0
358,2023-01-20 22:41:59.999,-0.0332607176257617,1650.4,364.9368,1.2105e-05,8856640837.0,-0.04734542077920743,0.006780200313053434,2.077328471598318,2.3140524327817817,0.0029687442360148437,0.002696939845623577,0,2.5,0.0
359,2023-01-20 22:42:59.999,-0.0327619325810495,1650.66,138.6263,1.21e-05,5637209145.0,-0.04733949120067775,0.006787347317982036,2.1477549234893645,2.077328471598318,0.002980116210110031,0.002715832071062729,0,2.5,0.0
360,2023-01-20 22:43:59.999,-0.0321721769978999,1651.07,213.8997,1.2095e-05,7310284332.0,-0.04733312177256885,0.006795117873367945,2.2311525800147085,2.1477549234893645,0.002994593942770571,0.0027405429099861055,0,2.5,0.0
361,2023-01-20 22:44:59.999,-0.0335988070184321,1650.4050000000002,627.8257,1.211e-05,7290712186.0,-0.04732699688534697,0.006801529305287185,2.0183975177822484,2.2311525800147085,0.0030014712894959523,0.002773819670121521,0,2.5,0.0
362,2023-01-20 22:45:59.999,-0.0329061476605687,1652.675,346.8048,1.212e-05,2253089278.0,-0.04732113207836823,0.006808496325439691,2.117205287155474,2.0183975177822484,0.00301154629331415,0.002809110265864946,0,2.5,0.0
363,2023-01-20 22:46:59.999,-0.0332913663313476,1654.29,250.0125,1.214e-05,4182682007.0,-0.04731556721771791,0.006815045741047168,2.0578293116805138,2.117205287155474,0.0030195762901567835,0.0028369304723753876,0,2.5,0.0
364,2023-01-20 22:47:59.999,-0.0328676152615372,1653.865,397.664,1.213e-05,6903766340.0,-0.04730924103621323,0.006822108525114135,2.1168859629705787,2.0578293116805138,0.0030295322377307983,0.0028585178312723913,0,2.5,0.0
365,2023-01-20 22:48:59.999,-0.0331203617384758,1654.01,82.4521,1.2135e-05,8407639592.0,-0.04730293210779171,0.006828922653353965,2.0768386302267263,2.1168859629705787,0.00303808918047508,0.002876953364545286,0,2.5,0.0
366,2023-01-20 22:49:59.999,-0.0317313137133545,1653.49,345.3065,1.211e-05,7150068981.0,-0.04729599376934799,0.006837121851689348,2.276495928202259,2.0768386302267263,0.0030539406609008113,0.0028920713701625616,0,2.5,0.0
367,2023-01-20 22:50:59.999,-0.0308413112700378,1651.575,1366.5695,1.208e-05,4242015268.0,-0.04728873252192836,0.006846258685470435,2.402395528348399,2.276495928202259,0.003075115720475187,0.002901723994476005,0,2.5,0.0
368,2023-01-20 22:51:59.999,-0.0309808195816074,1650.78,421.8411,1.2075e-05,1723320432.0,-0.04728142648887696,0.006855231591654296,2.3778346054879114,2.402395528348399,0.003094984572933109,0.00291058729407109,0,2.5,0.0
369,2023-01-20 22:52:59.999,-0.0291798603922046,1653.19,466.4107,1.207e-05,1695487436.0,-0.04727312370764505,0.006866281073841258,2.6350892311080982,2.3778346054879114,0.003127401582302564,0.0029201671539733263,1,2.5,0.0
370,2023-01-20 22:53:59.999,-0.029930644014108,1654.21,237.1901,1.209e-05,3406495584.0,-0.04726504611713202,0.0068764079943281625,2.5208513103530037,2.6350892311080982,0.0031534917312128967,0.0029310157577568407,0,2.5,1.0
371,2023-01-20 22:54:59.999,-0.0301936439989987,1653.775,182.9214,1.209e-05,3237271089.0,-0.04725710788088367,0.006886206782434535,2.477919182649405,2.5208513103530037,0.0031772335015298058,0.0029460624064709855,0,2.5,0.0
372,2023-01-20 22:55:59.999,-0.030662709839845,1651.87,168.0269,1.208e-05,5891471188.0,-0.047249267459131584,0.0068954489742394836,2.4054354808877343,2.477919182649405,0.0031974349348003173,0.0029620264240081276,0,2.5,0.0
373,2023-01-20 22:56:59.999,-0.0302420630362334,1652.565,95.4567,1.208e-05,3574193869.0,-0.04724130519171478,0.006905146337382909,2.461822143210971,2.4054354808877343,0.003220004192191213,0.0029715872295386406,0,2.5,0.0
374,2023-01-20 22:57:59.999,-0.0314309740050973,1651.73,199.7197,1.209e-05,7795933010.0,-0.04723410837196352,0.006913514797162461,2.285832146240919,2.461822143210971,0.003234901160463356,0.002983735643275166,0,2.5,0.0
375,2023-01-20 22:58:59.999,-0.0312069915353276,1652.1,144.5819,1.209e-05,2110528168.0,-0.04722669456528788,0.006922106066370911,2.3142816472846985,2.285832146240919,0.0032508162260119562,0.0029963132794519165,0,2.5,0.0
376,2023-01-20 22:59:59.999,-0.0324158250116184,1651.795,64.4636,1.2105e-05,22899409854.0,-0.047219768167726106,0.006929433627429984,2.13638573540941,2.3142816472846985,0.0032601764684791193,0.0030039900404505017,0,2.5,0.0
377,2023-01-20 23:00:59.999,-0.0322796188376344,1652.02,353.3533,1.2105e-05,15100751622.0,-0.04721299667776736,0.006936879416675654,2.1527515390038956,2.13638573540941,0.0032700329500847587,0.0030135537925248083,0,2.5,0.0
378,2023-01-20 23:01:59.999,-0.032680150457665,1650.795,421.0855,1.21e-05,9838056252.0,-0.047206657043070706,0.006943897265350237,2.091981783470844,2.1527515390038956,0.0032778967388601616,0.0030220652770502872,0,2.5,0.0
379,2023-01-20 23:02:59.999,-0.0333946131016062,1651.3049999999998,199.2756,1.2115e-05,5886153565.0,-0.04720072518847437,0.00695021815598482,1.9864285950477325,2.091981783470844,0.0032827014264977432,0.0030316714734168687,0,2.5,0.0
380,2023-01-20 23:03:59.999,-0.034120012828481,1651.795,144.1841,1.213e-05,5460371140.0,-0.04719547577339137,0.006955811620660721,1.879789686378591,1.9864285950477325,0.0032848800535955898,0.003042052050581513,0,2.5,0.0
381,2023-01-20 23:04:59.999,-0.0342895397579354,1651.515,458.1347,1.213e-05,4247046276.0,-0.04719037437766152,0.006961232182358981,1.8532400991334783,1.879789686378591,0.003286480398441727,0.003059234425794405,0,2.5,0.0
382,2023-01-20 23:05:59.999,-0.0345961269859813,1652.695,261.0494,1.2145e-05,9426972367.0,-0.04718578877101821,0.006966262769608638,1.8072332614212008,1.8532400991334783,0.0032871427560668813,0.0030800829335896674,0,2.5,0.0
383,2023-01-20 23:06:59.999,-0.0361943030565896,1652.3,334.8423,1.2165e-05,7027482757.0,-0.047181981052895006,0.006970020818179034,1.5764196812221307,1.8072332614212008,0.0032843221791952434,0.0031030888252754725,0,2.5,0.0
384,2023-01-20 23:07:59.999,-0.0367425615544263,1651.955,116.5314,1.217e-05,4892353538.0,-0.04717843324613095,0.006973382531470038,1.4965293592612778,1.5764196812221307,0.003280790769836267,0.0031339241195301472,0,2.5,0.0
385,2023-01-20 23:08:59.999,-0.0356313362996658,1650.985,223.4716,1.2145e-05,6998285832.0,-0.04717435123623218,0.006977558766293853,1.654305656632611,1.4965293592612778,0.0032789618545679693,0.003159427173792124,0,2.5,0.0
386,2023-01-20 23:09:59.999,-0.034628679859356,1650.955,713.9989,1.213e-05,1123992921.0,-0.047170215843542744,0.006982344349140947,1.7961783832288016,1.654305656632611,0.003279481538703856,0.003182283859847434,0,2.5,0.0
387,2023-01-20 23:10:59.999,-0.0350640892556164,1651.36,189.8086,1.214e-05,3568319094.0,-0.04716627138510495,0.006986774246564138,1.7321558851625978,1.7961783832288016,0.003278861286455884,0.003203077249148041,0,2.5,0.0
388,2023-01-20 23:11:59.999,-0.0362669317304238,1652.18,243.0603,1.2165e-05,11676379804.0,-0.047162943325001976,0.006990252247653798,1.558743691722327,1.7321558851625978,0.003275937747793278,0.0032237284342592487,0,2.5,0.0
389,2023-01-20 23:12:59.999,-0.0358312387902266,1652.9,172.7234,1.2165e-05,4504791484.0,-0.047159697076109605,0.006993884803844331,1.619766210569566,1.558743691722327,0.003273714965678274,0.003238879926850506,0,2.5,0.0
390,2023-01-20 23:13:59.999,-0.0358191389178799,1652.92,82.464,1.2165e-05,3382053967.0,-0.04715634515200904,0.006997583178560892,1.6201602674569033,1.619766210569566,0.003271513249686523,0.003253156286628747,0,2.5,0.0
391,2023-01-20 23:14:59.999,-0.0372245769685655,1653.4,143.0637,1.219e-05,13228551379.0,-0.04715369107569737,0.007000261947712197,1.4183917946637512,1.6201602674569033,0.003267608647271137,0.0032620345131771237,0,2.5,0.0
392,2023-01-20 23:15:59.999,-0.0386089488416416,1653.35,177.7078,1.221e-05,14599565055.0,-0.04715151474526622,0.007002187109090946,1.2199853803583454,1.4183917946637512,0.003263550624033132,0.0032645651298426333,0,2.0,0.0
393,2023-01-20 23:16:59.999,-0.0421721110023867,1653.04,159.9954,1.226e-05,50606064332.0,-0.04715094388993913,0.007002542761840919,0.7110035678301991,1.2199853803583454,0.003265931061923174,0.003266350458260165,0,2.0,0.0
394,2023-01-20 23:17:59.999,-0.046979150125729,1653.975,247.6899,1.234e-05,43062667957.0,-0.04715230788313801,0.007002222217881733,0.02472897203502251,0.7110035678301991,0.0032923500663592452,0.0032682147229745424,0,2.5,0.0
395,2023-01-20 23:18:59.999,-0.0474382744778445,1656.535,908.7485,1.237e-05,22323650620.0,-0.04715370309463617,0.007001978814669065,-0.040641565868802215,0.02472897203502251,0.0033214534597294705,0.0032704030249851995,3,2.5,0.0
396,2023-01-20 23:19:59.999,-0.0462565303523838,1657.94,260.3614,1.2365e-05,10332579093.0,-0.04715471121129806,0.007001692808808059,0.12828052921492858,-0.040641565868802215,0.003342238712758743,0.0032720636786844606,4,2.5,3.0
397,2023-01-20 23:20:59.999,-0.0421981336030761,1659.12,780.0884,1.2315e-05,23991747894.0,-0.04715354772178753,0.007002307525264826,0.7076830174670192,0.12828052921492858,0.0033441882551370375,0.003274270661207025,0,2.5,4.0
398,2023-01-20 23:21:59.999,-0.0421158724837376,1658.7,333.9995,1.231e-05,8807690497.0,-0.04715213744056961,0.00700301519046634,0.7191566517931033,0.7076830174670192,0.003345849844403406,0.0032764274955599986,0,2.5,0.0
399,2023-01-20 23:22:59.999,-0.0447898586569337,1657.6,564.9305,1.234e-05,31450603612.0,-0.047152030580818786,0.007003049474798389,0.3373061881664194,0.7191566517931033,0.003358006170502522,0.0032781378757590924,0,2.5,0.0
400,2023-01-20 23:23:59.999,-0.0457145177990838,1654.405,558.0985,1.2325e-05,13202477092.0,-0.047153243847789926,0.007002573294492137,0.20545676399242424,0.3373061881664194,0.003374808374559153,0.0032788864284839054,0,2.5,0.0
401,2023-01-20 23:24:59.999,-0.0468159203522553,1654.245,454.368,1.234e-05,17142285040.0,-0.0471545113025387,0.007002264358051153,0.04835449405649629,0.20545676399242424,0.0033978458520419756,0.0032790917756019408,0,2.5,0.0
402,2023-01-20 23:25:59.999,-0.047729831201952,1656.605,334.8365,1.2375e-05,15978904772.0,-0.04715608416845614,0.007002011841514523,-0.08194031179641048,0.04835449405649629,0.0034264734709642396,0.003279808846486959,3,2.5,0.0
403,2023-01-20 23:26:59.999,-0.0467460975832665,1656.575,163.737,1.236e-05,10244998990.0,-0.04715748650571809,0.007001626256497078,0.05875619568665913,-0.08194031179641048,0.0034482226664592124,0.003281268434001636,4,2.5,3.0
404,2023-01-20 23:27:59.999,-0.0465753991791686,1657.965,457.2469,1.237e-05,7997010305.0,-0.04715877500686778,0.007001262916574096,0.08332437085288584,0.05875619568665913,0.0034685828040844293,0.0032831066146721184,0,2.5,4.0
405,2023-01-20 23:28:59.999,-0.0457789464286371,1659.84,514.229,1.2375e-05,7059231318.0,-0.047159768747885106,0.007000914655182681,0.19723455966225828,0.08332437085288584,0.0034841677551483785,0.00328446164779533,0,2.5,0.0
406,2023-01-20 23:29:59.999,-0.0468800382774645,1659.12,336.9184,1.2385e-05,11561635540.0,-0.04716105541053266,0.0070006077332254064,0.040141819650089366,0.19723455966225828,0.0035057041890796522,0.003285280139807124,0,2.5,0.0
407,2023-01-20 23:30:59.999,-0.0483532542168489,1657.23,284.4462,1.239e-05,3897805704.0,-0.047162996660155616,0.00700035668554101,-0.17002813001682,0.040141819650089366,0.003536372537641464,0.0032866459878480156,3,2.5,0.0
408,2023-01-20 23:31:59.999,-0.046222414216384,1656.335,262.1954,1.235e-05,11130294158.0,-0.0471642448383276,0.00699994849756779,0.13454822164346708,-0.17002813001682,0.0035533889891184406,0.003288444583639972,4,2.5,3.0
409,2023-01-20 23:32:59.999,-0.0446935239028079,1656.095,199.5875,1.2325e-05,4890754818.0,-0.047165199973341294,0.006999470535770376,0.35312329095494366,0.13454822164346708,0.0035627331065228533,0.0032996259147018018,0,2.5,4.0
410,2023-01-20 23:33:59.999,-0.0440502261820832,1656.05,130.7554,1.2315e-05,7432859014.0,-0.047165688070124695,0.006999216536899553,0.4451158028354917,0.35312329095494366,0.0035693193490969905,0.0033266497729867884,0,2.5,0.0
411,2023-01-20 23:34:59.999,-0.0435569003055249,1655.2,142.1669,1.23e-05,15899682259.0,-0.04716587723950771,0.006999113476333532,0.5156334364610646,0.4451158028354917,0.0035740003396305983,0.0033427260983533167,0,2.5,0.0
412,2023-01-20 23:35:59.999,-0.0396092248822839,1654.49,548.2865,1.2235e-05,25430612348.0,-0.04716402167911183,0.0070005851580922495,1.0791664734047337,0.5156334364610646,0.003570142372163896,0.0033446036524536296,0,2.5,0.0
413,2023-01-20 23:36:59.999,-0.0394356115186091,1653.66,418.7554,1.2225e-05,15020753984.0,-0.04716222813867736,0.007002068516560068,1.103476294439938,1.0791664734047337,0.0035661669697155877,0.0033488889259281848,0,2.5,0.0
414,2023-01-20 23:37:59.999,-0.0383058335292467,1654.97,405.8069,1.222e-05,10147305317.0,-0.04715960955783263,0.0070043220927087655,1.2640446729030892,1.103476294439938,0.003561861991252068,0.0033622067215166797,0,2.5,0.0
415,2023-01-20 23:38:59.999,-0.0397834808022672,1656.435,428.5145,1.2255e-05,11424660079.0,-0.047157258125975876,0.007005945206523441,1.0525028538394414,1.2640446729030892,0.003558194152685012,0.003380567743929859,0,2.5,0.0
416,2023-01-20 23:39:59.999,-0.0400268552720106,1656.59,150.181,1.226e-05,4342845374.0,-0.04715491568107751,0.007007482848886448,1.0172069718586074,1.0525028538394414,0.0035547801648619154,0.0034050027567725416,0,2.5,0.0
417,2023-01-20 23:40:59.999,-0.0398555796821717,1657.99,493.2377,1.227e-05,6092701444.0,-0.04715239330741448,0.007009129054598447,1.0410442678973912,1.0172069718586074,0.0035512006969619565,0.0034319107698379827,0,2.5,0.0
418,2023-01-20 23:41:59.999,-0.038550296739988,1657.92,279.4337,1.225e-05,3188555420.0,-0.04714929556885294,0.007011451153268012,1.2264221258757506,1.0410442678973912,0.003546954968225606,0.0034533127008655167,0,2.5,0.0
419,2023-01-20 23:42:59.999,-0.0363741306763287,1658.17,302.0808,1.222e-05,5944885580.0,-0.047144963005096296,0.007015215683535425,1.5353529833796173,1.2264221258757506,0.003544143739499521,0.0034724790418504165,0,2.5,0.0
420,2023-01-20 23:43:59.999,-0.0359614940969805,1659.415,649.9794,1.2225e-05,3521770565.0,-0.04714038446113314,0.00701928471509403,1.5925967983766123,1.5353529833796173,0.003541962412142713,0.003489551863631197,0,2.5,0.0
421,2023-01-20 23:44:59.999,-0.0355522930941027,1660.655,501.5673,1.223e-05,2519729178.0,-0.04713548843534996,0.007023676218392445,1.649164195655133,1.5925967983766123,0.0035405104793376726,0.0035133712762201053,0,2.5,0.0
422,2023-01-20 23:45:59.999,-0.0359136616005528,1660.0549999999998,256.3119,1.223e-05,3769146032.0,-0.04713056793919774,0.007027811960425716,1.5960737711550073,1.649164195655133,0.003538404281604248,0.00353688047363216,0,2.5,0.0
423,2023-01-20 23:46:59.999,-0.0345227050552452,1658.435,284.3009,1.2195e-05,12212521779.0,-0.04712465790158132,0.0070330424606976725,1.7918209532729046,1.5960737711550073,0.0035392561286405537,0.0035386172433633243,0,2.5,0.0
424,2023-01-20 23:47:59.999,-0.0338493673424125,1658.99,274.4621,1.219e-05,9049752828.0,-0.04711825560843225,0.0070388275199689794,1.8850992197743501,1.7918209532729046,0.0035419656357905073,0.003539569716314833,0,2.5,0.0
425,2023-01-20 23:48:59.999,-0.0337740231323522,1659.115,149.3631,1.219e-05,1159387434.0,-0.04711170310411671,0.007044656551363939,1.8933045031389306,1.8850992197743501,0.0035448565497393806,0.0035408734625389324,0,2.5,0.0
426,2023-01-20 23:49:59.999,-0.0340235185162427,1659.8249999999998,265.4329,1.22e-05,2055667508.0,-0.047105299654964176,0.007050262050708656,1.8555028231052157,1.8933045031389306,0.0035469607129983674,0.0035419632180546615,0,2.5,0.0
427,2023-01-20 23:50:59.999,-0.0348035555524077,1660.215,251.3267,1.2215e-05,3601473318.0,-0.04709960487069109,0.007055226720955716,1.7428283745667836,1.8555028231052157,0.003546993064521488,0.0035425101617177607,0,2.5,0.0
428,2023-01-20 23:51:59.999,-0.034473238552664,1661.3249999999998,344.4696,1.222e-05,2796142927.0,-0.04709389275234256,0.0070604504766914695,1.7875140178863778,1.7428283745667836,0.0035478136059691923,0.003544321942059486,0,2.5,0.0
429,2023-01-20 23:52:59.999,-0.0344650985646701,1661.9,458.8878,1.2225e-05,3001164916.0,-0.04708829191001783,0.0070656659527123765,1.786553939830954,1.7875140178863778,0.003548627816333765,0.003545381154360937,0,2.5,0.0
430,2023-01-20 23:53:59.999,-0.034052857381905,1660.9,120.8538,1.221e-05,5769788853.0,-0.04708283936112285,0.007071176768266827,1.8426893296872775,1.786553939830954,0.003550515262237245,0.0035469564044187966,0,2.5,0.0
431,2023-01-20 23:54:59.999,-0.0337976166018947,1660.2,234.6393,1.22e-05,3418036784.0,-0.04707753073119296,0.00707684203703264,1.8765310939265503,1.8426893296872775,0.0035530980836738823,0.0035469688008791475,0,2.5,0.0
432,2023-01-20 23:55:59.999,-0.033767500202007,1660.25,137.1769,1.22e-05,3639355276.0,-0.047072506785456256,0.007082435121686138,1.8785920880107814,1.8765310939265503,0.0035557250298355507,0.003547198199883414,0,2.5,0.0
433,2023-01-20 23:56:59.999,-0.0349187653804463,1660.585,297.2312,1.222e-05,3912600016.0,-0.04706777371496518,0.007087138044019375,1.7142333420147033,1.8785920880107814,0.0035553476753830146,0.0035480171585603355,0,2.5,0.0
434,2023-01-20 23:57:59.999,-0.0358146575937432,1660.78,226.9081,1.2235e-05,8871484541.0,-0.04706333507796439,0.007091180981477662,1.5862911288829054,1.7142333420147033,0.003553253249048691,0.003549099677809635,0,2.5,0.0
435,2023-01-20 23:58:59.999,-0.0357992141107459,1660.245,113.3879,1.223e-05,497611138.0,-0.047058861869541155,0.007095236465537119,1.5869305855393903,1.5862911288829054,0.003551182893672432,0.0035506821700960417,0,2.5,0.0
436,2023-01-20 23:59:59.999,-0.0366670300567939,1659.365,503.2238,1.2235e-05,1959964545.0,-0.047054798045050805,0.007098672654966122,1.4633394851627346,1.5869305855393903,0.003547959533468833,0.0035506821700960417,0,2.0,0.0
437,2023-01-21 00:00:59.999,-0.0378659382239945,1659.0549999999998,488.0203,1.225e-05,10710193350.0,-0.0470514202016756,0.007101307899761058,1.2934915803313043,1.4633394851627346,0.0035439551637699075,0.0035506821700960417,0,2.0,0.0
438,2023-01-21 00:01:59.999,-0.0407622382514389,1658.16,376.3238,1.2285e-05,9204699613.0,-0.04704958432843217,0.007102420901952149,0.8852398588860246,1.2934915803313043,0.0035418777641518613,0.0035506821700960417,0,2.0,0.0
439,2023-01-21 00:02:59.999,-0.0395611095043619,1656.245,321.2869,1.225e-05,11354562237.0,-0.047047605663926344,0.00710391134991692,1.0538555157578087,0.8852398588860246,0.003538358113385601,0.0035506821700960417,0,2.0,0.0
440,2023-01-21 00:03:59.999,-0.0366051463073411,1654.985,734.2508,1.2195e-05,13123854943.0,-0.04704425134561094,0.007107129993636143,1.4688214578342038,1.0538555157578087,0.003535251605994348,0.0035506821700960417,0,2.0,0.0
441,2023-01-21 00:04:59.999,-0.0351414727155656,1655.725,542.2034,1.218e-05,7143488435.0,-0.047039723388262504,0.0071115948712532654,1.6730776834310999,1.4688214578342038,0.003534419013649891,0.0035506821700960417,0,2.0,0.0
442,2023-01-21 00:05:59.999,-0.035831058674848,1658.51,800.5893,1.2215e-05,8923849278.0,-0.047035694684327556,0.007115477523118113,1.5746850401924264,1.6730776834310999,0.0035323426925030635,0.0035506821700960417,0,2.0,0.0
443,2023-01-21 00:06:59.999,-0.0348296646371153,1664.1,2617.9968,1.225e-05,12622411378.0,-0.04703152448366239,0.007119988942527912,1.7137470219462012,1.5746850401924264,0.0035321492810811276,0.0035506821700960417,0,2.0,0.0
444,2023-01-21 00:07:59.999,-0.033788340596871,1668.08,2984.5184,1.227e-05,17718578167.0,-0.04702699569432073,0.007125298011788191,1.857979143545648,1.7137470219462012,0.003534563979939443,0.0035506821700960417,0,2.0,0.0
445,2023-01-21 00:08:59.999,-0.0319017227420914,1671.23,4067.698,1.227e-05,18963222252.0,-0.047021507587823724,0.0071323770328750495,2.119880199271737,1.857979143545648,0.0035434094254307466,0.0035506821700960417,1,2.0,0.0
446,2023-01-21 00:09:59.999,-0.0304326836984856,1668.615,2313.615,1.2225e-05,19391100130.0,-0.047015291723498755,0.007140975802061382,2.322176756323171,2.119880199271737,0.0035586805957651276,0.0035511873444948132,0,2.5,1.0
447,2023-01-21 00:10:59.999,-0.030349770684257,1665.37,1725.9795,1.2195e-05,15507041390.0,-0.047008822523176265,0.007149735767786204,2.330023427436041,2.322176756323171,0.003574139390755863,0.003551675043639938,0,2.5,0.0
448,2023-01-21 00:11:59.999,-0.0234354285830633,1662.145,3752.6046,1.2065e-05,120312324600.0,-0.04699880513951725,0.007167576789743459,3.287495515942331,2.330023427436041,0.003637616358614981,0.0035531368750175846,1,2.5,0.0
449,2023-01-21 00:12:59.999,-0.0154718757918672,1657.06,3589.4634,1.1905e-05,144241675658.0,-0.04698520142863378,0.0071994448944434,4.377188255317971,3.287495515942331,0.0037879541701635088,0.0035532871840661283,0,2.5,1.0
450,2023-01-21 00:13:59.999,-0.0215847129682629,1657.81,1405.6807,1.2e-05,66647169700.0,-0.04697444299762464,0.007220001603883939,3.5165823253700594,4.377188255317971,0.0038631056886939625,0.0035537367830543094,0,2.5,0.0
451,2023-01-21 00:14:59.999,-0.0251297790846578,1658.195,558.9218,1.2055e-05,43344488715.0,-0.04696516316888332,0.007235175025287355,3.0179482884532294,3.5165823253700594,0.0039066885001544545,0.00355492204249219,0,2.5,0.0
452,2023-01-21 00:15:59.999,-0.0258836319461543,1655.81,428.8614,1.2045e-05,31173901861.0,-0.0469562946936074,0.007249256333549559,2.906872343571135,3.0179482884532294,0.003944099021900353,0.0035554420139961487,0,2.5,0.0
453,2023-01-21 00:16:59.999,-0.0237461147368875,1654.8,697.0301,1.2005e-05,33136954391.0,-0.04694652925593018,0.00726628869559175,3.192883670190218,2.906872343571135,0.0039964210901474615,0.003556342310547916,0,2.5,0.0
454,2023-01-21 00:17:59.999,-0.0232936738911782,1653.84,456.6269,1.199e-05,26777314181.0,-0.04693641142651259,0.007283979676596074,3.2458544072137006,3.192883670190218,0.004051154151047013,0.0035583157634550408,0,2.5,0.0
455,2023-01-21 00:18:59.999,-0.0251029666504152,1654.83,2364.9905,1.2025e-05,23215815100.0,-0.046926807572640866,0.007299069301047791,2.989948447138709,3.2458544072137006,0.004091331730777529,0.003559475944636863,0,2.5,0.0
456,2023-01-21 00:19:59.999,-0.0264378490253989,1655.46,680.0658,1.205e-05,10863687806.0,-0.046917916026716716,0.007312313034981547,2.8007645328287696,2.989948447138709,0.0041221354313928675,0.0035620797700697646,0,2.5,0.0
457,2023-01-21 00:20:59.999,-0.0286908662040517,1658.525,468.2673,1.211e-05,31668423007.0,-0.046909976543588264,0.007322781517141983,2.4880040865465176,2.8007645328287696,0.004140140147343622,0.003563591572321037,0,2.5,0.0
458,2023-01-21 00:21:59.999,-0.0275511635608403,1659.85,657.2485,1.2105e-05,17295267330.0,-0.04690156264033602,0.007334569528902989,2.6382460488297945,2.4880040865465176,0.00416372670149092,0.0035669550645609383,1,2.5,0.0
459,2023-01-21 00:22:59.999,-0.0280392785728373,1659.04,371.4511,1.2105e-05,11541156332.0,-0.046893218395182554,0.007345762758897187,2.5666415376006206,2.6382460488297945,0.0041844019124720215,0.003569525104863717,0,2.5,1.0
460,2023-01-21 00:23:59.999,-0.0279173400770957,1658.11,389.2459,1.2095e-05,17072186820.0,-0.04688504091454525,0.007357042314977977,2.578169327480119,2.5666415376006206,0.004205399214022165,0.0035711068640305716,0,2.5,0.0
461,2023-01-21 00:24:59.999,-0.028157955487142,1659.975,220.3914,1.2115e-05,12056392925.0,-0.046876796924862345,0.007368037363422706,2.540546486727478,2.578169327480119,0.004224884906112089,0.0035740351024119146,0,2.5,0.0
462,2023-01-21 00:25:59.999,-0.0278598026771028,1660.47,150.5727,1.2115e-05,7050820100.0,-0.046868443796687746,0.0073793559430539914,2.5759214308502516,2.540546486727478,0.004245581726835562,0.0035900086327206424,0,2.5,0.0
463,2023-01-21 00:26:59.999,-0.0281800587849971,1661.07,165.5486,1.2125e-05,10309507798.0,-0.04685995264571117,0.007390294892555202,2.5276249638606068,2.5759214308502516,0.00426440033527036,0.003675200811502113,0,2.5,0.0
464,2023-01-21 00:27:59.999,-0.0282836453186803,1662.595,155.4991,1.214e-05,3134623998.0,-0.046851495771220754,0.007401087868066748,2.50880016337255,2.5276249638606068,0.004282459787356871,0.003806742049796122,0,2.5,0.0
465,2023-01-21 00:28:59.999,-0.0270341395162994,1661.275,142.9945,1.211e-05,18520720177.0,-0.0468422754460079,0.007413354871980699,2.6719530188113287,2.50880016337255,0.004306557316488012,0.0038740013915590857,0,2.5,0.0
466,2023-01-21 00:29:59.999,-0.0266678329516523,1660.75,89.435,1.21e-05,5760420209.0,-0.04683307507036217,0.0074260442619083385,2.7154756162910108,2.6719530188113287,0.004332266210806618,0.003916041130590929,0,2.5,0.0
467,2023-01-21 00:30:59.999,-0.0273127317222972,1661.9450000000002,151.0,1.212e-05,6715059858.0,-0.0468241322162136,0.007437905844326623,2.6232384359636685,2.7154756162910108,0.004354197097737439,0.00395717953896213,0,2.5,0.0
468,2023-01-21 00:31:59.999,-0.0276474115609062,1661.955,97.9941,1.2125e-05,7879569218.0,-0.046816005791716075,0.007449255660874971,2.5732227625757687,2.6232384359636685,0.004374149002778373,0.004010104355372349,0,2.5,0.0
469,2023-01-21 00:32:59.999,-0.0280696860479281,1662.385,183.6128,1.2135e-05,7949955194.0,-0.046808307422705156,0.007460024842963728,2.5118711759319763,2.5732227625757687,0.004391817473054806,0.004061198545979642,0,2.5,0.0
470,2023-01-21 00:33:59.999,-0.0292013202848693,1663.895,377.4982,1.2165e-05,6933484865.0,-0.04680150271745236,0.007469372691198415,2.3563133291397222,2.5118711759319763,0.00440433745259754,0.004099032655931364,0,2.5,0.0
471,2023-01-21 00:34:59.999,-0.0286514162098043,1664.245,124.8224,1.216e-05,9138310690.0,-0.046794355195167996,0.007479343923561688,2.4257393657496054,2.3563133291397222,0.004418989647828366,0.004126636610380556,0,2.5,0.0
472,2023-01-21 00:35:59.999,-0.0289158353156224,1663.805,60.8451,1.216e-05,4058173254.0,-0.04678740325457095,0.00748897365071826,2.3863841391983676,2.4257393657496054,0.004432338407116288,0.004146036785880446,0,2.5,0.0
473,2023-01-21 00:36:59.999,-0.0281960185552563,1662.175,267.5117,1.2135e-05,14695052147.0,-0.046780193971580245,0.0074993647831056625,2.4780999396361945,2.3863841391983676,0.004448598296498048,0.004168895504236195,0,2.5,0.0
474,2023-01-21 00:37:59.999,-0.027148516043951,1661.085,456.9661,1.211e-05,11668025667.0,-0.046772650506626524,0.0075109043829557735,2.61275253446281,2.4780999396361945,0.004469526599630415,0.0041896512378595575,1,2.5,0.0
475,2023-01-21 00:38:59.999,-0.0277689585859377,1662.885,141.3241,1.2135e-05,8453020138.0,-0.04676507770362934,0.00752180692833327,2.525472841656801,2.61275253446281,0.00448723511858161,0.004210270637044646,0,2.5,1.0
476,2023-01-21 00:39:59.999,-0.0277984501049921,1662.27,814.9628,1.213e-05,11973256804.0,-0.04675720352832381,0.007532747498121462,2.516844408771129,2.525472841656801,0.004504573210561062,0.004230059111292957,0,2.5,0.0
477,2023-01-21 00:40:59.999,-0.0276594456534908,1661.935,204.3097,1.2125e-05,5372311676.0,-0.046749190419595334,0.007543844647946966,2.5305060823726993,2.516844408771129,0.004522309486593688,0.004250286378944262,0,2.5,0.0
478,2023-01-21 00:41:59.999,-0.0274917241398071,1660.515,167.835,1.211e-05,5087099512.0,-0.04674133709850275,0.007555050183899489,2.547913314953004,2.5305060823726993,0.004540573612667203,0.004268915198291988,0,2.5,0.0
479,2023-01-21 00:42:59.999,-0.0266968152205002,1660.135,108.8752,1.2095e-05,6675603126.0,-0.046733217815467264,0.007567153923121782,2.6478122155999664,2.547913314953004,0.00456235786965971,0.004288484169639657,0,2.5,0.0
480,2023-01-21 00:43:59.999,-0.0270994175548722,1660.6,161.6924,1.2105e-05,6329880029.0,-0.046725336798829176,0.007578724594852345,2.589607129580534,2.6478122155999664,0.0045819143523765805,0.004312984540067663,0,2.5,0.0
481,2023-01-21 00:44:59.999,-0.0272611144329246,1659.765,135.4844,1.21e-05,6869266763.0,-0.04671802696326959,0.007589871988205212,2.5635363232188055,2.589607129580534,0.004600460600316085,0.004337748932539323,0,2.5,0.0
482,2023-01-21 00:45:59.999,-0.0278199894413475,1659.97,253.6576,1.211e-05,1998463873.0,-0.046711536365149325,0.0076000287905349595,2.4857204419184926,2.5635363232188055,0.004616290808900398,0.004359185073997672,0,2.5,0.0
483,2023-01-21 00:46:59.999,-0.0284803014454695,1659.44,130.5686,1.2115e-05,3562038213.0,-0.046704913741674216,0.00760967379198873,2.3949268778631643,2.4857204419184926,0.004629199303861418,0.0043785661203474815,0,2.5,0.0
484,2023-01-21 00:47:59.999,-0.0275887066014597,1658.655,126.4961,1.2095e-05,4062502005.0,-0.04669762368141589,0.007620433421119559,2.5075892700534608,2.3949268778631643,0.0046456367172103335,0.00439494746794049,1,2.5,0.0
485,2023-01-21 00:48:59.999,-0.0270159322260923,1657.9050000000002,133.9243,1.208e-05,8291018382.0,-0.04669121627452468,0.00763115346311065,2.5782844157889913,2.5075892700534608,0.004664398133044196,0.004408000501405246,0,2.5,1.0
486,2023-01-21 00:49:59.999,-0.0263817463136284,1657.255,217.7753,1.2065e-05,4657344892.0,-0.04668466063473339,0.007642507068215637,2.656577761706315,2.5782844157889913,0.004685863059373089,0.0044223268376503465,0,2.5,0.0
487,2023-01-21 00:50:59.999,-0.0271818179734175,1657.63,189.8454,1.208e-05,6888558236.0,-0.04667791408580963,0.007653280874487432,2.5474167787808852,2.656577761706315,0.004703373399308414,0.004436403379461728,0,2.5,0.0
488,2023-01-21 00:51:59.999,-0.0279256550281417,1657.53,134.845,1.209e-05,2216800966.0,-0.0466710671599077,0.007663432016285004,2.4460857866203396,2.5474167787808852,0.0047175242425397034,0.00445383037228114,0,2.5,0.0
489,2023-01-21 00:52:59.999,-0.0279128282180671,1656.985,220.1313,1.2085e-05,7378910083.0,-0.04666486210603843,0.007673185630087266,2.44383946798353,2.4460857866203396,0.004731549890682252,0.004473953729368214,0,2.5,0.0
490,2023-01-21 00:53:59.999,-0.0279105724586123,1657.555,572.1119,1.209e-05,4574340961.0,-0.04665886979323525,0.007682769296965992,2.440304610217419,2.44383946798353,0.004745409860210821,0.004491569641576473,0,2.5,0.0
491,2023-01-21 00:54:59.999,-0.0275990544524091,1657.505,720.3544,1.2085e-05,3319674143.0,-0.04665343496259353,0.007692092531959939,2.4771387539886227,2.440304610217419,0.004760356251346039,0.004509007279569218,0,2.5,0.0
492,2023-01-21 00:55:59.999,-0.0282877049587781,1656.9299999999998,597.8976,1.209e-05,5979671368.0,-0.04664800277232761,0.007700912382198962,2.3841717581400155,2.4771387539886227,0.004772408450787066,0.004526875518112067,0,2.5,0.0
493,2023-01-21 00:56:59.999,-0.0287012056098241,1656.245,276.2479,1.209e-05,3585845862.0,-0.04664250769514371,0.00770947704500249,2.327174979650493,2.3841717581400155,0.004782794243557895,0.00454601967691533,0,2.5,0.0
494,2023-01-21 00:57:59.999,-0.0285920027905248,1655.86,292.4031,1.2085e-05,3260765773.0,-0.04663707419934544,0.007718056235621872,2.338033159895301,2.327174979650493,0.004793446290319228,0.004567246990338928,0,2.5,0.0
495,2023-01-21 00:58:59.999,-0.0278862304317151,1655.33,438.375,1.207e-05,9104643299.0,-0.04663109973974582,0.00772756813475849,2.4257138832224037,2.338033159895301,0.00480660627663547,0.004586550914361456,0,2.5,0.0
496,2023-01-21 00:59:59.999,-0.0269937402783817,1654.54,452.8067,1.205e-05,9498129565.0,-0.046624280169760814,0.007738387774595522,2.5367738685601324,2.4257138832224037,0.004823212460458415,0.004604418152462163,1,2.5,0.0
497,2023-01-21 01:00:59.999,-0.0272782080665265,1655.77,230.2062,1.2065e-05,5709807197.0,-0.046617613625644684,0.007748841676206973,2.4957801910575035,2.5367738685601324,0.004838433019795519,0.004619517932640653,0,2.5,1.0
498,2023-01-21 01:01:59.999,-0.0289069074635079,1656.47,200.6556,1.2095e-05,3728400758.0,-0.046611310992751,0.007757702861439618,2.282170875252838,2.4957801910575035,0.00484741455697982,0.004633308657198647,0,2.5,0.0
499,2023-01-21 01:02:59.999,-0.0302744916589503,1657.0300000000002,285.6279,1.212e-05,8655752103.0,-0.046605507460842445,0.00776522965452642,2.103095018235894,2.282170875252838,0.0048520754328967835,0.004650327071168799,0,2.5,0.0
500,2023-01-21 01:03:59.999,-0.0306909860498407,1656.34,235.2556,1.212e-05,5256716169.0,-0.04660060745574282,0.007771928225458694,2.0470623176609615,2.103095018235894,0.004855550386717052,0.004669764364626419,0,2.5,0.0
501,2023-01-21 01:04:59.999,-0.0310683952458958,1655.715,48.0725,1.212e-05,1276798688.0,-0.046596058304341645,0.007778140118002613,1.9963208199999964,2.0470623176609615,0.004858022447279385,0.00469024064435692,0,2.5,0.0
502,2023-01-21 01:05:59.999,-0.0317066179826639,1656.35,141.2985,1.2135e-05,13937571025.0,-0.046592226755789445,0.007783433547646411,1.9124732911257039,1.9963208199999964,0.004858981297886301,0.004706911110116237,0,2.5,0.0
503,2023-01-21 01:06:59.999,-0.0322481796048883,1656.58,129.822,1.2145e-05,1670775851.0,-0.04658862410871345,0.007788269583685003,1.8412876377399354,1.9124732911257039,0.004858798370673137,0.00472103065457534,0,2.5,0.0
504,2023-01-21 01:07:59.999,-0.0310623555773545,1655.725,166.7757,1.212e-05,5228603023.0,-0.04658443939500077,0.0077941802663046315,1.9914966407372545,1.8412876377399354,0.004861184827079357,0.004735014883064394,0,2.5,0.0
505,2023-01-21 01:08:59.999,-0.0306979597016479,1654.635,368.918,1.2105e-05,7245148353.0,-0.04657997006755357,0.007800518191153532,2.0360199126151977,1.9914966407372545,0.0048644380217928215,0.004749146457994626,0,2.5,0.0
506,2023-01-21 01:09:59.999,-0.0303357532328618,1653.54,1558.871,1.209e-05,3146933255.0,-0.04657519695342652,0.007807299265028645,2.0800334621866368,2.0360199126151977,0.0048685937423645345,0.004763369301206296,0,2.5,0.0
507,2023-01-21 01:10:59.999,-0.0302722995949906,1653.08,189.386,1.2085e-05,6342199690.0,-0.04657046764026332,0.007814076466927774,2.0857446320435864,2.0800334621866368,0.004872865314922079,0.004775004898979774,0,2.5,0.0
508,2023-01-21 01:11:59.999,-0.030030408070953,1654.61,296.1564,1.2095e-05,5234021077.0,-0.0465658744090223,0.007820878683352718,2.114272194666079,2.0857446320435864,0.004877744126524254,0.004785457255248229,0,2.5,0.0
509,2023-01-21 01:12:59.999,-0.0297887600021979,1655.5749999999998,87.4532,1.21e-05,15033193055.0,-0.046561336049029296,0.007827765649019729,2.142702885967444,2.114272194666079,0.0048832438508127525,0.004796736286898288,0,2.5,0.0
510,2023-01-21 01:13:59.999,-0.0301965564721058,1654.9,110.9888,1.21e-05,2750642040.0,-0.04655676390833623,0.007834435821707836,2.08824321349333,2.142702885967444,0.0048875429183924774,0.004810757822591207,0,2.5,0.0
511,2023-01-21 01:14:59.999,-0.0295615347385549,1653.69,143.9828,1.208e-05,5034007449.0,-0.0465520989722877,0.00784155093588234,2.166735174286157,2.08824321349333,0.004893570428570002,0.004827017600292691,0,2.5,0.0
512,2023-01-21 01:15:59.999,-0.0298701940243653,1654.31,233.8529,1.209e-05,2836273731.0,-0.04654821447541061,0.00784773309201677,2.125202304345861,2.166735174286157,0.004898642270813324,0.0048406784040915946,0,2.5,0.0
513,2023-01-21 01:16:59.999,-0.0308547649619299,1654.94,178.4333,1.211e-05,8920863006.0,-0.04654425361628863,0.007853491651850529,1.9977723730898467,2.125202304345861,0.004901100399156714,0.004848579775959061,0,2.5,0.0
514,2023-01-21 01:17:59.999,-0.031718557308654,1654.075,162.5607,1.2115e-05,4976792064.0,-0.046540645658509204,0.007858510137730517,1.8861193903270475,1.9977723730898467,0.004901606697716176,0.004852944171351851,0,2.5,0.0
515,2023-01-21 01:18:59.999,-0.0318583258734292,1653.2800000000002,297.9621,1.211e-05,1871373009.0,-0.04653705661551872,0.007863443024622996,1.8667052964109545,1.8861193903270475,0.004901809878282265,0.004856168401857635,0,2.5,0.0
516,2023-01-21 01:19:59.999,-0.0332957085779952,1653.72,330.6408,1.2135e-05,6931097955.0,-0.046534202319988394,0.007867129080490693,1.6827604589357361,1.8667052964109545,0.0048995641267873015,0.0048582164281278225,0,2.5,0.0
517,2023-01-21 01:20:59.999,-0.0335272970386242,1655.025,344.3077,1.215e-05,11720720971.0,-0.0465318932642485,0.00787021381037356,1.65238156662062,1.6827604589357361,0.004897002305659518,0.004858844102476428,0,2.5,0.0
518,2023-01-21 01:21:59.999,-0.0329504328982892,1655.98,226.6834,1.215e-05,2483246710.0,-0.046529109595534,0.007873952807323207,1.7245057253347886,1.65238156662062,0.00489525959004222,0.004859532180184565,0,2.5,0.0
519,2023-01-21 01:22:59.999,-0.0334730103493328,1656.24,458.5308,1.216e-05,7393299573.0,-0.046526934389988686,0.00787690976195613,1.6572392518324481,1.7245057253347886,0.0048927667790707756,0.004861998125757723,0,2.5,0.0
520,2023-01-21 01:23:59.999,-0.0334473682091207,1656.845,383.0289,1.2165e-05,2087446238.0,-0.04652461623017056,0.007880021289652544,1.6595447576038822,1.6572392518324481,0.004890307691404954,0.0048654769519357495,0,2.5,0.0
521,2023-01-21 01:24:59.999,-0.0344290478145588,1656.905,1064.1609,1.218e-05,5247834445.0,-0.04652265505349737,0.007882503850319189,1.5342342317344835,1.6595447576038822,0.004886737447659657,0.004869661635503921,0,2.5,0.0
522,2023-01-21 01:25:59.999,-0.0335514456132948,1657.235,197.359,1.217e-05,3600124297.0,-0.04652059401065205,0.007885312655842183,1.6447221516002255,1.5342342317344835,0.004884146376225615,0.004874085017822623,0,2.5,0.0
523,2023-01-21 01:26:59.999,-0.0328952662100938,1657.76,52.1482,1.2165e-05,10092423990.0,-0.04651833294804095,0.00788851844224027,1.7269487087715185,1.6447221516002255,0.004882476886047352,0.004878927316405028,0,2.5,0.0
524,2023-01-21 01:27:59.999,-0.0328922500965056,1657.765,209.2463,1.2165e-05,9672206929.0,-0.04651610251369387,0.007891689094003283,1.7263544286787385,1.7269487087715185,0.004880806390591617,0.0048812240144555505,0,2.0,0.0
525,2023-01-21 01:28:59.999,-0.0330789558340498,1656.33,176.6343,1.2155e-05,1059429153.0,-0.046513706127778595,0.007894982459413788,1.7016820952793275,1.7263544286787385,0.004878852904893643,0.0048812240144555505,0,2.0,0.0
526,2023-01-21 01:29:59.999,-0.032551141420253,1655.515,68.0274,1.214e-05,2383171426.0,-0.04651104898406872,0.007898714551405835,1.7673644835451232,1.7016820952793275,0.004877712510989276,0.0048812240144555505,0,2.0,0.0
527,2023-01-21 01:30:59.999,-0.032157410496282,1655.04,526.5076,1.213e-05,3755305569.0,-0.04650819257633738,0.007902788084767822,1.8159138175191234,1.7673644835451232,0.004877240270556336,0.0048812240144555505,0,2.0,0.0
528,2023-01-21 01:31:59.999,-0.0319640803845189,1655.36,291.345,1.213e-05,1684345544.0,-0.04650412564090596,0.00790800964727232,1.838647890547567,1.8159138175191234,0.004877107376168501,0.0048812240144555505,0,2.0,0.0
529,2023-01-21 01:32:59.999,-0.0321365099778532,1656.765,288.4512,1.2145e-05,2489041108.0,-0.04649929967268571,0.007913593511860233,1.8149516617585622,1.838647890547567,0.00487664348617041,0.0048812240144555505,0,2.0,0.0
530,2023-01-21 01:33:59.999,-0.0324191666610431,1656.86,205.4603,1.215e-05,5353407543.0,-0.04649445819524866,0.007919005362510811,1.7774064910776657,1.8149516617585622,0.004875676679115824,0.0048812240144555505,0,2.0,0.0
531,2023-01-21 01:34:59.999,-0.0336254333059642,1656.55,120.959,1.2165e-05,5016352119.0,-0.04649046660296215,0.007923316914792157,1.6236928846024101,1.7774064910776657,0.0048729658468864845,0.0048812240144555505,0,2.0,0.0
532,2023-01-21 01:35:59.999,-0.033899794288736,1657.22,352.3122,1.2175e-05,3038633729.0,-0.04648669772599348,0.007927367819208428,1.5877784056845143,1.6236928846024101,0.004869941605046089,0.0048812240144555505,0,2.0,0.0
533,2023-01-21 01:36:59.999,-0.0336103418137945,1656.575,38.6554,1.2165e-05,1884758408.0,-0.04648266724372733,0.007931699149865964,1.6228963286070117,1.5877784056845143,0.00486725322285998,0.0048812240144555505,0,2.0,0.0
534,2023-01-21 01:37:59.999,-0.0334035783782944,1656.355,120.6388,1.216e-05,7747583362.0,-0.04647840659021061,0.007936250584440656,1.6474817765394083,1.6228963286070117,0.004864822628709745,0.0048812240144555505,0,2.0,0.0
535,2023-01-21 01:38:59.999,-0.0336858015522842,1656.45,57.1103,1.2165e-05,3400111233.0,-0.046473740087825274,0.007940806528211839,1.6104080221711112,1.6474817765394083,0.004862047483902037,0.0048812240144555505,0,2.0,0.0
536,2023-01-21 01:39:59.999,-0.0344139595557884,1656.93,148.0584,1.218e-05,4725988078.0,-0.04646933459665405,0.007944855277608768,1.5173813266104017,1.6104080221711112,0.00485852930683355,0.0048812240144555505,0,2.0,0.0
537,2023-01-21 01:40:59.999,-0.0343837837211964,1656.98,92.5992,1.218e-05,6913423656.0,-0.046465293322669646,0.00794878067384124,1.5199198590586933,1.5173813266104017,0.004855044681121655,0.0048812240144555505,0,2.0,0.0
538,2023-01-21 01:41:59.999,-0.0345920155171342,1656.635,55.4512,1.218e-05,5242570392.0,-0.046461564312099586,0.007952459715669869,1.4925632092894625,1.5199198590586933,0.004851389585048267,0.0048812240144555505,0,2.0,0.0
539,2023-01-21 01:42:59.999,-0.0342667478287879,1656.05,728.6579,1.217e-05,581260663.0,-0.04645749442265323,0.007956449197659428,1.5321843062168379,1.4925632092894625,0.004848025209427984,0.0048812240144555505,0,2.0,0.0
540,2023-01-21 01:43:59.999,-0.0341253024543561,1655.16,70.6077,1.216e-05,9002271590.0,-0.04645287773321222,0.007960709294264581,1.5485523743138963,1.5321843062168379,0.004844802069102147,0.0048812240144555505,0,2.0,0.0
541,2023-01-21 01:44:59.999,-0.034584578015675,1654.4,37.7883,1.216e-05,2951380559.0,-0.04644853436125621,0.007964623176430858,1.4895816264967026,1.5485523743138963,0.004841173871839303,0.0048812240144555505,0,2.0,0.0
542,2023-01-21 01:45:59.999,-0.034590622521371,1654.39,173.0854,1.216e-05,2709295672.0,-0.046444265145776556,0.007968505724673348,1.4875615371276485,1.4895816264967026,0.004837548375880496,0.0048812240144555505,0,2.0,0.0
543,2023-01-21 01:46:59.999,-0.035200126136754,1654.505,160.8962,1.217e-05,2017094598.0,-0.04644020206563383,0.007971999751107562,1.4099443401661207,1.4875615371276485,0.004833514316100711,0.0048812240144555505,0,2.0,0.0
544,2023-01-21 01:47:59.999,-0.0350934143710546,1654.12,804.69,1.2165e-05,6303601109.0,-0.04643637022039292,0.007975462886598037,1.42223166361905,1.4099443401661207,0.004829552667973968,0.0048812240144555505,0,2.0,0.0
545,2023-01-21 01:48:59.999,-0.0341031145947319,1653.51,165.798,1.2145e-05,8955995402.0,-0.0464320409138662,0.007979617393556817,1.545052314048209,1.42223166361905,0.004826384786762376,0.0048812240144555505,0,2.0,0.0
546,2023-01-21 01:49:59.999,-0.0332836147053541,1653.74,290.6995,1.2135e-05,8070796125.0,-0.04642771713097545,0.007984209135555425,1.6462622912879121,1.545052314048209,0.004824149497695723,0.0048812240144555505,0,2.0,0.0
547,2023-01-21 01:50:59.999,-0.0325068748158017,1653.335,864.0346,1.212e-05,5066381386.0,-0.04642312716576453,0.00798935919897184,1.7418483764947914,1.6462622912879121,0.004823024029070582,0.0048812240144555505,0,2.0,0.0
548,2023-01-21 01:51:59.999,-0.032509899010872,1653.33,224.7348,1.212e-05,6381932684.0,-0.04641869554964023,0.007994419067390514,1.739813289936557,1.7418483764947914,0.004821885708165283,0.0048812240144555505,0,2.0,0.0
549,2023-01-21 01:52:59.999,-0.0316345533705089,1653.65,96.881,1.211e-05,1149332157.0,-0.04641371236766203,0.0080002761322981,1.8473311111710065,1.739813289936557,0.004822253422063265,0.0048812240144555505,0,2.0,0.0
550,2023-01-21 01:53:59.999,-0.0315534990685861,1653.2199999999998,79.2195,1.2105e-05,1022210332.0,-0.04640849769062835,0.008006287332839916,1.8554166250205042,1.8473311111710065,0.004822756740858366,0.0048812240144555505,0,2.0,0.0
551,2023-01-21 01:54:59.999,-0.0318250592246016,1653.335,227.8227,1.211e-05,3658414666.0,-0.04640356591968042,0.008011986057289953,1.8195871274406576,1.8554166250205042,0.004822735477286788,0.0048812240144555505,0,2.0,0.0
552,2023-01-21 01:55:59.999,-0.0320692679548066,1653.495,144.3474,1.2115e-05,3195098682.0,-0.046397989662249756,0.008017767053317668,1.7871212286610496,1.8195871274406576,0.0048222695909636406,0.0048812240144555505,0,2.0,0.0
553,2023-01-21 01:56:59.999,-0.0315952471554332,1653.715,48.0355,1.211e-05,3137877147.0,-0.04639192396905515,0.008024005074045718,1.8440512782678784,1.7871212286610496,0.004822641411865282,0.0048812240144555505,0,2.0,0.0
554,2023-01-21 01:57:59.999,-0.0307377734667504,1653.44,203.5397,1.2095e-05,5098516841.0,-0.04638535659626023,0.008031006534032674,1.9483962643039443,1.8440512782678784,0.004824739703767572,0.0048812240144555505,0,2.0,0.0
555,2023-01-21 01:58:59.999,-0.0304718341921699,1653.315,154.9907,1.209e-05,8012034111.0,-0.04637869631909094,0.008038232545754472,1.9789004655410865,1.9483962643039443,0.004827400812310456,0.0048812240144555505,0,2.0,0.0
556,2023-01-21 01:59:59.999,-0.0308227060821586,1652.735,249.1173,1.209e-05,3825616469.0,-0.04637205291665553,0.008045153607762649,1.9327594714280656,1.9789004655410865,0.0048292503226804485,0.0048812240144555505,0,2.0,0.0
557,2023-01-21 02:00:59.999,-0.0311400461616422,1652.775,160.8431,1.2095e-05,6945976963.0,-0.046365297397343797,0.00805181191770556,1.890909945651112,1.9327594714280656,0.0048304109585800776,0.0048812240144555505,0,2.0,0.0
558,2023-01-21 02:01:59.999,-0.031097318553499,1653.41,236.4871,1.21e-05,2011153155.0,-0.04635846021512639,0.00805850077042141,1.8937941555634212,1.890909945651112,0.004831633820824935,0.0048812240144555505,0,2.0,0.0
559,2023-01-21 02:02:59.999,-0.0315498957500608,1653.79,144.3437,1.211e-05,3563868283.0,-0.04635150466947641,0.008064793215609307,1.8353364461679287,1.8937941555634212,0.004831955999966693,0.0048812240144555505,0,2.0,0.0
560,2023-01-21 02:03:59.999,-0.0314797816523615,1654.47,128.1992,1.2114999999999998e-05,2917830930.0,-0.04634464921039045,0.008071135817277426,1.8417318075863078,1.8353364461679287,0.004832390811213648,0.0048812240144555505,0,2.0,0.0
561,2023-01-21 02:04:59.999,-0.0310446916362536,1655.19,120.9243,1.2114999999999998e-05,898595892.0,-0.04633770230685566,0.008077841254180401,1.8932051509043586,1.8417318075863078,0.004833653333590235,0.0048812240144555505,0,2.0,0.0
562,2023-01-21 02:05:59.999,-0.0312254394330153,1655.455,112.7522,1.212e-05,2640236335.0,-0.04633097234564395,0.008084370871316894,1.8684858912426479,1.8932051509043586,0.004834532711899284,0.0048812240144555505,0,2.0,0.0
563,2023-01-21 02:06:59.999,-0.0311897006089374,1654.9499999999998,55.217,1.2114999999999998e-05,1903402160.0,-0.04632455316723158,0.008090883486323587,1.8706056741364963,1.8684858912426479,0.0048354601700525334,0.0048812240144555505,0,2.0,0.0
564,2023-01-21 02:07:59.999,-0.0318380018428321,1655.005,85.7858,1.2125e-05,2544980476.0,-0.04631874079983364,0.008096776612640477,1.788457265128766,1.8706056741364963,0.0048351787594782866,0.0048812240144555505,0,2.0,0.0
565,2023-01-21 02:08:59.999,-0.0321323432694775,1655.645,176.3082,1.2135000000000002e-05,418891087.0,-0.04631317269667182,0.008102393165714901,1.7502025805412886,1.788457265128766,0.004834397709997723,0.0048812240144555505,0,2.0,0.0
566,2023-01-21 02:09:59.999,-0.0321918012133117,1656.11,612.4965,1.214e-05,2442063066.0,-0.04630746485064493,0.00810799456875819,1.7409562275391564,1.7502025805412886,0.004833512858847838,0.0048812240144555505,0,2.0,0.0
567,2023-01-21 02:10:59.999,-0.0322380478434141,1655.47,197.7725,1.2135e-05,2733548122.0,-0.0463016750169573,0.008113572189721618,1.7333459103696873,1.7409562275391564,0.004832546991405673,0.0048812240144555505,0,2.0,0.0
568,2023-01-21 02:11:59.999,-0.0328683135764045,1654.99,76.5917,1.214e-05,819212265.0,-0.04629619823476512,0.008118643813029874,1.6539566173367253,1.7333459103696873,0.004830671256690996,0.0048812240144555505,0,2.0,0.0
569,2023-01-21 02:12:59.999,-0.0325008476292474,1655.035,68.2108,1.2135e-05,2032896224.0,-0.04629066388294923,0.008123969758258557,1.6974233858617662,1.6539566173367253,0.004829299572633295,0.0048793412763181365,0,2.0,0.0
570,2023-01-21 02:13:59.999,-0.0319105118054281,1654.8850000000002,26.0762,1.2125e-05,381784183.0,-0.04628482124759725,0.008129769484353924,1.7681078743786156,1.6974233858617662,0.0048288357247507855,0.004877997609465368,0,2.0,0.0
571,2023-01-21 02:14:59.999,-0.0319105118054281,1654.8850000000002,29.8895,1.2125e-05,666841894.0,-0.04627886761122728,0.008135583098223919,1.7661125984855266,1.7681078743786156,0.004828360287567306,0.00487735833066457,0,2.0,0.0
572,2023-01-21 02:15:59.999,-0.0315698149386349,1654.8850000000002,39.7704,1.212e-05,3844744683.0,-0.046272519246787304,0.008141706035048484,1.8058505483813934,1.7661125984855266,0.004828454115792102,0.00487714059976546,0,2.0,0.0
573,2023-01-21 02:16:59.999,-0.0308638287757112,1654.9250000000002,86.4734,1.211e-05,1605093163.0,-0.046265676765562376,0.008148439572432048,1.890159195873403,1.8058505483813934,0.004829864748102326,0.004876759458669933,0,2.0,0.0
574,2023-01-21 02:17:59.999,-0.0306130935613566,1655.34,213.6207,1.211e-05,1567635129.0,-0.04625899633527795,0.008155351495661349,1.9184829473315743,1.890159195873403,0.004831764903408155,0.00487591838087947,0,2.0,0.0
575,2023-01-21 02:18:59.999,-0.0303322239509604,1655.805,245.5997,1.211e-05,1180636802.0,-0.04625204630250614,0.008162521577976221,1.950355928552759,1.9184829473315743,0.004834237237093391,0.00487364355494382,0,2.0,0.0
576,2023-01-21 02:19:59.999,-0.0302506959347184,1655.94,55.743,1.211e-05,1808914852.0,-0.04624509772680583,0.008169748636016333,1.9577593515639045,1.950355928552759,0.004836855598533811,0.004870697665506188,0,2.0,0.0
577,2023-01-21 02:20:59.999,-0.0308570285480449,1656.065,52.8518,1.212e-05,1374524049.0,-0.04623837646899844,0.008176430963356327,1.881181164482025,1.9577593515639045,0.004838171221295241,0.004867925318406507,0,2.0,0.0
578,2023-01-21 02:21:59.999,-0.030371279753016,1656.305,86.864,1.2115e-05,2078651218.0,-0.04623170710152527,0.008183492409512515,1.9381000867151859,1.881181164482025,0.00484046526083161,0.004865430277247304,0,2.0,0.0
579,2023-01-21 02:22:59.999,-0.0300423767527497,1656.285,41.5371,1.211e-05,4024083718.0,-0.0462247166106387,0.008190866208307128,1.9756567188799845,1.9381000867151859,0.004843451543871228,0.004862741270103964,0,2.0,0.0
580,2023-01-21 02:23:59.999,-0.0298974993187002,1655.96,93.9036,1.2105e-05,879318012.0,-0.04621714598002955,0.008198392975616219,1.9905909255469318,1.9756567188799845,0.004846730655112192,0.004859408851100672,0,2.0,0.0
581,2023-01-21 02:24:59.999,-0.0308328751984277,1656.105,77.9083,1.212e-05,3444844464.0,-0.04620933808331416,0.008205007214596194,1.874034048078921,1.9905909255469318,0.00484798242379677,0.004855915837549629,0,2.0,0.0
582,2023-01-21 02:25:59.999,-0.0304585728604038,1656.725,80.9476,1.212e-05,2300155452.0,-0.046201667194065266,0.00821198084568015,1.9170885355806695,1.874034048078921,0.004849966790216031,0.004852303359066614,0,2.0,0.0
583,2023-01-21 02:26:59.999,-0.0303529483554214,1656.9,180.1157,1.212e-05,1055934554.0,-0.04619379753734831,0.0082190171795944,1.9273410476930823,1.9170885355806695,0.004852143904470236,0.0048515781649037595,0,2.5,0.0
584,2023-01-21 02:27:59.999,-0.030744947159782,1656.815,45.6313,1.2125e-05,413547516.0,-0.04618528010014199,0.008225487166530347,1.8771329439533961,1.9273410476930823,0.004853492325038867,0.0048515781649037595,0,2.5,0.0
585,2023-01-21 02:28:59.999,-0.0314229017814717,1656.8200000000002,36.7497,1.2135e-05,2790646949.0,-0.046176838264826554,0.008231274475747235,1.7924243113051443,1.8771329439533961,0.004853567983947546,0.0048515781649037595,0,2.5,0.0
586,2023-01-21 02:29:59.999,-0.0323889895515847,1656.91,34.9014,1.215e-05,2979958120.0,-0.04616914316315197,0.008236389655790514,1.6730817976635262,1.7924243113051443,0.004852133298601824,0.004851575513436656,0,2.5,0.0
587,2023-01-21 02:30:59.999,-0.0321274562302811,1656.78,115.3538,1.2145e-05,3311913050.0,-0.046161172345986975,0.00824164214133244,1.7027815422033143,1.6730817976635262,0.004851065358217692,0.004851146414925336,0,2.0,0.0
588,2023-01-21 02:31:59.999,-0.0321817799453114,1656.69,75.8573,1.2145e-05,3472255045.0,-0.04615426240956682,0.00824710111892982,1.6942295556658034,1.7027815422033143,0.004849911542618008,0.004850241432216447,0,2.0,0.0
589,2023-01-21 02:32:59.999,-0.0315255132432632,1656.65,33.4587,1.2135000000000002e-05,2102164176.0,-0.046147338041871926,0.008253099621381606,1.7716767601747387,1.6942295556658034,0.0048497701718630696,0.004849925354517514,0,2.0,0.0
590,2023-01-21 02:33:59.999,-0.0310588516207062,1656.295,60.3695,1.2125e-05,2657330791.0,-0.04614018665993352,0.008259475890593025,1.825943345437199,1.7716767601747387,0.004850429094789477,0.004849925354517514,0,2.5,0.0
591,2023-01-21 02:34:59.999,-0.0309208464546522,1655.395,483.1395,1.2114999999999998e-05,275538164.0,-0.04613269646594418,0.008265935821936951,1.8403058454580885,1.825943345437199,0.0048513237592469425,0.004849925354517514,0,2.5,0.0
592,2023-01-21 02:35:59.999,-0.0311927218528111,1654.9450000000002,269.8813,1.2114999999999998e-05,2602888003.0,-0.04612516481390948,0.008272131283838632,1.8051506254829492,1.8403058454580885,0.0048517058504499,0.004849925354517514,0,2.5,0.0
593,2023-01-21 02:36:59.999,-0.0315335593001222,1654.9450000000002,274.4715,1.212e-05,2527552583.0,-0.04611801782109709,0.008278064107234837,1.7618199535599646,1.8051506254829492,0.004851492326486361,0.004849925354517514,0,2.5,0.0
594,2023-01-21 02:37:59.999,-0.0316929976888111,1655.245,93.6674,1.2125e-05,606511760.0,-0.04611129988374777,0.008283877758768217,1.7405257072601494,1.7618199535599646,0.0048510102158198865,0.004849925354517514,0,2.5,0.0
595,2023-01-21 02:38:59.999,-0.0306493405483294,1655.28,165.6564,1.211e-05,1768348130.0,-0.04610349999804265,0.008290498318342315,1.8640808858885707,1.7405257072601494,0.00485234909766769,0.004849925354517514,0,2.5,0.0
596,2023-01-21 02:39:59.999,-0.0299034979986565,1654.8200000000002,305.4092,1.2095e-05,1842097612.0,-0.04609623567900082,0.008297812341023603,1.9514466000019004,1.8640808858885707,0.004855198730894142,0.004849925354517514,0,2.5,0.0
597,2023-01-21 02:40:59.999,-0.0287051335402068,1653.975,722.357,1.207e-05,16315975333.0,-0.04608916567754864,0.008306117171598449,2.0929192037868174,1.9514466000019004,0.004860868178536392,0.004849925354517514,0,2.5,0.0
598,2023-01-21 02:41:59.999,-0.0274853391641336,1653.16,395.1124,1.2045e-05,7922828864.0,-0.046081195008359464,0.008315699648551498,2.236234668175522,2.0929192037868174,0.004869875299270563,0.004849925354517514,0,2.5,0.0
599,2023-01-21 02:42:59.999,-0.0272815161689692,1652.93,429.2279,1.204e-05,2037903938.0,-0.046072983051984366,0.008325496696430056,2.2570985934176013,2.236234668175522,0.00487940615669316,0.004850082366359393,0,2.5,0.0
600,2023-01-21 02:43:59.999,-0.0281587346298337,1653.18,317.3392,1.2055e-05,5089196843.0,-0.04606454680419239,0.008334407858479154,2.1484204371090265,2.2570985934176013,0.004886314337147552,0.00485057437504708,0,2.5,0.0
601,2023-01-21 02:44:59.999,-0.0287378086731848,1653.355,196.1169,1.2065e-05,3532146971.0,-0.04605696715281702,0.008342713213399763,2.075962344218523,2.1484204371090265,0.0048916353145572805,0.0048510240014193375,0,2.5,0.0
602,2023-01-21 02:45:59.999,-0.0291072760885278,1653.31,61.7425,1.207e-05,2241103635.0,-0.046049707084038646,0.008350633049363029,2.028879834062782,2.075962344218523,0.00489599648176332,0.004851129958475005,0,2.5,0.0
603,2023-01-21 02:46:59.999,-0.0279381418327346,1651.845,818.6282,1.204e-05,4681043261.0,-0.04604153494130605,0.008359711291277196,2.165552430914826,2.028879834062782,0.004903321806131141,0.004851365901056797,0,2.5,0.0
604,2023-01-21 02:47:59.999,-0.0280067848703673,1651.165,157.9024,1.2035e-05,10336266524.0,-0.046033533238503836,0.008368693291757795,2.154069666514224,2.165552430914826,0.004910385982252715,0.004851545707477246,0,2.5,0.0
605,2023-01-21 02:48:59.999,-0.0288346112182438,1648.1,2745.9363,1.202e-05,18280217064.0,-0.04602570721827623,0.00837686526978584,2.0522111131521075,2.154069666514224,0.004915241118454502,0.004851812712487881,0,2.5,0.0
606,2023-01-21 02:49:59.999,-0.0280642442188181,1644.835,2188.9423,1.198e-05,21653520834.0,-0.04601789675589405,0.008385738979370113,2.1409744068166217,2.0522111131521075,0.004922021055778967,0.004852135950068927,0,2.5,0.0
607,2023-01-21 02:50:59.999,-0.0292498479297584,1644.585,688.52,1.1995e-05,5482749063.0,-0.046010358438508266,0.008393486909337663,1.996847161351259,2.1409744068166217,0.004925790781188816,0.0048521952027696,0,2.5,0.0
608,2023-01-21 02:51:59.999,-0.0300188568425738,1646.715,1049.3324,1.2025e-05,6866167285.0,-0.04600335394932667,0.008400513212764147,1.902800067317941,1.996847161351259,0.004927867624931113,0.004852634904510484,0,2.5,0.0
609,2023-01-21 02:52:59.999,-0.0298037126794277,1647.635,132.3121,1.203e-05,2682654961.0,-0.04599602205956732,0.008407734663808317,1.92588253882946,1.902800067317941,0.004930357494179245,0.004853511239766037,0,2.5,0.0
610,2023-01-21 02:53:59.999,-0.0298006780313357,1647.64,115.4829,1.203e-05,7207273810.0,-0.04598843449938678,0.008414948448490129,1.9236905094713448,1.92588253882946,0.004932822913167441,0.004853975670684196,0,2.5,0.0
611,2023-01-21 02:54:59.999,-0.0299281411809992,1647.43,122.4071,1.203e-05,2153580260.0,-0.045980785270703074,0.008422031434390534,1.9060299423906786,1.9236905094713448,0.004934996701525438,0.004856616092804704,0,2.5,0.0
612,2023-01-21 02:55:59.999,-0.0295670377786052,1648.025,166.9564,1.203e-05,1560566512.0,-0.045973228358119615,0.00842942939473538,1.9462990685657728,1.9060299423906786,0.00493789316773407,0.004863119958719935,0,2.5,0.0
613,2023-01-21 02:56:59.999,-0.0298954453790223,1648.615,147.7864,1.204e-05,3393340202.0,-0.04596552683086518,0.008436512926990979,1.9048250848321218,1.9462990685657728,0.004940073918945713,0.004872258013626212,0,2.5,0.0
614,2023-01-21 02:57:59.999,-0.0291545077809161,1648.705,116.8604,1.203e-05,1167809814.0,-0.045957969303923374,0.008444253767429211,1.9899285343390338,1.9048250848321218,0.004943809843538961,0.004881133201806758,0,2.5,0.0
615,2023-01-21 02:58:59.999,-0.0288922550129804,1648.005,192.9908,1.202e-05,1099653931.0,-0.04595037770395832,0.008452218066633063,2.0181829854010167,1.9899285343390338,0.004948106873916878,0.0048876445814999845,0,2.5,0.0
616,2023-01-21 02:59:59.999,-0.0295518682208744,1648.0500000000002,228.3944,1.203e-05,1803822072.0,-0.04594277938947922,0.008459576130545965,1.9375570259862398,2.0181829854010167,0.0049508963011611245,0.00489272560635879,0,2.5,0.0
617,2023-01-21 03:00:59.999,-0.0308450480179445,1648.745,169.1368,1.2055e-05,5113528614.0,-0.045935997804835975,0.008465802811432362,1.7825775207653554,1.9375570259862398,0.004951206864491431,0.004897827812855275,0,2.5,0.0
618,2023-01-21 03:01:59.999,-0.0312545341489141,1648.07,97.1102,1.2055e-05,2449991597.0,-0.045929418318472325,0.008471685859857647,1.7322271401839746,1.7825775207653554,0.004950843755485338,0.004905087850161535,0,2.5,0.0
619,2023-01-21 03:02:59.999,-0.0336201433646756,1647.555,99.2992,1.2085e-05,14284861395.0,-0.04592398216495969,0.008475814424612845,1.4516408906446883,1.7322271401839746,0.0049477448670542205,0.0049115997663031616,0,2.5,0.0
620,2023-01-21 03:03:59.999,-0.0337111915109957,1647.4050000000002,88.152,1.2085e-05,1056961507.0,-0.04591848007050952,0.008479882190760495,1.4395587444380573,1.4516408906446883,0.004944582861322999,0.004916936102785619,0,2.5,0.0
621,2023-01-21 03:04:59.999,-0.0322374153477653,1647.015,213.5476,1.206e-05,10280059586.0,-0.045912104116271224,0.008484987387727917,1.6116333641560885,1.4395587444380573,0.004942860084216138,0.00492296348713143,0,2.5,0.0
622,2023-01-21 03:05:59.999,-0.0328786927755224,1647.65,315.0831,1.2075e-05,3575007470.0,-0.04590624576972065,0.008489614446246413,1.5345282258322386,1.6116333641560885,0.00494042651362708,0.00492630999212439,0,2.5,0.0
623,2023-01-21 03:06:59.999,-0.0323508073690064,1648.52,161.4296,1.2075e-05,3935150176.0,-0.04590030773675931,0.008494606604026234,1.5950709667156078,1.5345282258322386,0.004938566642546406,0.004928490092243146,0,2.5,0.0
624,2023-01-21 03:07:59.999,-0.0324440966415089,1648.9299999999998,101.8218,1.208e-05,7140264446.0,-0.045893694151236133,0.00849951809659495,1.5823953025190178,1.5950709667156078,0.004936597948323961,0.004930973848926294,0,2.5,0.0
625,2023-01-21 03:08:59.999,-0.0323022801694996,1648.6,171.7588,1.2075e-05,5118277989.0,-0.045887412546233006,0.008504545238357019,1.5973966856525184,1.5823953025190178,0.004934792282012172,0.004933315255378623,0,2.5,0.0
626,2023-01-21 03:09:59.999,-0.031263847280659,1647.49,83.3495,1.205e-05,1596530429.0,-0.04588081715699804,0.008510357468295532,1.7175506353044587,1.5973966856525184,0.004934379213291523,0.0049344824804716855,0,2.0,0.0
627,2023-01-21 03:10:59.999,-0.0308269512187813,1646.515,319.6502,1.2035e-05,9853253127.0,-0.04587427942386741,0.008516493127496968,1.7668455759687298,1.7175506353044587,0.004934644779570231,0.004934681655180716,0,2.0,0.0
628,2023-01-21 03:11:59.999,-0.0304015099084686,1646.085,147.0311,1.2025e-05,9642670949.0,-0.04586731517635882,0.0085229899376567,1.8145985600145353,1.7668455759687298,0.004935623454159071,0.004934843386890488,0,2.5,0.0
629,2023-01-21 03:12:59.999,-0.0296013663457728,1645.705,230.6521,1.201e-05,10205892877.0,-0.04585997676137185,0.00853016501293198,1.9060135871874135,1.8145985600145353,0.0049381037669366905,0.004935153389683846,0,2.5,0.0
630,2023-01-21 03:13:59.999,-0.0294184446866729,1645.44,147.2596,1.2005e-05,9513674226.0,-0.045852406628190866,0.00853749401619504,1.924916364256756,1.9060135871874135,0.00494092978391091,0.004935867077700293,0,2.5,0.0
631,2023-01-21 03:14:59.999,-0.0283086127054055,1645.0,260.0289,1.1985e-05,23651165246.0,-0.045844399486366455,0.008545829645082917,2.0519700847360864,1.924916364256756,0.004946219902790976,0.0049369217531764886,0,2.5,0.0
632,2023-01-21 03:15:59.999,-0.0286013680440824,1646.785,447.6445,1.2005e-05,11784721524.0,-0.045836543508059206,0.008553873798154395,2.0148970946585054,2.0519700847360864,0.004950765091999945,0.004937945817534725,0,2.5,0.0
633,2023-01-21 03:16:59.999,-0.0275119590241246,1648.58,498.968,1.2005e-05,5703407246.0,-0.04582790450645629,0.00856294859722286,2.1389764605467705,2.0148970946585054,0.00495797330166635,0.00493821948583912,0,2.5,0.0
634,2023-01-21 03:17:59.999,-0.0281956628452064,1648.02,628.301,1.201e-05,3119848074.0,-0.045820100523544405,0.008571329101097022,2.056208257839767,2.1389764605467705,0.004963378024492717,0.004938943461646233,0,2.5,0.0
635,2023-01-21 03:18:59.999,-0.0270464231489491,1646.51,370.8127,1.198e-05,7860735876.0,-0.04581260871869702,0.008580657857318824,2.1870334281818975,2.056208257839767,0.004971719959149355,0.004940162067616055,0,2.5,0.0
636,2023-01-21 03:19:59.999,-0.0277022308911156,1646.565,83.0442,1.199e-05,5532303925.0,-0.04580526259858504,0.008589362716882133,2.1076105764969593,2.1870334281818975,0.004978235206333329,0.004940552331198037,0,2.5,0.0
637,2023-01-21 03:20:59.999,-0.0274289720039497,1647.015,100.8266,1.199e-05,7104039868.0,-0.0457978547264065,0.008598303439494024,2.1363380406051053,2.1076105764969593,0.0049853978840937434,0.004941412358987218,0,2.5,0.0
638,2023-01-21 03:21:59.999,-0.027211897626465,1647.94,102.1805,1.1995e-05,4343064225.0,-0.045790119276246585,0.008607499948384906,2.158376039638265,2.1363380406051053,0.00499307055916608,0.004943097524046844,0,2.5,0.0
639,2023-01-21 03:22:59.999,-0.0273164796876805,1648.335,97.0791,1.2e-05,3989516844.0,-0.04578264625485598,0.008616523652715825,2.1431109936494126,2.158376039638265,0.005000392852158271,0.004944003097984971,0,2.5,0.0
640,2023-01-21 03:23:59.999,-0.0278923144836937,1648.52,236.2044,1.201e-05,2957899223.0,-0.045775264824505134,0.008625012993488723,2.073382423227861,2.1431109936494126,0.0050061804146533774,0.004944992121689994,0,2.5,0.0
641,2023-01-21 03:24:59.999,-0.0282250039714249,1649.105,159.5137,1.202e-05,4330723058.0,-0.04576747347059701,0.00863325812175608,2.031963976029459,2.073382423227861,0.005011116359555947,0.004946601143856787,0,2.5,0.0
642,2023-01-21 03:25:59.999,-0.0279673216256348,1649.53,276.5699,1.202e-05,6092648890.0,-0.04575958330266016,0.008641730478132185,2.0588771799870993,2.031963976029459,0.005016616366947649,0.004947835368769885,0,2.5,0.0
643,2023-01-21 03:26:59.999,-0.0281037334197087,1649.3049999999998,128.1289,1.202e-05,3843596263.0,-0.045751698261494465,0.008650062550112017,2.040212396100792,2.0588771799870993,0.005021739173421009,0.004948771428437645,0,2.5,0.0
644,2023-01-21 03:27:59.999,-0.027857075061167,1649.145,113.2655,1.2015e-05,3603778088.0,-0.04574312276119481,0.008658612740574393,2.0656943826825187,2.040212396100792,0.005027402414146327,0.004950784757871293,0,2.5,0.0
645,2023-01-21 03:28:59.999,-0.0279722929139971,1648.955,83.6766,1.2015e-05,552378166.0,-0.0457343899097441,0.008667015111497822,2.049390334185927,2.0656943826825187,0.005032735763728696,0.004950856891904285,0,2.5,0.0
646,2023-01-21 03:29:59.999,-0.0279298426868841,1649.025,56.7208,1.2015e-05,2033975165.0,-0.04572595783926359,0.00867546901568104,2.0513144730518595,2.049390334185927,0.005038119518573887,0.004950973941993701,0,2.5,0.0
647,2023-01-21 03:30:59.999,-0.0291460235822604,1649.285,77.1093,1.2035e-05,1048000792.0,-0.045717843620778,0.008682773039165042,1.9085861122671,2.0513144730518595,0.00504078918972902,0.004952898473785161,0,2.5,0.0
648,2023-01-21 03:31:59.999,-0.028945956892695,1649.615,167.2602,1.2035e-05,4481464106.0,-0.045709405003103935,0.008690208590103415,1.9290041126860278,1.9085861122671,0.005043834666914603,0.004959324482372941,0,2.5,0.0
649,2023-01-21 03:32:59.999,-0.0287330536366212,1649.4,142.6076,1.203e-05,719309308.0,-0.04570066002535695,0.008697780135264595,1.9507973442489848,1.9290041126860278,0.005047291069126605,0.004965463508156877,0,2.5,0.0
650,2023-01-21 03:33:59.999,-0.028297773362226,1648.985,220.759,1.202e-05,4524022005.0,-0.045691916806451204,0.008705773863301347,1.9980008345437437,1.9507973442489848,0.005051657919729929,0.004973348770945348,0,2.5,0.0
651,2023-01-21 03:34:59.999,-0.0287595656115087,1648.79,57.2029,1.2025e-05,3629080402.0,-0.04568320518754349,0.008713295109868327,1.9422777907370268,1.9980008345437437,0.0050549846573350946,0.004980025875773433,0,2.5,0.0
652,2023-01-21 03:35:59.999,-0.0292309124536842,1649.145,103.4485,1.2035e-05,3250273731.0,-0.045674850911630364,0.008720411743908835,1.8856837200872054,1.9422777907370268,0.005057328761559878,0.004987316052861828,0,2.5,0.0
653,2023-01-21 03:36:59.999,-0.0300021169658073,1649.5700000000002,37.2135,1.205e-05,2460882890.0,-0.04566701834695174,0.008726884956780165,1.795016372820858,1.8856837200872054,0.0050582439724119795,0.004994901132414128,0,2.5,0.0
654,2023-01-21 03:37:59.999,-0.0297441733433529,1649.43,87.5104,1.2045e-05,3863703187.0,-0.04565898111917058,0.008733548988275273,1.8222612362034256,1.795016372820858,0.005059589037865489,0.005001839742782048,0,2.5,0.0
655,2023-01-21 03:38:59.999,-0.0290604990198382,1648.86,129.9351,1.203e-05,1829820961.0,-0.045650578069552916,0.008740780444105905,1.8980088970089348,1.8222612362034256,0.005062192405076106,0.00500741440087902,0,2.5,0.0
656,2023-01-21 03:39:59.999,-0.0297256202681523,1648.895,81.8028,1.204e-05,4960412042.0,-0.04564243509566107,0.008747416999539718,1.8196016982323242,1.8980088970089348,0.005063525615224276,0.005012491361403873,0,2.5,0.0
657,2023-01-21 03:40:59.999,-0.0299384660395887,1649.675,330.9059,1.205e-05,888555085.0,-0.04563445178230584,0.008753874338333809,1.7930330201318234,1.8196016982323242,0.005064470707357029,0.005017897068565989,0,2.5,0.0
658,2023-01-21 03:41:59.999,-0.030432746681857,1649.99,49.0774,1.206e-05,3794574401.0,-0.045626058366148345,0.008759752460953158,1.7344453227435312,1.7930330201318234,0.005064598700554719,0.005023154983602339,0,2.5,0.0
659,2023-01-21 03:42:59.999,-0.0305479055254238,1649.8000000000002,60.9008,1.206e-05,2634888368.0,-0.04561665946682567,0.008765032687480306,1.7191897028433907,1.7344453227435312,0.005064539034137208,0.005028735751541919,0,2.5,0.0
660,2023-01-21 03:43:59.999,-0.0303963834862557,1650.0500000000002,47.9785,1.206e-05,760807773.0,-0.045605432679530065,0.008768989311627385,1.7344130153183874,1.7191897028433907,0.005064698820940774,0.0050340817024399935,0,2.5,0.0
661,2023-01-21 03:44:59.999,-0.0306175739080103,1650.25,66.1422,1.2065e-05,278610263.0,-0.04559455874231493,0.008773004362968236,1.7071671476106909,1.7344130153183874,0.005064512616541095,0.00503878693636267,0,2.5,0.0
662,2023-01-21 03:45:59.999,-0.0303448712225353,1650.135,97.5461,1.206e-05,2602881413.0,-0.045584270280635476,0.008777849968705419,1.7361197915698396,1.7071671476106909,0.005064727969447134,0.005041550559025416,0,2.5,0.0
663,2023-01-21 03:46:59.999,-0.0298990651154795,1649.74,40.0368,1.205e-05,1856728800.0,-0.045574224915529676,0.008783377036834598,1.7846392946942509,1.7361197915698396,0.00506564946752564,0.005044698767467604,0,2.5,0.0
664,2023-01-21 03:47:59.999,-0.0307600749586676,1649.4499999999998,31.8125,1.206e-05,5144885853.0,-0.045564328173404445,0.008788018865444372,1.684595065327987,1.7846392946942509,0.005065222718615529,0.005048382781777436,0,2.5,0.0
665,2023-01-21 03:48:59.999,-0.0312085680834606,1649.275,160.313,1.2065e-05,735971989.0,-0.04555435465261503,0.0087920801542704,1.6316714949631734,1.684595065327987,0.005064182577986121,0.00505248960413122,0,2.5,0.0
666,2023-01-21 03:49:59.999,-0.0313537808738821,1649.6,96.7879,1.207e-05,1324109299.0,-0.04554381933087795,0.008795455234634939,1.6133375792895857,1.6316714949631734,0.005062954619793359,0.00505557068339129,0,2.5,0.0
667,2023-01-21 03:50:59.999,-0.0317080130107392,1649.58,60.1692,1.2075e-05,3530463462.0,-0.045533477485406725,0.00879858404711936,1.571328341086195,1.6133375792895857,0.0050613046623124245,0.005057557564272903,0,2.5,0.0
668,2023-01-21 03:51:59.999,-0.0312328214584702,1649.235,30.9251,1.2065e-05,1049751627.0,-0.04552237550857259,0.008801491957764338,1.6235377045929917,1.571328341086195,0.005060220038870566,0.005058580238775357,0,2.5,0.0
669,2023-01-21 03:52:59.999,-0.0315144387835211,1649.335,334.0226,1.207e-05,2178605015.0,-0.04551131334351204,0.008804074743919943,1.5898177795068271,1.6235377045929917,0.005058787063187396,0.005058987556856919,0,2.0,0.0
670,2023-01-21 03:53:59.999,-0.0310905427251526,1648.905,617.5226,1.206e-05,8362036388.0,-0.045500086630607846,0.008806994796304684,1.6361476574848584,1.5898177795068271,0.005057875217267898,0.005058987556856919,0,2.0,0.0
671,2023-01-21 03:54:59.999,-0.0305326989660592,1648.695,138.1605,1.205e-05,618530851.0,-0.04548837989169567,0.00881007581033814,1.6975655201612232,1.6361476574848584,0.00505772582859453,0.005058987556856919,0,2.0,0.0
672,2023-01-21 03:55:59.999,-0.0307692356504851,1648.87,237.5358,1.2055e-05,1981906745.0,-0.045476084724318695,0.008812077146323642,1.6689423877739455,1.6975655201612232,0.005057230151904612,0.005058987556856919,0,2.0,0.0
673,2023-01-21 03:56:59.999,-0.0311843152966631,1649.315,19.5478,1.2065e-05,2121337570.0,-0.04546377340663723,0.008813459311673703,1.6201876703578286,1.6689423877739455,0.00505617791847365,0.005058987556856919,0,2.0,0.0
674,2023-01-21 03:57:59.999,-0.0309601616635717,1649.12,27.3387,1.206e-05,936013363.0,-0.0454515504639437,0.008815257486874466,1.6438985272919195,1.6201876703578286,0.005055409618986598,0.005058987556856919,0,2.0,0.0
675,2023-01-21 03:58:59.999,-0.0311299636021473,1648.84,27.0145,1.206e-05,5940401403.0,-0.045439799438797515,0.008817422871185577,1.6229045658469294,1.6438985272919195,0.005054414987169095,0.005058987556856919,0,2.0,0.0
676,2023-01-21 03:59:59.999,-0.0315633323129986,1648.69,188.1287,1.2065e-05,373431701.0,-0.0454277739026385,0.008818626887851549,1.5721769121153566,1.6229045658469294,0.005052894016910853,0.005058987556856919,0,2.0,0.0
677,2023-01-21 04:00:59.999,-0.0317054430877625,1649.02,53.2512,1.207e-05,5216143439.0,-0.04541644449779368,0.008820529225597474,1.5544420362262839,1.5721769121153566,0.005051212078095246,0.005058987556856919,0,2.0,0.0
678,2023-01-21 04:01:59.999,-0.0318504836643001,1649.345,71.9075,1.2075e-05,4429265512.0,-0.04540552329779951,0.008822715050008458,1.5363796242616288,1.5544420362262839,0.005049373259331466,0.005058987556856919,0,2.0,0.0
679,2023-01-21 04:02:59.999,-0.0324107422342514,1648.985,141.4172,1.208e-05,1869519164.0,-0.04539514622605128,0.008824811165452721,1.4713520491669088,1.5363796242616288,0.005046993004224782,0.005058987556856919,0,2.0,0.0
680,2023-01-21 04:03:59.999,-0.0321967646008474,1648.21,278.3686,1.207e-05,8531353103.0,-0.04538439188338929,0.008826734366299778,1.4940550757811262,1.4713520491669088,0.00504480992709204,0.005058987556856919,0,2.0,0.0
681,2023-01-21 04:04:59.999,-0.0326519072655848,1647.46,445.1203,1.207e-05,1976550365.0,-0.04537396979299824,0.008828471557030168,1.441026619979625,1.4940550757811262,0.005042229597546689,0.005058987556856919,0,2.0,0.0
682,2023-01-21 04:05:59.999,-0.0323046219756442,1649.16,428.2716,1.208e-05,10029693945.0,-0.04536382341133748,0.008830891817642978,1.4788089023582744,1.441026619979625,0.0050399499594524395,0.005058987556856919,0,2.0,0.0
683,2023-01-21 04:06:59.999,-0.0329093494064309,1650.98,189.9511,1.2105e-05,9740119150.0,-0.045354326222024434,0.008833249709290203,1.4088786375533757,1.4788089023582744,0.005037177297365414,0.005058987556856919,0,2.0,0.0
684,2023-01-21 04:07:59.999,-0.0332534968719677,1650.975,138.8308,1.211e-05,2933685318.0,-0.04534500114374641,0.008835387287949636,1.368531324967499,1.4088786375533757,0.005034175059458804,0.005058987556856919,0,2.0,0.0
685,2023-01-21 04:08:59.999,-0.0331111668690198,1651.21,189.6232,1.211e-05,4419337902.0,-0.045335123470683795,0.008837132271947034,1.3832492516229775,1.368531324967499,0.005031270008229344,0.005058987556856919,0,2.0,0.0
686,2023-01-21 04:09:59.999,-0.0328417038405923,1651.655,323.2421,1.211e-05,1499168961.0,-0.0453251016701472,0.008839020119037939,1.4123056245417427,1.3832492516229775,0.005028559687939479,0.005058987556856919,0,2.0,0.0
687,2023-01-21 04:10:59.999,-0.0329779401168899,1651.4299999999998,141.2913,1.211e-05,3965206190.0,-0.0453151266543221,0.008840790767553477,1.3954845060592118,1.4123056245417427,0.005025754482990241,0.005058987556856919,0,2.0,0.0
688,2023-01-21 04:11:59.999,-0.0323652003171233,1651.315,43.315,1.21e-05,1782116212.0,-0.045303092921889936,0.008840719277013654,1.4634434370522156,1.3954845060592118,0.005023437715891523,0.005058987556856919,0,2.0,0.0
689,2023-01-21 04:12:59.999,-0.0325187486484246,1651.625,113.7856,1.2105e-05,3011176018.0,-0.045289862514291665,0.008838457563536607,1.4449482586820106,1.4634434370522156,0.005020991514239063,0.005058987556856919,0,2.0,0.0
690,2023-01-21 04:13:59.999,-0.0328084044625285,1651.71,69.8926,1.211e-05,1436205474.0,-0.045274354001201465,0.008830952332934404,1.4116200686739186,1.4449482586820106,0.005018319289662613,0.005058987556856919,0,2.0,0.0
691,2023-01-21 04:14:59.999,-0.0334750843393436,1651.735,440.5148,1.212e-05,3437670161.0,-0.04525604035725974,0.00881436994493469,1.3365624646474301,1.4116200686739186,0.005015217786774525,0.005058987556856919,0,2.0,0.0
692,2023-01-21 04:15:59.999,-0.0338399984591184,1651.6950000000002,72.5137,1.2125e-05,4083433411.0,-0.04523683468179674,0.00879400483537248,1.2959779345169777,1.3365624646474301,0.005011939570296725,0.005058987556856919,0,2.0,0.0
693,2023-01-21 04:16:59.999,-0.0337612945311462,1651.825,63.0978,1.2125e-05,3991691458.0,-0.04521826130246448,0.008775837230022256,1.305512678850041,1.2959779345169777,0.005008703662658569,0.005058987556856919,0,2.0,0.0
694,2023-01-21 04:17:59.999,-0.033519167443508,1652.225,359.9419,1.2125e-05,5116264031.0,-0.04520084533496186,0.00876169820599198,1.3332664075857985,1.305512678850041,0.0050055955111215295,0.005058987556856919,0,2.0,0.0
695,2023-01-21 04:18:59.999,-0.0337780191838064,1652.36,71.0623,1.213e-05,1792376429.0,-0.04518469280038606,0.008750574626335666,1.3035342367403187,1.3332664075857985,0.005002363857649087,0.005058987556856919,0,2.0,0.0
696,2023-01-21 04:19:59.999,-0.0337477598919306,1652.41,37.9999,1.213e-05,3669418431.0,-0.04516802046457024,0.00873803358018459,1.306960023424216,1.3035342367403187,0.00499915241256154,0.005058987556856919,0,2.0,0.0
697,2023-01-21 04:20:59.999,-0.0343558332005358,1652.53,169.5693,1.214e-05,3854097617.0,-0.045152209193149585,0.008726677356851764,1.237169148248273,1.306960023424216,0.004995715389131673,0.005058987556856919,0,2.0,0.0
698,2023-01-21 04:21:59.999,-0.0337901231569368,1652.34,152.8098,1.213e-05,5632647796.0,-0.04513648730929762,0.00871653679061277,1.3017055310981105,1.237169148248273,0.004992497098048263,0.005058987556856919,0,2.0,0.0
699,2023-01-21 04:22:59.999,-0.0342196876031977,1652.755,187.3862,1.214e-05,5837118761.0,-0.045121219375526815,0.008706756990440725,1.252077183766363,1.3017055310981105,0.004989116220487422,0.005058987556856919,0,2.0,0.0
700,2023-01-21 04:23:59.999,-0.0343238815035782,1653.145,124.0836,1.2145e-05,1937058793.0,-0.045106437274432296,0.008697967047100416,1.2396639022044358,1.252077183766363,0.004985709290809356,0.005058987556856919,0,2.0,0.0
701,2023-01-21 04:24:59.999,-0.0339172081770549,1653.255,185.0008,1.214e-05,3085969210.0,-0.0450915615591234,0.008689610193894857,1.2859441485556362,1.2396639022044358,0.004982454968629393,0.005058987556856919,0,2.0,0.0
702,2023-01-21 04:25:59.999,-0.0336055534836319,1652.645,76.3512,1.213e-05,9476587066.0,-0.0450764905663435,0.008681284355329338,1.3213410151309837,1.2859441485556362,0.004979350266406236,0.005058987556856919,0,2.0,0.0
703,2023-01-21 04:26:59.999,-0.0335117688342947,1652.8,57.8851,1.213e-05,4872430238.0,-0.045061421123276046,0.008673091056504094,1.3316650561762604,1.3213410151309837,0.00497629965937606,0.005058987556856919,0,2.0,0.0
704,2023-01-21 04:27:59.999,-0.033933867797689,1652.665,89.3694,1.2135000000000002e-05,3064789023.0,-0.04504583957366651,0.008662829780821474,1.2827184715759,1.3316650561762604,0.004973056629895961,0.005058987556856919,0,2.0,0.0
705,2023-01-21 04:28:59.999,-0.0339187408294812,1652.69,59.2709,1.2135000000000002e-05,1955668075.0,-0.04502968370343272,0.008651017772332912,1.2843509476406085,1.2827184715759,0.004969826063656,0.005058987556856919,0,2.0,0.0
706,2023-01-21 04:29:59.999,-0.0338899895159414,1653.3,118.4404,1.214e-05,1193197883.0,-0.0450134934386576,0.00863911837369011,1.2875739678011735,1.2843509476406085,0.004966613650274933,0.005058987556856919,0,2.0,0.0
707,2023-01-21 04:30:59.999,-0.0338113619896134,1653.4299999999998,27.022,1.214e-05,571791786.0,-0.04499761118367063,0.008628156977828545,1.2964818816813501,1.2875739678011735,0.004963441151695739,0.005058987556856919,0,2.0,0.0
708,2023-01-21 04:31:59.999,-0.0329473749492699,1653.17,98.7571,1.2125e-05,3298874483.0,-0.0449816724317386,0.008618598239038476,1.3963172604981862,1.2964818816813501,0.004960760631339716,0.005058987556856919,0,2.0,0.0
709,2023-01-21 04:32:59.999,-0.0332244190293025,1653.275,92.051,1.213e-05,1636669302.0,-0.04496605710103756,0.008609325600368723,1.363827855602555,1.3963172604981862,0.004957905376838311,0.005058987556856919,0,2.0,0.0
710,2023-01-21 04:33:59.999,-0.0331034543357233,1653.475,84.0977,1.213e-05,1963276154.0,-0.04495077095625834,0.00860105816243697,1.3774254744928143,1.363827855602555,0.00495512981941347,0.005058987556856919,0,2.0,0.0
711,2023-01-21 04:34:59.999,-0.0327931377351546,1653.425,106.4227,1.2125e-05,1249922130.0,-0.044935760159064246,0.00859396694273877,1.4129240320349632,1.3774254744928143,0.004952569704987035,0.005058987556856919,0,2.0,0.0
712,2023-01-21 04:35:59.999,-0.0324887298374214,1653.365,64.6187,1.212e-05,1999607039.0,-0.04492032623762687,0.00858636813631712,1.4478294201741109,1.4129240320349632,0.004950246051930225,0.005058987556856919,0,2.0,0.0
713,2023-01-21 04:36:59.999,-0.0322900368666019,1653.13,55.4476,1.2114999999999998e-05,1848176551.0,-0.0449058318502793,0.008581250247284048,1.4701581494689862,1.4478294201741109,0.00494809057402037,0.005058987556856919,0,2.0,0.0
714,2023-01-21 04:37:59.999,-0.0313422968771632,1653.005,14.483,1.21e-05,5908821718.0,-0.0448908654981311,0.00857670117420866,1.5796946105234888,1.4701581494689862,0.004946879818481955,0.005058103178747772,0,2.0,0.0
715,2023-01-21 04:38:59.999,-0.0315353528280333,1653.25,289.673,1.2105e-05,4165449598.0,-0.04487650656132542,0.008573085325278841,1.5561671471942569,1.5796946105234888,0.004945453678684728,0.005057763175762872,0,2.0,0.0
716,2023-01-21 04:39:59.999,-0.0320208867593585,1653.5749999999998,41.722,1.2114999999999998e-05,403195792.0,-0.04486212032941343,0.008568572305950319,1.4986433108742665,1.5561671471942569,0.004943539557780998,0.005057354071077092,0,2.0,0.0
717,2023-01-21 04:40:59.999,-0.0316738611306206,1653.585,196.439,1.211e-05,3972671688.0,-0.044847896759632605,0.008564952296293024,1.5381329834976227,1.4986433108742665,0.0049419654616066405,0.005056440976831391,0,2.0,0.0
718,2023-01-21 04:41:59.999,-0.0320503262844731,1654.09,219.5228,1.212e-05,1006748351.0,-0.04483363780025878,0.008560607331398488,1.4932715660136877,1.5381329834976227,0.004940024006610711,0.005055601693858361,0,2.0,0.0
719,2023-01-21 04:42:59.999,-0.0320041782893625,1654.73,362.5909,1.2125e-05,682646004.0,-0.04481916645830566,0.008555861196866816,1.4978022520557075,1.4932715660136877,0.004938125650409628,0.005054663645123471,0,2.0,0.0
720,2023-01-21 04:43:59.999,-0.0317873763779346,1654.525,156.0941,1.212e-05,1551448562.0,-0.04480434009733316,0.008550681594507375,1.5223305388613877,1.4978022520557075,0.004936435346756004,0.005053274259475413,0,2.0,0.0
721,2023-01-21 04:44:59.999,-0.031606718573947,1654.26,126.9408,1.2114999999999998e-05,198240133.0,-0.044790022958693304,0.0085468764653084,1.5424704496732897,1.5223305388613877,0.004934927112635146,0.005051632562799148,0,2.0,0.0
722,2023-01-21 04:45:59.999,-0.032499850237226,1653.91,94.1995,1.2125e-05,1687203697.0,-0.04477700343667746,0.00854416847764223,1.4369043905884393,1.5424704496732897,0.004932605126056897,0.005049832964022411,0,2.0,0.0
723,2023-01-21 04:46:59.999,-0.0313750753359407,1653.515,51.4725,1.2105e-05,42675839788.0,-0.04476306846538627,0.008541469168697883,1.5674110466275344,1.4369043905884393,0.004931342586608719,0.005047588068001453,0,2.0,0.0
724,2023-01-21 04:47:59.999,-0.0303901833944415,1653.4499999999998,120.3466,1.209e-05,2640828899.0,-0.0447479941866603,0.008538089065966405,1.6816187651930605,1.5674110466275344,0.0049312908362087,0.005045355696375225,0,2.0,0.0
725,2023-01-21 04:48:59.999,-0.0304930040058302,1653.28,16.5035,1.209e-05,1172335726.0,-0.04473268934219071,0.008533997704746733,1.6685832160981473,1.6816187651930605,0.004931091023535686,0.005042874679933027,0,2.0,0.0
726,2023-01-21 04:49:59.999,-0.0302027349035789,1653.1950000000002,49.3781,1.2085e-05,919024145.0,-0.0447174217061768,0.008530478433407386,1.7015091141611618,1.6685832160981473,0.004931281822710988,0.005040519868976002,0,2.0,0.0
727,2023-01-21 04:50:59.999,-0.030813097935912,1653.88,482.6497,1.21e-05,6759513122.0,-0.04470255626440827,0.0085267173881138,1.6289338201660237,1.7015091141611618,0.004930653084513077,0.00503787046288717,0,2.0,0.0
728,2023-01-21 04:51:59.999,-0.0309367115444203,1654.24,172.1362,1.2105e-05,3056299890.0,-0.044687672169255246,0.008522672924770085,1.6134563353791855,1.6289338201660237,0.004929867567288104,0.005034925618935457,0,2.0,0.0
729,2023-01-21 04:52:59.999,-0.0310432439617365,1652.935,241.7874,1.2095e-05,2345407218.0,-0.04467276198370605,0.008518357584301623,1.600017126198978,1.6134563353791855,0.00492895068853027,0.005031996271036709,0,2.0,0.0
730,2023-01-21 04:53:59.999,-0.0302450886404059,1652.56,46.3897,1.208e-05,4597860819.0,-0.04465840620526345,0.008516530979232951,1.6923930177678634,1.600017126198978,0.004929049603240165,0.005029237268011945,0,2.0,0.0
731,2023-01-21 04:54:59.999,-0.0302390374412091,1652.57,102.7601,1.208e-05,2375098659.0,-0.044644302868880804,0.008515174136948895,1.6917170683761624,1.6923930177678634,0.004929147150321497,0.00502645578422755,0,2.0,0.0
732,2023-01-21 04:55:59.999,-0.0306566561130168,1651.88,258.3679,1.208e-05,5171339203.0,-0.04463008100550116,0.008512870520796027,1.6414468960086708,1.6917170683761624,0.004928681575044913,0.005024016907666202,0,2.0,0.0
733,2023-01-21 04:56:59.999,-0.0310835336616541,1651.1750000000002,297.226,1.208e-05,4956045121.0,-0.04461577026280713,0.008509648625143099,1.5902227221427103,1.6414468960086708,0.004927694883249093,0.005021603064652177,0,2.0,0.0
734,2023-01-21 04:57:59.999,-0.0310931455890539,1650.03,578.2772,1.207e-05,4148673680.0,-0.04460130046479457,0.008506056637821705,1.588063123830779,1.5902227221427103,0.004926693249143218,0.005018987345806725,0,2.0,0.0
735,2023-01-21 04:58:59.999,-0.0313598429679089,1649.59,70.7528,1.207e-05,1023166888.0,-0.044586760542841754,0.008501835300683108,1.5557720312307268,1.588063123830779,0.004925394101309064,0.0050159931624965464,0,2.0,0.0
736,2023-01-21 04:59:59.999,-0.0314958602963599,1649.93,85.5284,1.2075e-05,5362066579.0,-0.04457218356942029,0.008497274150501355,1.538884475357178,1.5557720312307268,0.004923950718138755,0.005012759124416175,0,2.0,0.0
737,2023-01-21 05:00:59.999,-0.032233485150833,1650.405,53.4148,1.209e-05,1844623068.0,-0.04455846032446375,0.00849325298848423,1.4511489520377938,1.538884475357178,0.004921826850727062,0.005009512639568108,0,2.0,0.0
738,2023-01-21 05:01:59.999,-0.0323304357515468,1650.245,41.0294,1.209e-05,1738148639.0,-0.044544834860695354,0.008489250534459208,1.4388077085919868,1.4511489520377938,0.004919626621759192,0.005006372549005789,0,2.0,0.0
739,2023-01-21 05:02:59.999,-0.0317590384605566,1650.06,110.9607,1.208e-05,2931862854.0,-0.0445302691647966,0.0084841832846858,1.5052987748735274,1.4388077085919868,0.004917923692087887,0.005003171771017198,0,2.0,0.0
740,2023-01-21 05:03:59.999,-0.0326122518002591,1649.7800000000002,199.6182,1.209e-05,1406967730.0,-0.044515773971945824,0.008477784196807269,1.4040841209628325,1.5052987748735274,0.0049155154919787196,0.004999955273833427,0,2.0,0.0
741,2023-01-21 05:04:59.999,-0.0331830649485667,1649.965,89.7851,1.21e-05,5507289358.0,-0.04450161853316265,0.008471165818410833,1.3361270251606618,1.4040841209628325,0.004912750950971568,0.0049965746449891395,0,2.0,0.0
742,2023-01-21 05:05:59.999,-0.0329274950251416,1649.26,451.4452,1.209e-05,785366387.0,-0.04448707484049757,0.008464054510827893,1.3657260596051262,1.3361270251606618,0.0049101402924902025,0.004993301670819116,0,2.0,0.0
743,2023-01-21 05:06:59.999,-0.032277335729276,1649.205,206.4151,1.208e-05,3615956956.0,-0.04447250713003971,0.00845797559385869,1.4418546454093093,1.3657260596051262,0.004907993401554038,0.004989961439877632,0,2.0,0.0
744,2023-01-21 05:07:59.999,-0.032243292435389,1649.8249999999998,111.3271,1.2085e-05,1825687187.0,-0.0444578922909361,0.00845181823961366,1.4452038022182359,1.4418546454093093,0.0049058754529214465,0.004986561023228872,0,2.0,0.0
745,2023-01-21 05:08:59.999,-0.0322372312048351,1649.835,101.8307,1.2085e-05,4456462550.0,-0.04444286965969874,0.008444685384044156,1.4453633142953597,1.4452038022182359,0.004903763982100427,0.004983268549174384,0,2.0,0.0
746,2023-01-21 05:09:59.999,-0.0311843152966631,1649.315,42.86,1.2065e-05,1439875665.0,-0.0444273188986688,0.008438156558521887,1.569419044332768,1.4453633142953597,0.004902649913389001,0.004980126441962026,0,2.0,0.0
747,2023-01-21 05:10:59.999,-0.0311329960416699,1648.835,518.2307,1.206e-05,2722934143.0,-0.04441183013743472,0.00843183750224943,1.5748446399995635,1.569419044332768,0.0049015889010872405,0.004977062311133604,0,2.0,0.0
748,2023-01-21 05:11:59.999,-0.0306267171358953,1648.54,111.2142,1.205e-05,4122130128.0,-0.044396506257307525,0.008426797592723991,1.6340476877362724,1.5748446399995635,0.0049011153661737885,0.004973867387265986,0,2.0,0.0
749,2023-01-21 05:12:59.999,-0.0311997120377647,1648.725,54.0882,1.206e-05,5631588100.0,-0.04438106485661703,0.008420404360790352,1.5654061555798149,1.6340476877362724,0.004899973903856371,0.00497063370521599,0,2.0,0.0
750,2023-01-21 05:13:59.999,-0.031330124337952,1648.5100000000002,77.7837,1.206e-05,2655625163.0,-0.0443657680990035,0.008414085193410902,1.549264532198908,1.5654061555798149,0.004898691762339139,0.0049674167536202,0,2.0,0.0
751,2023-01-21 05:14:59.999,-0.0312515003017956,1648.075,58.969,1.2055e-05,1869210922.0,-0.04435020313986093,0.008407231094730466,1.558028165334413,1.549264532198908,0.004897489748842186,0.004964234276340538,0,2.0,0.0
752,2023-01-21 05:15:59.999,-0.0318363135426871,1648.24,109.8342,1.2065e-05,1967231080.0,-0.044335512473509746,0.008401358923057739,1.4877591881616057,1.558028165334413,0.004895714455562433,0.0049614307614287215,0,2.0,0.0
753,2023-01-21 05:16:59.999,-0.0319662380286054,1648.59,71.4131,1.207e-05,1534615625.0,-0.044320823070517094,0.008395232504187815,1.4716191642993601,1.4877591881616057,0.004893825367292505,0.004958619190463662,0,2.0,0.0
754,2023-01-21 05:17:59.999,-0.0323295764294577,1648.5549999999998,28.9062,1.2075e-05,559566152.0,-0.04430654840690683,0.008389394045562881,1.4276325456167727,1.4716191642993601,0.004891643277261914,0.00495582370876968,0,2.0,0.0
755,2023-01-21 05:18:59.999,-0.0321658100448729,1648.825,59.8776,1.2075e-05,2111907283.0,-0.04429233916851582,0.008383951486996956,1.4463978164056048,1.4276325456167727,0.004889590855131381,0.004953209733593644,0,2.0,0.0
756,2023-01-21 05:19:59.999,-0.0327798568898032,1648.94,123.2636,1.2085e-05,518032788.0,-0.04427823510557971,0.008377679394899692,1.372501581139127,1.4463978164056048,0.004887099599519911,0.004950826965194428,0,2.0,0.0
757,2023-01-21 05:20:59.999,-0.0327737924061466,1648.95,76.2825,1.2085e-05,253143516.0,-0.04426465232663639,0.008372535439572053,1.372446853575472,1.372501581139127,0.004884615541701545,0.0049486294434978335,0,2.0,0.0
758,2023-01-21 05:21:59.999,-0.0326533451218082,1648.585,72.8568,1.208e-05,1908716048.0,-0.0442516460227043,0.008368741051639383,1.3859074894692873,1.372446853575472,0.0048822130149913465,0.004947182507366559,0,2.0,0.0
759,2023-01-21 05:22:59.999,-0.0326836746214951,1648.535,44.279,1.208e-05,6523400295.0,-0.04423845588695114,0.00836450972410761,1.3814056826491157,1.3859074894692873,0.004879793467272671,0.004945810213634035,0,2.0,0.0
760,2023-01-21 05:23:59.999,-0.0328496010953749,1648.8249999999998,33.2089,1.2085e-05,130882070.0,-0.04422534407476421,0.008360153209033409,1.3607098691800836,1.3814056826491157,0.0048772721105548806,0.00494401808800693,0,2.0,0.0
761,2023-01-21 05:24:59.999,-0.0330063213616682,1649.13,559.7521,1.209e-05,4633935402.0,-0.0442122257645815,0.008355514603794122,1.3411387489915771,1.3607098691800836,0.004874662213816333,0.00494235898565023,0,2.0,0.0
762,2023-01-21 05:25:59.999,-0.0342473429864185,1649.335,65.3522,1.211e-05,8172722710.0,-0.04420003863900074,0.008350841041427326,1.191819554845834,1.3411387489915771,0.004871562004998055,0.0049405093703596935,0,2.0,0.0
763,2023-01-21 05:26:59.999,-0.0346762392149599,1649.19,40.5305,1.2115e-05,9337289110.0,-0.044187481791265464,0.008344758202915073,1.1397864797308328,1.191819554845834,0.004868393412381213,0.0049386002394598985,0,2.0,0.0
764,2023-01-21 05:27:59.999,-0.0342503745158424,1649.33,36.4184,1.211e-05,3523969350.0,-0.044174297157532766,0.008337947421645979,1.1902117079710854,1.1397864797308328,0.00486530446633961,0.004936857922669411,0,2.0,0.0
765,2023-01-21 05:28:59.999,-0.0340624370681439,1649.64,157.0281,1.211e-05,1654444877.0,-0.04416094216231485,0.00833102801570174,1.2121559398357553,1.1902117079710854,0.004862269216512956,0.004935304171165361,0,2.0,0.0
766,2023-01-21 05:29:59.999,-0.0340109120019462,1649.725,33.9656,1.211e-05,1868487678.0,-0.04414774611870462,0.008324518083317646,1.2177082223021005,1.2121559398357553,0.0048592543643338456,0.0049331856227014595,0,2.0,0.0
767,2023-01-21 05:30:59.999,-0.0351213217595791,1649.58,167.0636,1.2125e-05,11472067920.0,-0.04413516717244796,0.008317616987053212,1.083705276030306,1.2177082223021005,0.004856085682005296,0.004931658221470764,0,2.0,0.0
768,2023-01-21 05:31:59.999,-0.0350504269233908,1649.135,33.7075,1.212e-05,2314282698.0,-0.04412305788348796,0.008311792457656139,1.0915372353577235,1.083705276030306,0.004852923488330348,0.004931303773808704,0,2.0,0.0
769,2023-01-21 05:32:59.999,-0.0350989383796864,1649.0549999999998,49.4392,1.212e-05,8812370428.0,-0.04411133928685272,0.008306661993316807,1.0849605911998497,1.0915372353577235,0.004849767115867395,0.004931284076085416,0,2.0,0.0
770,2023-01-21 05:33:59.999,-0.0343837709094856,1649.11,165.6713,1.211e-05,1791963898.0,-0.044099210229843304,0.008301728285622737,1.1702911714399626,1.0849605911998497,0.004846685818568226,0.004931138723329512,0,2.0,0.0
771,2023-01-21 05:34:59.999,-0.0347095894760798,1649.135,120.5831,1.2114999999999998e-05,894375478.0,-0.04408689639622813,0.008295918483014439,1.1303518639133194,1.1702911714399626,0.00484356212145406,0.004930762569268729,0,2.0,0.0
772,2023-01-21 05:35:59.999,-0.0347732612450997,1649.03,61.8546,1.2114999999999998e-05,874429184.0,-0.044074366944520285,0.008289535795661133,1.122029740711045,1.1303518639133194,0.004840438353283198,0.004930063946594347,0,2.0,0.0
773,2023-01-21 05:36:59.999,-0.0347338449100576,1649.095,50.358,1.2114999999999998e-05,458396245.0,-0.044061762749284236,0.008283028092151009,1.1261482800071347,1.122029740711045,0.004837324264388575,0.004929327254563148,0,2.0,0.0
774,2023-01-21 05:37:59.999,-0.0344777654184547,1648.955,527.1398,1.211e-05,4905264151.0,-0.04404990234681912,0.008278400116002,1.1562786038647306,1.1261482800071347,0.0048342498988147645,0.004929073990010498,0,2.0,0.0
775,2023-01-21 05:38:59.999,-0.0338560328837047,1648.855,32.1715,1.21e-05,5624848583.0,-0.04403772499052118,0.008274039331535159,1.230558823670394,1.1562786038647306,0.004831335854912041,0.0049289754172077435,0,2.0,0.0
776,2023-01-21 05:39:59.999,-0.0339409438939846,1648.715,104.8124,1.21e-05,1247854546.0,-0.04402578226990269,0.00826998625023725,1.2194504405166058,1.230558823670394,0.004828399920052837,0.004928748853416252,0,2.0,0.0
777,2023-01-21 05:40:59.999,-0.0339530746268934,1648.6950000000002,34.8184,1.21e-05,1961815297.0,-0.044013811965722856,0.008265843790338206,1.2171458345957697,1.2194504405166058,0.004825465595245046,0.004927941556198048,0,2.0,0.0
778,2023-01-21 05:41:59.999,-0.0349400398559787,1648.755,18.1213,1.2115e-05,11389767225.0,-0.044002589249392494,0.0082616984776874,1.0969353841572986,1.2171458345957697,0.004822366545648591,0.004926943657669687,0,2.0,0.0
779,2023-01-21 05:42:59.999,-0.0353789962938186,1649.155,111.7576,1.2125e-05,1996304236.0,-0.04399171914739663,0.008257590359997007,1.0430067947305093,1.0969353841572986,0.004819281157020457,0.004925718888267603,0,2.0,0.0
780,2023-01-21 05:43:59.999,-0.035458847091796,1649.585,55.0735,1.213e-05,1879474833.0,-0.043980667187911084,0.008253026800751318,1.0325690564023484,1.0430067947305093,0.004816208581362118,0.004924311563931332,0,2.0,0.0
781,2023-01-21 05:44:59.999,-0.0367832982448099,1649.645,17.7226,1.215e-05,3804049754.0,-0.043970246258741304,0.008247895638900818,0.8713674770609967,1.0325690564023484,0.004813503120908636,0.004922357817579985,0,2.0,0.0
782,2023-01-21 05:45:59.999,-0.0365978932055774,1649.39,55.2222,1.2145e-05,5603869567.0,-0.04395940834160161,0.008242193418335856,0.8931500102445467,0.8713674770609967,0.0048107236394103895,0.004920176679001159,0,2.0,0.0
783,2023-01-21 05:46:59.999,-0.0366094644984009,1648.81,104.0332,1.214e-05,2935512561.0,-0.04394831915272736,0.00823595918935821,0.8910746745575292,0.8931500102445467,0.004807953514656543,0.004918349424505713,0,2.0,0.0
784,2023-01-21 05:47:59.999,-0.0368126619782387,1648.475,33.5602,1.214e-05,2526959718.0,-0.04393736374819876,0.008229702707317025,0.8657301513000573,0.8910746745575292,0.004805274856719058,0.0049161175420060115,0,2.0,0.0
785,2023-01-21 05:48:59.999,-0.0364784523891579,1648.465,16.4868,1.2135000000000002e-05,611979769.0,-0.04392660718326941,0.00822425896402785,0.9056323282971819,0.8657301513000573,0.004802463939231519,0.004913442086223355,0,2.0,0.0
786,2023-01-21 05:49:59.999,-0.0368369271234811,1648.435,14.92,1.214e-05,2051818073.0,-0.043915793033977954,0.00821821472687216,0.8613629779409598,0.9056323282971819,0.004799805308073578,0.004910792957110544,0,2.0,0.0
787,2023-01-21 05:50:59.999,-0.0368611928575361,1648.395,72.2988,1.214e-05,2306892124.0,-0.04390617198411356,0.008214302558066308,0.8576478741532855,0.8613629779409598,0.0047971621431995345,0.004908530124288079,0,2.0,0.0
788,2023-01-21 05:51:59.999,-0.0371679633275086,1648.45,30.0768,1.2145e-05,279373238.0,-0.04389689943259884,0.008210598276128994,0.819542727434802,0.8576478741532855,0.00479467774969581,0.0049064049400795945,0,2.0,0.0
789,2023-01-21 05:52:59.999,-0.036973429537511,1648.21,63.3636,1.214e-05,2015167583.0,-0.043888014910342034,0.008207701842343623,0.8424508474660483,0.819542727434802,0.004792096274417351,0.004904291849805682,0,2.0,0.0
790,2023-01-21 05:53:59.999,-0.0364346390750043,1647.415,708.2163,1.2125e-05,10339742431.0,-0.04387831753939937,0.008204127470206516,0.9073089723955373,0.8424508474660483,0.0047892926223287524,0.004902928430566857,0,2.0,0.0
791,2023-01-21 05:54:59.999,-0.0365159042773477,1646.72,106.6187,1.212e-05,1593558139.0,-0.04386867416061147,0.008200533090159159,0.8966209638355431,0.9073089723955373,0.004786522992678179,0.004901854154162681,0,2.0,0.0
792,2023-01-21 05:55:59.999,-0.0361013222133976,1646.28,148.6721,1.211e-05,6179737827.0,-0.04385854512018815,0.008196607926189238,0.946394286105256,0.8966209638355431,0.004783627899990219,0.004901233749902151,0,2.0,0.0
793,2023-01-21 05:56:59.999,-0.0366829168628939,1646.445,157.491,1.212e-05,2549507690.0,-0.04384874109147865,0.008192519057840053,0.8746789818849698,0.946394286105256,0.004780933185326186,0.004900259269435725,0,2.0,0.0
794,2023-01-21 05:57:59.999,-0.036932512497934,1646.595,82.9185,1.2125e-05,1364875014.0,-0.0438394209001584,0.008188929863384339,0.8434445669278087,0.8746789818849698,0.004778353797721643,0.004899012297718447,0,2.0,0.0
795,2023-01-21 05:58:59.999,-0.0367278332577818,1645.81,117.1286,1.2115e-05,3813088999.0,-0.04382992541637973,0.008185278454339862,0.8676665306153852,0.8434445669278087,0.004775686491960455,0.004897790252216424,0,2.0,0.0
796,2023-01-21 05:59:59.999,-0.0363898931362633,1645.8049999999998,89.2974,1.211e-05,1821701422.0,-0.04382023387128921,0.008181688090228558,0.9081671964371278,0.8676665306153852,0.004772896147183338,0.0048961582788823715,0,2.0,0.0
797,2023-01-21 06:00:59.999,-0.0364719232292003,1645.67,125.1594,1.211e-05,2455096024.0,-0.043810803404599113,0.008178412454337225,0.8973477696770861,0.9081671964371278,0.004770138765443178,0.0048942976393599865,0,2.0,0.0
798,2023-01-21 06:01:59.999,-0.0371355093293352,1645.6999999999998,121.6413,1.212e-05,4273524346.0,-0.043801807308470796,0.008175062340281966,0.8154430757412018,0.8973477696770861,0.004767678029599994,0.004892188799769562,0,2.0,0.0
799,2023-01-21 06:02:59.999,-0.0372691999815195,1645.48,175.5634,1.212e-05,2012818178.0,-0.04379250274275799,0.008171053907773963,0.7983428863481371,0.8154430757412018,0.0047652935241927425,0.004890103960664014,0,2.0,0.0
800,2023-01-21 06:03:59.999,-0.0366663918140197,1645.35,112.569,1.211e-05,3806287521.0,-0.04378252705508649,0.008166593364378867,0.8713713201524185,0.7983428863481371,0.004762622402443277,0.004887722413422778,0,2.0,0.0
801,2023-01-21 06:04:59.999,-0.0367210929180856,1645.26,213.7336,1.211e-05,2313722759.0,-0.04377357789301261,0.008163734802454468,0.8638797248541987,0.8713713201524185,0.004759978023166043,0.004885236556156136,0,2.0,0.0
802,2023-01-21 06:05:59.999,-0.0370043310954137,1645.355,164.7521,1.2114999999999998e-05,432963572.0,-0.043764480649534386,0.00816032382234324,0.8284168252748956,0.8638797248541987,0.004757465897962367,0.004882813646668896,0,2.0,0.0
803,2023-01-21 06:06:59.999,-0.037549126154353,1645.58,87.8359,1.2125e-05,2936485919.0,-0.04375584054751631,0.008157019424038823,0.7609046969867519,0.8284168252748956,0.004755262145779557,0.00488039835420234,0,2.0,0.0
804,2023-01-21 06:07:59.999,-0.0378106861751561,1645.71,83.2237,1.213e-05,1241713784.0,-0.04374791977110922,0.00815448146927941,0.7280945598221805,0.7609046969867519,0.004753234434387988,0.004877902449734328,0,2.0,0.0
805,2023-01-21 06:08:59.999,-0.0381754549126291,1646.23,100.9225,1.214e-05,2899142028.0,-0.043740194389346246,0.008151852249493618,0.6826349774755569,0.7280945598221805,0.00475147980501836,0.00487531468800097,0,2.0,0.0
806,2023-01-21 06:09:59.999,-0.03897100819756,1646.04,57.2627,1.215e-05,5353458200.0,-0.04373251702084725,0.008148530607611825,0.5843395640975276,0.6826349774755569,0.004750436475202774,0.004872337057202625,0,2.0,0.0
807,2023-01-21 06:10:59.999,-0.0398291769506435,1646.3049999999998,127.0302,1.2165e-05,1184663403.0,-0.043724927960524344,0.008144527988093248,0.4783274138877253,0.5843395640975276,0.004750340194474643,0.0048691855605354235,0,2.0,0.0
808,2023-01-21 06:11:59.999,-0.0390527019106627,1646.465,41.7285,1.2155e-05,3545984035.0,-0.04371722297531963,0.008141071389300132,0.5729615724519433,0.4783274138877253,0.00474937206325251,0.004866076702850011,0,2.0,0.0
809,2023-01-21 06:12:59.999,-0.0391104029494471,1646.37,69.9867,1.2155e-05,5443555280.0,-0.04370973749286954,0.008137869855651403,0.5651767139318898,0.5729615724519433,0.004748460024035774,0.004863028028969619,0,2.0,0.0
810,2023-01-21 06:13:59.999,-0.0392193348089833,1646.75,64.4286,1.216e-05,3709900666.0,-0.04370210455991778,0.008134345223416297,0.5510916524700664,0.5651767139318898,0.004747658108073126,0.004860008077378623,0,2.0,0.0
811,2023-01-21 06:14:59.999,-0.0398149866234867,1648.005,1123.3057,1.218e-05,14516892608.0,-0.04369456791243406,0.00813040077784945,0.4771697478329644,0.5510916524700664,0.004747523822810438,0.004856877852587434,0,2.0,0.0
812,2023-01-21 06:15:59.999,-0.0395449996206593,1648.4499999999998,320.4306,1.218e-05,4641717123.0,-0.04368719373728121,0.00812693695342473,0.5096870002020095,0.4771697478329644,0.004747068235594199,0.004853714036749085,0,2.0,0.0
813,2023-01-21 06:16:59.999,-0.0400651868535533,1648.71,77.4118,1.219e-05,7061304077.0,-0.043679687145656836,0.008122789673912266,0.4449826275463125,0.5096870002020095,0.004747229546310391,0.0048505562089831335,0,2.0,0.0
814,2023-01-21 06:17:59.999,-0.0399204170128086,1648.39,62.3908,1.2185e-05,2187018401.0,-0.04367203292852773,0.008118537678250127,0.462104884451033,0.4449826275463125,0.0047472032608350985,0.004847456142893019,0,2.0,0.0
815,2023-01-21 06:18:59.999,-0.039341799059489,1648.785,223.0903,1.218e-05,2118479673.0,-0.043663824008958324,0.008113946338941875,0.5326661982870533,0.462104884451033,0.0047465076708574526,0.004844343045732602,0,2.0,0.0
816,2023-01-21 06:19:59.999,-0.040059121523889,1648.7199999999998,313.1397,1.219e-05,4735122354.0,-0.04365575901414114,0.008108866049909791,0.44354382821407634,0.5326661982870533,0.004746640311617616,0.004841219295325914,0,2.0,0.0
817,2023-01-21 06:20:59.999,-0.0398529222011916,1649.06,101.2154,1.219e-05,3903721603.0,-0.043647538028370736,0.008103714235720861,0.4682563719303697,0.44354382821407634,0.004746513076836499,0.004838102786612231,0,2.0,0.0
818,2023-01-21 06:21:59.999,-0.0395322347320927,1649.03,98.4544,1.2185e-05,135192351.0,-0.0436394899254869,0.008099163720857595,0.5071208997562153,0.4682563719303697,0.004746009912256528,0.004835018490208217,0,2.0,0.0
819,2023-01-21 06:22:59.999,-0.0388298013402135,1649.07,190.6003,1.2175e-05,4866841482.0,-0.04363124030923019,0.008094982382171444,0.5931376675496515,0.5071208997562153,0.0047447869205237145,0.004832064365887722,0,2.0,0.0
820,2023-01-21 06:23:59.999,-0.0383601359096275,1649.285,292.3532,1.217e-05,3686020154.0,-0.04362295670066805,0.008091216437076491,0.6504362887791076,0.5931376675496515,0.004743155959755355,0.004829133903767638,0,2.0,0.0
821,2023-01-21 06:24:59.999,-0.038765783133396,1649.735,217.0628,1.218e-05,7258707807.0,-0.04361500122813847,0.008087539610450164,0.5995912636367975,0.6504362887791076,0.004741872454270844,0.004826199176446994,0,2.0,0.0
822,2023-01-21 06:25:59.999,-0.0403958433736661,1649.84,105.388,1.2205e-05,18175093181.0,-0.043608273298658524,0.008084169452939277,0.39737290808821885,0.5995912636367975,0.004742404412835382,0.004823141308047705,0,2.0,0.0
823,2023-01-21 06:26:59.999,-0.041718005692509,1649.89,71.8957,1.2225e-05,9678991037.0,-0.043602386786680075,0.008080913874578616,0.23318910749674834,0.39737290808821885,0.004744894810579536,0.004820052504177491,0,2.0,0.0
824,2023-01-21 06:27:59.999,-0.0413800962822605,1649.89,37.955,1.222e-05,6877130803.0,-0.04359623360929779,0.008077542846906052,0.27435785473872687,0.23318910749674834,0.004746821044723173,0.004816976725276703,0,2.0,0.0
825,2023-01-21 06:28:59.999,-0.0411649535675699,1650.245,166.6922,1.222e-05,2386047392.0,-0.04358982099337762,0.008073971532239538,0.30033143120769906,0.27435785473872687,0.004748400074397488,0.0048141794860220065,0,2.0,0.0
826,2023-01-21 06:29:59.999,-0.0414452974250316,1650.34,58.41,1.2225e-05,3382072103.0,-0.043583542090560624,0.008070362458308713,0.264950264201285,0.30033143120769906,0.004750395347536119,0.004811418509784951,0,2.0,0.0
827,2023-01-21 06:30:59.999,-0.0401594847498714,1650.23,125.5581,1.2205e-05,5568799003.0,-0.043576713171466774,0.00806701549903729,0.4236050398072472,0.264950264201285,0.0047505645050857845,0.004808646045845005,0,2.0,0.0
828,2023-01-21 06:31:59.999,-0.0399361635978046,1650.04,251.9204,1.22e-05,3778093822.0,-0.04356994764577647,0.00806393734492736,0.4506215627106418,0.4236050398072472,0.0047504552250320735,0.004805944521203429,0,2.0,0.0
829,2023-01-21 06:32:59.999,-0.0395726021458564,1650.64,348.8686,1.22e-05,34878738858.0,-0.04356271010303114,0.008060505558881315,0.495019565215523,0.4506215627106418,0.004749926945576309,0.004803166668603404,0,2.0,0.0
830,2023-01-21 06:33:59.999,-0.0399525795090944,1651.13,162.8437,1.221e-05,8027403515.0,-0.043555384467270045,0.00805659189325626,0.44718722332098737,0.495019565215523,0.0047498253325439135,0.004800469965863063,0,2.0,0.0
831,2023-01-21 06:34:59.999,-0.0413332055944408,1650.525,201.0066,1.2225e-05,24560209251.0,-0.043548828776547824,0.00805263530141624,0.27514262091533637,0.44718722332098737,0.00475158690912152,0.004797822934418045,0,2.0,0.0
832,2023-01-21 06:35:59.999,-0.0423794285067131,1650.47,62.8004,1.224e-05,9858550737.0,-0.043543096147237906,0.008049057444650353,0.14457191398207944,0.27514262091533637,0.0047550651608901495,0.004795298848071741,0,2.0,0.0
833,2023-01-21 06:36:59.999,-0.0422855202731646,1650.625,109.5493,1.224e-05,4798703924.0,-0.04353700447416479,0.008045026774497853,0.1555599796096763,0.14457191398207944,0.004758351115421216,0.004792741643236966,0,2.0,0.0
834,2023-01-21 06:37:59.999,-0.044595668345984,1650.705,52.9072,1.2275e-05,26779267867.0,-0.04353191004716157,0.008040869629259524,-0.1322939368338435,0.1555599796096763,0.004766331321044843,0.004789993535350902,3,2.0,0.0
835,2023-01-21 06:38:59.999,-0.0498294875202987,1651.475,231.3466,1.236e-05,99478213829.0,-0.04352915463232606,0.008037690746356485,-0.7838486310049442,-0.1322939368338435,0.004789815242351157,0.0047894232773343535,0,2.5,3.0
836,2023-01-21 06:39:59.999,-0.05131388528266,1651.78,18.3646,1.2385e-05,21727144838.0,-0.04352704962182107,0.008035055887414357,-0.9691078406854365,-0.7838486310049442,0.004818674428040945,0.0047894232773343535,0,2.5,0.0
837,2023-01-21 06:40:59.999,-0.0491942205426028,1651.42,49.6582,1.235e-05,13802471632.0,-0.04352419757274228,0.0080319498904782,-0.7059335587467098,-0.9691078406854365,0.0048394412615311595,0.0047894232773343535,0,2.5,0.0
838,2023-01-21 06:41:59.999,-0.050156521416639,1650.935,232.1849,1.236e-05,13500311435.0,-0.04352195188065951,0.008029416698527771,-0.8262828777084102,-0.7059335587467098,0.004863387018861838,0.0047894232773343535,0,2.5,0.0
839,2023-01-21 06:42:59.999,-0.050166597852705,1651.47,105.9783,1.2365e-05,10834937970.0,-0.04351932926167728,0.00802632021100886,-0.828183827242571,-0.8262828777084102,0.004887131700180083,0.0047894232773343535,0,2.5,0.0
840,2023-01-21 06:43:59.999,-0.0511044583956028,1651.575,144.3804,1.238e-05,16733960727.0,-0.04351704903743787,0.008023464874156857,-0.9456524677516273,-0.828183827242571,0.004914098135050898,0.0047894232773343535,0,2.5,0.0
841,2023-01-21 06:44:59.999,-0.0512679520742125,1651.305,87.3003,1.238e-05,131613168102.0,-0.04351471135004059,0.008020470111872501,-0.9666815805092253,-0.9456524677516273,0.0049414025841213365,0.0047894232773343535,0,2.5,0.0
842,2023-01-21 06:45:59.999,-0.047747524595298,1651.045,43.9651,1.2325e-05,13728659106.0,-0.04351118425907014,0.008016931965507344,-0.5284241346258903,-0.9666815805092253,0.004956592895010782,0.0047894232773343535,0,2.5,0.0
843,2023-01-21 06:46:59.999,-0.0475648360437936,1651.9,569.2164,1.233e-05,10487426555.0,-0.04350775374225402,0.008013610564991776,-0.5062739533741923,-0.5284241346258903,0.004971127464797782,0.0047894232773343535,0,2.5,0.0
844,2023-01-21 06:47:59.999,-0.0470292327889261,1652.785,65.5149,1.233e-05,14480918281.0,-0.04350423403359243,0.008010392868294263,-0.4400531675900544,-0.5062739533741923,0.004984041675547673,0.0047894232773343535,0,2.5,0.0
845,2023-01-21 06:48:59.999,-0.0460059878106342,1652.26,239.1539,1.231e-05,16823549639.0,-0.04350028914088371,0.00800706099241469,-0.3129361287648742,-0.4400531675900544,0.004994185743166889,0.0047894232773343535,0,2.5,0.0
846,2023-01-21 06:49:59.999,-0.0450684555425198,1652.145,98.9827,1.2295e-05,8614439769.0,-0.0434956546288622,0.008003254018825318,-0.19652017916188158,-0.3129361287648742,0.005002035365298989,0.0047894232773343535,0,2.5,0.0
847,2023-01-21 06:50:59.999,-0.0461805636527614,1653.08,368.0622,1.232e-05,12645234915.0,-0.04349141260996237,0.00799940056634767,-0.3361690692314998,-0.19652017916188158,0.00501247382756187,0.0047894232773343535,0,2.5,0.0
848,2023-01-21 06:51:59.999,-0.0457118516797763,1653.855,191.9535,1.232e-05,5842475874.0,-0.04348669088414148,0.007995077359012703,-0.27831635589197184,-0.3361690692314998,0.005021689673532302,0.0047894232773343535,0,2.5,0.0
849,2023-01-21 06:52:59.999,-0.0452981174121056,1653.4299999999998,223.787,1.231e-05,4697006683.0,-0.04348179265243675,0.007990723886779218,-0.2273041573459932,-0.27831635589197184,0.005029874457661199,0.0047894232773343535,0,2.5,0.0
850,2023-01-21 06:53:59.999,-0.0448627541517439,1653.595,164.6324,1.2305e-05,9030830056.0,-0.043476582826100695,0.007986152052515736,-0.173571867468582,-0.2273041573459932,0.005037033155044269,0.004797030038773604,0,2.5,0.0
851,2023-01-21 06:54:59.999,-0.0442698131919954,1653.465,119.6148,1.2295e-05,8269309007.0,-0.043470883269909215,0.007981189292755162,-0.10010161302794836,-0.173571867468582,0.005042899135093103,0.004823866136413498,0,2.5,0.0
852,2023-01-21 06:55:59.999,-0.0422427773212277,1653.48,110.7951,1.2265e-05,12599915529.0,-0.043463994024529065,0.007975822166738249,0.15311483603461387,-0.10010161302794836,0.0050451071124890685,0.004845427700863829,4,2.5,0.0
853,2023-01-21 06:56:59.999,-0.0419652383142121,1652.825,213.2058,1.2255e-05,8196018019.0,-0.04345648315439842,0.007969588715473375,0.1871169132343039,0.15311483603461387,0.005046876960211291,0.004869323189191399,0,2.5,4.0
854,2023-01-21 06:57:59.999,-0.0430875957378127,1652.64,92.9226,1.227e-05,4155586836.0,-0.043449514453205475,0.007963324771935423,0.04544819227620351,0.1871169132343039,0.005050434177029134,0.004893873308897787,0,2.5,0.0
855,2023-01-21 06:58:59.999,-0.0429907856307636,1652.8000000000002,172.4767,1.227e-05,8536574347.0,-0.04344230561832904,0.007956686112201034,0.05674724140155139,0.04544819227620351,0.005053798901512018,0.004920924247318508,0,2.5,0.0
856,2023-01-21 06:59:59.999,-0.0429454091191487,1652.875,263.021,1.227e-05,5196132974.0,-0.043434607576561604,0.00794911590169751,0.06154124099617614,0.05674724140155139,0.0050570617581590285,0.004945200161843698,0,2.5,0.0
857,2023-01-21 07:00:59.999,-0.0428637365866357,1653.01,223.0748,1.227e-05,1243792060.0,-0.04342639450217038,0.0079405321899342,0.07085896789738301,0.06154124099617614,0.005060163345685628,0.0049602265374575315,0,2.5,0.0
858,2023-01-21 07:01:59.999,-0.0423808391679862,1652.695,59.653,1.226e-05,3737528185.0,-0.043417986709684164,0.007932015499737176,0.13075460350932647,0.07085896789738301,0.0050624647521332385,0.0049743560174852555,0,2.5,0.0
859,2023-01-21 07:02:59.999,-0.0427539513235828,1652.635,48.4738,1.2265e-05,1921874035.0,-0.04340993925009176,0.007923863177365882,0.08278637727904745,0.13075460350932647,0.005065341589539206,0.004986577692452477,0,2.5,0.0
860,2023-01-21 07:03:59.999,-0.0425875642372588,1652.91,66.6115,1.2265e-05,5967703699.0,-0.04340238672905465,0.007916865856027615,0.10292235672724925,0.08278637727904745,0.00506792855243519,0.004996148148699914,0,2.5,0.0
861,2023-01-21 07:04:59.999,-0.0436551628757833,1653.37,310.5354,1.2285e-05,14464587243.0,-0.04339537513743829,0.00790992922047902,-0.03284324437093699,0.10292235672724925,0.005072320287265444,0.00500464498086471,3,2.5,0.0
862,2023-01-21 07:05:59.999,-0.0425673515742879,1653.5,213.9141,1.227e-05,4862871772.0,-0.04338798917688493,0.007903247687286874,0.10383549080931723,-0.03284324437093699,0.005074830199000466,0.005014777789054478,4,2.5,3.0
863,2023-01-21 07:06:59.999,-0.0413922244576312,1653.215,622.5425,1.225e-05,6956938110.0,-0.04338036455774463,0.00789722283836219,0.2517518045021701,0.10383549080931723,0.005075628890294112,0.005023735869564526,0,2.5,4.0
864,2023-01-21 07:07:59.999,-0.0414315425607512,1653.15,70.4079,1.225e-05,2471953470.0,-0.043373178235605464,0.00789192861554957,0.24602803312597588,0.2517518045021701,0.005076468363414728,0.005031664132006966,0,2.5,0.0
865,2023-01-21 07:08:59.999,-0.042046919988671,1652.69,94.3634,1.2255e-05,529233101.0,-0.043366237572590526,0.007886497706116755,0.1672881465363597,0.24602803312597588,0.005078145085021623,0.0050384996500564775,0,2.5,0.0
866,2023-01-21 07:09:59.999,-0.042705544952085,1652.715,63.9394,1.2265e-05,1797649060.0,-0.04335967244667673,0.00788114078868943,0.08299908758520087,0.1672881465363597,0.0050808070434011365,0.005043451129442095,0,2.5,0.0
867,2023-01-21 07:10:59.999,-0.0426450402826183,1652.815,51.0079,1.2265e-05,4789800596.0,-0.04335267319010628,0.007875056660710885,0.0898575004569049,0.08299908758520087,0.005083352890692276,0.005045549574419625,0,2.5,0.0
868,2023-01-21 07:11:59.999,-0.0424201696423018,1652.63,67.311,1.226e-05,3519366230.0,-0.04334547068414381,0.007868789354088692,0.11759128376733213,0.0898575004569049,0.005085531515616983,0.005047766264415752,0,2.5,0.0
869,2023-01-21 07:12:59.999,-0.0422072774954855,1652.425,66.872,1.2255e-05,964248142.0,-0.04333825832407499,0.007862687379104177,0.14384151042239987,0.11759128376733213,0.005087374877467324,0.005051275358149854,0,2.5,0.0
870,2023-01-21 07:13:59.999,-0.0419125583301003,1652.355,47.3643,1.225e-05,1525032253.0,-0.0433311004080301,0.007856942307369837,0.18054632736697154,0.14384151042239987,0.005088780732066778,0.0050546146156737705,0,2.5,0.0
871,2023-01-21 07:14:59.999,-0.0420136414640559,1652.745,66.2553,1.2255e-05,3250732703.0,-0.04332408396852384,0.007851346586315902,0.1669067197659956,0.18054632736697154,0.005090315115114157,0.005057837155040678,0,2.5,0.0
872,2023-01-21 07:15:59.999,-0.0413393397598049,1652.745,35.5039,1.2245e-05,2329122926.0,-0.04331637929495427,0.007845122405683455,0.25200875562082864,0.1669067197659956,0.005090933568094984,0.005060738697297531,0,2.5,0.0
873,2023-01-21 07:16:59.999,-0.0408187878332775,1652.49,57.1339,1.2235e-05,4128550627.0,-0.04330839036692763,0.007838873023378313,0.317596997199119,0.25200875562082864,0.005090917716385519,0.00506318396148473,0,2.5,0.0
874,2023-01-21 07:17:59.999,-0.0402825770130483,1652.26,69.8311,1.2225e-05,5152859640.0,-0.043299631079796966,0.007831675123984477,0.38523738778552624,0.317596997199119,0.005090316720973854,0.005065988330263202,0,2.5,0.0
875,2023-01-21 07:18:59.999,-0.0405307527711826,1651.85,84.5184,1.2225e-05,1795547874.0,-0.04329174386180925,0.00782587891579261,0.3528026845719494,0.38523738778552624,0.005089970961589864,0.005069026486142754,0,2.5,0.0
876,2023-01-21 07:19:59.999,-0.0411335139938557,1651.97,103.4969,1.2235e-05,6762703987.0,-0.04328409103514799,0.00781990110706529,0.27501332968894465,0.3528026845719494,0.005090305660536332,0.0050729477651991995,0,2.5,0.0
877,2023-01-21 07:20:59.999,-0.0425442220409841,1652.425,74.4625,1.226e-05,10095313744.0,-0.04327709730947929,0.007813802079933908,0.0937924023411393,0.27501332968894465,0.005092550042845843,0.005075029871823878,0,2.5,0.0
878,2023-01-21 07:21:59.999,-0.0420771741539169,1652.64,32.3408,1.2255e-05,5895548103.0,-0.04327007042624616,0.0078080511330982805,0.15277772289074482,0.0937924023411393,0.00509409436553772,0.005075838758574266,0,2.5,0.0
879,2023-01-21 07:22:59.999,-0.0416221060393837,1652.835,76.1802,1.225e-05,2910041879.0,-0.04326283585767404,0.007802333149691842,0.21028707526480683,0.15277772289074482,0.005095008241293311,0.0050768875438164515,0,2.5,0.0
880,2023-01-21 07:23:59.999,-0.0413952488722202,1653.21,179.8171,1.225e-05,4249164277.0,-0.043255451670746486,0.007796547482543584,0.23859314686292443,0.21028707526480683,0.0050956219032575025,0.0050788105746165015,0,2.5,0.0
881,2023-01-21 07:24:59.999,-0.0409491560509209,1653.39,140.7327,1.2245e-05,2075298321.0,-0.043247894044881774,0.0077908652611817265,0.29505554478196677,0.23859314686292443,0.005095691900951617,0.0050814435052239215,0,2.5,0.0
882,2023-01-21 07:25:59.999,-0.0411699389843924,1653.025,51.5509,1.2245e-05,4121872299.0,-0.043240552039673155,0.007785345556823969,0.2659628965943375,0.29505554478196677,0.00509601334314288,0.005083897546923453,0,2.5,0.0
883,2023-01-21 07:26:59.999,-0.0420813732133638,1653.19,45.1357,1.226e-05,3205473820.0,-0.043233604947091324,0.00777967974253299,0.14810786200208942,0.2659628965943375,0.005097504979454568,0.005085992356079568,0,2.5,0.0
884,2023-01-21 07:27:59.999,-0.0418139935696793,1653.0749999999998,184.503,1.2255e-05,5413442641.0,-0.043226432577957226,0.0077738415721263394,0.1816912520242667,0.14810786200208942,0.005098619150986669,0.005087726341117187,0,2.5,0.0
885,2023-01-21 07:28:59.999,-0.0410624896085245,1652.645,84.1124,1.224e-05,3180058035.0,-0.04321833259466072,0.007766974054745677,0.2775653647019696,0.1816912520242667,0.005098786217501,0.00508907828944755,0,2.5,0.0
886,2023-01-21 07:29:59.999,-0.0409445038967604,1652.84,135.9422,1.224e-05,3050059429.0,-0.04321016220972568,0.007760076295566134,0.29196340688812583,0.2775653647019696,0.005098810841384158,0.005090054636326481,0,2.5,0.0
887,2023-01-21 07:30:59.999,-0.0400072345351958,1652.715,42.2693,1.2225e-05,1945634153.0,-0.04320187024971592,0.007753922761741569,0.41200251958694867,0.29196340688812583,0.005097866416270227,0.005090308024180788,0,2.5,0.0
888,2023-01-21 07:31:59.999,-0.0402957635706187,1651.6799999999998,488.8584,1.222e-05,1972670733.0,-0.04319412193302808,0.007748458838993066,0.3740561087869219,0.41200251958694867,0.005097194678304475,0.005090315516579081,0,2.5,0.0
889,2023-01-21 07:32:59.999,-0.041037707831645,1650.455,365.2359,1.222e-05,4476227835.0,-0.04318723298453168,0.0077437567971061026,0.2775816969987962,0.3740561087869219,0.005097309443752295,0.00509046696982677,0,2.5,0.0
890,2023-01-21 07:33:59.999,-0.041328579023208,1649.975,1305.1462,1.222e-05,6185715410.0,-0.04317979310341421,0.007737816898509979,0.23924242515517302,0.2775816969987962,0.0050977592900414235,0.0050909216793128854,0,2.5,0.0
891,2023-01-21 07:34:59.999,-0.0407402292032479,1649.83,321.9547,1.221e-05,5040535042.0,-0.043172684438853255,0.007733000218741927,0.3145551748091232,0.23924242515517302,0.0050975296997886445,0.005091337686782699,0,2.5,0.0
892,2023-01-21 07:35:59.999,-0.0407087485764883,1650.44,48.7577,1.2215e-05,3375232330.0,-0.043165859246564194,0.007728664803986488,0.31792175393717487,0.3145551748091232,0.005097261043480453,0.0050929361235188125,0,2.5,0.0
893,2023-01-21 07:36:59.999,-0.0416679474941226,1650.5300000000002,80.4158,1.223e-05,2508357760.0,-0.04315969473617425,0.007724545738713854,0.19311779520902012,0.31792175393717487,0.005098108805736407,0.005094322834476618,0,2.5,0.0
894,2023-01-21 07:37:59.999,-0.0419298502836191,1650.6550000000002,69.8742,1.2235e-05,4415007715.0,-0.04315345561011093,0.007720092783952161,0.15849619437675033,0.19311779520902012,0.005099286749702185,0.005095161656784359,0,2.5,0.0
895,2023-01-21 07:38:59.999,-0.0425996927494232,1651.22,247.4379,1.225e-05,3774612366.0,-0.04314716290774718,0.0077150003513861455,0.07096178008930575,0.15849619437675033,0.005101389625104809,0.005095639402681032,0,2.5,0.0
896,2023-01-21 07:39:59.999,-0.0421092666440827,1652.03,173.0673,1.225e-05,22940223410.0,-0.04314046072430026,0.007709609084574655,0.1337543925905091,0.07096178008930575,0.005102782286970819,0.005095772261499433,0,2.5,0.0
897,2023-01-21 07:40:59.999,-0.0406584366335494,1652.755,198.7104,1.2235e-05,3444114031.0,-0.04313365861585287,0.007705313206806867,0.32123573901147306,0.1337543925905091,0.0051024218862002185,0.005096308676933279,0,2.5,0.0
898,2023-01-21 07:41:59.999,-0.04044064222456,1653.115,184.0524,1.2235e-05,6873561383.0,-0.04312655204480526,0.007700713609519351,0.34878713278273765,0.32123573901147306,0.005101835606292622,0.005097211269598469,0,2.5,0.0
899,2023-01-21 07:42:59.999,-0.041089829182372,1653.715,225.2492,1.225e-05,4866165341.0,-0.043119712891285335,0.0076959580532514425,0.26375971579727286,0.34878713278273765,0.005101933799772419,0.005097273143548414,0,2.5,0.0
900,2023-01-21 07:43:59.999,-0.041785020466758,1653.6799999999998,92.4002,1.226e-05,1936182118.0,-0.043112978773056095,0.007690757344361305,0.17266938050928432,0.26375971579727286,0.0051028621114259844,0.005097358327677863,0,2.5,0.0
901,2023-01-21 07:44:59.999,-0.0419513300721234,1653.405,41.7919,1.226e-05,2933265183.0,-0.04310601699205937,0.007684997523663786,0.1502520874444574,0.17266938050928432,0.005103995107562159,0.005097511159538087,0,2.5,0.0
902,2023-01-21 07:45:59.999,-0.0402622071600866,1653.41,57.57,1.2235e-05,49793418638.0,-0.043098258610451176,0.007679403473059836,0.3693062176396576,0.1502520874444574,0.0051032144782087886,0.005097587097351839,0,2.5,0.0
903,2023-01-21 07:46:59.999,-0.0356013662474907,1653.28,72.9724,1.2165e-05,89332306262.0,-0.04308869323643316,0.007675867063953524,0.9754372928243562,0.3693062176396576,0.005100399101400941,0.005097786071598625,0,2.5,0.0
904,2023-01-21 07:47:59.999,-0.03704296124085,1653.14,74.6594,1.2185e-05,15681200470.0,-0.043079853484613996,0.0076718288279054945,0.7868908938381703,0.9754372928243562,0.005097713724223935,0.005097786071598625,0,2.0,0.0
905,2023-01-21 07:48:59.999,-0.0383129634034133,1653.28,62.361,1.2205e-05,4792687808.0,-0.04307147198831943,0.007667141304372384,0.6206366096569096,0.7868908938381703,0.005095515579617874,0.005097786071598625,0,2.0,0.0
906,2023-01-21 07:49:59.999,-0.0379261126697798,1653.36,100.719,1.22e-05,6072971651.0,-0.043062982821759986,0.007662681051056664,0.670375044681238,0.6206366096569096,0.005093136195783621,0.005097786071598625,0,2.0,0.0
907,2023-01-21 07:50:59.999,-0.0379442577030317,1653.33,64.498,1.22e-05,3005356759.0,-0.04305474078566015,0.00765860686351622,0.6672862537145726,0.670375044681238,0.005090767878610378,0.005097786071598625,0,2.0,0.0
908,2023-01-21 07:51:59.999,-0.0380924544662626,1653.085,209.7855,1.22e-05,2043432077.0,-0.04304673471021724,0.007654750278284963,0.6472164425806246,0.6672862537145726,0.005088469643298727,0.005097786071598625,0,2.0,0.0
909,2023-01-21 07:52:59.999,-0.0373908446761817,1652.565,517.427,1.2185e-05,8632560740.0,-0.043038290350698616,0.007650923322370848,0.7381391025059835,0.6472164425806246,0.00508589994901305,0.005097786071598625,0,2.0,0.0
910,2023-01-21 07:53:59.999,-0.0361422460634663,1651.825,89.0985,1.216e-05,4630109800.0,-0.04302945289177986,0.0076478584669955,0.9005405706754975,0.7381391025059835,0.005083109443248651,0.005097786071598625,0,2.0,0.0
911,2023-01-21 07:54:59.999,-0.0363117699137589,1651.545,66.6132,1.216e-05,4240812266.0,-0.04302092511979411,0.007645074145646296,0.8775788276502096,0.9005405706754975,0.005080334262703219,0.005097786071598625,0,2.0,0.0
912,2023-01-21 07:55:59.999,-0.0362027869967214,1651.725,79.5635,1.216e-05,5339211696.0,-0.0430121529878101,0.007642021218899787,0.8910425391450351,0.8775788276502096,0.005077556021818975,0.005097786071598625,0,2.0,0.0
913,2023-01-21 07:56:59.999,-0.03612408449818,1651.855,155.4802,1.216e-05,2191567557.0,-0.043003775374733356,0.007639648615293285,0.900524516635671,0.8910425391450351,0.005074778445322628,0.005097786071598625,0,2.0,0.0
914,2023-01-21 07:57:59.999,-0.0361089501123998,1651.88,25.6197,1.216e-05,3547068022.0,-0.042995530840875595,0.007637475497978562,0.9016828571559401,0.900524516635671,0.0050720048284264825,0.005097786071598625,0,2.0,0.0
915,2023-01-21 07:58:59.999,-0.0362391133160535,1651.665,36.2565,1.216e-05,7260269811.0,-0.04298750491691363,0.007635462210608407,0.8838222775150645,0.9016828571559401,0.005069242464272894,0.005097786071598625,0,2.0,0.0
916,2023-01-21 07:59:59.999,-0.0371118892006805,1651.345,65.2882,1.217e-05,1116576297.0,-0.042980058918106766,0.00763334597157599,0.7687545853780703,0.8838222775150645,0.0050666237158476304,0.005097786071598625,0,2.0,0.0
917,2023-01-21 08:00:59.999,-0.0373178031717635,1651.005,198.3021,1.217e-05,3048881009.0,-0.04297313520816022,0.007631696066833512,0.7410321358281223,0.7687545853780703,0.005064065637703649,0.005097786071598625,0,2.0,0.0
918,2023-01-21 08:01:59.999,-0.0383261922532156,1651.02,109.6063,1.2185e-05,1184471465.0,-0.04296678489672137,0.007629853108446564,0.6082152012033416,0.7410321358281223,0.005061919853694153,0.005097786071598625,0,2.0,0.0
919,2023-01-21 08:02:59.999,-0.0388524028338039,1651.27,156.3444,1.2195e-05,14026562363.0,-0.04296116737433817,0.00762841333449422,0.5386132555187101,0.6082152012033416,0.005060075930772718,0.005097786071598625,0,2.0,0.0
920,2023-01-21 08:03:59.999,-0.0391516419567175,1651.335,82.4493,1.22e-05,7764022975.0,-0.04295571872215779,0.007626929146200697,0.4987691235253269,0.5386132555187101,0.005058429822019474,0.005097786071598625,0,2.0,0.0
921,2023-01-21 08:04:59.999,-0.0398163184812006,1651.355,115.0972,1.221e-05,4332608569.0,-0.042950779096964216,0.007625505553383339,0.4110495486260448,0.4987691235253269,0.005057288570550071,0.005097786071598625,0,2.0,0.0
922,2023-01-21 08:05:59.999,-0.0403078725270091,1651.66,122.7955,1.222e-05,7359398800.0,-0.04294576666400518,0.007623682556244652,0.3460131134179179,0.4110495486260448,0.0050565790394158415,0.005097786071598625,0,2.0,0.0
923,2023-01-21 08:06:59.999,-0.0399425798819699,1651.705,182.3282,1.2215e-05,2489887175.0,-0.04294082498230859,0.007622168012686169,0.39335856876265113,0.3460131134179179,0.005055540526301042,0.005097786071598625,0,2.0,0.0
924,2023-01-21 08:07:59.999,-0.0402019241298319,1651.835,76.1776,1.222e-05,3545452595.0,-0.0429359671414732,0.0076205681474436045,0.3587715454730839,0.39335856876265113,0.0050547284596144035,0.005097786071598625,0,2.0,0.0
925,2023-01-21 08:08:59.999,-0.0399395527116013,1651.71,117.5111,1.2215e-05,1444983343.0,-0.04293110689344522,0.007619129763886351,0.3926372531445099,0.3587715454730839,0.005053683672459789,0.005097786071598625,0,2.0,0.0
926,2023-01-21 08:09:59.999,-0.0406094555079619,1651.72,176.6422,1.2225e-05,3195218694.0,-0.04292663670127615,0.007617657932531814,0.3041855139515452,0.3926372531445099,0.005053253028050446,0.005097786071598625,0,2.0,0.0
927,2023-01-21 08:10:59.999,-0.0398093930539502,1651.925,411.919,1.2215e-05,9925443785.0,-0.04292191031884511,0.007616423375658651,0.40865864610969715,0.3041855139515452,0.005052095632265896,0.005097786071598625,0,2.0,0.0
928,2023-01-21 08:11:59.999,-0.0396498024354841,1651.63,180.8717,1.221e-05,2871923491.0,-0.042917130183244785,0.0076152353267784035,0.4290514485181271,0.40865864610969715,0.005050809504380483,0.005097786071598625,0,2.0,0.0
929,2023-01-21 08:12:59.999,-0.0392586722615178,1652.835,309.9287,1.2215e-05,9678057959.0,-0.04291229407184756,0.00761424015195864,0.4798406324746564,0.4290514485181271,0.005049233543669776,0.005097786071598625,0,2.0,0.0
930,2023-01-21 08:13:59.999,-0.0399437047283477,1652.8200000000002,876.4576,1.2225e-05,5532356897.0,-0.0429076358247762,0.00761297693570551,0.3893261626115549,0.4798406324746564,0.005048185026661514,0.005097786071598625,0,2.0,0.0
931,2023-01-21 08:14:59.999,-0.0401956802000107,1653.52,340.9401,1.2235e-05,5751290581.0,-0.04290311060620057,0.007611682475451812,0.3556940814230645,0.3893261626115549,0.00504735350371917,0.005097786071598625,0,2.0,0.0
932,2023-01-21 08:15:59.999,-0.0395089957536214,1652.98,160.2855,1.222e-05,3166294783.0,-0.04289807632277799,0.007610329531280088,0.44532638898575205,0.3556940814230645,0.005045956937181495,0.005097786071598625,0,2.0,0.0
933,2023-01-21 08:16:59.999,-0.0394227797761317,1652.005,213.428,1.221e-05,3934100736.0,-0.0428926511496316,0.007608628004131086,0.4560442922976318,0.44532638898575205,0.005044496719552156,0.005097786071598625,0,2.0,0.0
934,2023-01-21 08:17:59.999,-0.0405065377905842,1651.89,65.3067,1.2225e-05,3873106127.0,-0.04288729245401317,0.007606230246552788,0.31300060427541615,0.4560442922976318,0.005043947260299904,0.005097786071598625,0,2.0,0.0
935,2023-01-21 08:18:59.999,-0.0418822989466605,1652.405,161.1901,1.225e-05,21469608111.0,-0.04288255660363943,0.007603669512210776,0.13154933356488135,0.31300060427541615,0.00504490596966583,0.005097786071598625,0,2.0,0.0
936,2023-01-21 08:19:59.999,-0.0421558392674903,1652.51,140.8663,1.2255e-05,16786966473.0,-0.04287817795858998,0.0076013631858233436,0.0950275198594448,0.13154933356488135,0.005046202127846815,0.005097786071598625,0,2.0,0.0
937,2023-01-21 08:20:59.999,-0.0432994005272071,1652.29,174.4153,1.227e-05,27627620209.0,-0.042874527822797374,0.007599266752715871,-0.05590969737414221,0.0950275198594448,0.00504910665735597,0.005097786071598625,3,2.0,0.0
938,2023-01-21 08:21:59.999,-0.0437625015263094,1651.525,217.3943,1.227e-05,7195291892.0,-0.04287089972140549,0.007596970867390534,-0.11736280426334811,-0.05590969737414221,0.00505272389408354,0.005097786071598625,0,2.0,3.0
939,2023-01-21 08:22:59.999,-0.0426844821386858,1651.08,77.2028,1.225e-05,3687092045.0,-0.04286702951866251,0.00759493520943821,0.02403540977543255,-0.11736280426334811,0.005054686897930874,0.005097786071598625,4,2.0,0.0
940,2023-01-21 08:23:59.999,-0.0419251157075706,1651.2199999999998,39.7278,1.224e-05,2517684169.0,-0.04286338979826705,0.007593501791293281,0.1235627667556857,0.02403540977543255,0.005055635633627772,0.005097786071598625,0,2.0,4.0
941,2023-01-21 08:24:59.999,-0.0415557601077871,1651.83,105.5921,1.224e-05,4300666713.0,-0.04285988405475859,0.007592356595921499,0.17176800516351412,0.1235627667556857,0.005056133112618572,0.005097786071598625,0,2.0,0.0
942,2023-01-21 08:25:59.999,-0.0398638764304806,1651.835,59.1441,1.2215e-05,7870882229.0,-0.042855766027301866,0.007591568177952897,0.3941069258272855,0.17176800516351412,0.0050549708059048635,0.005097786071598625,0,2.0,0.0
943,2023-01-21 08:26:59.999,-0.0386620436436793,1651.025,125.2522,1.219e-05,5450622024.0,-0.04285143047452705,0.007591287852159144,0.5518677347554661,0.3941069258272855,0.005053000239305756,0.005097786071598625,0,2.0,0.0
944,2023-01-21 08:27:59.999,-0.0387074710015582,1650.95,66.0437,1.219e-05,5117870454.0,-0.0428477596759658,0.007591373760686039,0.5453938647902173,0.5518677347554661,0.0050510565440670145,0.005097725115678307,0,2.0,0.0
945,2023-01-21 08:28:59.999,-0.0388043895960734,1650.79,95.8691,1.219e-05,2047273087.0,-0.042843697865148085,0.007591188941227161,0.5321048257852619,0.5453938647902173,0.005049169281127787,0.005097575705897467,0,2.0,0.0
946,2023-01-21 08:29:59.999,-0.0390255203018803,1650.425,224.9671,1.219e-05,3704544143.0,-0.04283915534995965,0.007590536658666478,0.5024196864559161,0.5321048257852619,0.005047415389435359,0.0050973645077613825,0,2.0,0.0
947,2023-01-21 08:30:59.999,-0.0390164317750851,1650.44,83.9556,1.219e-05,6257874830.0,-0.042834339209748516,0.007589660300085316,0.5030406215440896,0.5024196864559161,0.005045657057913234,0.005097273143548414,0,2.0,0.0
948,2023-01-21 08:31:59.999,-0.0398111091611141,1650.8049999999998,88.1668,1.2205e-05,2368763706.0,-0.04283042991428629,0.0075890417834228036,0.3978526985801386,0.5030406215440896,0.005044454433533516,0.005097273143548414,0,2.0,0.0
949,2023-01-21 08:32:59.999,-0.0406742377790898,1651.0549999999998,81.7055,1.222e-05,1083950078.0,-0.04282693657759656,0.007588296795109949,0.28368668973174554,0.3978526985801386,0.005044001312966946,0.005095951945583519,0,2.0,0.0
950,2023-01-21 08:33:59.999,-0.0411090596199485,1650.895,117.692,1.2225e-05,2138773073.0,-0.04282385730909339,0.007587643737382898,0.2259987090190337,0.28368668973174554,0.005043980451700885,0.005093731041742184,0,2.0,0.0
951,2023-01-21 08:34:59.999,-0.041093916433553,1650.92,206.8053,1.2225e-05,969704475.0,-0.042820946438401813,0.007587100779440573,0.2276271338755242,0.2259987090190337,0.0050439382945878025,0.005091359957903689,0,2.0,0.0
952,2023-01-21 08:35:59.999,-0.0420644163579666,1650.99,196.9549,1.224e-05,19330572700.0,-0.04281834499289452,0.007586396362765103,0.09937901987672096,0.2276271338755242,0.005044998328373501,0.005089044202126639,0,2.0,0.0
953,2023-01-21 08:36:59.999,-0.0423605042935157,1651.615,391.3353,1.225e-05,3168642557.0,-0.042815682966752734,0.007585547684033473,0.06000603940505498,0.09937901987672096,0.005046424149110357,0.00508654237258447,0,2.0,0.0
954,2023-01-21 08:37:59.999,-0.0426471064353286,1652.255,69.0029,1.226e-05,1841865251.0,-0.04281295443132026,0.0075845477887484195,0.021866563519804608,0.06000603940505498,0.005048218435984682,0.005083807069689751,0,2.0,0.0
955,2023-01-21 08:38:59.999,-0.041655382751891,1652.7800000000002,133.9051,1.225e-05,18443393855.0,-0.04280954239711404,0.007583409931879404,0.1521953389821572,0.021866563519804608,0.005048758429673482,0.005081028057839577,0,2.0,0.0
956,2023-01-21 08:39:59.999,-0.0409626546386725,1652.81,51.3209,1.224e-05,3884122443.0,-0.04280552734766009,0.007582090755319599,0.24305600769743263,0.1521953389821572,0.00504854640793382,0.005078250582040036,0,2.0,0.0
957,2023-01-21 08:40:59.999,-0.0414119488777267,1652.625,160.0163,1.2245e-05,2381725454.0,-0.042801721792207995,0.007580726268305245,0.1833297846793237,0.24305600769743263,0.005048800175991275,0.0050754728394467145,0,2.0,0.0
958,2023-01-21 08:41:59.999,-0.0410699555374556,1652.075,180.3497,1.2235e-05,4233843543.0,-0.04279789446158316,0.007579512617416749,0.22797493867309823,0.1833297846793237,0.00504868629910197,0.005072698232650519,0,2.0,0.0
959,2023-01-21 08:42:59.999,-0.0416086250510403,1652.3,137.2392,1.2245e-05,1921454588.0,-0.04279418590950602,0.007578133770588084,0.15644496314739964,0.22797493867309823,0.005049145906340623,0.0050699330553112916,0,2.0,0.0
960,2023-01-21 08:43:59.999,-0.0418563397924032,1653.005,151.5459,1.2255e-05,5677544540.0,-0.042790558378407645,0.007576706343591376,0.12330141141006994,0.15644496314739964,0.005049883573527041,0.005067278402953946,0,2.0,0.0
961,2023-01-21 08:44:59.999,-0.0415360016517496,1652.42,392.9483,1.2245e-05,2145597525.0,-0.04278746693270305,0.007575855268486382,0.16519128687149337,0.12330141141006994,0.005050246643859797,0.005064705157239644,0,2.0,0.0
962,2023-01-21 08:45:59.999,-0.0412773198556344,1652.29,106.1343,1.224e-05,1966576310.0,-0.042784102640861736,0.007574911551223043,0.19891754181394342,0.16519128687149337,0.005050323210268058,0.005062456299696527,0,2.0,0.0
963,2023-01-21 08:46:59.999,-0.041534571711157,1651.865,210.0689,1.224e-05,2614869351.0,-0.042780691179668595,0.007573814138041506,0.1645299773402976,0.19891754181394342,0.005050671381140301,0.005060536911503077,0,2.0,0.0
964,2023-01-21 08:47:59.999,-0.0417676687698929,1651.48,55.6061,1.224e-05,7291108028.0,-0.04277735789566616,0.007572674796923476,0.13333322146402798,0.1645299773402976,0.0050512751438098365,0.005058841349207785,0,2.0,0.0
965,2023-01-21 08:48:59.999,-0.0428762153470465,1651.3200000000002,66.8093,1.2255e-05,2191234955.0,-0.0427740892947021,0.007571107563639515,-0.013488918429169367,0.13333322146402798,0.005053268632056324,0.005057573883417422,3,2.0,0.0
966,2023-01-21 08:49:59.999,-0.0433289561815719,1651.685,626.6819,1.2265e-05,479898070.0,-0.04277121171420754,0.0075697148095118325,-0.07368104101669982,-0.013488918429169367,0.0050558892522687155,0.005056756422199399,0,2.0,3.0
967,2023-01-21 08:50:59.999,-0.0425795270522542,1651.81,510.699,1.2255e-05,4382043922.0,-0.04276778384604521,0.00756812421155095,0.024874960892380758,-0.07368104101669982,0.005057455753125607,0.005056756422199399,4,2.5,0.0
968,2023-01-21 08:51:59.999,-0.0418706120391583,1651.31,165.7824,1.224e-05,12653578844.0,-0.042763867636404225,0.0075663986481647,0.11805558215764765,0.024874960892380758,0.005058136946199027,0.005056756422199399,0,2.5,4.0
969,2023-01-21 08:52:59.999,-0.0413301762598763,1650.53,542.4793,1.2225e-05,1156938925.0,-0.04275950009001886,0.007564501957034612,0.18895147866454867,0.11805558215764765,0.005058214482451452,0.005056756422199399,0,2.5,0.0
970,2023-01-21 08:53:59.999,-0.0421358503388766,1650.315,264.6238,1.2235e-05,8121837969.0,-0.042755690807349624,0.007562743132838937,0.08195974100740643,0.18895147866454867,0.00505919383807332,0.005056756422199399,0,2.5,0.0
971,2023-01-21 08:54:59.999,-0.0429207190672507,1650.69,86.1061,1.225e-05,2146393566.0,-0.04275244509027907,0.007561167038311619,-0.022255027050587028,0.08195974100740643,0.005061172364558435,0.005056756422199399,3,2.5,0.0
972,2023-01-21 08:55:59.999,-0.0428813423700731,1650.755,102.4152,1.225e-05,1814413477.0,-0.04274927476764928,0.007559676553658379,-0.017470007015036492,-0.022255027050587028,0.005063083187387788,0.005056756422199399,0,2.5,3.0
973,2023-01-21 08:56:59.999,-0.0424824347750387,1650.3,199.8982,1.224e-05,1695529965.0,-0.04274575077827115,0.0075580257936563085,0.0348392570257511,-0.017470007015036492,0.005064457570597813,0.005056756422199399,4,2.5,0.0
974,2023-01-21 08:57:59.999,-0.0418968214778736,1649.595,1312.4655,1.2225e-05,2743947484.0,-0.04274168124042548,0.007556115058519777,0.11181139461332991,0.0348392570257511,0.005065113537333843,0.005056756422199399,0,2.5,4.0
975,2023-01-21 08:58:59.999,-0.0409851730471615,1648.31,889.8883,1.22e-05,21284519969.0,-0.04273714207878946,0.007554223699888446,0.23191913573512982,0.11181139461332991,0.005064800883470106,0.005056756422199399,0,2.5,0.0
976,2023-01-21 08:59:59.999,-0.0414234256853234,1647.03,607.7971,1.2195e-05,5462065279.0,-0.042732862293993215,0.007552347878191543,0.17338139473831626,0.23191913573512982,0.005064924112662531,0.005056756422199399,0,2.5,0.0
977,2023-01-21 09:00:59.999,-0.0418136370525701,1646.945,220.1858,1.22e-05,3393002260.0,-0.042729663626801584,0.007551273326658315,0.121307564248486,0.17338139473831626,0.005065465011395671,0.005056756422199399,0,2.5,0.0
978,2023-01-21 09:01:59.999,-0.040881544827279,1645.69,440.1308,1.2175e-05,9069948147.0,-0.04272614618543587,0.007550363793222927,0.24430628889862874,0.121307564248486,0.005065039882130218,0.005056756422199399,0,2.5,0.0
979,2023-01-21 09:02:59.999,-0.0403612506464661,1647.105,278.4554,1.218e-05,5222743791.0,-0.04272262250818138,0.007549690592331552,0.3127773029683892,0.24430628889862874,0.00506415320360294,0.005056756422199399,0,2.5,0.0
980,2023-01-21 09:03:59.999,-0.041523861396012,1647.98,155.4235,1.2205e-05,2332900285.0,-0.04271936800444642,0.007548691404271824,0.15837269592950634,0.3127773029683892,0.00506436131207392,0.005056756422199399,0,2.5,0.0
981,2023-01-21 09:04:59.999,-0.0426366705702854,1648.375,168.8361,1.2225e-05,914756432.0,-0.042716484441062214,0.007547532726855024,0.010574829373422846,0.15837269592950634,0.0050658649027104435,0.005056798217843283,0,2.5,0.0
982,2023-01-21 09:05:59.999,-0.0418257784673379,1648.04,122.5179,1.221e-05,7360426462.0,-0.04271310348707793,0.007546295188253409,0.11758419166019952,0.010574829373422846,0.005066385984753017,0.005057626051393962,0,2.5,0.0
983,2023-01-21 09:06:59.999,-0.0421973381022979,1647.985,559.3392,1.2215e-05,1748074022.0,-0.04271001041489185,0.007545136657073158,0.06794738596461959,0.11758419166019952,0.005067327182054476,0.005058156330262133,0,2.5,0.0
984,2023-01-21 09:07:59.999,-0.0432878089472552,1648.415,58.4484,1.2235e-05,7572898946.0,-0.0427073626708885,0.00754392985477852,-0.07694216244588079,0.06794738596461959,0.005069670482559031,0.005058459321356919,3,2.5,0.0
985,2023-01-21 09:08:59.999,-0.0437260986278431,1648.805,281.8774,1.2245e-05,11610066961.0,-0.04270521826816294,0.007542981586537476,-0.13534175418142397,-0.07694216244588079,0.0050726306509560086,0.005059688469694599,0,2.5,3.0
986,2023-01-21 09:09:59.999,-0.0440602857915735,1648.81,212.778,1.225e-05,2558590364.0,-0.042703408564353965,0.007542187304614348,-0.17990500267599957,-0.13534175418142397,0.005076078735548633,0.005061650070265773,0,2.5,0.0
987,2023-01-21 09:10:59.999,-0.0453653354610921,1648.88,196.056,1.227e-05,16924460042.0,-0.04270238927625626,0.007541678701056128,-0.35309727321888223,-0.17990500267599957,0.0050816917778524874,0.005063350691441576,0,2.5,0.0
988,2023-01-21 09:11:59.999,-0.0457474860027282,1648.25,668.8019,1.227e-05,10990638429.0,-0.04270114629836861,0.007540955438276569,-0.40397264369139485,-0.35309727321888223,0.005087972865946122,0.005064205230720685,0,2.5,0.0
989,2023-01-21 09:12:59.999,-0.0465452201573732,1647.49,286.5469,1.2275e-05,4628478864.0,-0.042700181666197136,0.007540330353773713,-0.5099297127282678,-0.40397264369139485,0.0050957694919395394,0.005064385376704894,0,2.5,0.0
990,2023-01-21 09:13:59.999,-0.0480670294610128,1646.645,418.3698,1.229e-05,4352419021.0,-0.04269964290680362,0.00753990528516214,-0.7118639228494975,-0.5099297127282678,0.005106818610308651,0.005064543398815886,0,2.5,0.0
991,2023-01-21 09:14:59.999,-0.0491596002524588,1646.505,109.5061,1.2305e-05,6409280036.0,-0.04269991546538231,0.007540128155810514,-0.8567075590218693,-0.7118639228494975,0.005120434066422885,0.005064831690768212,0,2.5,0.0
992,2023-01-21 09:15:59.999,-0.049457166639705,1647.12,51.6562,1.2315e-05,7757257801.0,-0.042700337728077076,0.007540481016316447,-0.89607399010848,-0.8567075590218693,0.005134709540658888,0.005064953055029453,0,2.5,0.0
993,2023-01-21 09:16:59.999,-0.0484625819482289,1647.1,104.674,1.23e-05,13502443483.0,-0.04270007304276143,0.007540268708643394,-0.7642312400434642,-0.89607399010848,0.005146435896807766,0.005065058295931124,0,2.5,0.0
994,2023-01-21 09:17:59.999,-0.0467551222706212,1646.59,118.995,1.227e-05,15200894641.0,-0.04269875265140909,0.0075393087305977505,-0.5380293822893365,-0.7642312400434642,0.005154347116279325,0.0050652014058492996,0,2.5,0.0
995,2023-01-21 09:18:59.999,-0.046691356152575,1646.695,86.914,1.227e-05,3458866540.0,-0.04269748735141078,0.007538409164157362,-0.5298026034662245,-0.5380293822893365,0.005162081213022759,0.005065564984224364,0,2.5,0.0
996,2023-01-21 09:19:59.999,-0.0462208271934621,1647.47,703.6799,1.227e-05,3754818803.0,-0.04269637251506966,0.0075377099314745235,-0.46757632098254415,-0.5298026034662245,0.005168849782719786,0.005065995173221087,0,2.5,0.0
997,2023-01-21 09:20:59.999,-0.0464457819706076,1646.545,103.2178,1.2265e-05,1166157827.0,-0.04269518594133747,0.00753691783914027,-0.4976299475884903,-0.46757632098254415,0.005176009286127999,0.005066621284078381,0,2.5,0.0
998,2023-01-21 09:21:59.999,-0.0461484521935311,1646.48,88.3847,1.226e-05,2047808697.0,-0.04269378117758534,0.007535991244281281,-0.4584229073471058,-0.4976299475884903,0.005182558090632022,0.005067913007180614,0,2.5,0.0
999,2023-01-21 09:22:59.999,-0.0468553343863504,1646.425,106.9878,1.227e-05,2264513883.0,-0.042692556385078885,0.007535099747406105,-0.5524516118986372,-0.4584229073471058,0.005190438822423993,0.005070410524658275,0,2.5,0.0
1000,2023-01-21 09:23:59.999,-0.0468219292319318,1646.48,39.624,1.227e-05,2977870644.0,-0.042691064717027404,0.007533963134517292,-0.5482990082574997,-0.5524516118986372,0.005198204287412837,0.005073492672104165,0,2.5,0.0
1001,2023-01-21 09:24:59.999,-0.0478736321806323,1646.41,77.8123,1.2285e-05,7331036356.0,-0.042690055476374895,0.007533122757137389,-0.6881046375284584,-0.5482990082574997,0.005208118105014685,0.005077481996124596,0,2.5,0.0
1002,2023-01-21 09:25:59.999,-0.0484770379250782,1645.9699999999998,304.3742,1.229e-05,3941667982.0,-0.04268933006234802,0.007532489985674733,-0.7683658224222306,-0.6881046375284584,0.005219318487987443,0.005083262049875896,0,2.5,0.0
1003,2023-01-21 09:26:59.999,-0.0478350349942857,1645.92,84.754,1.228e-05,3060519979.0,-0.0426883327659072,0.007531665982161548,-0.683341805195326,-0.7683658224222306,0.005229017223970022,0.005089922022444476,0,2.5,0.0
1004,2023-01-21 09:27:59.999,-0.0477256796439675,1646.1,191.5571,1.228e-05,1542730325.0,-0.04268752923849011,0.007531035912204353,-0.6689850459101989,-0.683341805195326,0.005238419800835921,0.0050985317715318175,0,2.5,0.0
1005,2023-01-21 09:28:59.999,-0.0477096524530153,1646.68,109.4677,1.2284999999999998e-05,841437970.0,-0.042686855335086614,0.007530521339853547,-0.6669919506564158,-0.6689850459101989,0.00524772903394382,0.0051102224743372095,0,2.5,0.0
1006,2023-01-21 09:29:59.999,-0.0480427379384487,1646.685,170.9221,1.229e-05,12805762600.0,-0.04268643988337325,0.007530201088942368,-0.7113087674299753,-0.6669919506564158,0.005257694835910785,0.005124002934981885,0,2.5,0.0
1007,2023-01-21 09:30:59.999,-0.048711535282905,1646.69,88.8526,1.23e-05,4831949021.0,-0.042686404040262686,0.007530172225606081,-0.8001319308679381,-0.7113087674299753,0.005269090234783018,0.005137641129696107,0,2.5,0.0
1008,2023-01-21 09:31:59.999,-0.0484018710232767,1647.2,103.0361,1.23e-05,2795688068.0,-0.04268643911833163,0.007530198673563084,-0.759001475619857,-0.8001319308679381,0.005279712048524417,0.005148413701675655,0,2.5,0.0
1009,2023-01-21 09:32:59.999,-0.0478222672921262,1648.155,121.5894,1.23e-05,1843085869.0,-0.04268648147521715,0.007530227304779109,-0.682022681260842,-0.759001475619857,0.005289010632828974,0.0051562806404651836,0,2.5,0.0
1010,2023-01-21 09:33:59.999,-0.0480173782864064,1648.94,104.183,1.231e-05,2464274653.0,-0.042686727497470066,0.007530392785332733,-0.7078848263159749,-0.682022681260842,0.00529866492888474,0.0051637733554470155,0,2.5,0.0
1011,2023-01-21 09:34:59.999,-0.0477354186957157,1649.405,243.8649,1.231e-05,1124333113.0,-0.042686854739196624,0.007530475769975203,-0.6704176616102042,-0.7078848263159749,0.005307664892895638,0.00517063965857184,0,2.5,0.0
1012,2023-01-21 09:35:59.999,-0.0468004342410637,1649.84,278.0714,1.23e-05,7070475154.0,-0.042686692039259455,0.007530383095136468,-0.5462859126597587,-0.6704176616102042,0.005314753105625385,0.0051776464872540055,0,2.5,0.0
1013,2023-01-21 09:36:59.999,-0.0461528455669366,1649.8,71.4378,1.229e-05,3675061770.0,-0.04268612829823942,0.007530078004865367,-0.46038265028028214,-0.5462859126597587,0.005320612155084328,0.005184528273580015,0,2.5,0.0
1014,2023-01-21 09:37:59.999,-0.0459740519987867,1650.095,66.1096,1.229e-05,2814469505.0,-0.04268540137691808,0.007529684769743609,-0.4367580745323292,-0.46038265028028214,0.00532612353953686,0.005192380188671204,0,2.5,0.0
1015,2023-01-21 09:38:59.999,-0.0461797501332696,1650.31,144.5339,1.2295e-05,978856713.0,-0.042684763873686735,0.007529330591868846,-0.4641828668483769,-0.4367580745323292,0.005331961965386318,0.005200682741813299,0,2.5,0.0
1016,2023-01-21 09:39:59.999,-0.0458680031222762,1650.27,133.7703,1.229e-05,1836878790.0,-0.04268398949145502,0.007528917132737037,-0.42290459234523065,-0.4641828668483769,0.0053372257195685655,0.005210918200757874,0,2.5,0.0
1017,2023-01-21 09:40:59.999,-0.0457528770742747,1650.46,564.6203,1.229e-05,2514793469.0,-0.04268333205351102,0.007528587114981573,-0.40771860295744156,-0.42290459234523065,0.005342264085229277,0.0052217431719830875,0,2.5,0.0
1018,2023-01-21 09:41:59.999,-0.0456345466983094,1651.21,383.3954,1.2295e-05,3496677155.0,-0.04268311115080484,0.0075284935168181775,-0.39203534424400377,-0.40771860295744156,0.005347076102677189,0.005231367868186497,0,2.5,0.0
1019,2023-01-21 09:42:59.999,-0.045680511633293,1655.5700000000002,5493.806,1.2335e-05,44347196162.0,-0.042682844901722826,0.007528377337269426,-0.3981823170220426,-0.39203534424400377,0.005351935709703642,0.005240747109112896,0,2.5,0.0
1020,2023-01-21 09:43:59.999,-0.047857356915042,1651.97,1100.3907,1.2335e-05,13424442921.0,-0.04268423892544791,0.007529056557192195,-0.687087147014777,-0.3981823170220426,0.005360791463614607,0.005250220484435562,0,2.5,0.0
1021,2023-01-21 09:44:59.999,-0.0480577138586362,1652.745,432.9068,1.2345e-05,5274035836.0,-0.042685194735663054,0.007529607589658838,-0.7135191388129923,-0.687087147014777,0.00537000522988449,0.005260543685628843,0,2.5,0.0
1022,2023-01-21 09:45:59.999,-0.0477525163460867,1651.59,658.1391,1.233e-05,6514838393.0,-0.042685930600158795,0.007530025099846183,-0.6728511098895812,-0.7135191388129923,0.005378539315114334,0.005271745688218368,0,2.5,0.0
1023,2023-01-21 09:46:59.999,-0.0479273154270103,1650.1950000000002,1022.6875,1.232e-05,3762063348.0,-0.04268667359098648,0.007530463044035228,-0.6959255766051271,-0.6728511098895812,0.0053873749384914,0.005282036694600556,0,2.5,0.0
1024,2023-01-21 09:47:59.999,-0.0479099527965836,1651.33,501.4987,1.233e-05,6345882464.0,-0.04268745135901576,0.007530915709121537,-0.6934749556740203,-0.6959255766051271,0.0053961213653180296,0.0052914242068429155,0,2.5,0.0
1025,2023-01-21 09:48:59.999,-0.04755671376072,1653.02,307.8806,1.234e-05,12345391549.0,-0.042687898685700505,0.007531176222961136,-0.6464880027870543,-0.6934749556740203,0.005404112159406267,0.005300914919887464,0,2.5,0.0
1026,2023-01-21 09:49:59.999,-0.0468128978299304,1654.25,655.9298,1.234e-05,3315354854.0,-0.04268806601488009,0.0075312638554749815,-0.5476945031014545,-0.6464880027870543,0.005410654195482502,0.005309436946078074,0,2.5,0.0
1027,2023-01-21 09:50:59.999,-0.0459276920373241,1655.715,492.9587,1.234e-05,33233390511.0,-0.04268762949838747,0.0075310487443051,-0.43022726965971836,-0.5476945031014545,0.005415624965071185,0.005316217867990121,0,2.5,0.0
1028,2023-01-21 09:51:59.999,-0.0479009977640423,1654.11,414.6357,1.2355e-05,7127105513.0,-0.04268806166077078,0.007531321108192201,-0.6921675531270535,-0.43022726965971836,0.0054241659764574885,0.005321990001197461,0,2.5,0.0
1029,2023-01-21 09:52:59.999,-0.0480115554385847,1654.48,289.394,1.236e-05,12473444130.0,-0.04268887913152231,0.00753180304635973,-0.7066935067606345,-0.6921675531270535,0.0054328768167793105,0.005327583145999224,0,2.5,0.0
1030,2023-01-21 09:53:59.999,-0.0482505400336776,1655.19,128.5607,1.237e-05,10256504201.0,-0.04268954390369655,0.007532230520266753,-0.7382934065836454,-0.7066935067606345,0.005442019302996672,0.00533327790393188,0,2.5,0.0
1031,2023-01-21 09:54:59.999,-0.0473257744900124,1655.615,557.8905,1.236e-05,2573248090.0,-0.0426898134693167,0.007532386017509443,-0.6154704511849444,-0.7382934065836454,0.005449294536979167,0.0053384853109837435,0,2.5,0.0
1032,2023-01-21 09:55:59.999,-0.0462512228458749,1657.395,711.653,1.236e-05,6851351518.0,-0.04268934903935175,0.007532135483977789,-0.47289029971644764,-0.6154704511849444,0.005454618637958156,0.005343467089591255,0,2.5,0.0
1033,2023-01-21 09:56:59.999,-0.0463846098519731,1658.835,1334.3016,1.2375e-05,18723161502.0,-0.042688820569684795,0.0075318361478464955,-0.49068901788908537,-0.47289029971644764,0.005460137005915085,0.005348291004433802,0,2.5,0.0
1034,2023-01-21 09:57:59.999,-0.046667048248608,1658.92,573.4444,1.238e-05,9813621155.0,-0.04268849324689476,0.0075316478873384204,-0.5282449553173684,-0.49068901788908537,0.005466109038018222,0.005354149648181383,0,2.5,0.0
1035,2023-01-21 09:58:59.999,-0.0449772256361384,1662.28,3988.6431,1.2385e-05,19639486146.0,-0.042687528834589136,0.007531221375622382,-0.30402728685691355,-0.5282449553173684,0.005469359035307087,0.005363094905182077,0,2.5,0.0
1036,2023-01-21 09:59:59.999,-0.0448007009618827,1660.91,832.0018,1.237e-05,7964782729.0,-0.0426864666573099,0.007530761461972676,-0.28074641790857835,-0.30402728685691355,0.005472338392486835,0.005372138751191951,0,2.5,0.0
1037,2023-01-21 10:00:59.999,-0.0454200263303938,1660.99,1057.9378,1.238e-05,8889707731.0,-0.04268566467705922,0.0075303780635503385,-0.3631108066897523,-0.28074641790857835,0.0054762024685625615,0.005380748220958601,0,2.5,0.0
1038,2023-01-21 10:01:59.999,-0.0462516919755557,1661.27,530.2727,1.2395e-05,15516091319.0,-0.04268561615421211,0.007530354747580149,-0.47356013639191924,-0.3631108066897523,0.005481358828826112,0.005389561545198058,0,2.5,0.0
1039,2023-01-21 10:02:59.999,-0.0463511686398199,1664.4250000000002,1677.11,1.2425e-05,17445843882.0,-0.04268563147359077,0.007530362170920147,-0.4867677122335839,-0.47356013639191924,0.0054866504009415075,0.005398119063840089,0,2.5,0.0
1040,2023-01-21 10:03:59.999,-0.045977803569194,1665.6,2099.1152,1.243e-05,12735748198.0,-0.042685242287353056,0.0075301702883276145,-0.43724924613520194,-0.4867677122335839,0.0054913032258324945,0.005405747668425325,0,2.5,0.0
1041,2023-01-21 10:04:59.999,-0.045664800404694,1666.6750000000002,1305.5804,1.2435e-05,13751509989.0,-0.04268471652663141,0.00752992258585499,-0.39576553996195085,-0.43724924613520194,0.005495439378565786,0.005411896887879673,0,2.5,0.0
1042,2023-01-21 10:05:59.999,-0.0458789067561973,1667.425,1473.5138,1.2445e-05,12938735543.0,-0.04268478615110118,0.007529951424875156,-0.42418873972338783,-0.39576553996195085,0.005499883876005678,0.005417760217917761,0,2.5,0.0
1043,2023-01-21 10:06:59.999,-0.0426734944095485,1667.225,711.2421,1.2395e-05,53859163331.0,-0.04268331383472223,0.0075296425730424525,0.0013041024296274232,-0.42418873972338783,0.005500173614031901,0.005426343686537944,4,2.5,0.0
1044,2023-01-21 10:07:59.999,-0.0423702108352017,1667.175,531.012,1.239e-05,9127587998.0,-0.04268168169899427,0.007529328171510118,0.041367683370627115,0.0013041024296274232,0.005500159603584376,0.005435162438333651,0,2.5,4.0
1045,2023-01-21 10:08:59.999,-0.0426405060049717,1667.28,235.4516,1.2395e-05,7811130669.0,-0.042680078601317714,0.007528968131811005,0.0052560451383524606,0.041367683370627115,0.005500404556456427,0.005443838111492296,0,2.5,0.0
1046,2023-01-21 10:09:59.999,-0.043744368722109,1667.66,422.3604,1.2415e-05,5354946238.0,-0.04267855419659008,0.007528419127487623,-0.14157215578333615,0.0052560451383524606,0.005501850860176438,0.005450625562223915,3,2.5,0.0
1047,2023-01-21 10:10:59.999,-0.0440377315253286,1668.2800000000002,395.0879,1.2425e-05,11620683562.0,-0.042676818845022724,0.007527673579886833,-0.18078795073448603,-0.14157215578333615,0.005503641878801521,0.0054559982299473885,0,2.5,3.0
1048,2023-01-21 10:11:59.999,-0.0450216938367837,1671.0700000000002,1995.9731,1.2465e-05,20590169927.0,-0.04267565428875777,0.007527116135560491,-0.3116784045542348,-0.18078795073448603,0.005506719215898694,0.005461630013940869,0,2.5,0.0
1049,2023-01-21 10:12:59.999,-0.043588837359259,1674.575,3057.609,1.2475e-05,18802090055.0,-0.042673564558971734,0.007526235691437622,-0.12161096699755866,-0.3116784045542348,0.0055079471814203146,0.005466921537340438,0,2.5,0.0
1050,2023-01-21 10:13:59.999,-0.0413447481154349,1676.67,2240.3009,1.246e-05,9038650255.0,-0.04267088261035757,0.007525676552482343,0.17621465467915262,-0.12161096699755866,0.005507015116253262,0.005470103874602024,4,2.5,0.0
1051,2023-01-21 10:14:59.999,-0.0421713015468299,1675.84,735.7057,1.2465e-05,11209448606.0,-0.04266900655255167,0.007525295756198075,0.06613760067992618,0.17621465467915262,0.005506771142132754,0.005473304411505767,0,2.5,4.0
1052,2023-01-21 10:15:59.999,-0.0401102582246082,1676.515,1389.9833,1.244e-05,6884997526.0,-0.04266599418254301,0.00752501709576105,0.3396319138430246,0.06613760067992618,0.005505025983902165,0.005477491558628449,0,2.5,0.0
1053,2023-01-21 10:16:59.999,-0.0405232064885687,1674.71,3116.2769,1.243e-05,11190808192.0,-0.042662892199562694,0.007524518741191759,0.28436180234100983,0.3396319138430246,0.005503522861439931,0.005482681721854961,0,2.5,0.0
1054,2023-01-21 10:17:59.999,-0.0396840478635063,1674.4450000000002,552.0384,1.2415e-05,6551080545.0,-0.042659531679702746,0.007524227458158044,0.3954537303321839,0.28436180234100983,0.005501562105666388,0.005487813607164254,0,2.5,0.0
1055,2023-01-21 10:18:59.999,-0.0408277832039409,1674.2,888.7649,1.243e-05,7819034564.0,-0.0426568977817604,0.0075238724310080374,0.243108132759029,0.3954537303321839,0.0055002564283463595,0.005492337264015818,0,2.5,0.0
1056,2023-01-21 10:19:59.999,-0.0419920735950825,1675.585,795.1349,1.246e-05,7018882772.0,-0.04265498650681001,0.00752351670492981,0.088112107373023,0.243108132759029,0.005499845324366066,0.005496540865015856,0,2.5,0.0
1057,2023-01-21 10:20:59.999,-0.0421207455389733,1676.48,621.0973,1.247e-05,5868263015.0,-0.04265314325381666,0.007523159636618911,0.0707678343354461,0.088112107373023,0.005499543817863975,0.005499619194489498,0,2.0,0.0
1058,2023-01-21 10:21:59.999,-0.0424459266129026,1677.045,567.2348,1.248e-05,6966360892.0,-0.042651172986507425,0.007522656350078939,0.027283763082261905,0.0707678343354461,0.005499536214467327,0.005499619194489498,0,2.0,0.0
1059,2023-01-21 10:22:59.999,-0.0432062164239219,1676.3249999999998,541.1923,1.2485e-05,9317179412.0,-0.0426493247705687,0.007522029321703558,-0.07403476236743507,0.027283763082261905,0.005500289135234358,0.005499854962275969,3,2.5,0.0
1060,2023-01-21 10:23:59.999,-0.0443276870487316,1675.0,796.7334,1.249e-05,8956880993.0,-0.0426478132764138,0.00752136386534474,-0.22334696238509952,-0.07403476236743507,0.005502341428614706,0.005499952807900353,0,2.5,3.0
1061,2023-01-21 10:24:59.999,-0.0450551013971676,1672.675,1288.5058,1.248e-05,9632375063.0,-0.04264662211935649,0.007520778771676402,-0.32024333528883325,-0.22334696238509952,0.005505341112343933,0.005500163106196257,0,2.5,0.0
1062,2023-01-21 10:25:59.999,-0.0461668585260568,1663.625,4489.378,1.2415e-05,21424668646.0,-0.042646174769233165,0.007520540626323881,-0.46814237589519975,-0.32024333528883325,0.005509962018259271,0.005500194317610516,0,2.5,0.0
1063,2023-01-21 10:26:59.999,-0.0378964070816323,1637.16,16350.2452,1.2055e-05,215500268641.0,-0.04264196199044992,0.007520651460797588,0.6310031695464775,-0.46814237589519975,0.005507440407620197,0.0055002646050683595,4,2.5,0.0
1064,2023-01-21 10:27:59.999,-0.0314617315924614,1636.4299999999998,7624.0352,1.1955e-05,117475381993.0,-0.04263463499861168,0.0075238301705607335,1.485002073793166,0.6310031695464775,0.005507454722602261,0.005500317990539875,0,2.5,4.0
1065,2023-01-21 10:28:59.999,-0.0381372289000978,1636.205,6702.6773,1.205e-05,100103457401.0,-0.042630520668628394,0.007523858536484355,0.5972057750344361,1.485002073793166,0.0055049822071354965,0.0055006939437589174,0,2.5,0.0
1066,2023-01-21 10:29:59.999,-0.0388350176876954,1637.305,2973.3562,1.207e-05,47944844997.0,-0.04262649041648114,0.007523558996130326,0.5039467000572264,0.5972057750344361,0.00550269166769271,0.0055016342942939,0,2.5,0.0
1067,2023-01-21 10:30:59.999,-0.0364298680965902,1627.1950000000002,6728.359,1.1945e-05,78360900315.0,-0.04262146617083624,0.007524071800224148,0.8229052351761964,0.5039467000572264,0.0055001386765670965,0.0055016342942939,0,2.0,0.0
1068,2023-01-21 10:31:59.999,-0.0369543451944203,1629.715,5243.501,1.1975e-05,75549558495.0,-0.042616469398882056,0.007524249850502834,0.7525167713673632,0.8229052351761964,0.005497563177507998,0.0055016342942939,0,2.0,0.0
1069,2023-01-21 10:32:59.999,-0.0368046314048982,1634.455,2485.5882,1.2015e-05,41765664649.0,-0.04261104753669297,0.007524216354678355,0.7716971254002407,0.7525167713673632,0.0054949939558287825,0.0055016342942939,0,2.0,0.0
1070,2023-01-21 10:33:59.999,-0.040218274951556,1636.7199999999998,1200.252,1.2085e-05,25747114214.0,-0.04260707163964529,0.007523210619364913,0.3175235692512019,0.7716971254002407,0.005493314728132218,0.0055016342942939,0,2.0,0.0
1071,2023-01-21 10:34:59.999,-0.0404395486150512,1634.68,1940.7639,1.207e-05,39681453799.0,-0.0426034436155702,0.007522365411586316,0.2876615109904202,0.3175235692512019,0.0054917620795207145,0.0055016342942939,0,2.0,0.0
1072,2023-01-21 10:35:59.999,-0.039770201060584,1634.655,2408.8987,1.206e-05,40197260757.0,-0.0425995580515761,0.007521660251967396,0.3761612325220407,0.2876615109904202,0.00548985608897623,0.0055016342942939,0,2.0,0.0
1073,2023-01-21 10:36:59.999,-0.0393144360176265,1638.1999999999998,1320.2018,1.2085e-05,31081587759.0,-0.04259546581217421,0.0075210418784156016,0.4362467125683521,0.3761612325220407,0.005487754616225525,0.0055016342942939,0,2.0,0.0
1074,2023-01-21 10:37:59.999,-0.0396129190892828,1639.39,2531.902,1.21e-05,26381884640.0,-0.04259191251825116,0.007520637080875206,0.3961091855560836,0.4362467125683521,0.005485780361154116,0.0055016342942939,0,2.0,0.0
1075,2023-01-21 10:38:59.999,-0.040171699420739,1641.27,782.6651,1.2125e-05,38064562475.0,-0.04258877626938663,0.007520233185503308,0.32140982719884464,0.3961091855560836,0.00548408213706256,0.0055016342942939,0,2.0,0.0
1076,2023-01-21 10:39:59.999,-0.0397361560277929,1641.985,489.3815,1.2125e-05,22139543785.0,-0.04258538575803077,0.007519867613605639,0.37889360247283815,0.32140982719884464,0.005482167081732354,0.0055016342942939,0,2.0,0.0
1077,2023-01-21 10:40:59.999,-0.0387075411448876,1642.5549999999998,363.1578,1.2115e-05,18116063221.0,-0.042581612737577205,0.007519767814802065,0.5151850014655777,0.37889360247283815,0.005479867361470869,0.0055016342942939,0,2.0,0.0
1078,2023-01-21 10:41:59.999,-0.0390211262317699,1642.04,329.8769,1.2115e-05,20180055966.0,-0.04257810835321814,0.007519662492508333,0.47302417162897675,0.5151850014655777,0.005477669171986535,0.0055016342942939,0,2.0,0.0
1079,2023-01-21 10:42:59.999,-0.0378008099102302,1639.56,482.8257,1.2075e-05,29471230051.0,-0.042573551953290135,0.007519574091633333,0.6347090918846499,0.47302417162897675,0.005475183656585214,0.0055016342942939,0,2.0,0.0
1080,2023-01-21 10:43:59.999,-0.03673136734362,1639.63,731.1044,1.206e-05,27782004185.0,-0.04256872761911587,0.007519977943757992,0.7762469942270521,0.6347090918846499,0.0054726546833302235,0.0055016342942939,0,2.0,0.0
1081,2023-01-21 10:44:59.999,-0.0370279542202993,1641.95,435.7341,1.2085e-05,23479487428.0,-0.04256382553188633,0.007520137044050644,0.7361396845775023,0.7762469942270521,0.005470122843020797,0.0055016342942939,0,2.0,0.0
1082,2023-01-21 10:45:59.999,-0.0373427832270998,1642.555,546.3607,1.2095e-05,25393644397.0,-0.04255873638156955,0.007519949054747997,0.693615490809271,0.7361396845775023,0.005467604009480017,0.0055016342942939,0,2.0,0.0
1083,2023-01-21 10:46:59.999,-0.0383757960255763,1643.1,301.2561,1.2115e-05,12764789522.0,-0.04255431684764467,0.0075196009084458,0.5556838551598098,0.693615490809271,0.0054652372536363614,0.0055016342942939,0,2.0,0.0
1084,2023-01-21 10:47:59.999,-0.0385158137626717,1643.4299999999998,178.3545,1.212e-05,7307784234.0,-0.04255015973092393,0.007519350324337441,0.536528528960075,0.5556838551598098,0.005462907507634603,0.0055016342942939,0,2.0,0.0
1085,2023-01-21 10:48:59.999,-0.0387166795410678,1641.42,480.4811,1.2105e-05,20017048667.0,-0.0425459011738951,0.007518915419634001,0.5092784556171658,0.536528528960075,0.005460635127358068,0.0055016342942939,0,2.0,0.0
1086,2023-01-21 10:49:59.999,-0.0375581149627102,1638.275,581.5278,1.206e-05,34599027149.0,-0.04254104349283215,0.007518746835658496,0.6627339155096772,0.5092784556171658,0.0054581456426274775,0.0055016342942939,0,2.0,0.0
1087,2023-01-21 10:50:59.999,-0.0369717972289116,1636.99,989.3279,1.204e-05,19567831012.0,-0.04253582757793098,0.007518700668511512,0.7400255169515745,0.6627339155096772,0.005455634553166615,0.0055016342942939,0,2.0,0.0
1088,2023-01-21 10:51:59.999,-0.0369576402975155,1635.89,864.8276,1.203e-05,18446078132.0,-0.04253021367744048,0.007518336565051261,0.741197648137875,0.7400255169515745,0.005453127038449082,0.0055016342942939,0,2.0,0.0
1089,2023-01-21 10:52:59.999,-0.0368994470946475,1637.67,609.1478,1.2045e-05,21415056349.0,-0.04252461764054322,0.007518027107315345,0.7482242968267838,0.741197648137875,0.005450623792708944,0.0055016342942939,0,2.0,0.0
1090,2023-01-21 10:53:59.999,-0.0366511380731005,1637.515,368.5083,1.204e-05,10880772362.0,-0.04251893352661893,0.0075178243238837785,0.7805177669391289,0.7482242968267838,0.005448133863435499,0.0055016342942939,0,2.0,0.0
1091,2023-01-21 10:54:59.999,-0.0365015323145279,1637.76,384.6559,1.204e-05,12228379483.0,-0.04251309950352667,0.007517602174979328,0.7996655115652354,0.7805177669391289,0.005445658285644845,0.0055016342942939,0,2.0,0.0
1092,2023-01-21 10:55:59.999,-0.0372743201048173,1638.74,388.6508,1.206e-05,17713159268.0,-0.04250760831634315,0.007517094902251922,0.6961849330860641,0.7996655115652354,0.005443170116780815,0.0055016342942939,0,2.0,0.0
1093,2023-01-21 10:56:59.999,-0.037162887000079,1637.8000000000002,164.2142,1.205e-05,9954821172.0,-0.04250228206774746,0.007516804184843803,0.7103278117094407,0.6961849330860641,0.005440681469742479,0.0055016342942939,0,2.0,0.0
1094,2023-01-21 10:57:59.999,-0.0376496788743843,1638.125,213.9162,1.206e-05,7435911870.0,-0.04249688600389005,0.007516102190501482,0.6449096894440098,0.7103278117094407,0.005438228530491054,0.0055016342942939,0,2.0,0.0
1095,2023-01-21 10:58:59.999,-0.0377672648874707,1639.615,241.2309,1.2075e-05,9312936147.0,-0.04249149962349798,0.007515320746275674,0.6286138536892704,0.6449096894440098,0.0054357926559019665,0.0055016342942939,0,2.0,0.0
1096,2023-01-21 10:59:59.999,-0.0380062785871189,1640.905,335.4833,1.209e-05,4911391717.0,-0.042486228373241536,0.007514471747713482,0.5961762764609241,0.6286138536892704,0.005433395109791059,0.0055016342942939,0,2.0,0.0
1097,2023-01-21 11:00:59.999,-0.0380946483628825,1640.7600000000002,216.858,1.209e-05,14384903779.0,-0.04248102488788011,0.007513619427021895,0.583790085138262,0.5961762764609241,0.005431016097143555,0.0055016342942939,0,2.0,0.0
1098,2023-01-21 11:01:59.999,-0.0392101172463341,1641.17,471.7876,1.211e-05,15607270034.0,-0.04247639139116345,0.007512549050364056,0.4347757496067286,0.583790085138262,0.005428946450600764,0.0055016342942939,0,2.0,0.0
1099,2023-01-21 11:02:59.999,-0.0397844260481541,1642.465,772.7323,1.213e-05,10080850720.0,-0.04247172250723336,0.0075110867171441845,0.35777731775422844,0.4347757496067286,0.0054271177231868944,0.0055016342942939,0,2.0,0.0
1100,2023-01-21 11:03:59.999,-0.0410284544723467,1641.54,171.0412,1.214e-05,37921444199.0,-0.04246750030481636,0.007509333331236319,0.1916342994768531,0.35777731775422844,0.005425996013078132,0.0055016342942939,0,2.0,0.0
1101,2023-01-21 11:04:59.999,-0.0427721774707841,1639.795,411.892,1.215e-05,8361956830.0,-0.04246385706038745,0.007507275378116831,-0.04106954852027673,0.1916342994768531,0.005426296238739284,0.0055016342942939,3,2.0,0.0
1102,2023-01-21 11:05:59.999,-0.0432022017082083,1639.09,785.1023,1.215e-05,9743167510.0,-0.042460491282190545,0.007505313623425776,-0.09882470783135697,-0.04106954852027673,0.0054270190299496755,0.0055016342942939,0,2.0,3.0
1103,2023-01-21 11:06:59.999,-0.0435230354777793,1640.235,232.4729,1.2165e-05,7918319522.0,-0.04245736153542096,0.007503460129972048,-0.1420243359595635,-0.09882470783135697,0.005428073522221186,0.0055016342942939,0,2.0,0.0
1104,2023-01-21 11:07:59.999,-0.043262719170773,1640.105,413.3275,1.216e-05,8187762502.0,-0.042453949861241416,0.007501417578173613,-0.1078155296786577,-0.1420243359595635,0.005428843841194972,0.0055016342942939,0,2.0,0.0
1105,2023-01-21 11:08:59.999,-0.0430161401579027,1639.395,54.1633,1.215e-05,1847155056.0,-0.0424505089121806,0.007499453995052334,-0.07542299027306083,-0.1078155296786577,0.005429356567750743,0.0055016342942939,0,2.0,0.0
1106,2023-01-21 11:09:59.999,-0.0420884972867483,1638.685,153.2788,1.213e-05,36271165755.0,-0.04244663582363362,0.007497479421051045,0.047767858605888065,-0.07542299027306083,0.005429013769505063,0.005500607377842365,4,2.0,0.0
1107,2023-01-21 11:10:59.999,-0.0412809059989314,1637.775,132.7453,1.211e-05,5087769992.0,-0.04244251913719896,0.0074956769446617305,0.1549710782419503,0.047767858605888065,0.005428046095458768,0.0055002646050683595,0,2.0,4.0
1108,2023-01-21 11:11:59.999,-0.0409351047755706,1636.665,280.7869,1.2095e-05,9508443105.0,-0.04243809446973856,0.007493744397975554,0.200565913960716,0.1549710782419503,0.005426844656258256,0.005500168114511912,0,2.0,0.0
1109,2023-01-21 11:12:59.999,-0.0402410683128557,1634.445,985.6258,1.2065e-05,24460090534.0,-0.042433166178444386,0.007491686978573359,0.2926040385641058,0.200565913960716,0.005425236515945142,0.0054999186624163235,0,2.0,0.0
1110,2023-01-21 11:13:59.999,-0.04017927357987,1635.665,225.9688,1.2075e-05,20177182383.0,-0.04242824027645526,0.007489669090554429,0.30027584254977785,0.2926040385641058,0.005423597032997078,0.005499619194489498,0,2.0,0.0
1111,2023-01-21 11:14:59.999,-0.0392870353987575,1635.445,338.8228,1.206e-05,4326552790.0,-0.04242283999876654,0.007487726530940596,0.4187926184338261,0.30027584254977785,0.005421564106590444,0.005499538115316489,0,2.0,0.0
1112,2023-01-21 11:15:59.999,-0.0399533331202732,1635.475,386.816,1.207e-05,7806240186.0,-0.04241780689409847,0.007485730720189556,0.32922287294925073,0.4187926184338261,0.005419815058781022,0.00549805643674783,0,2.0,0.0
1113,2023-01-21 11:16:59.999,-0.0393665361012445,1635.875,224.2838,1.2065e-05,5939090230.0,-0.04241252941754287,0.007483861488869371,0.407008243114685,0.32922287294925073,0.005417815782042577,0.005495636261248587,0,2.0,0.0
1114,2023-01-21 11:17:59.999,-0.0391709919857667,1636.755,230.9107,1.207e-05,7077784447.0,-0.042407131531834376,0.007481992532547828,0.4325237604809103,0.407008243114685,0.00541574751859171,0.005493734535056359,0,2.0,0.0
1115,2023-01-21 11:18:59.999,-0.039733237805887,1635.835,130.0952,1.207e-05,2345686092.0,-0.042401865441417684,0.0074798693817316325,0.3567746305902578,0.4325237604809103,0.005413902617789145,0.00549215024167359,0,2.0,0.0
1116,2023-01-21 11:19:59.999,-0.0402553283413738,1636.1,131.989,1.208e-05,8469240313.0,-0.042396899989772904,0.00747773241235103,0.28639319118478435,0.3567746305902578,0.005412311146956053,0.005490332586612351,0,2.0,0.0
1117,2023-01-21 11:20:59.999,-0.0395954397652715,1637.18,184.3586,1.208e-05,13126646022.0,-0.042391388224279666,0.007475407265670353,0.3740195496569295,0.28639319118478435,0.005410410328395105,0.005488279984413201,0,2.0,0.0
1118,2023-01-21 11:21:59.999,-0.0392992425385045,1637.665,106.9459,1.208e-05,6175379140.0,-0.04238554387306155,0.0074728873194434935,0.4129998490043987,0.3740195496569295,0.005408395633723743,0.005486273924921969,0,2.0,0.0
1119,2023-01-21 11:22:59.999,-0.039256447221657,1638.295,315.363,1.2085e-05,2730720199.0,-0.042379662951402844,0.0074703487288719055,0.4180816509509164,0.4129998490043987,0.00540636757453175,0.0054845066930854485,0,2.0,0.0
1120,2023-01-21 11:23:59.999,-0.0393689556581904,1639.79,284.8888,1.21e-05,10604388495.0,-0.04237355139875016,0.0074674088309389895,0.4023612217548755,0.4180816509509164,0.005404383004813302,0.005482645845564906,0,2.0,0.0
1121,2023-01-21 11:24:59.999,-0.0396004514147989,1639.97,253.6851,1.2105e-05,6243495499.0,-0.042367571674700025,0.007464454990234366,0.37070626904727916,0.4023612217548755,0.005402491950107925,0.00548044229153624,0,2.0,0.0
1122,2023-01-21 11:25:59.999,-0.0405746057722922,1640.0500000000002,207.3006,1.212e-05,8004464337.0,-0.04236185775343765,0.0074611007075730635,0.23954266953284445,0.37070626904727916,0.005401083814534177,0.005478218719357619,0,2.0,0.0
1123,2023-01-21 11:26:59.999,-0.0404587623558825,1640.24,81.4885,1.212e-05,3770830417.0,-0.04235581767219443,0.007457357079536841,0.2543870832627142,0.23954266953284445,0.005399610733659855,0.0054758050354355445,0,2.0,0.0
1124,2023-01-21 11:27:59.999,-0.0406394451149481,1641.62,512.9745,1.2135e-05,6673554873.0,-0.04234907789424982,0.0074523250047458045,0.22940931564484698,0.2543870832627142,0.005398240892634118,0.005473286926643971,0,2.0,0.0
1125,2023-01-21 11:28:59.999,-0.0403030859231385,1643.29,395.5022,1.2145e-05,3047965506.0,-0.04234199384698332,0.007446991926465236,0.27378946344750515,0.22940931564484698,0.005396684768556044,0.005470755803098154,0,2.0,0.0
1126,2023-01-21 11:29:59.999,-0.0405061705498503,1643.515,350.4191,1.215e-05,4240445810.0,-0.04233518003589617,0.007441933599850333,0.24577073438046443,0.27378946344750515,0.005395239704399437,0.005468233717865212,0,2.0,0.0
1127,2023-01-21 11:30:59.999,-0.0396717968097881,1642.65,391.6691,1.213e-05,2274651390.0,-0.04232780212459714,0.007436668955863702,0.35714986515768227,0.24577073438046443,0.005393386182259559,0.005465828942597275,0,2.0,0.0
1128,2023-01-21 11:31:59.999,-0.0393667633653294,1644.27,692.4804,1.214e-05,5000386723.0,-0.04232003805325511,0.007430999782965488,0.3974262917751226,0.35714986515768227,0.005391413585432753,0.005463489944135043,0,2.0,0.0
1129,2023-01-21 11:32:59.999,-0.0393412404044575,1645.99,705.3446,1.2155e-05,19275766731.0,-0.04231212935678041,0.00742507302881488,0.4001157888674788,0.3974262917751226,0.0053894336236042055,0.005461203222427201,0,2.0,0.0
1130,2023-01-21 11:33:59.999,-0.0395174416875363,1645.6999999999998,307.439,1.2155e-05,6395491083.0,-0.04230343517576462,0.0074173416506840735,0.37560538794533993,0.4001157888674788,0.005387522692661164,0.005458768013810125,0,2.0,0.0
1131,2023-01-21 11:34:59.999,-0.0401397521905693,1645.235,594.8087,1.216e-05,7562512516.0,-0.04229488483840332,0.007409181508953141,0.2908732422373228,0.37560538794533993,0.005385890570177923,0.005456262325531831,0,2.0,0.0
1132,2023-01-21 11:35:59.999,-0.0398510813052759,1645.71,453.5491,1.216e-05,7231760937.0,-0.042286653259060725,0.0074020116440311964,0.3290418971103366,0.2908732422373228,0.005384123357657036,0.005453753917128466,0,2.0,0.0
1133,2023-01-21 11:36:59.999,-0.0396931072612964,1645.97,341.1545,1.216e-05,6042148464.0,-0.04227876128478388,0.007395682433316431,0.3496166914684576,0.3290418971103366,0.005382288977899227,0.005451249604143979,0,2.0,0.0
1134,2023-01-21 11:37:59.999,-0.0390107837581581,1645.415,332.1487,1.2145e-05,6999731112.0,-0.04227028042368156,0.007388918679046248,0.4411331085246421,0.3496166914684576,0.005380207181745657,0.00544875634575386,0,2.0,0.0
1135,2023-01-21 11:38:59.999,-0.0397226076552748,1643.685,302.1563,1.214e-05,7402428889.0,-0.04226197231859765,0.007381686103413149,0.34400875731476815,0.4411331085246421,0.0053783889744817535,0.005446277180092509,0,2.0,0.0
1136,2023-01-21 11:39:59.999,-0.0395630160383007,1645.625,552.1778,1.2155e-05,6724986830.0,-0.0422536497895184,0.007374587002001618,0.36485212670043793,0.34400875731476815,0.005376506698194494,0.005443792158996822,0,2.0,0.0
1137,2023-01-21 11:40:59.999,-0.0391100345732731,1646.9299999999998,497.003,1.216e-05,2885281670.0,-0.04224545177440629,0.007368231874533871,0.4255318310448187,0.36485212670043793,0.005374462719497959,0.005441303631502062,0,2.0,0.0
1138,2023-01-21 11:41:59.999,-0.0384821815038485,1646.285,306.5288,1.2145e-05,2663495741.0,-0.04223714972752135,0.0073623625232130665,0.5100221853832475,0.4255318310448187,0.005372250105778752,0.00543884176530391,0,2.0,0.0
1139,2023-01-21 11:42:59.999,-0.0388738099373355,1646.2,607.1773,1.215e-05,6269591387.0,-0.0422288138363867,0.0073559699027274245,0.45609266261506026,0.5100221853832475,0.005370139118609672,0.005436401624549238,0,2.0,0.0
1140,2023-01-21 11:43:59.999,-0.0388677353597444,1646.21,110.1686,1.215e-05,1878421937.0,-0.04222060506373546,0.007349820212454799,0.4561839075069322,0.45609266261506026,0.005368028849581548,0.005433994496318786,0,2.0,0.0
1141,2023-01-21 11:44:59.999,-0.0389190912337547,1646.685,178.0016,1.2155e-05,4912890944.0,-0.042212450088482276,0.007343704130530439,0.448460177070028,0.4561839075069322,0.005365935759868155,0.005431610850305431,0,2.0,0.0
1142,2023-01-21 11:45:59.999,-0.0389157525358569,1647.25,449.7553,1.216e-05,7032464891.0,-0.042204123588816735,0.007337238365998622,0.44817557900237004,0.448460177070028,0.0053638440970086845,0.005429771450098946,0,2.0,0.0
1143,2023-01-21 11:46:59.999,-0.037905446396067,1648.355,714.8853,1.2155e-05,6519732305.0,-0.042195065300569,0.007330458956666577,0.5851773988313331,0.44817557900237004,0.005361545210685924,0.005429099469066483,0,2.0,0.0
1144,2023-01-21 11:47:59.999,-0.0379933812027744,1647.65,330.0002,1.215e-05,5064493198.0,-0.04218606564113684,0.007323675867648286,0.5724836153499454,0.5851773988313331,0.005359260894480972,0.005428963280326838,0,2.0,0.0
1145,2023-01-21 11:48:59.999,-0.0386460385277338,1646.575,190.9959,1.215e-05,3823547002.0,-0.04217708322890385,0.007316110075755501,0.48263963562705353,0.5724836153499454,0.005357104973134637,0.00542886949354642,0,2.0,0.0
1146,2023-01-21 11:49:59.999,-0.0390557387244356,1646.46,735.6763,1.2155e-05,14426381156.0,-0.04216880480132165,0.007309517621054193,0.42589213656442054,0.48263963562705353,0.005355065700010801,0.005428266101964632,0,2.0,0.0
1147,2023-01-21 11:50:59.999,-0.0400592840138074,1646.485,210.9327,1.217e-05,3051830506.0,-0.04216128664720344,0.007303329502997055,0.28781429518323765,0.42589213656442054,0.005353423073781381,0.005428052952149372,0,2.0,0.0
1148,2023-01-21 11:51:59.999,-0.0396129780986171,1647.22,62.754,1.217e-05,4873193230.0,-0.042153205114701615,0.007296483596427184,0.3481440042335419,0.28781429518323765,0.0053515862714462415,0.005427349816254863,0,2.0,0.0
1149,2023-01-21 11:52:59.999,-0.039185936247243,1646.805,120.5252,1.216e-05,4183414745.0,-0.04214497700647035,0.007289801051977334,0.4059151598416696,0.3481440042335419,0.0053495948293391694,0.00542704370325898,0,2.0,0.0
1150,2023-01-21 11:53:59.999,-0.0391164769366874,1646.36,243.0665,1.2155e-05,636011402.0,-0.042136605025468746,0.007282887053573897,0.4146883051412,0.4059151598416696,0.005347582927668468,0.005426888249681111,0,2.0,0.0
1151,2023-01-21 11:54:59.999,-0.0387766211236879,1646.36,317.8258,1.215e-05,6140108546.0,-0.04212816652470121,0.00727621255617558,0.4606167528969085,0.4146883051412,0.0053454741014524266,0.005426433343119028,0,2.0,0.0
1152,2023-01-21 11:55:59.999,-0.0387918062531973,1646.335,73.65,1.215e-05,5228121827.0,-0.042119710109309975,0.007269467743380263,0.4577919558337866,0.4606167528969085,0.005343371757171627,0.00542607106949342,0,2.0,0.0
1153,2023-01-21 11:56:59.999,-0.0388558196654607,1645.67,314.9819,1.2145e-05,1792810568.0,-0.04211198382016305,0.007264061861254166,0.4482566664348531,0.4577919558337866,0.005341289204216047,0.005425426390228389,0,2.0,0.0
1154,2023-01-21 11:57:59.999,-0.0392018919364716,1645.66,169.0169,1.215e-05,5850354375.0,-0.042104411913213645,0.007258565032194082,0.39987517696244823,0.4482566664348531,0.005339314208950341,0.005424006903734094,0,2.0,0.0
1155,2023-01-21 11:58:59.999,-0.0387677135370125,1645.815,73.213,1.2145e-05,5556541161.0,-0.04209660028423638,0.0072530703059028425,0.4589624265071166,0.39987517696244823,0.005337212667564588,0.005422072338192103,0,2.0,0.0
1156,2023-01-21 11:59:59.999,-0.0383455194885371,1646.51,138.1419,1.2145e-05,4914145466.0,-0.04208843953965383,0.007247367407863075,0.5164523668354142,0.4589624265071166,0.0053350179128153884,0.005420252320733378,0,2.0,0.0
1157,2023-01-21 12:00:59.999,-0.0388282515048388,1646.275,247.8054,1.215e-05,2344357562.0,-0.04208086217627864,0.00724221407345768,0.44911827218149836,0.5164523668354142,0.0053329374667546595,0.005418315601227188,0,2.0,0.0
1158,2023-01-21 12:01:59.999,-0.0389469721058262,1645.52,88.9268,1.2145e-05,3937259902.0,-0.04207418587342587,0.007238452043667558,0.4320279734857769,0.44911827218149836,0.005330892601894901,0.005416264584454426,0,2.0,0.0
1159,2023-01-21 12:02:59.999,-0.0395052888781108,1645.72,98.6166,1.2155e-05,2769837923.0,-0.042067395187943606,0.007233977194738686,0.35417671923215926,0.4320279734857769,0.005329036466476765,0.005414363842989787,0,2.0,0.0
1160,2023-01-21 12:03:59.999,-0.0395290837022876,1646.24,90.2284,1.216e-05,8377438238.0,-0.04206019023356278,0.007228749713848773,0.350144441496723,0.35417671923215926,0.005327191174701334,0.005412709014664326,0,2.0,0.0
1161,2023-01-21 12:04:59.999,-0.0391490968935848,1647.425,332.5145,1.2165e-05,8947867230.0,-0.04205263590573552,0.007223259753572525,0.40197073221888097,0.350144441496723,0.005325214207885351,0.005410885533035342,0,2.0,0.0
1162,2023-01-21 12:05:59.999,-0.0391577691346718,1647.97,214.4997,1.217e-05,2813296888.0,-0.042045216901908225,0.007217997685428135,0.4000344545781272,0.40197073221888097,0.005323242146773362,0.0054088993073915835,0,2.0,0.0
1163,2023-01-21 12:06:59.999,-0.0394873713864463,1648.545,143.5951,1.218e-05,3612095086.0,-0.04203779669944778,0.007212382870922695,0.3536175711474951,0.4000344545781272,0.005321386769649787,0.005406874589329748,0,2.0,0.0
1164,2023-01-21 12:07:59.999,-0.0390709641749182,1650.35,846.5915,1.219e-05,7796933435.0,-0.04203016441109437,0.007206793456489497,0.4106126051817819,0.3536175711474951,0.005319391569925264,0.005404879147242914,0,2.0,0.0
1165,2023-01-21 12:08:59.999,-0.0389069078225361,1651.1799999999998,507.5696,1.2195e-05,6464353363.0,-0.042022396642669255,0.007201111197952463,0.4326400099222189,0.4106126051817819,0.005317350502516396,0.005402964713784269,0,2.0,0.0
1166,2023-01-21 12:09:59.999,-0.0391080602824125,1652.525,519.9558,1.221e-05,7355002336.0,-0.042015156423360296,0.007196174126429339,0.40397801524436733,0.4326400099222189,0.005315371175821664,0.005401435848427614,0,2.0,0.0
1167,2023-01-21 12:10:59.999,-0.0404236673130604,1652.585,355.0258,1.223e-05,7043343783.0,-0.04200961249357566,0.007192784550533102,0.22049112820954944,0.40397801524436733,0.00531394292452838,0.005399979003878436,0,2.0,0.0
1168,2023-01-21 12:11:59.999,-0.0411316257383767,1650.3000000000002,556.3934,1.222e-05,11020789329.0,-0.04200365433443462,0.0071881775989463175,0.12131428085273643,0.22049112820954944,0.005312925496210902,0.005398583352890552,0,2.0,0.0
1169,2023-01-21 12:12:59.999,-0.0421393346429788,1649.195,426.9329,1.2225e-05,5482699317.0,-0.04199899943399445,0.007184831889287773,-0.019532149275975238,0.12131428085273643,0.005312629448087954,0.0053970737995755625,3,2.0,0.0
1170,2023-01-21 12:13:59.999,-0.0430794741443349,1649.315,181.0553,1.224e-05,6299429090.0,-0.04199442940243947,0.007181002769678047,-0.15109933482786753,-0.019532149275975238,0.005313149990683671,0.005395600970438588,0,2.0,3.0
1171,2023-01-21 12:14:59.999,-0.0436806121729453,1648.88,115.7602,1.2245e-05,6239599884.0,-0.04199013767552737,0.007177222597934099,-0.23553324065837375,-0.15109933482786753,0.005314262149206268,0.005393849562794529,0,2.0,0.0
1172,2023-01-21 12:15:59.999,-0.0437018389277525,1648.845,141.3904,1.2245e-05,5877353854.0,-0.041985757128362465,0.007173287948847803,-0.2392322476983065,-0.23553324065837375,0.005315388529194352,0.005391906734639454,0,2.0,0.0
1173,2023-01-21 12:16:59.999,-0.0425123133981273,1648.58,112.8274,1.2225e-05,3151316093.0,-0.041981047755123645,0.007169600645423999,-0.07409975384650383,-0.2392322476983065,0.005315381612226905,0.005389928614061342,0,2.0,0.0
1174,2023-01-21 12:17:59.999,-0.041487453849939,1648.04,132.994,1.2205e-05,2821984666.0,-0.04197590130125954,0.007165962441477574,0.068162156208542,-0.07409975384650383,0.0053145843736323636,0.005388000425396925,4,2.0,0.0
1175,2023-01-21 12:18:59.999,-0.0416467939763194,1648.335,761.9657,1.221e-05,27608607224.0,-0.04197055652548877,0.007161899415600994,0.04520624074447425,0.068162156208542,0.005313896954439405,0.005386298600798733,0,2.0,4.0
1176,2023-01-21 12:19:59.999,-0.0428612255279823,1649.6750000000002,138.6589,1.224e-05,2651043004.0,-0.04196530539600745,0.007157084672470975,-0.12517947921182465,0.04520624074447425,0.005314186460966938,0.005384565160787258,3,2.0,0.0
1177,2023-01-21 12:20:59.999,-0.0426157527568022,1650.08,323.7289,1.224e-05,2987014850.0,-0.04195945687335094,0.007151386943954241,-0.0917718323165394,-0.12517947921182465,0.005314254732742194,0.0053827475728386795,0,2.0,3.0
1178,2023-01-21 12:21:59.999,-0.0417725562715176,1649.8,141.4924,1.2225e-05,1997427624.0,-0.04195329769832305,0.007145814092865077,0.025293328997449877,-0.0917718323165394,0.005313650053837763,0.00538072763078405,4,2.0,0.0
1179,2023-01-21 12:22:59.999,-0.0415740674175388,1649.5700000000002,120.1807,1.222e-05,3091135595.0,-0.04194678587908295,0.007139745332858508,0.05220332717314548,0.025293328997449877,0.005312902793734014,0.00537884352629773,0,2.0,4.0
1180,2023-01-21 12:23:59.999,-0.0415725520283345,1650.13,88.574,1.2225e-05,3131176259.0,-0.04193983687643124,0.007132798383223503,0.05149239167626034,0.05220332717314548,0.005312153097242924,0.005376977267266309,0,2.0,0.0
1181,2023-01-21 12:24:59.999,-0.0413726510432255,1651.575,200.7681,1.2235e-05,2689973997.0,-0.04193274014418088,0.00712572995204339,0.07860094400500868,0.05149239167626034,0.005311267103831767,0.005374973714172093,0,2.0,0.0
1182,2023-01-21 12:25:59.999,-0.0404781289297382,1652.495,120.3911,1.223e-05,2577630188.0,-0.04192556973532662,0.007119394662509699,0.20330953321222087,0.07860094400500868,0.0053098552000334365,0.005372803259208554,0,2.0,0.0
1183,2023-01-21 12:26:59.999,-0.0395034576999258,1654.665,1051.7521,1.2235e-05,7296880604.0,-0.04191712682102754,0.007111444128615785,0.33940632555761235,0.20330953321222087,0.005308017545644063,0.0053706668654019424,0,2.0,0.0
1184,2023-01-21 12:27:59.999,-0.0396757128374076,1654.38,1221.491,1.2235e-05,3189087559.0,-0.04190820970331988,0.007102167247365034,0.31434022716665194,0.33940632555761235,0.0053062459456158645,0.005368556416838579,0,2.0,0.0
1185,2023-01-21 12:28:59.999,-0.0397954842061878,1653.065,154.8514,1.2225e-05,665197797.0,-0.04189847170085836,0.007090627776046611,0.29658692588191093,0.31434022716665194,0.005304523359034694,0.005366459032296503,0,2.0,0.0
1186,2023-01-21 12:29:59.999,-0.039772191465353,1652.545,212.1148,1.222e-05,7836004354.0,-0.04188884908153114,0.007079394441642043,0.29898851287726697,0.29658692588191093,0.005302792863679291,0.005364367012723552,0,2.0,0.0
1187,2023-01-21 12:30:59.999,-0.0399548149793425,1653.36,68.5585,1.223e-05,4324876199.0,-0.04187953355540513,0.007068686530990786,0.272288008192782,0.29898851287726697,0.00530113966215777,0.005362119932266614,0,2.0,0.0
1188,2023-01-21 12:31:59.999,-0.0398115255097302,1652.48,124.5246,1.222e-05,1995501184.0,-0.04187039586771624,0.007058589459161515,0.29168297290810363,0.272288008192782,0.005299427920058217,0.00535983197353221,0,2.0,0.0
1189,2023-01-21 12:32:59.999,-0.0396165025533932,1651.685,126.7301,1.221e-05,3115305849.0,-0.04186163014486533,0.007049620732040344,0.31847494734973303,0.29168297290810363,0.0052976415382152775,0.005357643953471221,0,2.0,0.0
1190,2023-01-21 12:33:59.999,-0.039217635536616,1651.785,144.0108,1.2205e-05,5009247964.0,-0.041852085476919765,0.007039229786271008,0.3742525844861427,0.31847494734973303,0.005295720163859585,0.00535557551829176,0,2.0,0.0
1191,2023-01-21 12:34:59.999,-0.0393272728657869,1651.045,77.4748,1.22e-05,3109814040.0,-0.04184256021259917,0.007028711549196765,0.35785895170213894,0.3742525844861427,0.00529383581163947,0.005353833730338736,0,2.0,0.0
1192,2023-01-21 12:35:59.999,-0.0386203158041951,1649.975,2096.9639,1.218e-05,5984064859.0,-0.04183200097165351,0.007016401407034673,0.4577396561488569,0.35785895170213894,0.005291761424943195,0.005352045472030026,0,2.0,0.0
1193,2023-01-21 12:36:59.999,-0.0387081997852725,1649.83,1168.3169,1.218e-05,6108914737.0,-0.041821618333578975,0.0070044129864835275,0.44449385756015036,0.4577396561488569,0.005289708988548225,0.005350092689865938,0,2.0,0.0
1194,2023-01-21 12:37:59.999,-0.0386370393396546,1652.185,296.8169,1.22e-05,7882988989.0,-0.041811101191134965,0.006992121123145354,0.4539483506619428,0.44449385756015036,0.005287643031179887,0.005348085903086143,0,2.0,0.0
1195,2023-01-21 12:38:59.999,-0.0383889138958437,1652.5949999999998,192.622,1.22e-05,4725683306.0,-0.04180052593250707,0.006980004371831083,0.48876932662556355,0.4539483506619428,0.005285530416908475,0.005346001308006437,0,2.0,0.0
1196,2023-01-21 12:39:59.999,-0.0385159948465769,1652.385,230.5274,1.22e-05,3749401072.0,-0.04179045034901659,0.006969022105086936,0.46985867644896057,0.48876932662556355,0.005283444205668738,0.005343897343241827,0,2.0,0.0
1197,2023-01-21 12:40:59.999,-0.0378142255728164,1653.545,390.5228,1.22e-05,1027530536.0,-0.04178070736260845,0.006959857404397303,0.5699084850913744,0.46985867644896057,0.005281260623430005,0.005341809842454942,0,2.0,0.0
1198,2023-01-21 12:41:59.999,-0.0377321597733981,1655.36,849.2005,1.2215e-05,7078818954.0,-0.041770898001811774,0.006950618915322411,0.581061669128545,0.5699084850913744,0.005279073163997324,0.005339807957766767,0,2.0,0.0
1199,2023-01-21 12:42:59.999,-0.0377110165598395,1655.395,535.8114,1.2215e-05,4615622040.0,-0.04176083380762044,0.006940744830224471,0.58348453182509,0.581061669128545,0.005276886898775314,0.005337738052911026,0,2.0,0.0
1200,2023-01-21 12:43:59.999,-0.0372882539125676,1654.975,81.2451,1.2205e-05,2289268415.0,-0.04175070872677867,0.006931303590307516,0.6438117673061106,0.58348453182509,0.005274687775687134,0.005335566601502688,0,2.0,0.0
1201,2023-01-21 12:44:59.999,-0.0376417960610453,1654.39,327.3501,1.2205e-05,3710184597.0,-0.04174054158131267,0.006921209206949324,0.5922007842433048,0.6438117673061106,0.005272502484654417,0.0053334575782698415,0,2.0,0.0
1202,2023-01-21 12:45:59.999,-0.0379261126697798,1653.36,205.6499,1.22e-05,2754397779.0,-0.041730481306192634,0.006910945836361054,0.5504845105856043,0.5922007842433048,0.005270343105928686,0.0053314038181098405,0,2.0,0.0
1203,2023-01-21 12:46:59.999,-0.0381408500029927,1653.005,146.1533,1.22e-05,3447106487.0,-0.041720548194877125,0.0069006714186498515,0.5187463617250173,0.5504845105856043,0.005268212320266998,0.005329500500331299,0,2.0,0.0
1204,2023-01-21 12:47:59.999,-0.0378990461138997,1652.845,51.5634,1.2195e-05,504231722.0,-0.04171030051052961,0.006889894892722574,0.5531658255999714,0.5187463617250173,0.005266055457155882,0.005327652497645192,0,2.0,0.0
1205,2023-01-21 12:48:59.999,-0.0378597207555415,1652.91,111.9301,1.2195e-05,592017355.0,-0.041700017381869195,0.0068790503411738455,0.5582597067711511,0.5531658255999714,0.00526389745564279,0.005325708449589347,0,2.0,0.0
1206,2023-01-21 12:49:59.999,-0.0377176221678112,1652.585,209.7023,1.219e-05,2045518718.0,-0.04168913731650121,0.006866744562357985,0.578369431485918,0.5582597067711511,0.005261730475224981,0.00532373516205136,0,2.0,0.0
1207,2023-01-21 12:50:59.999,-0.037348487178896,1652.635,107.1143,1.2185e-05,3513461998.0,-0.04167838505372063,0.006855340166670394,0.6316094853871619,0.578369431485918,0.005259550844225425,0.00532185061393068,0,2.0,0.0
1208,2023-01-21 12:51:59.999,-0.0372398673267753,1654.495,802.7531,1.22e-05,5096194971.0,-0.041667493668374266,0.006843685357967826,0.6469652109946963,0.6316094853871619,0.005257373495503779,0.0053198903698563945,0,2.0,0.0
1209,2023-01-21 12:52:59.999,-0.0373516876916184,1655.43,95.7761,1.221e-05,831204647.0,-0.041656801195837916,0.006832368377856966,0.6301055894720141,0.6469652109946963,0.005255199313735126,0.005317860769368613,0,2.0,0.0
1210,2023-01-21 12:53:59.999,-0.0378829545629848,1655.67,223.6832,1.222e-05,4162138697.0,-0.04164643540294596,0.006821092050086946,0.5517416877423879,0.6301055894720141,0.0052530568833272,0.005315879022524863,0,2.0,0.0
1211,2023-01-21 12:54:59.999,-0.037879670608401,1656.235,131.315,1.2225e-05,3404700375.0,-0.04163660600512475,0.006811208214782989,0.5515813462536244,0.5517416877423879,0.0052509167549343845,0.005315383341468766,0,2.0,0.0
1212,2023-01-21 12:55:59.999,-0.0382200337719638,1656.79,236.5425,1.2235e-05,6343933057.0,-0.04162659210307595,0.006800314883907886,0.5009412636425634,0.5515813462536244,0.005248820907819212,0.005315373784922974,0,2.0,0.0
1213,2023-01-21 12:56:59.999,-0.0382859563138886,1657.24,259.2452,1.224e-05,1828103300.0,-0.041616220284098185,0.006788306908691021,0.4905883035349909,0.5009412636425634,0.0052467377259210815,0.005314781074179689,0,2.0,0.0
1214,2023-01-21 12:57:59.999,-0.0388217580177041,1657.4699999999998,206.5152,1.225e-05,1825196341.0,-0.041605869804577644,0.006775503343830284,0.4109084809778351,0.4905883035349909,0.005244764797088941,0.005314342705312792,0,2.0,0.0
1215,2023-01-21 12:58:59.999,-0.0386213397503745,1658.92,602.6588,1.226e-05,4232824987.0,-0.04159540313191946,0.0067626312584923645,0.43977902503706534,0.4109084809778351,0.005242748536809253,0.005314256586858213,0,2.0,0.0
1216,2023-01-21 12:59:59.999,-0.038362762512488,1658.79,293.1599,1.2255e-05,8115450532.0,-0.04158485463329791,0.006749883280450584,0.4773552351848705,0.43977902503706534,0.005240685218818405,0.005314203528910752,0,2.0,0.0
1217,2023-01-21 13:00:59.999,-0.0393922584329189,1658.1999999999998,133.5568,1.2265e-05,2401056832.0,-0.0415752824893186,0.006738315541411196,0.323971776474942,0.4773552351848705,0.005238882832490045,0.00531400380863802,0,2.0,0.0
1218,2023-01-21 13:01:59.999,-0.0394967614879462,1656.91,424.9059,1.2255e-05,10980377397.0,-0.041565898681989,0.006727080833957671,0.3075832214766894,0.323971776474942,0.00523711769133621,0.005313908446961649,0,2.0,0.0
1219,2023-01-21 13:02:59.999,-0.0398981915501863,1656.245,149.5617,1.2255e-05,4729912833.0,-0.04155641044809901,0.006714962121471219,0.24694389453226043,0.3075832214766894,0.00523550622728889,0.005313711778988173,0,2.0,0.0
1220,2023-01-21 13:03:59.999,-0.0396164208911216,1655.595,136.5715,1.2245e-05,699327371.0,-0.04154684860864583,0.006703002196787326,0.2879944927437836,0.24694389453226043,0.005233786846109349,0.0053132750064721936,0,2.0,0.0
1221,2023-01-21 13:04:59.999,-0.0395188461189377,1656.315,167.3973,1.225e-05,3659949907.0,-0.041537808458058045,0.006692555497318488,0.30167285724104664,0.2879944927437836,0.005232034151709641,0.005312981619829094,0,2.0,0.0
1222,2023-01-21 13:05:59.999,-0.0383251789218057,1657.175,175.694,1.224e-05,2959351771.0,-0.04152858114365225,0.006683232169518556,0.4793193084712654,0.30167285724104664,0.005229977565719812,0.005312908469353236,0,2.0,0.0
1223,2023-01-21 13:06:59.999,-0.038460405483665,1657.51,184.7662,1.2245e-05,3704142181.0,-0.04151954038578648,0.00667416208290053,0.45835490120311967,0.4793193084712654,0.005227946795251112,0.005312697784499469,0,2.0,0.0
1224,2023-01-21 13:07:59.999,-0.0384187159648057,1657.02,193.6969,1.224e-05,3612682053.0,-0.04151048809857574,0.006665095486137475,0.4638751448048305,0.45835490120311967,0.005225910871279074,0.005312272184954181,0,2.0,0.0
1225,2023-01-21 13:08:59.999,-0.0387060311704239,1655.985,182.6392,1.2235e-05,4541809731.0,-0.04150176163776753,0.006656416546443238,0.420005335879632,0.4638751448048305,0.005223934509562343,0.005311488602184556,0,2.0,0.0
1226,2023-01-21 13:09:59.999,-0.0386069551823631,1655.59,207.9038,1.223e-05,2596633762.0,-0.0414927964983427,0.006647262467151502,0.43413981774308413,0.420005335879632,0.005221939218925153,0.005310208175983019,0,2.0,0.0
1227,2023-01-21 13:10:59.999,-0.0380671869862965,1655.365,166.1417,1.222e-05,3586907006.0,-0.04148391193868645,0.006639005119091405,0.5146441207831992,0.43413981774308413,0.0052198580051295625,0.005308476959241406,0,2.0,0.0
1228,2023-01-21 13:11:59.999,-0.0377986127835896,1655.25,200.308,1.2215e-05,1700334497.0,-0.04147512882290568,0.006631321097733347,0.5544168326538664,0.5146441207831992,0.00521775236501358,0.005306688845622914,0,2.0,0.0
1229,2023-01-21 13:12:59.999,-0.0370162591357399,1654.865,1000.4828,1.22e-05,11383830558.0,-0.04146634394975194,0.006624650006181575,0.6717464031850117,0.5544168326538664,0.005215635042801129,0.005304954005679987,0,2.0,0.0
1230,2023-01-21 13:13:59.999,-0.034659325103604,1655.4,158.0285,1.217e-05,28309603716.0,-0.04145664595306476,0.006619272776057252,1.0268984342279308,0.6717464031850117,0.005214053787862879,0.005303225487518142,0,2.0,0.0
1231,2023-01-21 13:14:59.999,-0.032446469593129,1655.125,154.7892,1.2135e-05,16089810980.0,-0.041445933804309214,0.006615121597507392,1.3604382139507836,1.0268984342279308,0.005213760796395873,0.005301552962538151,0,2.0,0.0
1232,2023-01-21 13:15:59.999,-0.0337584527680583,1654.08,93.9497,1.2145e-05,3985355841.0,-0.04143535371667711,0.006609130323145923,1.1615599289566787,1.3604382139507836,0.005212611695347066,0.005299855855583105,0,2.0,0.0
1233,2023-01-21 13:16:59.999,-0.0344509201718992,1652.935,730.1433,1.2145e-05,4898558314.0,-0.04142546323688726,0.006603587658913194,1.0561748287802573,1.1615599289566787,0.005211120543892774,0.005298088133676012,0,2.0,0.0
1234,2023-01-21 13:17:59.999,-0.0345519755560772,1653.33,137.5421,1.215e-05,1882763730.0,-0.04141595128404196,0.006598682385123369,1.0402039873050257,1.0561748287802573,0.005209586743504662,0.005296200507448508,0,2.0,0.0
1235,2023-01-21 13:18:59.999,-0.034807157363943,1653.47,141.8682,1.2155e-05,1834229943.0,-0.04140685407861088,0.0065942406549731655,1.0008273977217683,1.0402039873050257,0.005207951068391811,0.005294306899694499,0,2.0,0.0
1236,2023-01-21 13:19:59.999,-0.0339020918542374,1652.155,350.9006,1.213e-05,5009343133.0,-0.041397379693302455,0.006590313792179175,1.1373188099115747,1.0008273977217683,0.0052067271722603,0.0052922800216172634,0,2.0,0.0
1237,2023-01-21 13:20:59.999,-0.0329866941226626,1653.105,316.4704,1.2125e-05,5790444907.0,-0.04138761146642613,0.006587135340736943,1.2753521689177363,1.1373188099115747,0.005206047261884304,0.005290222097646968,0,2.0,0.0
1238,2023-01-21 13:21:59.999,-0.0325925391679255,1652.63,150.1548,1.2115e-05,5291665370.0,-0.041377293908151876,0.0065834486819770464,1.3343697451877559,1.2753521689177363,0.005205639806575357,0.005288159520521972,0,2.0,0.0
1239,2023-01-21 13:22:59.999,-0.0308017547072978,1652.205,213.8979,1.2085e-05,10908754267.0,-0.04136594385593959,0.006580537547090409,1.6053687214827546,1.3343697451877559,0.005206774848339973,0.005286058570476327,0,2.0,0.0
1240,2023-01-21 13:23:59.999,-0.0308234898832182,1650.475,908.616,1.207e-05,13795850500.0,-0.041354874213003164,0.006578151287811571,1.6009641415967737,1.6053687214827546,0.005207880921621968,0.005283965758478672,0,2.0,0.0
1241,2023-01-21 13:24:59.999,-0.0319662711324895,1651.41,208.6334,1.2095e-05,4693024555.0,-0.0413444243747681,0.006575128427321159,1.4263072342906997,1.6009641415967737,0.005207944631691805,0.005281806518989688,0,2.0,0.0
1242,2023-01-21 13:25:59.999,-0.0329567465881801,1651.465,351.034,1.211e-05,2684278997.0,-0.04133446291920768,0.006571528245009435,1.2748505398861834,1.4263072342906997,0.005207271979407861,0.005279620028855494,0,2.0,0.0
1243,2023-01-21 13:26:59.999,-0.0329011858153549,1652.12,225.4807,1.2115e-05,4953750095.0,-0.04132506102662619,0.006569059152463718,1.2823564251376736,1.2748505398861834,0.005206635075611893,0.0052774334650808165,0,2.0,0.0
1244,2023-01-21 13:27:59.999,-0.033190575538839,1652.205,56.7823,1.212e-05,5595356680.0,-0.041315498244341727,0.006565858529571808,1.2374501626724193,1.2823564251376736,0.0052058093532885924,0.0052752375564591785,0,2.0,0.0
1245,2023-01-21 13:28:59.999,-0.0329908623988686,1652.535,198.049,1.212e-05,3511299292.0,-0.04130540169640753,0.006561882767511365,1.2670965928719673,1.2374501626724193,0.005205110575338596,0.005273048807412597,0,2.0,0.0
1246,2023-01-21 13:29:59.999,-0.0330767332665864,1651.83,183.7211,1.2115e-05,3889848126.0,-0.041294880921476644,0.006556847979159145,1.2533686431363844,1.2670965928719673,0.005204354980868155,0.0052708829506101194,0,2.0,0.0
1247,2023-01-21 13:30:59.999,-0.032744836001548,1651.815,282.1087,1.211e-05,735769460.0,-0.041283834883692264,0.006551142598948284,1.3034365766233071,1.2533686431363844,0.005203819274619889,0.00526874501668242,0,2.0,0.0
1248,2023-01-21 13:31:59.999,-0.0322107898544459,1651.5700000000002,138.3666,1.21e-05,14205086799.0,-0.04127320193844139,0.006547220333925683,1.38416176969589,1.3034365766233071,0.005203672381229255,0.005266594672933661,0,2.0,0.0
1249,2023-01-21 13:32:59.999,-0.0313318725182725,1650.765,137.8724,1.208e-05,3159253328.0,-0.04126224991388515,0.00654405412137835,1.517465658355688,1.38416176969589,0.005204259629448703,0.0052644369560210635,0,2.0,0.0
1250,2023-01-21 13:33:59.999,-0.0313667929632437,1647.885,1661.8698,1.2055e-05,15469578318.0,-0.041251269506474786,0.006540749672823659,1.5112146218193263,1.517465658355688,0.005204810115569715,0.005262272220329434,0,2.0,0.0
1251,2023-01-21 13:34:59.999,-0.0317347972116444,1650.1,860.8946,1.208e-05,10858799253.0,-0.04124028521100094,0.006536798517719751,1.4541503724781113,1.5112146218193263,0.005205035523192072,0.005260095751975314,0,2.0,0.0
1252,2023-01-21 13:35:59.999,-0.0323902411944416,1650.71,359.6599,1.2095e-05,694104802.0,-0.04122987441157187,0.006532976924361753,1.3530788979472574,1.4541503724781113,0.0052047393478075465,0.00525791783268419,0,2.0,0.0
1253,2023-01-21 13:36:59.999,-0.0325880064371872,1649.8200000000002,147.8551,1.209e-05,2090873422.0,-0.04121922552911496,0.006528306471153548,1.322122227267714,1.3530788979472574,0.005204297782288043,0.005255742859177289,0,2.0,0.0
1254,2023-01-21 13:37:59.999,-0.0321607783681656,1650.525,154.3928,1.209e-05,2570876187.0,-0.04120822984418332,0.0065235509617041516,1.3868905951880914,1.322122227267714,0.005204170249116489,0.0052535924909291815,0,2.0,0.0
1255,2023-01-21 13:38:59.999,-0.0329870231952647,1651.415,169.2258,1.211e-05,13453939314.0,-0.04119760483948393,0.006518240637785869,1.2596315632508197,1.3868905951880914,0.005203454926377183,0.005251451787032588,0,2.0,0.0
1256,2023-01-21 13:39:59.999,-0.0338293201096604,1651.15,172.4623,1.212e-05,5752528806.0,-0.041187478486828015,0.006512687098980736,1.1298191154184571,1.2596315632508197,0.005202250448555341,0.005249344869598005,0,2.0,0.0
1257,2023-01-21 13:40:59.999,-0.0331436709494816,1650.03,176.8325,1.21e-05,3254421172.0,-0.04117633789686993,0.006505852068028397,1.2346833071817203,1.1298191154184571,0.0052014347953147095,0.005247258521395614,0,2.0,0.0
1258,2023-01-21 13:41:59.999,-0.033240643585092,1649.87,234.723,1.21e-05,1955062570.0,-0.04116568582138069,0.006499997907359725,1.2192376596483878,1.2346833071817203,0.005200559090292438,0.0052452580292969755,0,2.0,0.0
1259,2023-01-21 13:42:59.999,-0.0326594109481561,1648.575,120.8561,1.208e-05,6401122404.0,-0.04115497017724523,0.0064949315882784795,1.3080290552130247,1.2192376596483878,0.005200058720498544,0.005243252601879174,0,2.0,0.0
1260,2023-01-21 13:43:59.999,-0.0322817088410722,1648.07,486.3241,1.207e-05,6008337221.0,-0.04114427788183716,0.006490518521886626,1.3654639472762558,1.3080290552130247,0.005199828167476768,0.005241201048316118,0,2.0,0.0
1261,2023-01-21 13:44:59.999,-0.0328517063300495,1649.385,249.4264,1.209e-05,3409254839.0,-0.04113356779148523,0.006485104418720532,1.2770590767248864,1.3654639472762558,0.005199194255121709,0.005239333429072135,0,2.0,0.0
1262,2023-01-21 13:45:59.999,-0.033303491876051,1648.64,244.9846,1.209e-05,3388192619.0,-0.041123126475958297,0.0064795445346142394,1.2068185592573968,1.2770590767248864,0.005198276905771712,0.005237558976624669,0,2.0,0.0
1263,2023-01-21 13:46:59.999,-0.033469529278836,1647.2399999999998,141.0888,1.208e-05,2189196510.0,-0.04111270688612936,0.006473745201539668,1.1806423282577703,1.2068185592573968,0.00519726330807571,0.00523590909330072,0,2.0,0.0
1264,2023-01-21 13:47:59.999,-0.0332368426620419,1647.06,371.0801,1.2075e-05,2359095684.0,-0.04110212597220266,0.006467929209898057,1.2160435055665562,1.1806423282577703,0.005196384622108182,0.005234216691404234,0,2.0,0.0
1265,2023-01-21 13:48:59.999,-0.0331255932662273,1648.37,196.5672,1.2085e-05,1844176430.0,-0.04109152043823223,0.00646221598883366,1.2326928078184938,1.2160435055665562,0.005195572751819427,0.0052324723253095685,0,2.0,0.0
1266,2023-01-21 13:49:59.999,-0.0334558352049683,1649.515,251.4271,1.21e-05,9077723701.0,-0.04108075996468197,0.006455566996624824,1.1811394357304663,1.2326928078184938,0.005194565680601379,0.00523049171221727,0,2.0,0.0
1267,2023-01-21 13:50:59.999,-0.0333891511600086,1649.625,117.5657,1.21e-05,3469445284.0,-0.041069895658458616,0.006448752096195547,1.19104353584646,1.1811394357304663,0.005193596223495535,0.005228454487868287,0,2.0,0.0
1268,2023-01-21 13:51:59.999,-0.0340488552490469,1650.225,276.5966,1.2115e-05,2177871206.0,-0.04105933379257402,0.006441556342673867,1.0883206123781408,1.19104353584646,0.005192281995111027,0.005226419852272084,0,2.0,0.0
1269,2023-01-21 13:52:59.999,-0.0346892526966939,1650.855,151.8988,1.213e-05,4073692228.0,-0.04104895878978983,0.006433755965109509,0.9884904133114222,1.0883206123781408,0.005190697557260563,0.005224428599991526,0,2.0,0.0
1270,2023-01-21 13:53:59.999,-0.0346680517862694,1650.89,98.9801,1.213e-05,1643847710.0,-0.04103867544973088,0.006426190974902963,0.9913529940740171,0.9884904133114222,0.005189122364982116,0.0052224380415844505,0,2.0,0.0
1271,2023-01-21 13:54:59.999,-0.0346014232795397,1651.0,95.4484,1.213e-05,4688483505.0,-0.04102842050520682,0.006418777034099923,1.0012806476254776,0.9913529940740171,0.0051875738628483405,0.00522037830857846,0,2.0,0.0
1272,2023-01-21 13:55:59.999,-0.0348933850253239,1651.08,100.9663,1.2135000000000002e-05,1704940737.0,-0.0410184943006679,0.006411674626730607,0.9553056934311827,1.0012806476254776,0.005185920272212991,0.005218278775042576,0,2.0,0.0
1273,2023-01-21 13:56:59.999,-0.0343244667192692,1650.895,88.9932,1.2125e-05,1496478805.0,-0.04100825906070204,0.006404702555148707,1.0435757607603142,0.9553056934311827,0.00518448693639217,0.005216164373354241,0,2.0,0.0
1274,2023-01-21 13:57:59.999,-0.0342230626374231,1650.5,31.0656,1.212e-05,1317849032.0,-0.04099797241689884,0.0063977450960775685,1.0589527525298583,1.0435757607603142,0.00518309859345389,0.005214449101597442,0,2.0,0.0
1275,2023-01-21 13:58:59.999,-0.0346953101822329,1650.845,139.6257,1.213e-05,4141720659.0,-0.04098775551562905,0.006390176330143584,0.9847060563436372,1.0589527525298583,0.0051815192469015,0.0052138340442626245,0,2.0,0.0
1276,2023-01-21 13:59:59.999,-0.0343018297503761,1650.37,47.0017,1.212e-05,2926336233.0,-0.04097720773877083,0.006382395591945874,1.0459047691776704,0.9847060563436372,0.005180098459363896,0.005212898970609268,0,2.0,0.0
1277,2023-01-21 14:00:59.999,-0.0347165116705809,1650.81,96.0368,1.213e-05,1850545613.0,-0.040967153557229,0.0063751406079890285,0.9804712195390771,1.0459047691776704,0.00517851369355295,0.005211493331756347,0,2.0,0.0
1278,2023-01-21 14:01:59.999,-0.035160983785996,1651.1999999999998,102.063,1.214e-05,3006500996.0,-0.04095776585535867,0.006368750607465227,0.9101914059200074,0.9804712195390771,0.0051767825692699875,0.00520997019360169,0,2.0,0.0
1279,2023-01-21 14:02:59.999,-0.0350095902078209,1651.45,198.1465,1.214e-05,3670129745.0,-0.040948665996824195,0.006363198297065296,0.9333475890170505,0.9101914059200074,0.0051751000019828785,0.005208359987170024,0,2.0,0.0
1280,2023-01-21 14:03:59.999,-0.0347371395121456,1651.9,60.293,1.214e-05,1843461080.0,-0.040939370213393424,0.0063575969621090835,0.9755621091133598,0.9333475890170505,0.0051735119712243635,0.005207946240866806,0,2.0,0.0
1281,2023-01-21 14:04:59.999,-0.0350470074966722,1651.95,144.618,1.2145e-05,1496540374.0,-0.040930179411585776,0.006351756349845587,0.926227580353676,0.9755621091133598,0.00517182051169601,0.005207896849139427,0,2.0,0.0
1282,2023-01-21 14:05:59.999,-0.0351176608595622,1652.395,77.8995,1.215e-05,963423633.0,-0.0409209307742133,0.0063456661107966,0.9145249392774287,0.926227580353676,0.005170108798742208,0.005207424214961388,0,2.0,0.0
1283,2023-01-21 14:06:59.999,-0.0348582195461943,1651.7,161.6406,1.214e-05,2684523840.0,-0.040911977584135124,0.006340568955461561,0.9547657442832969,0.9145249392774287,0.0051684824604889355,0.005206899131106945,0,2.0,0.0
1284,2023-01-21 14:07:59.999,-0.034830380927616,1650.06,147.9512,1.2125e-05,3682814116.0,-0.04090294454978367,0.006335326107908666,0.9585242367534987,0.9547657442832969,0.005166867116708289,0.005206739091280218,0,2.0,0.0
1285,2023-01-21 14:08:59.999,-0.0337896874778493,1650.09,288.1747,1.211e-05,2835774421.0,-0.04089357909220789,0.006330880627362602,1.1221016525971084,0.9585242367534987,0.005165694419132175,0.005206658099773995,0,2.0,0.0
1286,2023-01-21 14:09:59.999,-0.0340413160522459,1650.8000000000002,54.0853,1.212e-05,2178116462.0,-0.04088448194195064,0.006326601086228794,1.081649656179582,1.1221016525971084,0.005164400511524656,0.005206194215316201,0,2.0,0.0
1287,2023-01-21 14:10:59.999,-0.0337381764628155,1650.175,108.9758,1.211e-05,2395881268.0,-0.040875421501104826,0.006322814147041676,1.1288082920527887,1.081649656179582,0.005163254501153433,0.005205868830437521,0,2.0,0.0
1288,2023-01-21 14:11:59.999,-0.0335570865561791,1648.785,660.0057,1.2095e-05,2127315231.0,-0.040866171594530855,0.006318897826328525,1.1567025198441223,1.1288082920527887,0.005162203154556372,0.005205682193253665,0,2.0,0.0
1289,2023-01-21 14:12:59.999,-0.0326988397162999,1648.51,598.0433,1.208e-05,2179897353.0,-0.040856604690294236,0.006315612001968216,1.2916824167558147,1.1567025198441223,0.005161665833973735,0.005205242883147786,0,2.0,0.0
1290,2023-01-21 14:13:59.999,-0.0327655688657415,1648.4,164.0693,1.208e-05,3305026165.0,-0.0408471529071003,0.006312436047365395,1.2802639077399907,1.2916824167558147,0.005161083151179063,0.005205054286228703,0,2.0,0.0
1291,2023-01-21 14:14:59.999,-0.0326139181473834,1648.65,174.0998,1.208e-05,4266096340.0,-0.04083803602238423,0.0063100994168887705,1.3033261968883165,1.2802639077399907,0.0051605996369417685,0.005204866467475304,0,2.0,0.0
1292,2023-01-21 14:15:59.999,-0.0334430105368959,1648.41,90.5324,1.209e-05,3826562395.0,-0.04082939894506543,0.00630744709052253,1.171058322354888,1.3033261968883165,0.005159607776472034,0.0052047570397480885,0,2.0,0.0
1293,2023-01-21 14:16:59.999,-0.0336371558431345,1648.09,165.479,1.209e-05,1659623796.0,-0.04082063754664747,0.0063042869629700475,1.1394598224521046,1.171058322354888,0.005158512077608342,0.005204451072603003,0,2.0,0.0
1294,2023-01-21 14:17:59.999,-0.0332904578698389,1647.535,147.6807,1.208e-05,1804197492.0,-0.0408117894373475,0.006301436915943502,1.1935899173216507,1.1394598224521046,0.005157605223495075,0.005204312081933071,0,2.0,0.0
1295,2023-01-21 14:18:59.999,-0.0333481214333133,1647.44,155.0511,1.208e-05,1537213838.0,-0.04080323872358323,0.006299027361718651,1.1835346732381617,1.1935899173216507,0.005156665335466903,0.005204269167658538,0,2.0,0.0
1296,2023-01-21 14:19:59.999,-0.0332307072578359,1648.76,304.4215,1.209e-05,1893632423.0,-0.04079462413851067,0.006296653396968626,1.2012598445257034,1.1835346732381617,0.005155791919258769,0.005204192594199543,0,2.0,0.0
1297,2023-01-21 14:20:59.999,-0.033461897611378,1649.505,154.521,1.21e-05,2025971688.0,-0.04078604995138259,0.00629402246455136,1.1636679692922982,1.2012598445257034,0.005154788573874989,0.005203907018244039,0,2.0,0.0
1298,2023-01-21 14:21:59.999,-0.033344831558292,1649.135,78.1461,1.2095e-05,6713494700.0,-0.04077732329730293,0.0062912655965235605,1.1813985000280371,1.1636679692922982,0.005153849508677572,0.005203709104576914,0,2.0,0.0
1299,2023-01-21 14:22:59.999,-0.0332963224552464,1649.215,86.3642,1.2095e-05,1785620489.0,-0.04076865293073674,0.006288664016792659,1.1882222449055841,1.1813985000280371,0.005152937375569115,0.005203509290090201,0,2.0,0.0
1300,2023-01-21 14:23:59.999,-0.0331538405721829,1649.45,58.9385,1.2095e-05,744821206.0,-0.040760030980216494,0.006286331179818164,1.209956998837851,1.1882222449055841,0.005152106845607639,0.005202551568010801,0,2.0,0.0
1301,2023-01-21 14:24:59.999,-0.0335146319522721,1648.855,91.2714,1.2095e-05,1250071025.0,-0.04075143579920969,0.006283538990291612,1.1517082742891898,1.209956998837851,0.005151074189367499,0.005201638708624867,0,2.0,0.0
1302,2023-01-21 14:25:59.999,-0.0334418568243535,1648.975,82.15,1.2095e-05,764203137.0,-0.04074276297948419,0.006280693106166606,1.1624363795076058,1.1517082742891898,0.00515008048994721,0.005200778016548006,0,2.0,0.0
1303,2023-01-21 14:26:59.999,-0.0328183611238017,1649.44,33.9182,1.209e-05,1524076060.0,-0.04073365624642333,0.006277915211117858,1.2608158690330922,1.1624363795076058,0.005149452872196235,0.005200183812947018,0,2.0,0.0
1304,2023-01-21 14:27:59.999,-0.0330295644425859,1649.655,49.8605,1.2095e-05,877021527.0,-0.04072457251568202,0.006274860164202515,1.226323435380347,1.2608158690330922,0.005148693714245054,0.005199885805732211,0,2.0,0.0
1305,2023-01-21 14:28:59.999,-0.0333800582256742,1649.64,179.2398,1.21e-05,5233250164.0,-0.04071571289809276,0.006271713184129206,1.1696412857306195,1.226323435380347,0.005147732342763476,0.005199352733210474,0,2.0,0.0
1306,2023-01-21 14:29:59.999,-0.0336546391192733,1649.75,114.1235,1.2105e-05,3771123081.0,-0.040707032882666735,0.00626850470347768,1.1250520015532357,1.1696412857306195,0.005146625893130384,0.005198506243109211,0,2.0,0.0
1307,2023-01-21 14:30:59.999,-0.0338260497919549,1650.03,102.803,1.211e-05,1898285759.0,-0.04069833075995386,0.006265003082145267,1.0969317776689342,1.1250520015532357,0.00514543496302232,0.00519751670749971,0,2.0,0.0
1308,2023-01-21 14:31:59.999,-0.0340625181185387,1650.765,105.9676,1.212e-05,889807821.0,-0.04068932725140936,0.00626055726824359,1.0585014798099317,1.0969317776689342,0.005144134969208448,0.005196604293600064,0,2.0,0.0
1309,2023-01-21 14:32:59.999,-0.0339429283276402,1651.525,127.6104,1.2125e-05,313735964.0,-0.04068066150512008,0.006256933900384235,1.0768426332690073,1.0585014798099317,0.005142889847505205,0.005195775719391615,0,2.0,0.0
1310,2023-01-21 14:33:59.999,-0.0336476450652547,1651.45,59.4845,1.212e-05,1960671222.0,-0.04067208291313099,0.0062538672642617355,1.1232150525512508,1.0768426332690073,0.005141788044152304,0.005194817448405891,0,2.0,0.0
1311,2023-01-21 14:34:59.999,-0.0333703901291428,1651.345,407.8693,1.2115e-05,9822440811.0,-0.04066333216585552,0.006250853259490187,1.1667114446560412,1.1232150525512508,0.005140832053909769,0.005193838587771996,0,2.0,0.0
1312,2023-01-21 14:35:59.999,-0.0327155439138628,1651.3000000000002,78.4874,1.2105e-05,1528923627.0,-0.040654304967686405,0.0062482444284640256,1.2705586576700478,1.1667114446560412,0.0051402646268026795,0.005192610552207154,0,2.0,0.0
1313,2023-01-21 14:36:59.999,-0.0325914070058317,1651.505,67.4953,1.2105e-05,4255146579.0,-0.04064525117771354,0.006245752030968907,1.289491502696184,1.2705586576700478,0.005139776637531925,0.005191093666723179,0,2.0,0.0
1314,2023-01-21 14:37:59.999,-0.0323440053124812,1651.35,64.8262,1.21e-05,4397222514.0,-0.04063622299569383,0.006243650359297044,1.3281041067370447,1.289491502696184,0.005139454615657002,0.005189516163051727,0,2.0,0.0
1315,2023-01-21 14:38:59.999,-0.0329870231952647,1651.415,88.2843,1.211e-05,22144514266.0,-0.04062756385042924,0.006241282510182679,1.2241940086350789,1.3281041067370447,0.0051387146641174615,0.0051879609883817845,0,2.0,0.0
1316,2023-01-21 14:39:59.999,-0.033355251069306,1651.37,58.5812,1.2114999999999998e-05,699808062.0,-0.040619617700992504,0.006239609988657878,1.1642340859270672,1.2241940086350789,0.00513776352482669,0.005186333669871829,0,2.0,0.0
1317,2023-01-21 14:40:59.999,-0.0328921066129339,1652.135,601.5381,1.2114999999999998e-05,3289518351.0,-0.04061178706797586,0.006238689402561852,1.23738816871889,1.1642340859270672,0.005137079624515281,0.005184845270347375,0,2.0,0.0
1318,2023-01-21 14:41:59.999,-0.0326267910081057,1652.01,60.1404,1.211e-05,10419815812.0,-0.040603693460366394,0.006237703166964839,1.2788204630362559,1.23738816871889,0.005136562022744966,0.00518344567918846,0,2.0,0.0
1319,2023-01-21 14:42:59.999,-0.0330562626015193,1652.99,296.4213,1.2125e-05,7009741529.0,-0.040596031430743855,0.006236804702934919,1.2089153321854833,1.2788204630362559,0.0051357778073060825,0.005181914083539597,0,2.0,0.0
1320,2023-01-21 14:43:59.999,-0.0335829810488377,1653.245,90.0714,1.2135000000000002e-05,2167821638.0,-0.040589061808604644,0.006236226229263954,1.1234487817151964,1.2089153321854833,0.0051347052132650305,0.005180453656248297,0,2.0,0.0
1321,2023-01-21 14:44:59.999,-0.0342529659264592,1652.7,259.3914,1.214e-05,1887445264.0,-0.040582564423461816,0.006235513201610823,1.015088620992333,1.1234487817151964,0.005133326269651095,0.0051789098850056866,0,2.0,0.0
1322,2023-01-21 14:45:59.999,-0.0342394815617623,1652.16,84.0202,1.2135e-05,4035645871.0,-0.04057732915680034,0.006236089449580026,1.0163176212080902,1.015088620992333,0.005131953697392888,0.005177215350340728,0,2.0,0.0
1323,2023-01-21 14:46:59.999,-0.0346487546276783,1653.17,263.7892,1.215e-05,4328275480.0,-0.04057183414516793,0.0062360817080822206,0.9498078753222666,1.0163176212080902,0.00513042691371771,0.005175520643804656,0,2.0,0.0
1324,2023-01-21 14:47:59.999,-0.0349795370048227,1653.185,184.6931,1.2155e-05,2073236029.0,-0.04056618057298804,0.0062356135384369835,0.8959252419555306,0.9498078753222666,0.005128794189138447,0.005173908978913992,0,2.0,0.0
1325,2023-01-21 14:48:59.999,-0.0351640118913572,1651.1950000000002,194.6351,1.214e-05,2904488397.0,-0.040560502316131126,0.006234945849230727,0.865523222698037,0.8959252419555306,0.005127110239514243,0.0051722433765780985,0,2.0,0.0
1326,2023-01-21 14:49:59.999,-0.0351739675272497,1650.055,185.6034,1.213e-05,5035373146.0,-0.040554739292195094,0.00623416899893477,0.8631097048964829,0.865523222698037,0.005125425199301509,0.005170536726980659,0,2.0,0.0
1327,2023-01-21 14:50:59.999,-0.0348182602297093,1650.08,185.3166,1.2125e-05,2203122787.0,-0.04054865831082871,0.006233355418333128,0.9193119430131564,0.8631097048964829,0.0051238471322642065,0.005168889045052254,0,2.0,0.0
1328,2023-01-21 14:51:59.999,-0.0353568254883356,1650.315,78.6074,1.2135e-05,3735182359.0,-0.040542734425824956,0.0062322064075900395,0.8321144388243579,0.9193119430131564,0.005122118335948739,0.005167270952653451,0,2.0,0.0
1329,2023-01-21 14:52:59.999,-0.0345111204325512,1648.9,150.2933,1.211e-05,4889589056.0,-0.04053629550014267,0.006231249985791103,0.9669287994111069,0.8321144388243579,0.005120648895937614,0.005165987593526204,0,2.0,0.0
1330,2023-01-21 14:53:59.999,-0.03473857064089,1648.525,114.0309,1.211e-05,2767665928.0,-0.04053024170021323,0.0062305277082660175,0.9295634865148652,0.9669287994111069,0.0051191010424881415,0.005164723988426536,0,2.0,0.0
1331,2023-01-21 14:54:59.999,-0.034646189794607,1648.115,171.06,1.2105e-05,4546381002.0,-0.040524588005822385,0.006230323749175967,0.9435140849611342,0.9295634865148652,0.005117585823928777,0.005163541003746238,0,2.0,0.0
1332,2023-01-21 14:55:59.999,-0.0348720321783844,1648.305,144.9502,1.211e-05,2851177426.0,-0.04051893586753421,0.006229911341752916,0.9064179856467963,0.9435140849611342,0.005115997500296354,0.005162465991205637,0,2.0,0.0
1333,2023-01-21 14:56:59.999,-0.0351527563380429,1650.09,224.8355,1.213e-05,2562306604.0,-0.040513361372751626,0.006229323378007722,0.86054370746493,0.9064179856467963,0.005114328714333925,0.0051618001641193945,0,2.0,0.0
1334,2023-01-21 14:57:59.999,-0.0350133797149148,1650.32,120.5349,1.213e-05,2959990703.0,-0.0405076211160112,0.006228676121643337,0.8820881506432919,0.86054370746493,0.005112700662868975,0.005161228821877731,0,2.0,0.0
1335,2023-01-21 14:58:59.999,-0.034839471547464,1650.045,91.8892,1.2125e-05,4256938767.0,-0.04050185562111563,0.006228156384549431,0.9091589427167643,0.8820881506432919,0.005111126881498155,0.005160720515501092,0,2.0,0.0
1336,2023-01-21 14:59:59.999,-0.0348473107569198,1649.47,37.6593,1.212e-05,574931878.0,-0.04049631022128035,0.006227856089466271,0.9070536286018569,0.9091589427167643,0.0051095519903412035,0.005159855741589468,0,2.0,0.0
1337,2023-01-21 15:00:59.999,-0.0347243298017865,1650.235,253.3994,1.2125e-05,2253384860.0,-0.04049049311065097,0.006227376524131719,0.9259377984485113,0.9070536286018569,0.005108018228807129,0.005158786002324265,0,2.0,0.0
1338,2023-01-21 15:01:59.999,-0.0347450083117166,1651.3249999999998,409.0375,1.2135000000000002e-05,1727430369.0,-0.04048463903023925,0.006226831409870949,0.921757847727181,0.9259377984485113,0.005106478904205068,0.005157831937023392,0,2.0,0.0
1339,2023-01-21 15:02:59.999,-0.0351034515262789,1651.295,89.0304,1.214e-05,1535641199.0,-0.04047900002652973,0.006226186811962829,0.8633773226852738,0.921757847727181,0.005104832499722727,0.005156900307473946,0,2.0,0.0
1340,2023-01-21 15:03:59.999,-0.0355867870676576,1651.62,370.9083,1.215e-05,5413132746.0,-0.04047344470090427,0.006225196051482209,0.7849805199441326,0.8633773226852738,0.005103071397545978,0.005156010273310802,0,2.0,0.0
1341,2023-01-21 15:04:59.999,-0.0354726463413896,1652.37,160.0753,1.2155e-05,157926192.0,-0.04046779921446485,0.006224199178167813,0.8025374397715925,0.7849805199441326,0.005101336444235573,0.005155039410220934,0,2.0,0.0
1342,2023-01-21 15:05:59.999,-0.0354233245683133,1651.89,136.3214,1.215e-05,1664138841.0,-0.04046162940584522,0.006222591140861093,0.8096795568726229,0.8025374397715925,0.005099614332683149,0.005154084274976926,0,2.0,0.0
1343,2023-01-21 15:06:59.999,-0.0348514161488466,1652.835,571.1282,1.215e-05,1218032234.0,-0.040455340583028465,0.006221393554476139,0.900750673480539,0.8096795568726229,0.00509804836972858,0.005153165408846229,0,2.0,0.0
1344,2023-01-21 15:07:59.999,-0.0344183684250012,1654.675,1440.6195,1.216e-05,6911838144.0,-0.040448402310290565,0.006219765296294623,0.9694954066645751,0.900750673480539,0.005096632285006432,0.005152314478098007,0,2.0,0.0
1345,2023-01-21 15:08:59.999,-0.0340230655691016,1653.08,161.2419,1.214e-05,4307915089.0,-0.040441345012518566,0.006218403475884697,1.0321426501685524,0.9694954066645751,0.005095376472049596,0.005151332353427534,0,2.0,0.0
1346,2023-01-21 15:09:59.999,-0.0340759001311496,1653.5549999999998,176.7958,1.2145e-05,499422504.0,-0.04043434788421062,0.006217058735478495,1.022742107417398,1.0321426501685524,0.0050940986891972705,0.0051503289148022826,0,2.0,0.0
1347,2023-01-21 15:10:59.999,-0.0341182340611965,1653.485,37.4126,1.2145e-05,829391122.0,-0.040427168269392924,0.00621539387854211,1.0150497830841025,1.022742107417398,0.005092803795670053,0.005149609776633979,0,2.0,0.0
1348,2023-01-21 15:11:59.999,-0.0347810431550819,1654.075,177.5454,1.216e-05,4905301847.0,-0.04042028211904511,0.006213405555354322,0.9075922879528866,1.0150497830841025,0.005091265662525542,0.005148883503732849,0,2.0,0.0
1349,2023-01-21 15:12:59.999,-0.0349725114680303,1654.32,79.3917,1.2165e-05,1175853713.0,-0.040413529248568815,0.0062113960147734725,0.8759734152511522,0.9075922879528866,0.0050896703322502275,0.005147972685633871,0,2.0,0.0
1350,2023-01-21 15:13:59.999,-0.0350027358234221,1654.27,49.5879,1.2165e-05,2168995312.0,-0.04040672787765685,0.0062092734795427575,0.8703098795759104,0.8759734152511522,0.005088067698393305,0.005146902505538657,0,2.0,0.0
1351,2023-01-21 15:14:59.999,-0.0355605781375203,1654.47,98.9901,1.2175e-05,14482676714.0,-0.04040024845790343,0.006207024457503337,0.7797085952404635,0.8703098795759104,0.00508632931807084,0.005145732695549336,0,2.0,0.0
1352,2023-01-21 15:15:59.999,-0.0357184257250011,1654.77,170.829,1.218e-05,2501200741.0,-0.0403940100530472,0.006204954930389972,0.7535243012236106,0.7797085952404635,0.005084562130056931,0.0051444599676619155,0,2.0,0.0
1353,2023-01-21 15:16:59.999,-0.0350780583980991,1655.83,1002.5158,1.218e-05,8112607492.0,-0.04038752131866254,0.006203182025817288,0.8559257004656264,0.7535243012236106,0.00508294311128446,0.005143201127931016,0,2.0,0.0
1354,2023-01-21 15:17:59.999,-0.0329725721973019,1659.3200000000002,5468.5674,1.218e-05,23615878039.0,-0.040379975963329796,0.006202284515297159,1.1943024780237763,0.8559257004656264,0.005082225860623771,0.005142063494990529,0,2.0,0.0
1355,2023-01-21 15:18:59.999,-0.0342653695670875,1658.3000000000002,689.2383,1.219e-05,7608742710.0,-0.04037327123703176,0.006201063016429841,0.9849765522074604,1.1943024780237763,0.005080879731309,0.005141071051470402,0,2.0,0.0
1356,2023-01-21 15:19:59.999,-0.0349185916058232,1658.34,291.8593,1.22e-05,2743203036.0,-0.040366733087827414,0.0061993654862155904,0.8788224366055299,0.9849765522074604,0.005079309596204413,0.005140406483579452,0,2.0,0.0
1357,2023-01-21 15:20:59.999,-0.035769201109737,1656.9299999999998,257.0372,1.22e-05,4298631076.0,-0.04036040097516507,0.006197072688881266,0.7408659049079035,0.8788224366055299,0.00507754109695065,0.005139898634849614,0,2.0,0.0
1358,2023-01-21 15:21:59.999,-0.0362287432861414,1657.29,111.4819,1.221e-05,2023583085.0,-0.04035429522793572,0.0061946429456240185,0.6659870436452937,0.7408659049079035,0.005075710261060306,0.0051395351211257325,0,2.0,0.0
1359,2023-01-21 15:22:59.999,-0.0366845982767642,1657.095,234.0619,1.2215e-05,4895628664.0,-0.040348636016991485,0.0061924088020262995,0.5916982966351197,0.6659870436452937,0.005073848038855094,0.005138899652002347,0,2.0,0.0
1360,2023-01-21 15:23:59.999,-0.0362351173593147,1657.84,112.0794,1.2215e-05,2734894891.0,-0.040342752585213866,0.006190276849005944,0.6635624425357944,0.5916982966351197,0.005072020529590083,0.005138001309649383,0,2.0,0.0
1361,2023-01-21 15:24:59.999,-0.0343759915166757,1660.925,1109.441,1.2215e-05,10465852732.0,-0.04033586738024639,0.00618863860188248,0.9630350464733546,0.6635624425357944,0.00507064064634477,0.005137250599593133,0,2.0,0.0
1362,2023-01-21 15:25:59.999,-0.0351626850808806,1660.1799999999998,867.8877,1.222e-05,1903175415.0,-0.040329266257798986,0.006186548325484278,0.8351314667074795,0.9630350464733546,0.005069012378174649,0.0051366914231875446,0,2.0,0.0
1363,2023-01-21 15:26:59.999,-0.0349511376904203,1659.97,939.2856,1.2215e-05,2533405726.0,-0.04032247522237009,0.006184396895278494,0.8685305330339593,0.8351314667074795,0.005067443812451746,0.005135973861165804,0,2.0,0.0
1364,2023-01-21 15:27:59.999,-0.0351084755610742,1660.27,689.8393,1.222e-05,3435618724.0,-0.040315872566201796,0.0061823465212977454,0.8423010562718349,0.8685305330339593,0.005065832801193766,0.005134973361775293,0,2.0,0.0
1365,2023-01-21 15:28:59.999,-0.0337596900246701,1660.8249999999998,313.4916,1.2205e-05,5431887836.0,-0.04030859187878751,0.00618080289028049,1.0595552018679917,0.8423010562718349,0.005064714758367695,0.005133671005554579,0,2.0,0.0
1366,2023-01-21 15:29:59.999,-0.0328584119668775,1661.76,747.3933,1.22e-05,6438213912.0,-0.04030084033331065,0.006179642251062259,1.204346152101899,1.0595552018679917,0.005064071417129617,0.0051322968404574395,0,2.0,0.0
1367,2023-01-21 15:30:59.999,-0.0326778967760326,1662.06,503.6549,1.22e-05,7110183409.0,-0.040292634119765386,0.0061779902413730955,1.2325589789278086,1.204346152101899,0.0050635361362307025,0.005130808609636505,0,2.0,0.0
1368,2023-01-21 15:31:59.999,-0.0315433945762535,1662.8200000000002,267.674,1.219e-05,5558689920.0,-0.04028382377357731,0.00617689157318814,1.4150206610818858,1.2325589789278086,0.005063791123396139,0.005129202370283263,0,2.0,0.0
1369,2023-01-21 15:32:59.999,-0.0317949379637383,1662.965,207.9126,1.2195e-05,1560761058.0,-0.04027511451652691,0.006175592192726472,1.3731762538945576,1.4150206610818858,0.005063851452223512,0.0051275312269202945,0,2.0,0.0
1370,2023-01-21 15:33:59.999,-0.0306553475251121,1665.425,791.9064,1.22e-05,7394140108.0,-0.040265831497820745,0.006174975054838878,1.556359967021666,1.3731762538945576,0.005064846681576453,0.005125846459354692,0,2.0,0.0
1371,2023-01-21 15:34:59.999,-0.0309667910067794,1665.4699999999998,494.8097,1.2205e-05,959238964.0,-0.04025671500849785,0.0061741610449229075,1.5046455597975812,1.556359967021666,0.005065561739563772,0.005124241649023532,0,2.0,0.0
1372,2023-01-21 15:35:59.999,-0.0314632754742589,1664.08,825.1694,1.22e-05,2438769873.0,-0.04024761738266495,0.0061726335067184175,1.4231108810923236,1.5046455597975812,0.00506586401425951,0.005122550535027606,0,2.0,0.0
1373,2023-01-21 15:36:59.999,-0.0315113512416758,1664.0,501.2776,1.22e-05,2923072382.0,-0.040238685475256206,0.006171309836227792,1.4141785885304026,1.4231108810923236,0.005066125144475883,0.0051210162559403955,0,2.0,0.0
1374,2023-01-21 15:37:59.999,-0.03157745919599,1663.89,201.9264,1.22e-05,2615396501.0,-0.04022990740386039,0.006170138407251907,1.4023102298160721,1.4141785885304026,0.005066331789140922,0.0051194880058505095,0,2.0,0.0
1375,2023-01-21 15:38:59.999,-0.031037648257552,1661.9699999999998,1224.0157,1.2175e-05,7099482239.0,-0.04022095840242299,0.006169446342007965,1.4885144688497454,1.4023102298160721,0.0050669695512949005,0.005117964628568618,0,2.0,0.0
1376,2023-01-21 15:39:59.999,-0.0306586518715299,1662.6,224.1325,1.2175e-05,1536451376.0,-0.040211701301137194,0.006168786110479952,1.5486109031042472,1.4885144688497454,0.005067932134711778,0.00511639458120446,0,2.0,0.0
1377,2023-01-21 15:40:59.999,-0.0304891189918734,1664.01,638.7996,1.2185e-05,4130658941.0,-0.04020230608719206,0.0061681327799612785,1.5747370301226942,1.5486109031042472,0.0050690428367694,0.0051147459108245325,0,2.0,0.0
1378,2023-01-21 15:41:59.999,-0.0308700667483883,1663.94,268.4689,1.219e-05,3465147418.0,-0.04019288706810692,0.006166842275091385,1.5117656498812377,1.5747370301226942,0.005069808227399352,0.005113107675735213,0,2.0,0.0
1379,2023-01-21 15:42:59.999,-0.0312079117071846,1664.505,161.696,1.22e-05,1631051151.0,-0.04018353179868682,0.006165137821076201,1.4558669006259803,1.5117656498812377,0.005070285625713957,0.00511152032684086,0,2.0,0.0
1380,2023-01-21 15:43:59.999,-0.0318066013235807,1664.635,181.0791,1.221e-05,3849520057.0,-0.04017405969300573,0.0061622830246372195,1.357850383692435,1.4558669006259803,0.005070298205984055,0.005109945713130441,0,2.0,0.0
1381,2023-01-21 15:44:59.999,-0.0319681863441729,1663.24,691.7761,1.22e-05,2730458538.0,-0.04016473535985865,0.00615945423222062,1.3307265070351388,1.357850383692435,0.005070192677157474,0.005108401669190648,0,2.0,0.0
1382,2023-01-21 15:45:59.999,-0.0326628553142427,1662.085,678.6711,1.22e-05,4511578918.0,-0.040155782494876203,0.006156296836081249,1.2171159676249592,1.3307265070351388,0.0050696317039250266,0.005106863735355583,0,2.0,0.0
1383,2023-01-21 15:46:59.999,-0.0337849662404252,1661.345,463.7842,1.221e-05,5709474335.0,-0.04014728288471361,0.006152411861557465,1.0341174790398062,1.2171159676249592,0.00506848391181307,0.005105244100843312,0,2.0,0.0
1384,2023-01-21 15:47:59.999,-0.0350158788772319,1658.74,352.685,1.2205e-05,2573078949.0,-0.040139080883346286,0.006147436107979487,0.8333884104081009,1.0341174790398062,0.005066901008341951,0.005103511673090165,0,2.0,0.0
1385,2023-01-21 15:48:59.999,-0.0352386090313316,1660.615,408.0406,1.2225e-05,20166549333.0,-0.04013084947398961,0.006142086400345223,0.7965111728781661,0.8333884104081009,0.0050652638623872245,0.005101770182563175,0,2.0,0.0
1386,2023-01-21 15:49:59.999,-0.0359652006026607,1660.53,155.7907,1.2235e-05,7499376198.0,-0.04012315010493129,0.006136877576737328,0.6775350249827148,0.7965111728781661,0.005063495944494562,0.005100044860571255,0,2.0,0.0
1387,2023-01-21 15:50:59.999,-0.0359189130759638,1658.925,117.8834,1.222e-05,2634530854.0,-0.04011534681990876,0.006131500151256179,0.6844057148209031,0.6775350249827148,0.005061736055320683,0.005098439860467222,0,2.0,0.0
1388,2023-01-21 15:51:59.999,-0.0358074012925193,1659.11,374.0212,1.222e-05,1031172277.0,-0.040107291864077084,0.00612572314485279,0.7019400762783108,0.6844057148209031,0.0050599941239646016,0.005096986306186969,0,2.0,0.0
1389,2023-01-21 15:52:59.999,-0.0354205210896196,1658.63,278.8898,1.221e-05,4304530550.0,-0.04009900865773753,0.006119955682761977,0.7644642887359108,0.7019400762783108,0.005058323585171799,0.005095690425288805,0,2.0,0.0
1390,2023-01-21 15:53:59.999,-0.0360300522504246,1658.1799999999998,111.5472,1.2215e-05,3079877175.0,-0.04009147696125273,0.006114945951165036,0.6641799851157049,0.7644642887359108,0.0050565548064943995,0.005094418134910352,0,2.0,0.0
1391,2023-01-21 15:54:59.999,-0.0362773418670272,1657.77,169.2117,1.2215e-05,3205863559.0,-0.04008412299714228,0.006109974912198459,0.6230436597235298,0.6641799851157049,0.0050547624524738335,0.005093127519051857,0,2.0,0.0
1392,2023-01-21 15:55:59.999,-0.0361223260426655,1656.345,500.9687,1.22e-05,8075002865.0,-0.04007699525221631,0.006105610675774425,0.6477106745836205,0.6230436597235298,0.005052986910721745,0.0050916501958116695,0,2.0,0.0
1393,2023-01-21 15:56:59.999,-0.0351393095840535,1656.29,233.7564,1.2185e-05,21597659765.0,-0.040069469879503154,0.006101673334129201,0.8080013506906726,0.6477106745836205,0.005051387100237032,0.005090069164819056,0,2.0,0.0
1394,2023-01-21 15:57:59.999,-0.0351815736074172,1656.2199999999998,427.9229,1.2185e-05,9992200704.0,-0.04006210504643231,0.006097966895693337,0.8003538757256888,0.8080013506906726,0.005049778485709481,0.005088468356857535,0,2.0,0.0
1395,2023-01-21 15:58:59.999,-0.0343215825234644,1649.775,4865.5635,1.2115e-05,119445612655.0,-0.04005435399008535,0.006094617300558237,0.9406286209465283,0.8003538757256888,0.005048430343131361,0.005086763913151457,0,2.0,0.0
1396,2023-01-21 15:59:59.999,-0.0357359063485098,1646.32,2356.6644,1.2105e-05,48438245485.0,-0.04004748414912712,0.006091117004176477,0.7078468198297642,0.9406286209465283,0.005046713369283007,0.005085003927060409,0,2.0,0.0
1397,2023-01-21 16:00:59.999,-0.0358289840885213,1647.29,1471.2787,1.2115e-05,26985320205.0,-0.040040455349870455,0.006087219911725696,0.691854626976212,0.7078468198297642,0.00504498377213783,0.005083347865977578,0,2.0,0.0
1398,2023-01-21 16:01:59.999,-0.0362282764283392,1647.755,655.341,1.2125e-05,7882134728.0,-0.0400337305496647,0.006083402975991303,0.6255469408066612,0.691854626976212,0.005043208310164292,0.005082405173288944,0,2.0,0.0
1399,2023-01-21 16:02:59.999,-0.0363185617219095,1647.045,468.1,1.212e-05,11388741368.0,-0.04002703712454985,0.006079531987343799,0.6099935669983406,0.6255469408066612,0.005041427090332523,0.005081216263637693,0,2.0,0.0
1400,2023-01-21 16:03:59.999,-0.0368131474565416,1649.035,242.005,1.2145e-05,9070263964.0,-0.040020655580792874,0.006075666511467576,0.5279269555360274,0.6099935669983406,0.00503962648412128,0.0050797021299805595,0,2.0,0.0
1401,2023-01-21 16:04:59.999,-0.0374783243510599,1650.7399999999998,381.8658,1.217e-05,5274681203.0,-0.04001434178550893,0.006071217419010595,0.4177115163934155,0.5279269555360274,0.005037853822190813,0.005077983221764091,0,2.0,0.0
1402,2023-01-21 16:05:59.999,-0.0379746761499504,1652.72,477.1341,1.2195e-05,12597618649.0,-0.04000811395875066,0.006066405043110336,0.3351965116654473,0.4177115163934155,0.005036143202342338,0.005076167970032892,0,2.0,0.0
1403,2023-01-21 16:06:59.999,-0.038767178513094,1651.97,299.4788,1.22e-05,8063432730.0,-0.04000198270130912,0.006060961156256395,0.2037307543112206,0.3351965116654473,0.005034602519671897,0.005074313594406397,0,2.0,0.0
1404,2023-01-21 16:07:59.999,-0.0380625958442948,1652.015,241.2286,1.219e-05,4400800805.0,-0.03999539416725281,0.006055328165722758,0.31918969047771123,0.2037307543112206,0.005032909473044374,0.005072477406906336,0,2.0,0.0
1405,2023-01-21 16:08:59.999,-0.0390203196195528,1652.67,543.4265,1.221e-05,6097743133.0,-0.03998924455451071,0.0060495675652833675,0.16016432984702442,0.31918969047771123,0.005031444023050212,0.005070985617156098,0,2.0,0.0
1406,2023-01-21 16:09:59.999,-0.0389501591109677,1653.345,225.1583,1.2215e-05,7670997283.0,-0.039983014784593734,0.006043702985059579,0.1708978214480959,0.16016432984702442,0.005029958842706308,0.005070383816074234,0,2.0,0.0
1407,2023-01-21 16:10:59.999,-0.0386956446570962,1654.325,451.7188,1.222e-05,2832530597.0,-0.039976454404603,0.006037402642075254,0.21214582220849593,0.1708978214480959,0.005028404912766611,0.005070288770781481,0,2.0,0.0
1408,2023-01-21 16:11:59.999,-0.0381007275895157,1654.75,531.5041,1.2215e-05,9666970258.0,-0.039970099489962635,0.006032147128063757,0.3099015758004196,0.21214582220849593,0.005026724623432834,0.0050702159142965945,0,2.0,0.0
1409,2023-01-21 16:12:59.999,-0.0376054303978783,1655.01,131.5746,1.221e-05,4542773519.0,-0.039963518249201656,0.006026966490566169,0.3912561742319952,0.3099015758004196,0.005024977850420221,0.005069904339838883,0,2.0,0.0
1410,2023-01-21 16:13:59.999,-0.0373396006158657,1654.33,563.3477,1.22e-05,6792874696.0,-0.03995689285268887,0.0060219793318699215,0.43462325135720137,0.3912561742319952,0.005023210620465012,0.005069675834793608,0,2.0,0.0
1411,2023-01-21 16:14:59.999,-0.0379351851452511,1653.345,345.4583,1.22e-05,5993970685.0,-0.0399503615762802,0.0060165156631649674,0.3349407769960039,0.43462325135720137,0.005021508965651336,0.0050691900535583066,0,2.0,0.0
1412,2023-01-21 16:15:59.999,-0.0377720005285624,1653.055,291.7287,1.2195e-05,2763029461.0,-0.03994377558752455,0.006011108062341929,0.3612936311306346,0.3349407769960039,0.005019786627384108,0.005069019992823337,0,2.0,0.0
1413,2023-01-21 16:16:59.999,-0.0373364738783621,1653.215,182.7221,1.219e-05,2068616385.0,-0.03993708246749913,0.00600595653810472,0.4330048964952539,0.3612936311306346,0.005018024690566579,0.005068616028403465,0,2.0,0.0
1414,2023-01-21 16:17:59.999,-0.0360755741985272,1654.74,216.1008,1.2185e-05,6475206912.0,-0.039930020730517574,0.0060015237083513966,0.6422446564072942,0.4330048964952539,0.005016295621957991,0.005068070078987101,0,2.0,0.0
1415,2023-01-21 16:18:59.999,-0.0353959400873549,1655.865,124.4323,1.2185e-05,3730285571.0,-0.03992255125515547,0.005997120344117647,0.7547974541215519,0.6422446564072942,0.0050146778618236345,0.005067565893016754,0,2.0,0.0
1416,2023-01-21 16:19:59.999,-0.034600006795614,1656.06,157.8685,1.2175e-05,4150819229.0,-0.03991446103120282,0.005992506353811649,0.8868499959467646,0.7547974541215519,0.005013272407266376,0.005067088116584112,0,2.0,0.0
1417,2023-01-21 16:20:59.999,-0.0349551800408534,1656.5949999999998,168.6564,1.2185e-05,4703528493.0,-0.03990672719965459,0.005988120475656985,0.82689504643908,0.8868499959467646,0.005011763086548464,0.005066918144080188,0,2.0,0.0
1418,2023-01-21 16:21:59.999,-0.0346594363338148,1657.085,120.5326,1.2185e-05,6163553697.0,-0.03989890554307639,0.005983933949651604,0.8755894121402598,0.82689504643908,0.0050103411289309325,0.005066474093941179,0,2.0,0.0
1419,2023-01-21 16:22:59.999,-0.035393666712487,1656.4299999999998,166.7727,1.219e-05,2435820979.0,-0.03989129436880832,0.0059792022173748936,0.7522119996630516,0.8755894121402598,0.005008729524442705,0.005066176805642143,0,2.0,0.0
1420,2023-01-21 16:23:59.999,-0.0351306213582738,1654.62,137.3696,1.217e-05,3535164111.0,-0.03988335751140672,0.005974135864248745,0.7955520699780033,0.7522119996630516,0.005007179024041961,0.0050659292968136035,0,2.0,0.0
1421,2023-01-21 16:24:59.999,-0.0349341710604278,1653.26,286.4332,1.2155e-05,3006062496.0,-0.039875313329133855,0.005969094384882391,0.8277875922384846,0.7955520699780033,0.005005680703234854,0.005065840604460202,0,2.0,0.0
1422,2023-01-21 16:25:59.999,-0.0358100641097003,1652.935,506.3886,1.2165e-05,11820895221.0,-0.03986766274296811,0.005963707265677534,0.6803819256220361,0.8277875922384846,0.005003999321949681,0.00506562950497127,0,2.0,0.0
1423,2023-01-21 16:26:59.999,-0.0362699580396395,1652.1750000000002,342.6788,1.2165e-05,4162469794.0,-0.039860199761031244,0.0059581158339145675,0.602580047362541,0.6803819256220361,0.005002266036926717,0.005065338331681361,0,2.0,0.0
1424,2023-01-21 16:27:59.999,-0.0361082839756683,1654.125,192.0167,1.218e-05,3849247967.0,-0.03985263450024743,0.005952497950534103,0.6290385239432396,0.602580047362541,0.005000549992080196,0.005064950976779146,0,2.0,0.0
1425,2023-01-21 16:28:59.999,-0.0359365892117011,1654.97,70.907,1.2185e-05,1351607884.0,-0.03984495878271905,0.0059468504191644575,0.6572167274331885,0.6290385239432396,0.004998856104625459,0.005064950976779146,0,2.0,0.0
1426,2023-01-21 16:29:59.999,-0.036079110126078,1655.295,114.9339,1.219e-05,3027152563.0,-0.03983724437193859,0.005940919692603322,0.6325845896452054,0.6572167274331885,0.004997146733584897,0.005064950976779146,0,2.0,0.0
1427,2023-01-21 16:30:59.999,-0.0357408590620451,1655.855,72.4981,1.219e-05,4572778031.0,-0.03982955091699284,0.005935456978069333,0.6888588140820288,0.6325845896452054,0.004995484536508172,0.005064950976779146,0,2.0,0.0
1428,2023-01-21 16:31:59.999,-0.0357142964834444,1656.46,151.7186,1.2195e-05,1223312109.0,-0.03982209191363459,0.0059304982890047335,0.6926560349584999,0.6888588140820288,0.00499382823250199,0.005064950976779146,0,2.0,0.0
1429,2023-01-21 16:32:59.999,-0.0359739199101802,1656.0300000000002,108.8602,1.2195e-05,8206252532.0,-0.03981468993086079,0.005925316732335498,0.6481965765173076,0.6926560349584999,0.004992136391686505,0.005064950976779146,0,2.0,0.0
1430,2023-01-21 16:33:59.999,-0.0359492323469261,1655.51,85.1078,1.219e-05,3556667855.0,-0.03980727651865956,0.005920128810325135,0.6516824709970425,0.6481965765173076,0.0049904493923834704,0.005063937923967728,0,2.0,0.0
1431,2023-01-21 16:34:59.999,-0.036079599908227,1655.855,88.1958,1.2195e-05,2033559348.0,-0.039799893718060336,0.005914827098301131,0.6289776096585966,0.6516824709970425,0.004988748576069902,0.005062176027614152,0,2.0,0.0
1432,2023-01-21 16:35:59.999,-0.0355193997651426,1657.905,876.2781,1.2205e-05,3125588282.0,-0.03979251184358434,0.0059102130567310765,0.7230047440633522,0.6289776096585966,0.004987132981084778,0.005060429606803622,0,2.0,0.0
1433,2023-01-21 16:36:59.999,-0.0361269007059732,1658.58,289.1398,1.222e-05,5905221345.0,-0.039785399319673696,0.005905373926306896,0.6195202301081802,0.7230047440633522,0.004985430531187959,0.005058741219869999,0,2.0,0.0
1434,2023-01-21 16:37:59.999,-0.0358883406453642,1658.415,701.7785,1.2215e-05,6439699137.0,-0.0397781712002011,0.005900582601673813,0.6592282181989076,0.6195202301081802,0.004983758357885112,0.005056997001163749,0,2.0,0.0
1435,2023-01-21 16:38:59.999,-0.0363504895138717,1659.33,490.3813,1.223e-05,2991727106.0,-0.039771221214425924,0.005895772929979816,0.5802007202753537,0.6592282181989076,0.004982039867976869,0.005055210540978975,0,2.0,0.0
1436,2023-01-21 16:39:59.999,-0.036385927360115,1657.59,117.8752,1.2215e-05,2743457274.0,-0.039765011942041004,0.005892271325460135,0.5734774241174524,0.5802007202753537,0.004980320709023487,0.005053430796159768,0,2.0,0.0
1437,2023-01-21 16:40:59.999,-0.0365038000948807,1657.955,158.32,1.222e-05,3536933311.0,-0.03975870084175853,0.005888459258705763,0.5527593218999752,0.5734774241174524,0.004978596465333535,0.00505178705285821,0,2.0,0.0
1438,2023-01-21 16:41:59.999,-0.0360187448265705,1659.3200000000002,759.4477,1.2225e-05,5353726627.0,-0.03975242355642862,0.005885214802127404,0.6344167299566469,0.5527593218999752,0.004976914660625583,0.0050501806393413685,0,2.0,0.0
1439,2023-01-21 16:42:59.999,-0.0357536111132645,1659.76,528.7249,1.2225e-05,2593605798.0,-0.03974620636625044,0.0058823418728088835,0.6787424701447063,0.6344167299566469,0.0049752706278585225,0.005048767378775891,0,2.0,0.0
1440,2023-01-21 16:43:59.999,-0.0357114372303399,1659.83,137.1812,1.2225e-05,4182646700.0,-0.03974021712063464,0.0058798604565136955,0.685182908691595,0.6787424701447063,0.0049736348526144905,0.005047142612745095,0,2.0,0.0
1441,2023-01-21 16:44:59.999,-0.036639804742915,1658.85,296.2962,1.223e-05,3412571620.0,-0.039734675576599106,0.005877138726332643,0.526594824079526,0.685182908691595,0.004971912155004342,0.005045416171424124,0,2.0,0.0
1442,2023-01-21 16:45:59.999,-0.0368809647235828,1658.45,166.9479,1.223e-05,2455125781.0,-0.03972907994350644,0.005874098478766974,0.48485997131622566,0.526594824079526,0.004970187925201215,0.005043652175657677,0,2.0,0.0
1443,2023-01-21 16:46:59.999,-0.0365915797249698,1658.9299999999998,62.6713,1.223e-05,4439711969.0,-0.0397239884116819,0.00587204914786386,0.5334438809749423,0.48485997131622566,0.004968470444933521,0.0050418723952904655,0,2.0,0.0
1444,2023-01-21 16:47:59.999,-0.0358620664087006,1659.58,364.4956,1.2225e-05,10849627026.0,-0.03971839883815444,0.00586997592397019,0.6569588154027021,0.5334438809749423,0.004966818999986188,0.005040076635674091,0,2.0,0.0
1445,2023-01-21 16:48:59.999,-0.0362510567326097,1659.495,92.7904,1.223e-05,2825046619.0,-0.039712480450944686,0.00586702356255244,0.5899795154102124,0.6569588154027021,0.0049651257593473575,0.005038296987673429,0,2.0,0.0
1446,2023-01-21 16:49:59.999,-0.036287212963689,1659.435,672.3975,1.223e-05,5277612233.0,-0.039706757768168385,0.005864332708922045,0.58310893569815,0.5899795154102124,0.004963431284931191,0.005036570857304457,0,2.0,0.0
1447,2023-01-21 16:50:59.999,-0.0372846334841341,1659.46,339.8254,1.2245e-05,17046022998.0,-0.039701599804095475,0.0058615605477311756,0.41234178172857183,0.58310893569815,0.004961728610376805,0.005034987690339507,0,2.0,0.0
1448,2023-01-21 16:51:59.999,-0.0379102864577056,1660.1,240.1978,1.226e-05,16228960793.0,-0.03969655543826096,0.0058584107175211194,0.3049067514527536,0.41234178172857183,0.004960092078166646,0.005033332734701254,0,2.0,0.0
1449,2023-01-21 16:52:59.999,-0.0379519742250273,1660.59,413.0735,1.2265e-05,21911914331.0,-0.03969140486467935,0.005855050762616792,0.29708207668461695,0.3049067514527536,0.004958463378874803,0.005031810385548753,0,2.0,0.0
1450,2023-01-21 16:53:59.999,-0.0358628288908846,1660.6999999999998,239.1676,1.2235e-05,5977932426.0,-0.039685759503254925,0.005852860456632894,0.6531730323482932,0.29708207668461695,0.004956822291215151,0.005030330137792284,0,2.0,0.0
1451,2023-01-21 16:54:59.999,-0.0371430311784877,1659.6950000000002,148.6039,1.2245e-05,4098727911.0,-0.039681282061344095,0.005851104403800127,0.4338071426665837,0.6531730323482932,0.004955119549326043,0.005028793395251535,0,2.0,0.0
1452,2023-01-21 16:55:59.999,-0.0375196773148616,1659.07,123.9724,1.2245e-05,6052988763.0,-0.03967720085072278,0.005849536088554139,0.36883669118356754,0.4338071426665837,0.004953443292451649,0.005027144695766278,0,2.0,0.0
1453,2023-01-21 16:56:59.999,-0.0375235044017898,1656.8249999999998,584.9797,1.2225e-05,6975761518.0,-0.03967258099976914,0.0058472942197344766,0.3675335150275589,0.36883669118356754,0.004951769086971648,0.005025414543673374,0,2.0,0.0
1454,2023-01-21 16:57:59.999,-0.037514450982087,1656.84,269.6124,1.2225e-05,10375146222.0,-0.03966814471745465,0.0058452945231123625,0.36844913919254485,0.3675335150275589,0.004950095748453217,0.005023652427953815,0,2.0,0.0
1455,2023-01-21 16:58:59.999,-0.0369834604308962,1657.72,63.7478,1.2225e-05,883255877.0,-0.039663708478575976,0.005843693944594513,0.45865647193228426,0.36844913919254485,0.004948395447948882,0.005021934379354755,0,2.0,0.0
1456,2023-01-21 16:59:59.999,-0.0352653840058003,1657.765,84.1207,1.22e-05,16570809473.0,-0.03965837208103567,0.005842444885246083,0.7519092026574309,0.45865647193228426,0.004946872290589404,0.005020217211950916,0,2.0,0.0
1457,2023-01-21 17:00:59.999,-0.0349986225172216,1655.4,624.7727,1.2175e-05,7157076857.0,-0.03965314316949565,0.005841558701051311,0.7967942959190619,0.7519092026574309,0.004945414411657166,0.005018465174770961,0,2.0,0.0
1458,2023-01-21 17:01:59.999,-0.03578888987753,1652.97,595.086,1.2165e-05,12323050841.0,-0.039647961889049885,0.005840020387922877,0.6607976950731923,0.7967942959190619,0.004943797370440625,0.005016727889110138,0,2.0,0.0
1459,2023-01-21 17:02:59.999,-0.0358446973848813,1654.0,389.0439,1.2175e-05,1319864895.0,-0.039642865199902864,0.005838533342372331,0.6505345764589363,0.6607976950731923,0.004942173863335061,0.005015082301857224,0,2.0,0.0
1460,2023-01-21 17:03:59.999,-0.0357070041554727,1655.35,248.8368,1.2185e-05,640807348.0,-0.03963779910358818,0.005837198618351765,0.6734043511483959,0.6505345764589363,0.004940572563296291,0.005013623770905691,0,2.0,0.0
1461,2023-01-21 17:04:59.999,-0.0356012919191819,1655.525,77.0959,1.2185e-05,6795349171.0,-0.03963231863731744,0.005835428420840412,0.6907850508009488,0.6734043511483959,0.0049389904016377524,0.005012140416727942,0,2.0,0.0
1462,2023-01-21 17:05:59.999,-0.0363430671225266,1656.54,359.7678,1.2205e-05,3482160460.0,-0.03962748984759765,0.005833832579994178,0.5629957116586168,0.6907850508009488,0.0049373191158510535,0.0050106966183353155,0,2.0,0.0
1463,2023-01-21 17:06:59.999,-0.0362046077894611,1657.33,366.1798,1.221e-05,2798506644.0,-0.03962271745432704,0.005832414155493533,0.5860540033232098,0.5629957116586168,0.00493566065020513,0.005009132425564762,0,2.0,0.0
1464,2023-01-21 17:07:59.999,-0.0359335655715398,1658.34,466.7672,1.2215e-05,5603683151.0,-0.039617774252860574,0.005831013871357221,0.6318298605698977,0.5860540033232098,0.00493403328498923,0.005007566649142147,0,2.0,0.0
1465,2023-01-21 17:08:59.999,-0.0368384938724872,1656.84,194.2354,1.2215e-05,2141078518.0,-0.03961322669483151,0.0058293490675884255,0.4759935955408837,0.6318298605698977,0.004932349042366981,0.005006055283436631,0,2.0,0.0
1466,2023-01-21 17:09:59.999,-0.0365153968491718,1656.815,494.1918,1.221e-05,3337269726.0,-0.039608462332005524,0.005827673296657884,0.5307547841790595,0.4759935955408837,0.0049306744022171774,0.005004419667270974,0,2.0,0.0
1467,2023-01-21 17:10:59.999,-0.0369079055182766,1656.725,224.0582,1.2215e-05,394815359.0,-0.03960383934776525,0.005825852766752559,0.46275351221953615,0.5307547841790595,0.00492899379347669,0.005002699358182458,0,2.0,0.0
1468,2023-01-21 17:11:59.999,-0.0369231384320478,1657.8200000000002,163.075,1.2225e-05,4203788367.0,-0.03959907963071191,0.005823840825676357,0.45948048354383625,0.46275351221953615,0.004927315033343773,0.005000979003291826,0,2.0,0.0
1469,2023-01-21 17:12:59.999,-0.0364253933204956,1658.085,83.1278,1.222e-05,2920326482.0,-0.039594060781242536,0.005821902211964813,0.5442666924626257,0.45948048354383625,0.004925650286910067,0.0049992795764891435,0,2.0,0.0
1470,2023-01-21 17:13:59.999,-0.0364341913642256,1657.51,316.7929,1.2215e-05,3326030212.0,-0.03958901613289427,0.005819916843653866,0.542073856623698,0.5442666924626257,0.0049239867126468105,0.004997574076345037,0,2.0,0.0
1471,2023-01-21 17:14:59.999,-0.0367271170620746,1658.145,88.5479,1.2225e-05,277763334.0,-0.03958416715920669,0.00581793571656688,0.49107625733926424,0.542073856623698,0.00492231382804183,0.004995900085777353,0,2.0,0.0
1472,2023-01-21 17:15:59.999,-0.0365554124876617,1658.99,637.9926,1.223e-05,8504694693.0,-0.03957893640038841,0.005815576893309847,0.5199009433105305,0.49107625733926424,0.004920647652029521,0.0049942423085035355,0,2.0,0.0
1473,2023-01-21 17:16:59.999,-0.0362709818070747,1657.22,158.5877,1.221e-05,2921221579.0,-0.039573666355444015,0.005813414012450929,0.5681144575796189,0.5199009433105305,0.004919000393195555,0.004992559351890376,0,2.0,0.0
1474,2023-01-21 17:17:59.999,-0.035632159799583,1656.035,633.8315,1.219e-05,13017070982.0,-0.039567991731727134,0.005811275977495982,0.6772749990510762,0.5681144575796189,0.004917434086385467,0.004990871142209229,0,2.0,0.0
1475,2023-01-21 17:18:59.999,-0.0357257612356782,1655.88,157.3766,1.219e-05,7091268602.0,-0.0395626474849582,0.005809498763116962,0.6604504804509844,0.6772749990510762,0.004915854145526541,0.0049891737801482944,0,2.0,0.0
1476,2023-01-21 17:19:59.999,-0.0357046246617045,1655.915,94.0525,1.219e-05,4377152492.0,-0.039557695964002874,0.005808226888965625,0.6633816784289842,0.6604504804509844,0.004914279026037728,0.004987536879831059,0,2.0,0.0
1477,2023-01-21 17:20:59.999,-0.0359829777581275,1656.015,75.6948,1.2195e-05,1056774909.0,-0.03955311033938857,0.005807137230911211,0.6147835739540244,0.6633816784289842,0.00491266685649545,0.004985856143662164,0,2.0,0.0
1478,2023-01-21 17:21:59.999,-0.0358616498796742,1655.6550000000002,97.6147,1.219e-05,3124502594.0,-0.03954838395767575,0.0058059851381764655,0.6349885489302987,0.6147835739540244,0.004911071749332544,0.004984176401210823,0,2.0,0.0
1479,2023-01-21 17:22:59.999,-0.0360247406309781,1655.385,141.7541,1.219e-05,2871302344.0,-0.039543957024341866,0.005805024597665587,0.6062362586334207,0.6349885489302987,0.004909457875350754,0.00498246949045393,0,2.0,0.0
1480,2023-01-21 17:23:59.999,-0.0350780583980991,1655.83,100.5909,1.218e-05,2915088994.0,-0.03953903416887272,0.005804300970750467,0.7685638276260582,0.6062362586334207,0.004908014429502257,0.004980750498761833,0,2.0,0.0
1481,2023-01-21 17:24:59.999,-0.0348425547059427,1656.22,91.5586,1.218e-05,2624054389.0,-0.03953403967155989,0.005803698537553887,0.8083612433106382,0.7685638276260582,0.004906633308340741,0.004979027526256023,0,2.0,0.0
1482,2023-01-21 17:25:59.999,-0.0350961763641777,1655.8,65.0752,1.218e-05,2531623980.0,-0.03952942280380906,0.005803260466737673,0.7639233953122095,0.8083612433106382,0.004905187889901147,0.004977335111802571,0,2.0,0.0
1483,2023-01-21 17:26:59.999,-0.03520791107589,1655.615,179.8465,1.218e-05,1734958752.0,-0.039525014053556774,0.005802924560028587,0.7439529728515909,0.7639233953122095,0.004903717733223132,0.004975681636050288,0,2.0,0.0
1484,2023-01-21 17:27:59.999,-0.0355424456068504,1654.5,564.4696,1.2175e-05,3941257110.0,-0.03952080505013995,0.005802514548795664,0.6856267933210559,0.7439529728515909,0.004902181421574448,0.0049740437964254985,0,2.0,0.0
1485,2023-01-21 17:28:59.999,-0.0351807312131455,1655.66,78.3212,1.218e-05,973802506.0,-0.03951659252788004,0.0058023609605358595,0.747258115140447,0.6856267933210559,0.004900720075998141,0.004972342829406879,0,2.0,0.0
1486,2023-01-21 17:29:59.999,-0.0352751645877269,1656.065,78.4027,1.2185e-05,3039417756.0,-0.03951246111326388,0.005802202486573219,0.7302910464332194,0.747258115140447,0.0048992390993288495,0.004970618982651997,0,2.0,0.0
1487,2023-01-21 17:30:59.999,-0.0349684187930989,1655.4499999999998,233.8804,1.2175e-05,4357854634.0,-0.03950812692038393,0.005802098614242996,0.7824251928674487,0.7302910464332194,0.004897831755234971,0.0049688998150004444,0,2.0,0.0
1488,2023-01-21 17:31:59.999,-0.0350148258213671,1654.25,134.242,1.2165e-05,4779300915.0,-0.039504001605766996,0.005802124138270082,0.7737124676098979,0.7824251928674487,0.0048964138199476676,0.004967231861223021,0,2.0,0.0
1489,2023-01-21 17:32:59.999,-0.0348304692328937,1654.555,256.112,1.2165e-05,2948552947.0,-0.039499723633335336,0.005802161876076471,0.804743904111664,0.7737124676098979,0.004895045471485133,0.004965549069507065,0,2.0,0.0
1490,2023-01-21 17:33:59.999,-0.0345743408117513,1653.855,66.7364,1.2155e-05,5353506908.0,-0.039495077211586155,0.005802085737985674,0.8480978430944732,0.804743904111664,0.0048937531045076706,0.004963854903535233,0,2.0,0.0
1491,2023-01-21 17:34:59.999,-0.0345573781921721,1654.4450000000002,30.0057,1.216e-05,2718536001.0,-0.03949031130306207,0.005801911706599403,0.850225470559814,0.8480978430944732,0.004892466932618083,0.004962154279015402,0,2.0,0.0
1492,2023-01-21 17:35:59.999,-0.0347488796255497,1654.69,116.1052,1.2165e-05,3122508705.0,-0.03948557934096612,0.005801608746258888,0.8164459070892777,0.850225470559814,0.00489112450629614,0.004960501211219185,0,2.0,0.0
1493,2023-01-21 17:36:59.999,-0.0349946477188183,1654.845,42.0266,1.217e-05,1448539138.0,-0.03948087879130963,0.00580113231040373,0.7733371404830298,0.8164459070892777,0.004889717178331619,0.004958870553697764,0,2.0,0.0
1494,2023-01-21 17:37:59.999,-0.0349542610813244,1656.035,89.0368,1.218e-05,1521951835.0,-0.03947605187241775,0.005800559099036019,0.7795439566928667,0.7733371404830298,0.004888321277604159,0.004957232563130064,0,2.0,0.0
1495,2023-01-21 17:38:59.999,-0.0354698290665638,1656.865,114.0978,1.2195e-05,972041950.0,-0.03947131175030302,0.005799647476074559,0.6899527428600875,0.7795439566928667,0.004886812485010962,0.00495554523479832,0,2.0,0.0
1496,2023-01-21 17:39:59.999,-0.034976693274622,1658.8049999999998,572.9997,1.2205e-05,11829915987.0,-0.039465985487184885,0.0057984898300055395,0.774217484927208,0.6899527428600875,0.004885413296696144,0.004953862356670247,0,2.0,0.0
1497,2023-01-21 17:40:59.999,-0.0345598634290027,1658.935,159.7567,1.22e-05,823701777.0,-0.03946027699745153,0.005797247382141346,0.845300061464472,0.774217484927208,0.004884132554163396,0.004952187638341648,0,2.0,0.0
1498,2023-01-21 17:41:59.999,-0.0348621595473304,1658.995,137.2258,1.2205e-05,1221572062.0,-0.03945432238020382,0.005795361393687619,0.7923859309059246,0.845300061464472,0.004882765388576956,0.004950514083082825,0,2.0,0.0
1499,2023-01-21 17:42:59.999,-0.0346191862068216,1658.275,129.6025,1.2195e-05,4748314245.0,-0.03944792372283931,0.005793065942770683,0.8335374676760966,0.7923859309059246,0.004881468450959103,0.004948820523074966,0,2.0,0.0
1500,2023-01-21 17:43:59.999,-0.0344815029708556,1659.065,186.2484,1.22e-05,3084575796.0,-0.039441369897300446,0.005790672715317608,0.8565268959727081,0.8335374676760966,0.004880215167172868,0.004947253079929274,0,2.0,0.0
1501,2023-01-21 17:44:59.999,-0.0346563154999373,1658.775,242.0181,1.22e-05,2723169400.0,-0.03943487305586337,0.005788164859197408,0.8255738515002613,0.8565268959727081,0.0048789090076107565,0.004945778881390226,0,2.0,0.0
1502,2023-01-21 17:45:59.999,-0.0350550660154169,1658.675,148.8571,1.2205e-05,2912271309.0,-0.03942863128448923,0.005785614575185623,0.7559378890931411,0.8255738515002613,0.004877496985864291,0.004944201630744761,0,2.0,0.0
1503,2023-01-21 17:46:59.999,-0.0349985750683394,1659.33,250.6397,1.221e-05,787658708.0,-0.03942223609061942,0.005782872684125297,0.7649590893507856,0.7559378890931411,0.004876099954037719,0.004942579740111452,0,2.0,0.0
1504,2023-01-21 17:47:59.999,-0.0351281538320691,1659.115,178.478,1.221e-05,3478588237.0,-0.03941595012929787,0.0057801568394326985,0.7418131404284867,0.7649590893507856,0.004874673101602783,0.0049409728883059835,0,2.0,0.0
1505,2023-01-21 17:48:59.999,-0.0357184659643614,1657.5749999999998,131.2155,1.2205e-05,799449057.0,-0.039410164834429114,0.0057776004773457115,0.6389674891060859,0.7418131404284867,0.004873135435170267,0.004939385942052387,0,2.0,0.0
1506,2023-01-21 17:49:59.999,-0.0357908634992583,1657.455,55.7392,1.2205e-05,446077726.0,-0.03940409285277329,0.0057745083005601786,0.6257206961092212,0.6389674891060859,0.0048715887566354405,0.004937736937297728,0,2.0,0.0
1507,2023-01-21 17:50:59.999,-0.0356847110674394,1657.0700000000002,97.0439,1.22e-05,1507162992.0,-0.03939770554584437,0.005770987434717657,0.6433898046750162,0.6257206961092212,0.004870059112717601,0.004936075266616611,0,2.0,0.0
1508,2023-01-21 17:51:59.999,-0.0355772892539469,1658.37,88.398,1.221e-05,1727574232.0,-0.039391229729982234,0.005767421649887457,0.6612903837384171,0.6433898046750162,0.004868548200725995,0.004934440126293205,0,2.0,0.0
1509,2023-01-21 17:52:59.999,-0.0349577881963298,1658.275,1935.79,1.22e-05,16921275109.0,-0.039384603166574224,0.005764288077387173,0.7679725424567955,0.6612903837384171,0.004867168974861769,0.004932770103022543,0,2.0,0.0
1510,2023-01-21 17:53:59.999,-0.033894489422714,1651.605,3106.5451,1.2125e-05,54940277190.0,-0.03937760090098129,0.005761765871146375,0.9516373280152657,0.7679725424567955,0.004866135910140126,0.004931093062254629,0,2.0,0.0
1511,2023-01-21 17:54:59.999,-0.0338642162985856,1651.6550000000002,557.0178,1.2125e-05,7603089762.0,-0.03937065788906091,0.005759369153227413,0.9560841550484102,0.9516373280152657,0.004865115289585739,0.0049294139456618116,0,2.0,0.0
1512,2023-01-21 17:55:59.999,-0.0343947295383131,1653.59,152.8739,1.215e-05,4413360116.0,-0.03936396048512189,0.005756739747290354,0.8632022924343179,0.9560841550484102,0.0048639019290981494,0.004927734723377002,0,2.0,0.0
1513,2023-01-21 17:56:59.999,-0.0348566169491491,1653.9499999999998,155.9364,1.216e-05,4647352247.0,-0.039357228690025704,0.005753503920770634,0.7822384068652525,0.8632022924343179,0.004862552524255938,0.004926066473518493,0,2.0,0.0
1514,2023-01-21 17:57:59.999,-0.0350269159654814,1654.23,117.0641,1.2165e-05,1800805910.0,-0.03935081954440177,0.005750612737786717,0.7519031059957172,0.7822384068652525,0.004861161097617745,0.004924402606212625,0,2.0,0.0
1515,2023-01-21 17:58:59.999,-0.0354706878424977,1655.1799999999998,500.5447,1.218e-05,2459948385.0,-0.039344547004864144,0.005747451557812657,0.6740133646016749,0.7519031059957172,0.004859677147464284,0.004922732049193075,0,2.0,0.0
1516,2023-01-21 17:59:59.999,-0.0346774477759765,1655.37,197.8883,1.217e-05,6119656815.0,-0.03933797756490363,0.005744672002716679,0.8112786572885528,0.6740133646016749,0.004858380646715761,0.004921064196032598,0,2.0,0.0
1517,2023-01-21 18:00:59.999,-0.0348868732944431,1655.585,138.2653,1.2175e-05,845167489.0,-0.03933162787408428,0.005742007859042391,0.7740767147578304,0.8112786572885528,0.004857027740841004,0.004919412207904046,0,2.0,0.0
1518,2023-01-21 18:01:59.999,-0.0354419645167567,1656.35,55.7083,1.219e-05,4008954816.0,-0.03932562360481971,0.005739290607352092,0.6766792890898405,0.7740767147578304,0.004855552783345481,0.00491782566308799,0,2.0,0.0
1519,2023-01-21 18:02:59.999,-0.0349140543884836,1655.54,150.1158,1.2175e-05,3630312570.0,-0.03931963133825979,0.00573713619215639,0.7679052409108466,0.6766792890898405,0.00485419517948229,0.004916249130741273,0,2.0,0.0
1520,2023-01-21 18:03:59.999,-0.0342478842230455,1654.395,270.3921,1.2155e-05,4429421912.0,-0.03931333065958624,0.00573522920333596,0.8832160419315708,0.7679052409108466,0.0048530387876111305,0.004914672805909931,0,2.0,0.0
1521,2023-01-21 18:04:59.999,-0.0340849715367213,1653.54,185.425,1.2145e-05,4571171642.0,-0.0393066280650898,0.005732875257891503,0.9108268178660799,0.8832160419315708,0.004851941088836377,0.004913069898881019,0,2.0,0.0
1522,2023-01-21 18:05:59.999,-0.0339896325664668,1654.26,185.742,1.215e-05,3944067334.0,-0.039300129734978165,0.005730942903449373,0.926635853467507,0.9108268178660799,0.004850879517368566,0.004911470526123271,0,2.0,0.0
1523,2023-01-21 18:06:59.999,-0.0341723307560855,1654.52,46.8665,1.2155e-05,415118723.0,-0.03929357493766899,0.005728706814696965,0.8939616474079219,0.926635853467507,0.0048497513701653075,0.004909861343846201,0,2.0,0.0
1524,2023-01-21 18:07:59.999,-0.0342781072082338,1654.3449999999998,49.9391,1.2155e-05,2901839497.0,-0.03928731317560324,0.005726793257629329,0.8746964910416645,0.8939616474079219,0.004848587122808668,0.0049083752909643815,0,2.0,0.0
1525,2023-01-21 18:08:59.999,-0.0345308063826266,1653.365,149.2656,1.215e-05,3848131046.0,-0.039281247684139306,0.005724889389750154,0.8297874383421098,0.8746964910416645,0.004847342079518225,0.00490697858863112,0,2.0,0.0
1526,2023-01-21 18:09:59.999,-0.0350874022086138,1652.4450000000002,444.9643,1.215e-05,10292278624.0,-0.03927548324993795,0.005722840343148799,0.7318186058323279,0.8297874383421098,0.004845949034831882,0.0049055492445110455,0,2.0,0.0
1527,2023-01-21 18:10:59.999,-0.0347667167861622,1652.975,459.65,1.215e-05,3511124380.0,-0.03926966456255993,0.00572103194850548,0.7870866334829765,0.7318186058323279,0.004844637737863791,0.004904085272392635,0,2.0,0.0
1528,2023-01-21 18:11:59.999,-0.0343512899126778,1655.91,336.5972,1.217e-05,2551372825.0,-0.03926360121012778,0.005719300893037655,0.8589006574964327,0.7870866334829765,0.004843452357140666,0.004902565499486619,0,2.0,0.0
1529,2023-01-21 18:12:59.999,-0.0342841519148819,1654.335,319.6935,1.2155e-05,4427484822.0,-0.03925762974654676,0.005717763037412216,0.8698293019704764,0.8589006574964327,0.004842290065729764,0.004901085412392218,0,2.0,0.0
1530,2023-01-21 18:13:59.999,-0.0354432637955106,1652.98,649.7683,1.216e-05,2764524143.0,-0.039252058789672334,0.005715614196409429,0.666384200066274,0.8698293019704764,0.0048408283710554625,0.0048996093434961726,0,2.0,0.0
1531,2023-01-21 18:14:59.999,-0.0352557412998209,1653.29,157.1434,1.216e-05,1456808619.0,-0.03924638188531598,0.005713490701336188,0.6984592771914037,0.666384200066274,0.004839404211573771,0.00489818359125844,0,2.0,0.0
1532,2023-01-21 18:15:59.999,-0.0357684333523202,1653.565,183.0207,1.217e-05,1807776168.0,-0.03924130880178279,0.005711711474122935,0.6080271150243746,0.6984592771914037,0.004837893592838369,0.004896768303769493,0,2.0,0.0
1533,2023-01-21 18:16:59.999,-0.0356905389575068,1652.0100000000002,921.1147,1.2155e-05,9486760290.0,-0.03923615123142158,0.005709885367021454,0.6209603251219634,0.6080271150243746,0.004836395413799141,0.0048953875586007665,0,2.0,0.0
1534,2023-01-21 18:17:59.999,-0.0352466685225394,1653.305,136.154,1.216e-05,2311325185.0,-0.0392304082257589,0.005707656243998786,0.6979641963210608,0.6209603251219634,0.004834977010759819,0.004894076196252036,0,2.0,0.0
1535,2023-01-21 18:18:59.999,-0.0350228994029535,1653.6750000000002,101.0966,1.216e-05,2712367487.0,-0.03922441175197178,0.0057052691126072645,0.7364266726233739,0.6979641963210608,0.004833609369873206,0.0048927884755904805,0,2.0,0.0
1536,2023-01-21 18:19:59.999,-0.0355507456184653,1653.925,124.613,1.217e-05,2080101576.0,-0.039218593692683074,0.005702604090606688,0.6431882725752328,0.7364266726233739,0.004832136933909445,0.004891460112876626,0,2.0,0.0
1537,2023-01-21 18:20:59.999,-0.0355364015030232,1654.51,258.7029,1.2175e-05,1615871642.0,-0.039212746257086914,0.0056999005411036766,0.6449840181512814,0.6431882725752328,0.004830668214498046,0.004890069010322749,0,2.0,0.0
1538,2023-01-21 18:21:59.999,-0.0356965825986748,1654.245,82.4499,1.2175e-05,163086592.0,-0.03920691175382601,0.005697045970375897,0.616166549015857,0.6449840181512814,0.004829175843826908,0.004888670252786023,0,2.0,0.0
1539,2023-01-21 18:22:59.999,-0.0356542681174438,1654.315,89.7788,1.2175e-05,711058177.0,-0.03920133197697943,0.005694620121414495,0.6228798030261878,0.616166549015857,0.004827691107921059,0.004887189683159261,0,2.0,0.0
1540,2023-01-21 18:23:59.999,-0.0352031481932328,1654.5,138.7457,1.217e-05,1054500675.0,-0.03919530883460592,0.005691964889399206,0.7013677559410408,0.6228798030261878,0.004826289344095511,0.0048857630937748486,0,2.0,0.0
1541,2023-01-21 18:24:59.999,-0.0353218594814279,1654.865,175.9511,1.2175e-05,357813226.0,-0.039189391350247516,0.005689344033876683,0.6797851994519484,0.7013677559410408,0.0048248646748101,0.0048844527397965826,0,2.0,0.0
1542,2023-01-21 18:25:59.999,-0.0354986107320982,1655.695,169.8751,1.2185e-05,2886035822.0,-0.039183272576934505,0.005686202170228684,0.6480004991957781,0.6797851994519484,0.004823408905602518,0.004883107179973566,0,2.0,0.0
1543,2023-01-21 18:26:59.999,-0.0360131711771707,1655.965,157.7141,1.2195e-05,3359639702.0,-0.03917761825580438,0.005683278506421148,0.5567995788097295,0.6480004991957781,0.00482188426073841,0.0048817926853635665,0,2.0,0.0
1544,2023-01-21 18:27:59.999,-0.0359558044604213,1656.06,187.4649,1.2195e-05,609801707.0,-0.03917205840029966,0.005680552737410518,0.5661867935310267,0.5567995788097295,0.00482036711683842,0.004880528488119427,0,2.0,0.0
1545,2023-01-21 18:28:59.999,-0.0361757743057324,1655.135,68.6372,1.219e-05,1300330634.0,-0.03916682177081799,0.005678098334537273,0.5267692260439414,0.5661867935310267,0.004818830599903803,0.004879235547501285,0,2.0,0.0
1546,2023-01-21 18:29:59.999,-0.0364446706991543,1654.69,81.3789,1.219e-05,2017561936.0,-0.03916177243748922,0.005675666871858462,0.47872819171383507,0.5267692260439414,0.0048172789631259205,0.004877849991300907,0,2.0,0.0
1547,2023-01-21 18:30:59.999,-0.0363056815128928,1654.92,56.5082,1.219e-05,1162110255.0,-0.03915624703741225,0.00567263440571592,0.5025117644893768,0.47872819171383507,0.0048157361805070695,0.004876449211994362,0,2.0,0.0
1548,2023-01-21 18:31:59.999,-0.0365329528279438,1655.665,83.3489,1.22e-05,1211231087.0,-0.03915079979980605,0.005669500724364642,0.4617420649779742,0.5025117644893768,0.004814184208556309,0.0048750298147115165,0,2.0,0.0
1549,2023-01-21 18:32:59.999,-0.0372822078563004,1656.105,69.2801,1.2215e-05,9795126069.0,-0.039145445155515046,0.005665799952017122,0.32885688075719977,0.4617420649779742,0.004812647626964647,0.004873519851778396,0,2.0,0.0
1550,2023-01-21 18:33:59.999,-0.0368443953535368,1656.27,28.9857,1.221e-05,1891481770.0,-0.039139875861066487,0.005662145504947601,0.40540825125809454,0.32885688075719977,0.004811095284228377,0.004871975426269147,0,2.0,0.0
1551,2023-01-21 18:34:59.999,-0.0371704823129483,1655.73,41.1787,1.221e-05,2565589774.0,-0.03913464443554889,0.005658741498491104,0.3471022882251002,0.40540825125809454,0.0048095548300786505,0.004870441523697061,0,2.0,0.0
1552,2023-01-21 18:35:59.999,-0.0375056486031617,1655.735,29.9095,1.2215e-05,1285320476.0,-0.03912935736301062,0.005654924743801294,0.28713180694911405,0.3471022882251002,0.004808041357014255,0.004868925928723897,0,2.0,0.0
1553,2023-01-21 18:36:59.999,-0.0370920206118583,1656.42,21.469,1.2215e-05,1064445636.0,-0.03912394912154614,0.005651283343062471,0.3595516958430754,0.28713180694911405,0.004806500047359883,0.004867513781327826,0,2.0,0.0
1554,2023-01-21 18:37:59.999,-0.0368928156202095,1656.75,54.5525,1.2215e-05,491964913.0,-0.03911853698719426,0.005647818652604313,0.3940851333741817,0.3595516958430754,0.004804954305086277,0.004866394176320537,0,2.0,0.0
1555,2023-01-21 18:38:59.999,-0.037270131400259,1656.125,53.565,1.2215e-05,298709000.0,-0.03911328756740786,0.005644263658665944,0.3265538746261375,0.3940851333741817,0.004803425742973581,0.004865370444724335,0,2.0,0.0
1556,2023-01-21 18:39:59.999,-0.0373425923242294,1656.005,58.291,1.2215e-05,3361763358.0,-0.039108031229359484,0.005640622353189297,0.312986545559441,0.3265538746261375,0.0048019038271115855,0.004864205269220047,0,2.0,0.0
1557,2023-01-21 18:40:59.999,-0.0370678724386692,1656.46,25.6524,1.2215e-05,4708068769.0,-0.039102547483984416,0.005636844110110704,0.360959963690615,0.312986545559441,0.0048003674197338786,0.004862889875466491,0,2.0,0.0
1558,2023-01-21 18:41:59.999,-0.0368838584957309,1657.3249999999998,84.0217,1.222e-05,11071243916.0,-0.03909716860290283,0.005633414312522009,0.3928896375067189,0.360959963690615,0.0047988274609397155,0.004861508954277293,0,2.0,0.0
1559,2023-01-21 18:42:59.999,-0.0372398695284914,1657.295,152.1874,1.2225e-05,1113494173.0,-0.039092076025499876,0.0056301180783736625,0.32898182084726607,0.3928896375067189,0.0047973027899855135,0.0048600481350026484,0,2.0,0.0
1560,2023-01-21 18:43:59.999,-0.0369773870725502,1657.17,59.7903,1.222e-05,3033873499.0,-0.03908706595342607,0.005627181904632601,0.374908598412123,0.32898182084726607,0.004795767765814094,0.004858704771902892,0,2.0,0.0
1561,2023-01-21 18:44:59.999,-0.0364761657189625,1656.88,40.608,1.221e-05,2592036479.0,-0.03908210258804185,0.005624754009314097,0.46329792640960854,0.374908598412123,0.004794237245207586,0.004857365967309693,0,2.0,0.0
1562,2023-01-21 18:45:59.999,-0.036799263334224,1656.905,80.5941,1.2215e-05,1885866204.0,-0.039077072923545675,0.005621935035642235,0.4051646941632549,0.46329792640960854,0.004792702402579859,0.004855921522719362,0,2.0,0.0
1563,2023-01-21 18:46:59.999,-0.0369350679086295,1656.6799999999998,40.4092,1.2215e-05,643932690.0,-0.039072098647191175,0.005619074020940459,0.3803172427694772,0.4051646941632549,0.0047911707598269765,0.004854534580448088,0,2.0,0.0
1564,2023-01-21 18:47:59.999,-0.0369110110523713,1657.28,190.7379,1.222e-05,5917314317.0,-0.03906721201703581,0.005616360999084516,0.38391424002409613,0.3803172427694772,0.004789640099810627,0.00485332788557892,0,2.0,0.0
1565,2023-01-21 18:48:59.999,-0.0362233734223558,1658.42,277.5225,1.222e-05,2796112594.0,-0.039061946865424656,0.005613693124719097,0.5056516948832851,0.38391424002409613,0.0047881296957986924,0.004852215513530066,0,2.0,0.0
1566,2023-01-21 18:49:59.999,-0.0362682936081384,1657.785,28.2181,1.2215e-05,744374723.0,-0.03905642244362182,0.005610567267834707,0.4969424128408045,0.5056516948832851,0.004786617569944095,0.004851144910235519,0,2.0,0.0
1567,2023-01-21 18:50:59.999,-0.0363982539462384,1658.13,45.8651,1.222e-05,1189350838.0,-0.039050850422588865,0.005607226973942356,0.4730674339878676,0.4969424128408045,0.004785099286594655,0.004850033406966122,0,2.0,0.0
1568,2023-01-21 18:51:59.999,-0.036621583006891,1658.32,37.9546,1.2225e-05,1740109164.0,-0.03904567113520731,0.005604300957481486,0.4325406766530373,0.4730674339878676,0.00478357467323008,0.004848878184647828,0,2.0,0.0
1569,2023-01-21 18:52:59.999,-0.0366609039195964,1658.815,332.0177,1.223e-05,4531065114.0,-0.039040373798077316,0.005601143949751495,0.42481855489296694,0.4325406766530373,0.004782050836254216,0.004847653340340836,0,2.0,0.0
1570,2023-01-21 18:53:59.999,-0.0356808354163185,1659.3200000000002,35.1748,1.222e-05,1433683095.0,-0.039034664901508094,0.00559828025634114,0.5990820987196432,0.42481855489296694,0.004780606770890928,0.004846297296003468,0,2.0,0.0
1571,2023-01-21 18:54:59.999,-0.0351077792947513,1659.71,594.4645,1.2215e-05,4008516488.0,-0.039028485267208604,0.0055952436277312825,0.7007212256183819,0.5990820987196432,0.004779268964059346,0.004844965562105813,0,2.0,0.0
1572,2023-01-21 18:55:59.999,-0.0345867396734114,1660.575,160.3743,1.2215e-05,10244086710.0,-0.039022120028326425,0.005592471827939728,0.7930983814269874,0.7007212256183819,0.004778065495897891,0.004843748702321447,0,2.0,0.0
1573,2023-01-21 18:56:59.999,-0.0351609578532823,1661.305,96.4979,1.223e-05,1697361441.0,-0.039016361316706216,0.005590039987507811,0.6896915714448689,0.7930983814269874,0.004776718202071535,0.004842580638582489,0,2.0,0.0
1574,2023-01-21 18:57:59.999,-0.0349773840929827,1661.61,138.2559,1.223e-05,1296819065.0,-0.03901034798673896,0.005587394778498713,0.7217968397858381,0.6896915714448689,0.004775413458631669,0.004841193794724038,0,2.0,0.0
1575,2023-01-21 18:58:59.999,-0.0347810519566493,1661.375,130.7649,1.2225e-05,656833710.0,-0.03900401445062063,0.0055844308167575935,0.7562028490529753,0.7217968397858381,0.004774158972209311,0.004839760251444194,0,2.0,0.0
1576,2023-01-21 18:59:59.999,-0.035537717657835,1661.24,157.7067,1.2235e-05,4196701371.0,-0.03899849197276425,0.00558195727131062,0.6199929785769703,0.7562028490529753,0.004772744058966758,0.00483827124752222,0,2.0,0.0
1577,2023-01-21 19:00:59.999,-0.0350568822275718,1662.6,1399.3415,1.224e-05,2655219414.0,-0.038992799338747886,0.0055797037303847415,0.705398942553656,0.6199929785769703,0.004771424041005666,0.004836769958558948,0,2.0,0.0
1578,2023-01-21 19:01:59.999,-0.0347982846070351,1663.03,391.6229,1.224e-05,1434009937.0,-0.0389870169539918,0.005577575385083905,0.7509952009180576,0.705398942553656,0.004770168087886672,0.004835331611519649,0,2.0,0.0
1579,2023-01-21 19:02:59.999,-0.0354152911979142,1662.565,195.1501,1.2245e-05,5607119872.0,-0.03898106956022134,0.0055745308591554745,0.6396553274883738,0.7509952009180576,0.004768777582905866,0.004833951280094859,0,2.0,0.0
1580,2023-01-21 19:03:59.999,-0.0359239474199668,1662.2800000000002,131.6582,1.225e-05,2057371409.0,-0.0389754549991576,0.005571499013284051,0.5476995637825881,0.6396553274883738,0.004767314661973044,0.0048325050429003855,0,2.0,0.0
1581,2023-01-21 19:04:59.999,-0.0361796530410174,1661.855,273.5623,1.225e-05,3333308283.0,-0.03897008608507774,0.00556860222639797,0.501101161586347,0.5476995637825881,0.0047658290671574,0.004831035394350896,0,2.0,0.0
1582,2023-01-21 19:05:59.999,-0.0362790771296737,1662.25,128.8762,1.2255e-05,3528855596.0,-0.038964818587339724,0.005565763224074133,0.48254684030558914,0.501101161586347,0.004764337869908824,0.004829548936494693,0,2.0,0.0
1583,2023-01-21 19:06:59.999,-0.0355544187172576,1663.455,251.3285,1.2255e-05,386392100.0,-0.038959131768545485,0.0055629688456277915,0.6120316589520032,0.48254684030558914,0.004762929000162149,0.004828062291897521,0,2.0,0.0
1584,2023-01-21 19:07:59.999,-0.0350921420102068,1664.785,2508.9909,1.226e-05,7168214424.0,-0.038953229435636234,0.005560304576978287,0.6944021450579814,0.6120316589520032,0.00476160928472395,0.004826639785051897,0,2.0,0.0
1585,2023-01-21 19:08:59.999,-0.0345703480940464,1666.215,1265.6638,1.2265e-05,3216623562.0,-0.03894705832905639,0.005557767990849743,0.7874942318959273,0.6944021450579814,0.004760423764639123,0.004825220842131453,0,2.0,0.0
1586,2023-01-21 19:09:59.999,-0.035211817105484,1664.025,419.4004,1.2255e-05,1005013676.0,-0.038941046294335716,0.005554780773586163,0.6713548816516345,0.7874942318959273,0.004759080646563301,0.004823772847904414,0,2.0,0.0
1587,2023-01-21 19:10:59.999,-0.0342272012464093,1663.98,146.0694,1.224e-05,4826319078.0,-0.03893450358430596,0.005552005587200287,0.8478561961012745,0.6713548816516345,0.004758003921901581,0.004822265421954438,0,2.0,0.0
1588,2023-01-21 19:11:59.999,-0.034490023860954,1662.42,254.4932,1.223e-05,3523721265.0,-0.03892797489268571,0.0055489358666967045,0.7997841637289698,0.8478561961012745,0.004756844504150492,0.004820746402813417,0,2.0,0.0
1589,2023-01-21 19:12:59.999,-0.0347096074051016,1662.0549999999998,146.9016,1.223e-05,2533908429.0,-0.0389216395648921,0.0055459358111039315,0.759480870903207,0.7997841637289698,0.004755623335213782,0.0048192147291374575,0,2.0,0.0
1590,2023-01-21 19:13:59.999,-0.0346674917555205,1662.125,100.2992,1.223e-05,4619434175.0,-0.038915247458007125,0.005542877735538832,0.76634483117887,0.759480870903207,0.004754414524819433,0.004817666872320391,0,2.0,0.0
1591,2023-01-21 19:14:59.999,-0.0348720700992117,1661.785,43.9605,1.223e-05,2422241807.0,-0.038909478254138215,0.005540597378952367,0.7286954598548939,0.76634483117887,0.004753153043803442,0.0048161218761617825,0,2.0,0.0
1592,2023-01-21 19:15:59.999,-0.0350682990662569,1662.02,25.9807,1.2235e-05,2113343864.0,-0.03890376093337415,0.005538185946719596,0.6925484091752264,0.7286954598548939,0.004751846426046141,0.004814572201544,0,2.0,0.0
1593,2023-01-21 19:16:59.999,-0.034647213501465,1662.7199999999998,48.5161,1.2235e-05,1944882412.0,-0.03889762862872873,0.005535561734846044,0.7678380859719467,0.6925484091752264,0.004750645928568265,0.0048130317723625625,0,2.0,0.0
1594,2023-01-21 19:17:59.999,-0.0346923213317431,1662.645,89.8881,1.2235e-05,3195647086.0,-0.03889178030164022,0.005533328041450015,0.7589390938760688,0.7678380859719467,0.004749433906619702,0.0048114833699124445,0,2.0,0.0
1595,2023-01-21 19:18:59.999,-0.033879654478337,1663.435,200.3916,1.223e-05,5539715927.0,-0.038885472984832796,0.005531272540119159,0.9050030477051777,0.7589390938760688,0.00474848640517649,0.004809939943616082,0,2.0,0.0
1596,2023-01-21 19:19:59.999,-0.0334499133832153,1664.15,226.6101,1.223e-05,1491246486.0,-0.038879010145211335,0.005529464072167879,0.9818486368910447,0.9050030477051777,0.004747713689614679,0.0048084197252803535,0,2.0,0.0
1597,2023-01-21 19:20:59.999,-0.0335208426673396,1663.47,67.9792,1.2225e-05,4200125157.0,-0.03887258912851894,0.005527629314451715,0.9681811418119984,0.9818486368910447,0.004746910481474239,0.0048068853747734765,0,2.0,0.0
1598,2023-01-21 19:21:59.999,-0.0341672910574182,1662.395,79.227,1.2225e-05,1203436697.0,-0.0388668371369614,0.005526058083596661,0.8504337103319917,0.9681811418119984,0.004745860701938987,0.004805340740654678,0,2.0,0.0
1599,2023-01-21 19:22:59.999,-0.0341733064930274,1662.3850000000002,45.2738,1.2225e-05,1032274442.0,-0.038861188612819626,0.005524616954849143,0.8485442806451072,0.8504337103319917,0.004744809425280188,0.004803807883501755,0,2.0,0.0
1600,2023-01-21 19:23:59.999,-0.0340109024313655,1662.655,277.6859,1.2225e-05,2330255332.0,-0.03885553163530945,0.005523324488374333,0.8771219605404456,0.8485442806451072,0.004743815216968532,0.004802284306077084,0,2.0,0.0
1601,2023-01-21 19:24:59.999,-0.0339275468446764,1661.67,100.4388,1.2215e-05,1867321650.0,-0.03884980618286182,0.005522019917372234,0.8913874654272839,0.8771219605404456,0.004742851763092408,0.0048007515215783055,0,2.0,0.0
1602,2023-01-21 19:25:59.999,-0.0341572756531078,1661.85,107.9933,1.222e-05,1767058461.0,-0.03884408499251473,0.0055204767724865884,0.8489863344349973,0.8913874654272839,0.004741807379011917,0.0047992124506382565,0,2.0,0.0
1603,2023-01-21 19:26:59.999,-0.0342695583843024,1662.225,32.0258,1.2225e-05,763137175.0,-0.03883842578007405,0.005518897585939781,0.8278587026893783,0.8489863344349973,0.004740726356973024,0.004797683957724064,0,2.0,0.0
1604,2023-01-21 19:27:59.999,-0.0338974570869261,1661.72,61.9647,1.2215e-05,1465823649.0,-0.03883239076381704,0.00551716970244776,0.8944683493606328,0.8278587026893783,0.004739775342978657,0.0047961515218569485,0,2.0,0.0
1605,2023-01-21 19:28:59.999,-0.0335226424031915,1662.905,62.8911,1.222e-05,1927588062.0,-0.03882619156357044,0.00551560934996584,0.9615527177267895,0.8944683493606328,0.004738973260003622,0.004794619875359213,0,2.0,0.0
1606,2023-01-21 19:29:59.999,-0.0331996287484344,1662.88,31.6382,1.2215e-05,1059795219.0,-0.03881980659310176,0.005514136202251327,1.0192308710787266,0.9615527177267895,0.0047383139123047795,0.00479308611323679,0,2.0,0.0
1607,2023-01-21 19:30:59.999,-0.0335557175996541,1662.85,72.4046,1.222e-05,1337022063.0,-0.03881376269978583,0.005512748029489558,0.9537974658019303,1.0192308710787266,0.004737497905974045,0.004791553670515197,0,2.0,0.0
1608,2023-01-21 19:31:59.999,-0.0339217369600071,1663.365,89.2566,1.223e-05,2400425765.0,-0.03880799072824364,0.005511340034133966,0.8865818000656799,0.9537974658019303,0.004736538724229635,0.004790022764814715,0,2.0,0.0
1609,2023-01-21 19:32:59.999,-0.0336993210413254,1663.735,43.7465,1.223e-05,358839469.0,-0.038802236773820595,0.005510182638288211,0.926088310945799,0.8865818000656799,0.004735664757748932,0.004788507296801676,0,2.0,0.0
1610,2023-01-21 19:33:59.999,-0.0340119196702382,1663.215,74.4381,1.223e-05,3315614466.0,-0.03879641049030953,0.005508591090377752,0.8685507313165326,0.926088310945799,0.004734673688674027,0.004786995601407744,0,2.0,0.0
1611,2023-01-21 19:34:59.999,-0.0349074612701763,1661.165,272.5105,1.2225e-05,186988295.0,-0.0387909147557135,0.005506546301460922,0.7052430458102018,0.8685507313165326,0.004733418263820043,0.004785478857432015,0,2.0,0.0
1612,2023-01-21 19:35:59.999,-0.0353759343743576,1659.265,380.8546,1.2215e-05,3485930600.0,-0.0387857523747331,0.005504518143883122,0.619458036334143,0.7052430458102018,0.004732067256791968,0.004783955826571224,0,2.0,0.0
1613,2023-01-21 19:36:59.999,-0.0341953855832812,1661.225,110.3878,1.2215e-05,3268692723.0,-0.038780165852435475,0.005503050537673774,0.8331343202769005,0.619458036334143,0.0047310155112626606,0.004782431795498182,0,2.0,0.0
1614,2023-01-21 19:37:59.999,-0.0349172033098916,1661.71,56.3754,1.223e-05,2824095578.0,-0.03877506423266301,0.005501521301726283,0.7012352967825248,0.8331343202769005,0.00472976059303783,0.00478096778723175,0,2.0,0.0
1615,2023-01-21 19:38:59.999,-0.0348773623651723,1661.215,102.8335,1.2225e-05,537734088.0,-0.03876979941070229,0.005499807150362066,0.7077406423739323,0.7012352967825248,0.004728516092936149,0.004779603415767241,0,2.0,0.0
1616,2023-01-21 19:39:59.999,-0.0345536191644342,1660.63,54.4471,1.2215e-05,1313757161.0,-0.038764281708381136,0.005498055494187265,0.7658457700906424,0.7077406423739323,0.004727357007129976,0.004778366362938255,0,2.0,0.0
1617,2023-01-21 19:40:59.999,-0.0345846016521633,1661.14,88.232,1.222e-05,1754208855.0,-0.03875864844851589,0.005496101192597733,0.7594559579751342,0.7658457700906424,0.004726190026641881,0.0047770550255281236,0,2.0,0.0
1618,2023-01-21 19:41:59.999,-0.0351144986959361,1660.26,209.8141,1.222e-05,716788012.0,-0.038753333258472834,0.00549407099293148,0.6623202661957511,0.7594559579751342,0.004724895144135923,0.004775739644491636,0,2.0,0.0
1619,2023-01-21 19:42:59.999,-0.0346688846746019,1661.0,77.5214,1.222e-05,1362845656.0,-0.03874812562894315,0.005492608818275119,0.7426782225540469,0.6623202661957511,0.004723706977322735,0.0047744725938149,0,2.0,0.0
1620,2023-01-21 19:43:59.999,-0.0354148194901071,1662.005,102.9966,1.224e-05,4724384379.0,-0.038743278260177656,0.005490927988637886,0.6061741798395418,0.7426782225540469,0.004722357568138221,0.0047730977872773965,0,2.0,0.0
1621,2023-01-21 19:44:59.999,-0.0353581522073049,1662.66,198.5318,1.2245e-05,1724382541.0,-0.03873862244216438,0.00548953258630539,0.6158029270638932,0.6061741798395418,0.0047210190573185725,0.004771754045495939,0,2.0,0.0
1622,2023-01-21 19:45:59.999,-0.0350514618449011,1663.17,49.9546,1.2245e-05,1996429676.0,-0.038733949892766684,0.0054883735653505905,0.6709616253372417,0.6158029270638932,0.004719741676728434,0.00477048207616642,0,2.0,0.0
1623,2023-01-21 19:46:59.999,-0.0349793130741034,1663.29,85.0428,1.2245e-05,4990329714.0,-0.03872927375876007,0.005487267611594608,0.6833930746758174,0.6709616253372417,0.004718481190664639,0.004769125209151067,0,2.0,0.0
1624,2023-01-21 19:47:59.999,-0.0349552646405584,1663.33,78.9509,1.2245e-05,459215048.0,-0.03872471541770897,0.005486311147044533,0.6870647099884539,0.6833930746758174,0.00471722712278021,0.00476768039220625,0,2.0,0.0
1625,2023-01-21 19:48:59.999,-0.0341860199647996,1664.61,594.3674,1.2245e-05,3745532999.0,-0.03872008137641955,0.005485915507968795,0.8264912948502056,0.6870647099884539,0.004716187662293478,0.004766200465861311,0,2.0,0.0
1626,2023-01-21 19:49:59.999,-0.034128951168352,1664.705,162.41,1.2245e-05,1594967441.0,-0.03871569617425795,0.005485797936774902,0.8361126419108498,0.8264912948502056,0.004715167650103531,0.004764710669220969,0,2.0,0.0
1627,2023-01-21 19:50:59.999,-0.034216057481661,1664.56,155.9828,1.2245e-05,1202167320.0,-0.03871137067894167,0.005485660691327377,0.8194661409495474,0.8361126419108498,0.004714119487350658,0.004763281217598818,0,2.0,0.0
1628,2023-01-21 19:51:59.999,-0.0339277345579915,1665.04,133.1006,1.2245e-05,670852268.0,-0.03870688039447812,0.005485604934532637,0.8712158264262236,0.8194661409495474,0.004713170420647326,0.0047619392135835,0,2.0,0.0
1629,2023-01-21 19:52:59.999,-0.0335633511620265,1665.085,218.911,1.224e-05,12453806925.0,-0.038702234326391735,0.005485709492558269,0.9367763953480349,0.8712158264262236,0.004712361589960447,0.004760720144660329,0,2.0,0.0
1630,2023-01-21 19:53:59.999,-0.0331177591943614,1665.265,170.1129,1.2235e-05,4260048397.0,-0.03869723972403609,0.00548588048376717,1.0170619914495924,0.9367763953480349,0.004711747167666134,0.004759416426082256,0,2.0,0.0
1631,2023-01-21 19:54:59.999,-0.033468391650441,1665.8049999999998,304.9603,1.2245e-05,4180764825.0,-0.03869212680909226,0.005485604920960497,0.9522623728681894,1.0170619914495924,0.00471097748791447,0.004758273103067011,0,2.0,0.0
1632,2023-01-21 19:55:59.999,-0.0349815440347036,1665.53,60.2764,1.2265e-05,3045993966.0,-0.038687638266593,0.005484672630984807,0.6757184031280917,0.9522623728681894,0.004709723252472649,0.004757134358588265,0,2.0,0.0
1633,2023-01-21 19:56:59.999,-0.0351216782916488,1664.175,487.2782,1.2255e-05,3754103517.0,-0.038683302707828465,0.005483788312770757,0.6494824769011021,0.6757184031280917,0.0047084402026238556,0.0047559286274479595,0,2.0,0.0
1634,2023-01-21 19:57:59.999,-0.035271442394027,1663.365,232.6155,1.225e-05,2587151523.0,-0.03867908277096223,0.0054829049899301156,0.6215027222236552,0.6494824769011021,0.0047071291970997575,0.00475471672741802,0,2.0,0.0
1635,2023-01-21 19:58:59.999,-0.0354341942580482,1663.6550000000002,32.2548,1.2255e-05,732878074.0,-0.03867489040232018,0.005481922384338181,0.5911605303881402,0.6215027222236552,0.004705791108013187,0.00475346841405744,0,2.0,0.0
1636,2023-01-21 19:59:59.999,-0.0362101358297124,1663.485,114.2039,1.2265e-05,4073700877.0,-0.038670859342758136,0.005480531829162788,0.44899356298814497,0.5911605303881402,0.004704367285132504,0.004752173080485466,0,2.0,0.0
1637,2023-01-21 20:00:59.999,-0.0352911958542243,1665.575,684.8665,1.227e-05,2627180509.0,-0.038666221423792224,0.005479150901327298,0.6159760208010224,0.44899356298814497,0.004703056090277269,0.004750946052937734,0,2.0,0.0
1638,2023-01-21 20:01:59.999,-0.035338851501578,1664.935,330.2182,1.2265e-05,3127852469.0,-0.038661610749617985,0.005477758502803836,0.6065910438255363,0.6159760208010224,0.004701737517149458,0.004749736912106842,0,2.0,0.0
1639,2023-01-21 20:02:59.999,-0.0346907700341034,1663.77,132.189,1.2245e-05,5831610602.0,-0.038656757536905395,0.005476630478277483,0.7241656194502608,0.6065910438255363,0.004700560230103662,0.004748723280537293,0,2.0,0.0
1640,2023-01-21 20:03:59.999,-0.0339528097364087,1663.875,118.2747,1.2235e-05,628555855.0,-0.03865161497063232,0.005475829831397482,0.8580992066775825,0.7241656194502608,0.004699609538677192,0.004747906868505132,0,2.0,0.0
1641,2023-01-21 20:04:59.999,-0.0341310508671419,1664.14,74.3746,1.224e-05,1503633192.0,-0.038646436166235226,0.005474812921420841,0.8247560900987785,0.8580992066775825,0.004698598292206959,0.004747111283509349,0,2.0,0.0
1642,2023-01-21 20:05:59.999,-0.0344195297440741,1663.66,119.184,1.224e-05,3497382370.0,-0.03864152086719773,0.005473839550711402,0.7713034121679587,0.8247560900987785,0.004697497745208155,0.0047461231468228,0,2.0,0.0
1643,2023-01-21 20:06:59.999,-0.0338085785335415,1664.115,39.0191,1.2235e-05,378770782.0,-0.03863614048089702,0.0054728756416764154,0.8820887342283507,0.7713034121679587,0.004696600642457477,0.004745072244444887,0,2.0,0.0
1644,2023-01-21 20:07:59.999,-0.0332876815535776,1664.42,182.9556,1.223e-05,1583259050.0,-0.038630533878948735,0.005472148783364355,0.9763719037782217,0.8820887342283507,0.004695914653987942,0.004744063769046446,0,2.0,0.0
1645,2023-01-21 20:08:59.999,-0.0323744545382709,1663.69,99.545,1.221e-05,4033358056.0,-0.03862426867968476,0.005471560868965089,1.1422360622657166,0.9763719037782217,0.004695682428886873,0.004743092626561439,0,2.0,0.0
1646,2023-01-21 20:09:59.999,-0.0326600052247059,1663.215,119.2267,1.221e-05,776071856.0,-0.03861821871466135,0.005470927565362633,1.089068246430076,1.1422360622657166,0.004695295678968565,0.00474206847503204,0,2.0,0.0
1647,2023-01-21 20:10:59.999,-0.0328088170275258,1663.53,90.9952,1.2215e-05,814624433.0,-0.03861226302225411,0.005470246355200352,1.0609112675905719,1.089068246430076,0.004694832455476387,0.004740996612482748,0,2.0,0.0
1648,2023-01-21 20:11:59.999,-0.0325367575583648,1663.42,130.2699,1.221e-05,2025598071.0,-0.038606100758273504,0.00546958976484906,1.1096523616659568,1.0609112675905719,0.004694508898942169,0.0047400130964772485,0,2.0,0.0
1649,2023-01-21 20:12:59.999,-0.0316957225173126,1663.13,240.157,1.2195e-05,987535733.0,-0.03859951777093738,0.005469345990593156,1.262270711251175,1.1096523616659568,0.004694678045213424,0.004739173780747381,0,2.0,0.0
1650,2023-01-21 20:13:59.999,-0.0319633260987828,1662.685,629.6414,1.2195e-05,1876258278.0,-0.038592922776719156,0.005468755473872609,1.212267893419216,1.262270711251175,0.004694678287194103,0.00473847874922949,0,2.0,0.0
1651,2023-01-21 20:14:59.999,-0.0323023283173533,1663.81,86.9705,1.221e-05,525005680.0,-0.03858645835650001,0.005467934809612064,1.1492693782851717,1.212267893419216,0.004694479049651778,0.004737701907556729,0,2.0,0.0
1652,2023-01-21 20:15:59.999,-0.0326180090260486,1664.41,124.2413,1.222e-05,2653033175.0,-0.038580254200190046,0.005467100622436025,1.0905680333874663,1.1492693782851717,0.00469410793429456,0.004736778519665737,0,2.0,0.0
1653,2023-01-21 20:16:59.999,-0.0326539927909905,1663.225,133.8813,1.221e-05,800460091.0,-0.03857412199244977,0.005466315867658441,1.0830199616684837,1.0905680333874663,0.004693717356031702,0.004735883249369108,0,2.0,0.0
1654,2023-01-21 20:17:59.999,-0.0327456483199455,1662.51,131.6319,1.2205e-05,515214914.0,-0.03856816966560458,0.0054656591985332076,1.0652916938585626,1.0830199616684837,0.004693279368201823,0.004734921455942753,0,2.0,0.0
1655,2023-01-21 20:18:59.999,-0.0330495092650302,1660.88,720.1979,1.2195e-05,7765848283.0,-0.038562318551395774,0.005464798999283836,1.0087853710791619,1.0652916938585626,0.004692694074337502,0.004733732120033539,0,2.0,0.0
1656,2023-01-21 20:19:59.999,-0.0323164769119266,1661.535,158.2161,1.219e-05,2425308623.0,-0.03855608416583256,0.005464239495855479,1.141898567703444,1.0087853710791619,0.0046924819399265,0.0047324050085489865,0,2.0,0.0
1657,2023-01-21 20:20:59.999,-0.0317930614608386,1660.715,98.124,1.2175e-05,3869147863.0,-0.03854938694903475,0.005463659342798936,1.2365934741339502,1.141898567703444,0.004692577236428709,0.004731278447644987,0,2.0,0.0
1658,2023-01-21 20:21:59.999,-0.0317307915439712,1660.255,285.0035,1.217e-05,2161036249.0,-0.038542671844713494,0.005463122130083582,1.2468841330182883,1.2365934741339502,0.0046927096080805804,0.004730074322594037,0,2.0,0.0
1659,2023-01-21 20:22:59.999,-0.0314275479138288,1657.94,500.7428,1.2145e-05,14227501889.0,-0.038535710795794244,0.00546260441612464,1.3012406428302605,1.2468841330182883,0.004693036812774671,0.004728827217961569,0,2.0,0.0
1660,2023-01-21 20:23:59.999,-0.0311187089994255,1659.58,142.5408,1.2155e-05,3101393884.0,-0.038528414413981416,0.005461980959210298,1.3565967127844443,1.3012406428302605,0.00469357385344966,0.004727646778581519,0,2.0,0.0
1661,2023-01-21 20:24:59.999,-0.0307246240683909,1659.67,274.7179,1.215e-05,1772218781.0,-0.03852115484476425,0.005461927563058488,1.427432108236815,1.3565967127844443,0.0046943961787341915,0.004726481771763905,0,2.0,0.0
1662,2023-01-21 20:25:59.999,-0.0308944202319665,1658.26,370.6205,1.214e-05,2964747626.0,-0.03851417484331661,0.005462035986086365,1.3950392547321504,1.427432108236815,0.00469508818820421,0.0047252188647624125,0,2.0,0.0
1663,2023-01-21 20:26:59.999,-0.0311658258432849,1657.81,96.425,1.214e-05,2357854437.0,-0.03850739954850612,0.0054620702752411245,1.3441009242410604,1.3950392547321504,0.004695582468140981,0.004724004019026032,0,2.0,0.0
1664,2023-01-21 20:27:59.999,-0.0321968361639193,1658.355,113.0634,1.216e-05,4813433500.0,-0.038501154758228885,0.005461570707030403,1.1543050401589334,1.3441009242410604,0.004695422591956516,0.00472269492043435,0,2.0,0.0
1665,2023-01-21 20:28:59.999,-0.0318923638858805,1658.86,59.9009,1.216e-05,2808638292.0,-0.03849448814946229,0.005460845013188659,1.2089931590508045,1.1543050401589334,0.0046954393747429945,0.004721353685023485,0,2.0,0.0
1666,2023-01-21 20:29:59.999,-0.0321908061101332,1658.365,31.0966,1.216e-05,3444951805.0,-0.03848778322360555,0.005459689525698783,1.1533580955166869,1.2089931590508045,0.004695280076286201,0.004720061021875969,0,2.0,0.0
1667,2023-01-21 20:30:59.999,-0.0326660674998393,1658.14,241.8615,1.2165e-05,2348281882.0,-0.03848149929342763,0.005458575193031194,1.065375411703172,1.1533580955166869,0.004694865600051184,0.004718796312180588,0,2.0,0.0
1668,2023-01-21 20:31:59.999,-0.033285978374316,1657.675,138.1186,1.217e-05,3404917488.0,-0.038475754924094885,0.005457510872143105,0.950942045075746,1.065375411703172,0.0046941629259690506,0.004717540639751317,0,2.0,0.0
1669,2023-01-21 20:32:59.999,-0.033017772457061,1659.245,202.1358,1.218e-05,2428877685.0,-0.038469713432720744,0.005456326415547404,0.9991962651143514,0.950942045075746,0.004693578379786099,0.0047164475274151605,0,2.0,0.0
1670,2023-01-21 20:33:59.999,-0.0327468944988709,1660.8200000000002,94.6725,1.219e-05,4395229997.0,-0.0384633707688214,0.005455012198463803,1.047930978332244,0.9991962651143514,0.0046931220666965355,0.004715422653151018,0,2.0,0.0
1671,2023-01-21 20:34:59.999,-0.0331187596087936,1659.64,111.7128,1.2185e-05,848435389.0,-0.03845744424571903,0.005453861544300501,0.9788815857462607,1.047930978332244,0.004692491182222004,0.004714381528038877,0,2.0,0.0
1672,2023-01-21 20:35:59.999,-0.0336173253568361,1659.375,52.3711,1.219e-05,1548621613.0,-0.03845187802623863,0.00545266304141357,0.8866406437888383,0.9788815857462607,0.004691654715671356,0.0047134076873231595,0,2.0,0.0
1673,2023-01-21 20:36:59.999,-0.0344975474107442,1659.6,99.3972,1.2205e-05,2352171888.0,-0.038446622961376895,0.005451001488603249,0.7244678906966502,0.8866406437888383,0.0046905335284737155,0.004712563797632166,0,2.0,0.0
1674,2023-01-21 20:37:59.999,-0.0344011432845725,1659.7600000000002,53.8937,1.2205e-05,1719155676.0,-0.03844116716843311,0.00544915004385767,0.7414044119439441,0.7244678906966502,0.004689439444239251,0.0047119007732397125,0,2.0,0.0
1675,2023-01-21 20:38:59.999,-0.0348259937270398,1659.0549999999998,301.7134,1.2205e-05,7249028836.0,-0.03843576699374693,0.005446949834508381,0.6627146157722835,0.7414044119439441,0.004688238839609728,0.0047111699078523864,0,2.0,0.0
1676,2023-01-21 20:39:59.999,-0.0347228026226673,1656.98,477.9513,1.2185e-05,2387716207.0,-0.03843025279057698,0.005444676507375728,0.68093121104391,0.6627146157722835,0.004687063027952941,0.004710036811333105,0,2.0,0.0
1677,2023-01-21 20:40:59.999,-0.0351595918306273,1655.6950000000002,496.9129,1.218e-05,2458017794.0,-0.038424898511705906,0.005442203058559696,0.5999972154553866,0.68093121104391,0.00468579623480022,0.004708760965086054,0,2.0,0.0
1678,2023-01-21 20:41:59.999,-0.0351711166956896,1657.36,92.9594,1.2195e-05,2695391404.0,-0.03841974330122035,0.0054400083486284955,0.5971730919033927,0.5999972154553866,0.004684528361407108,0.004707456948480782,0,2.0,0.0
1679,2023-01-21 20:42:59.999,-0.0348676549339188,1656.74,285.1775,1.2185e-05,4894113529.0,-0.03841480433710343,0.005438388000318629,0.6522427974938175,0.5971730919033927,0.004683322174963848,0.00470612563028483,0,2.0,0.0
1680,2023-01-21 20:43:59.999,-0.0349732896401491,1656.565,242.0911,1.2185e-05,2468979872.0,-0.038409950954261245,0.005436779098089177,0.6321134723535123,0.6522427974938175,0.004682094462893726,0.004704723240852675,0,2.0,0.0
1681,2023-01-21 20:44:59.999,-0.0349763079385851,1656.56,55.4843,1.2185e-05,178869317.0,-0.03840510642568878,0.005435174167222551,0.6308534706728347,0.6321134723535123,0.004680867072976523,0.004703383888991077,0,2.0,0.0
1682,2023-01-21 20:45:59.999,-0.0358465502295324,1655.68,295.9696,1.219e-05,2787840364.0,-0.03840043005431336,0.005433027703513962,0.47006567316584225,0.6308534706728347,0.0046795104511317305,0.00470206716043141,0,2.0,0.0
1683,2023-01-21 20:46:59.999,-0.0363366763432004,1655.99,222.3837,1.22e-05,3037553059.0,-0.038396007979092456,0.0054308180196262065,0.3791936368425394,0.47006567316584225,0.004678124058509525,0.004700854551865111,0,2.0,0.0
1684,2023-01-21 20:47:59.999,-0.0369801396299394,1655.485,237.2619,1.2205e-05,2510982878.0,-0.038391750993116064,0.005428321797373256,0.26004563028296074,0.3791936368425394,0.004676744572010344,0.00469984721153381,0,2.0,0.0
1685,2023-01-21 20:48:59.999,-0.0367119094223973,1657.61,327.5751,1.222e-05,4384854802.0,-0.0383874429515482,0.005425960257078814,0.30879944742775617,0.26004563028296074,0.0046753575639897375,0.004698851103824517,0,2.0,0.0
1686,2023-01-21 20:49:59.999,-0.0369834604308962,1657.72,313.6851,1.2225e-05,952475138.0,-0.038383211381820326,0.005423488872596732,0.25809049927190697,0.30879944742775617,0.004673980690643362,0.004697772881957856,0,2.0,0.0
1687,2023-01-21 20:50:59.999,-0.0367541397890534,1657.54,153.6186,1.222e-05,415670784.0,-0.03837885275121041,0.005421012695873829,0.2997065406973967,0.25809049927190697,0.004672596911027742,0.004696824918145147,0,2.0,0.0
1688,2023-01-21 20:51:59.999,-0.0366481905573579,1656.595,138.4545,1.221e-05,6416842076.0,-0.03837455007236096,0.005418695869414151,0.31859317382019914,0.2997065406973967,0.004671212860849969,0.004696086151105326,0,2.0,0.0
1689,2023-01-21 20:52:59.999,-0.0370497616914491,1656.49,70.7734,1.2215e-05,305262890.0,-0.038370615136958365,0.005416569996500233,0.24385421888071201,0.31859317382019914,0.004669843238556857,0.00469574048516214,0,2.0,0.0
1690,2023-01-21 20:53:59.999,-0.0373093804156425,1656.06,62.6792,1.2215e-05,406664192.0,-0.03836692948239865,0.005414581986185409,0.19531499743735414,0.24385421888071201,0.004668494213774423,0.004695607458327454,0,2.0,0.0
1691,2023-01-21 20:54:59.999,-0.0374270497576709,1656.4250000000002,116.2977,1.222e-05,2009244175.0,-0.03836332966219543,0.00541262054079087,0.17298088744047158,0.19531499743735414,0.0046671579484148734,0.004695475148092491,0,2.0,0.0
1692,2023-01-21 20:55:59.999,-0.0369622310367994,1656.635,32.3658,1.2215e-05,1367170682.0,-0.03835942355529373,0.00541058545568831,0.25823314869288666,0.17298088744047158,0.004665787294550753,0.004695426787653136,0,2.0,0.0
1693,2023-01-21 20:56:59.999,-0.0366391358806943,1656.61,35.4471,1.221e-05,1171084621.0,-0.03835540968263638,0.00540864389271835,0.31732054022870626,0.25823314869288666,0.004664409273310418,0.004695327407215553,0,2.0,0.0
1694,2023-01-21 20:57:59.999,-0.0364879579113477,1656.3,18.7859,1.2205e-05,414794163.0,-0.03835129378330955,0.00540668036318856,0.3446358480239358,0.31732054022870626,0.00466303299787886,0.004695283976956792,0,2.0,0.0
1695,2023-01-21 20:58:59.999,-0.0364215470271851,1656.41,26.9261,1.2205e-05,192884464.0,-0.03834718079879896,0.005404767314534412,0.35628430597474126,0.3446358480239358,0.0046616590841256625,0.0046951361602247076,0,2.0,0.0
1696,2023-01-21 20:59:59.999,-0.0367051039166206,1655.38,829.1451,1.22e-05,1598210546.0,-0.03834334978330345,0.005402996859459628,0.3032105902143155,0.35628430597474126,0.00466028539673882,0.00469492124708944,0,2.0,0.0
1697,2023-01-21 21:00:59.999,-0.0363380390758827,1653.745,1585.488,1.218e-05,17412758471.0,-0.0383393935811361,0.005401334920559621,0.3705296069746481,0.3032105902143155,0.004658916141283453,0.004694840741620086,0,2.0,0.0
1698,2023-01-21 21:01:59.999,-0.0351910600221145,1654.52,279.9141,1.217e-05,2195083062.0,-0.03833501453845054,0.005400051196986016,0.5822082794494258,0.3705296069746481,0.004657667849061328,0.004694716829264674,0,2.0,0.0
1699,2023-01-21 21:02:59.999,-0.0353119483093919,1654.3200000000002,209.6615,1.217e-05,2584357094.0,-0.03833082506024794,0.005398884494675544,0.5591667600655839,0.5822082794494258,0.00465640010634103,0.004694678105708594,0,2.0,0.0
1700,2023-01-21 21:03:59.999,-0.0345909491937952,1656.075,127.474,1.2175e-05,523383249.0,-0.038326243597522305,0.005397857262959336,0.6919957719814286,0.5591667600655839,0.004655282510855034,0.004694551185509982,0,2.0,0.0
1701,2023-01-21 21:04:59.999,-0.0346553990190336,1656.53,162.4367,1.218e-05,1694668060.0,-0.03832158900563366,0.0053966857464051625,0.6793410175943979,0.6919957719814286,0.004654149678902672,0.0046944865119743755,0,2.0,0.0
1702,2023-01-21 21:05:59.999,-0.0345497620810206,1656.705,63.0772,1.218e-05,2246700088.0,-0.03831678251780428,0.005395419483320458,0.6981886113636109,0.6793410175943979,0.004653044079085772,0.004694416896463588,0,2.0,0.0
1703,2023-01-21 21:06:59.999,-0.0345578805345638,1657.815,271.5527,1.219e-05,2093988941.0,-0.03831210746625377,0.005394299442453779,0.6959619078881225,0.6981886113636109,0.004651937127175499,0.004694221239160336,0,2.0,0.0
1704,2023-01-21 21:07:59.999,-0.0339601381279486,1657.12,128.892,1.2175e-05,1323215590.0,-0.03830718786611956,0.005393420514370762,0.8059912492616239,0.6959619078881225,0.004651006201440979,0.0046941216822131825,0,2.0,0.0
1705,2023-01-21 21:08:59.999,-0.0345195821482562,1656.755,105.3635,1.218e-05,5119877045.0,-0.03830249823679833,0.00539230782873412,0.7015393424655791,0.8059912492616239,0.004649910431713234,0.004693815000597417,0,2.0,0.0
1706,2023-01-21 21:09:59.999,-0.0342661066661271,1657.175,85.1275,1.218e-05,815916609.0,-0.038297597818507056,0.005391163999094043,0.7477960516610931,0.7015393424655791,0.004648885291970752,0.004693613123847499,0,2.0,0.0
1707,2023-01-21 21:10:59.999,-0.0346101246791654,1656.605,201.8988,1.218e-05,391321217.0,-0.038293083950300476,0.005390167753631743,0.683273589890334,0.7477960516610931,0.004647767894858265,0.00469357498503377,0,2.0,0.0
1708,2023-01-21 21:11:59.999,-0.0345980518680413,1656.625,90.1146,1.218e-05,2910218792.0,-0.03828841272146636,0.005388995755655334,0.6847956503866808,0.683273589890334,0.0046466542547145915,0.004693352989513782,0,2.0,0.0
1709,2023-01-21 21:12:59.999,-0.0346131429047176,1656.6,84.546,1.218e-05,1412647059.0,-0.03828333692550005,0.005387291502049482,0.6812688749784944,0.6847956503866808,0.004645537615225565,0.004693161392072857,0,2.0,0.0
1710,2023-01-21 21:13:59.999,-0.0344924209875081,1656.8,136.8218,1.218e-05,636862078.0,-0.03827845164944352,0.00538594233277891,0.7029467506351843,0.6812688749784944,0.004644452479975213,0.0046930581262551365,0,2.0,0.0
1711,2023-01-21 21:14:59.999,-0.0349210497743825,1656.09,101.4682,1.218e-05,2088075291.0,-0.03827366918506714,0.005384334852540221,0.6226617590662924,0.7029467506351843,0.004643267265036555,0.004692791409254103,0,2.0,0.0
1712,2023-01-21 21:15:59.999,-0.0345335862873525,1656.17,120.0153,1.2175e-05,455680495.0,-0.03826879925418008,0.005382958194944057,0.6938959641811591,0.6226617590662924,0.004642172949011319,0.004692697957773271,0,2.0,0.0
1713,2023-01-21 21:16:59.999,-0.0342178329056217,1657.255,445.8468,1.218e-05,2831216710.0,-0.03826390418642248,0.005381832144308085,0.7518018348231049,0.6938959641811591,0.00464116658703037,0.004692606445905907,0,2.0,0.0
1714,2023-01-21 21:17:59.999,-0.0332679174972838,1658.83,335.0358,1.218e-05,1540487407.0,-0.038258451253128545,0.005380924323875513,0.9274491621637238,0.7518018348231049,0.004640498492221776,0.00469251269577368,0,2.0,0.0
1715,2023-01-21 21:18:59.999,-0.033908399098042,1658.33,159.1472,1.2185e-05,309641557.0,-0.03825315971024766,0.0053795794104729506,0.8076394603911407,0.9274491621637238,0.004639590386148774,0.004692484250500376,0,2.0,0.0
1716,2023-01-21 21:19:59.999,-0.0341828091558369,1657.875,87.5267,1.2185e-05,794396210.0,-0.03824806091315012,0.005378215439926127,0.755873728511154,0.8076394603911407,0.004638595711779967,0.004691863832309018,0,2.0,0.0
1717,2023-01-21 21:20:59.999,-0.0346121703335242,1657.725,261.8845,1.219e-05,2336033931.0,-0.038243224367080185,0.005376785389657467,0.6753206182527782,0.755873728511154,0.00463748463390159,0.004690813825273126,0,2.0,0.0
1718,2023-01-21 21:21:59.999,-0.0344924209875081,1656.8,52.657,1.218e-05,444753400.0,-0.03823826384787676,0.00537530071739346,0.6968620096449344,0.6753206182527782,0.004636404563560703,0.004689712965297867,0,2.0,0.0
1719,2023-01-21 21:22:59.999,-0.0343965832550168,1655.835,173.3544,1.217e-05,2882453001.0,-0.038233195667181134,0.005373759394946597,0.7139531434496726,0.6968620096449344,0.0046353506744544175,0.004688538990767109,0,2.0,0.0
1720,2023-01-21 21:23:59.999,-0.0342129111155884,1655.015,172.9391,1.216e-05,3395176161.0,-0.03822833091636239,0.0053726402824833385,0.7473829606396025,0.7139531434496726,0.0046343494509676255,0.004687356980867138,0,2.0,0.0
1721,2023-01-21 21:24:59.999,-0.034799180344784,1654.045,129.0512,1.216e-05,1667145995.0,-0.03822358470887351,0.005371139058894722,0.6375564524658186,0.7473829606396025,0.004633197672983665,0.0046861129330884,0,2.0,0.0
1722,2023-01-21 21:25:59.999,-0.0346843170319992,1654.235,251.7313,1.216e-05,2390034776.0,-0.03821874504169156,0.0053696160743055485,0.6582273221739534,0.6375564524658186,0.004632072908194442,0.004684845329755386,0,2.0,0.0
1723,2023-01-21 21:26:59.999,-0.0344485862958521,1654.625,113.3928,1.216e-05,2628381724.0,-0.03821401252930282,0.005368432007572674,0.7014014945405352,0.6582273221739534,0.004631007789105293,0.004683623721574663,0,2.0,0.0
1724,2023-01-21 21:27:59.999,-0.0346008265981225,1654.935,73.0801,1.2165e-05,1139073180.0,-0.038209155206709526,0.005366952329476001,0.6723235808839998,0.7014014945405352,0.004629904559567243,0.004682401390911257,0,2.0,0.0
1725,2023-01-21 21:28:59.999,-0.0345687166678985,1655.55,123.2118,1.217e-05,901463638.0,-0.03820403283007451,0.005365144059499786,0.677580344881726,0.6723235808839998,0.004628809998707481,0.004681173920455824,0,2.0,0.0
1726,2023-01-21 21:29:59.999,-0.0348778130939422,1655.6,108.0482,1.2175e-05,229883668.0,-0.038199116153662734,0.005363323530305306,0.6192621125601698,0.677580344881726,0.0046276452506195595,0.0046798496065929285,0,2.0,0.0
1727,2023-01-21 21:30:59.999,-0.0349805001732761,1655.4299999999998,193.1679,1.2175e-05,437624040.0,-0.03819418292695948,0.005361380787733751,0.5994132632839537,0.6192621125601698,0.004626460461555002,0.004678470656665076,0,2.0,0.0
1728,2023-01-21 21:31:59.999,-0.0350810780363168,1655.8249999999998,165.1716,1.218e-05,10577974314.0,-0.03818927092348773,0.005359370017703008,0.5799548971061866,0.5994132632839537,0.004625257393606994,0.004677089443635139,0,2.0,0.0
1729,2023-01-21 21:32:59.999,-0.0353627253708168,1655.92,77.8183,1.2185e-05,852213708.0,-0.03818448633096292,0.005357277704993049,0.5267154542905637,0.5799548971061866,0.004624008347979894,0.004675704315994889,0,2.0,0.0
1730,2023-01-21 21:33:59.999,-0.0351211969779825,1656.32,171.1298,1.2185e-05,1084128693.0,-0.038179727041397715,0.005355430338582208,0.5711081780637869,0.5267154542905637,0.004622799887685398,0.004674324908979956,0,2.0,0.0
1731,2023-01-21 21:34:59.999,-0.0335965162976883,1658.285,595.6138,1.218e-05,23275189716.0,-0.038174436205481554,0.005354310356148224,0.8549971150881351,0.5711081780637869,0.004622010172132604,0.004672942855931647,0,2.0,0.0
1732,2023-01-21 21:35:59.999,-0.033954236503785,1659.94,352.9224,1.22e-05,1788527051.0,-0.038169359463269575,0.005353110590653822,0.7874156321081622,0.8549971150881351,0.004621096633714889,0.004671558873394412,0,2.0,0.0
1733,2023-01-21 21:36:59.999,-0.0339482122078003,1659.9499999999998,88.8481,1.22e-05,3023869117.0,-0.03816412087889587,0.005351702051686712,0.787769690909236,0.7874156321081622,0.004620185437582228,0.004670185644130135,0,2.0,0.0
1734,2023-01-21 21:37:59.999,-0.0341029518585287,1660.255,138.9211,1.2205e-05,2008800539.0,-0.03815850528826094,0.005349596222794566,0.7581045859968972,0.787769690909236,0.004619225928790176,0.004668831469970032,0,2.0,0.0
1735,2023-01-21 21:38:59.999,-0.0339764732633582,1660.465,165.0619,1.2205e-05,1007287763.0,-0.03815264196088049,0.005347235624214541,0.7809958249475353,0.7581045859968972,0.0046183064415280355,0.00466749201475476,0,2.0,0.0
1736,2023-01-21 21:39:59.999,-0.0345225925923777,1660.12,57.4204,1.221e-05,1554985613.0,-0.03814708212120777,0.005344763172388023,0.6781384716080248,0.7809958249475353,0.004617231060981753,0.004666129958016783,0,2.0,0.0
1737,2023-01-21 21:40:59.999,-0.0349774824400626,1659.365,93.0164,1.221e-05,1590489764.0,-0.03814162560338244,0.0053419792775905185,0.5923166300163961,0.6781384716080248,0.004616054674226086,0.004664753778620502,0,2.0,0.0
1738,2023-01-21 21:41:59.999,-0.0348961293268281,1659.5,196.5671,1.221e-05,2063969843.0,-0.03813614930302245,0.005339239751821331,0.6068317076582129,0.5923166300163961,0.004614895446329085,0.00466337706673675,0,2.0,0.0
1739,2023-01-21 21:42:59.999,-0.0352861732916807,1659.975,103.2592,1.222e-05,1904105672.0,-0.03813071051168183,0.0053361557906406445,0.5330686231069768,0.6068317076582129,0.004613666581653765,0.004662002562563962,0,2.0,0.0
1740,2023-01-21 21:43:59.999,-0.0354398018632799,1659.72,33.6165,1.222e-05,1651457516.0,-0.03812510131900508,0.005332612365187141,0.5035617201909527,0.5330686231069768,0.00461241615018387,0.004660628818585531,0,2.0,0.0
1741,2023-01-21 21:44:59.999,-0.0354036518406815,1659.78,32.6774,1.222e-05,1393916115.0,-0.038119302368449,0.00532875670339137,0.5096217896454509,0.5035617201909527,0.0046111717649486815,0.004659258455147294,0,2.0,0.0
1742,2023-01-21 21:45:59.999,-0.0353042460163237,1659.9450000000002,83.8945,1.222e-05,2849903740.0,-0.03811337086154441,0.005324754743775482,0.5275594802755036,0.5096217896454509,0.0046099430522072455,0.004657979922116859,0,2.0,0.0
1743,2023-01-21 21:46:59.999,-0.0359618539361719,1659.975,63.3044,1.223e-05,3264857786.0,-0.03810780646773893,0.00532071864886618,0.4033200537721207,0.5275594802755036,0.004608641178744845,0.004656717042021105,0,2.0,0.0
1744,2023-01-21 21:47:59.999,-0.0348517432434754,1660.135,125.9217,1.2215e-05,10800221473.0,-0.03810185343833348,0.005317163820535585,0.6112488357619769,0.4033200537721207,0.004607496710614212,0.004655561909726533,0,2.0,0.0
1745,2023-01-21 21:48:59.999,-0.0344653694507215,1660.215,90.2588,1.221e-05,2084635307.0,-0.03809562424672599,0.005313537700440108,0.6832086268445607,0.6112488357619769,0.004606443348905684,0.004654432886890762,0,2.0,0.0
1746,2023-01-21 21:49:59.999,-0.0347493471753956,1660.3049999999998,35.734,1.2215e-05,277859941.0,-0.03808945946163205,0.00530969049614877,0.6290596954114565,0.6832086268445607,0.004605322550396293,0.004653320479039997,0,2.0,0.0
1747,2023-01-21 21:50:59.999,-0.0348186139564319,1660.19,61.8509,1.2215e-05,958875231.0,-0.03808338943293855,0.0053059305343518375,0.6153068637762462,0.6290596954114565,0.0046041874597500445,0.004652213865153068,0,2.0,0.0
1748,2023-01-21 21:51:59.999,-0.0347816435636119,1659.69,93.5502,1.221e-05,592588438.0,-0.03807755904195277,0.0053026351853653056,0.621561801467549,0.6153068637762462,0.0046030611442995075,0.004651238932874609,0,2.0,0.0
1749,2023-01-21 21:52:59.999,-0.0350987416121313,1659.725,40.7981,1.2215e-05,1311758934.0,-0.038071855866401265,0.005299210149048358,0.5610485658516264,0.621561801467549,0.004601872881173379,0.0046501843741451705,0,2.0,0.0
1750,2023-01-21 21:53:59.999,-0.0346671709058838,1659.88,25.6837,1.221e-05,1038711792.0,-0.03806610465263122,0.005296160129390217,0.6417732212977411,0.5610485658516264,0.004600773911524251,0.004649141576906372,0,2.0,0.0
1751,2023-01-21 21:54:59.999,-0.0346189758121333,1659.96,23.7946,1.221e-05,843339127.0,-0.038060320699576294,0.005293098699330197,0.650156946417506,0.6417732212977411,0.004599686983937701,0.004648047244136387,0,2.0,0.0
1752,2023-01-21 21:55:59.999,-0.0344994243340082,1660.72,167.6711,1.2215e-05,1115646326.0,-0.03805457550839241,0.005290225070399622,0.6720226695601932,0.650156946417506,0.004598630019165863,0.00464693266475051,0,2.0,0.0
1753,2023-01-21 21:56:59.999,-0.0342194644898583,1661.185,10.3103,1.2215e-05,1847506904.0,-0.038048450354419276,0.0052870017254374214,0.7242263315592518,0.6720226695601932,0.004597649063211165,0.0046458167750978215,0,2.0,0.0
1754,2023-01-21 21:57:59.999,-0.0349134811598901,1661.155,12.2997,1.2225e-05,4190283427.0,-0.038042708072039785,0.005283666776467231,0.5922453183624032,0.7242263315592518,0.004596499868955732,0.0046447237637878,0,2.0,0.0
1755,2023-01-21 21:58:59.999,-0.0344903921478128,1660.735,40.8069,1.2215e-05,986652474.0,-0.03803695811812544,0.005280770681751269,0.6716000720441229,0.5922453183624032,0.004595447217429294,0.004643563568771219,0,2.0,0.0
1756,2023-01-21 21:59:59.999,-0.0337541917550616,1662.52,796.1127,1.222e-05,4518543500.0,-0.03803102688337266,0.005278382345035578,0.8102548941596681,0.6716000720441229,0.004594614456577199,0.004642446528017628,0,2.0,0.0
1757,2023-01-21 22:00:59.999,-0.0339808304993027,1662.705,316.483,1.2225e-05,862686685.0,-0.038025131987963125,0.005275791584990325,0.7665771900782623,0.8102548941596681,0.004593707384838753,0.0046414181775256075,0,2.0,0.0
1758,2023-01-21 22:01:59.999,-0.0346674917555205,1662.125,173.7967,1.223e-05,1437846211.0,-0.038019489052805756,0.005272860573600763,0.6357075538972998,0.7665771900782623,0.004592613805609766,0.004640665515923925,0,2.0,0.0
1759,2023-01-21 22:02:59.999,-0.0347336742869686,1662.015,131.8074,1.223e-05,2869013238.0,-0.038013911381807784,0.00526996047536818,0.6224405496342955,0.6357075538972998,0.004591506050194968,0.004639817412667025,0,2.0,0.0
1760,2023-01-21 22:03:59.999,-0.0347411329196027,1660.88,104.9855,1.222e-05,1494263412.0,-0.038008503068797474,0.005267321416772802,0.6203096205199179,0.6224405496342955,0.0045903974163428625,0.004638844380372169,0,2.0,0.0
1761,2023-01-21 22:04:59.999,-0.0349277983825189,1660.5700000000002,59.5413,1.222e-05,3789482842.0,-0.038003357591630905,0.005264899220565544,0.584162978295648,0.6203096205199179,0.004589250642235287,0.004637762403371184,0,2.0,0.0
1762,2023-01-21 22:05:59.999,-0.035356606330783,1660.98,17.7799,1.223e-05,3769212760.0,-0.03799840616307903,0.005262356290962338,0.5020184279109159,0.584162978295648,0.00458803171181653,0.004636674581145924,0,2.0,0.0
1763,2023-01-21 22:06:59.999,-0.0359079915895144,1660.625,95.5144,1.2235e-05,1678962146.0,-0.03799360560958961,0.0052595306923574146,0.39653994663550407,0.5020184279109159,0.004586753356876431,0.004635614146730989,0,2.0,0.0
1764,2023-01-21 22:07:59.999,-0.0356843263876562,1659.875,134.7613,1.2225e-05,324569714.0,-0.037988576201245086,0.005256541575690175,0.43835852535539793,0.39653994663550407,0.004585496021008514,0.0046345997568393235,0,2.0,0.0
1765,2023-01-21 22:08:59.999,-0.0363319163542072,1658.24,444.2909,1.222e-05,1553584563.0,-0.03798387835926546,0.005253484760230806,0.3144507085208883,0.43835852535539793,0.0045841989599093285,0.004633485617479655,0,2.0,0.0
1766,2023-01-21 22:09:59.999,-0.0367417603506829,1656.44,327.0929,1.221e-05,1894741725.0,-0.037979738995536354,0.005250938772335145,0.23576329843642693,0.3144507085208883,0.0045829039758743025,0.004632354099391747,0,2.0,0.0
1767,2023-01-21 22:10:59.999,-0.0360287508828776,1656.5,232.4376,1.22e-05,3943482740.0,-0.03797540968264363,0.0052486900605366186,0.3708846926211918,0.23576329843642693,0.004581621743298182,0.00463127406887758,0,2.0,0.0
1768,2023-01-21 22:11:59.999,-0.0340265205571483,1657.01,53.3805,1.2175e-05,6527899511.0,-0.037970019848559605,0.005246764464213205,0.7516059312951582,0.3708846926211918,0.004580708701496538,0.004630180366951756,0,2.0,0.0
1769,2023-01-21 22:12:59.999,-0.0338937601050837,1657.23,83.8228,1.2175e-05,313789237.0,-0.03796464321191129,0.005244988065858577,0.7761472582418947,0.7516059312951582,0.00457983793599544,0.004629083638922421,0,2.0,0.0
1770,2023-01-21 22:13:59.999,-0.0343826469918298,1656.42,73.212,1.2175e-05,791394493.0,-0.037959269279880976,0.005242708344556745,0.682208899101666,0.7761472582418947,0.004578824249097399,0.00462793643764154,0,2.0,0.0
1771,2023-01-21 22:14:59.999,-0.0348123659355614,1656.27,58.2908,1.218e-05,1314456664.0,-0.03795402361939176,0.005240185285047943,0.5995317938078627,0.682208899101666,0.004577709678788796,0.004626756658821142,0,2.0,0.0
1772,2023-01-21 22:15:59.999,-0.0343747311483824,1656.995,97.9451,1.218e-05,696795923.0,-0.03794864101193664,0.005237887377725175,0.6823189591194286,0.5995317938078627,0.004576699380315535,0.0046255581605939965,0,2.0,0.0
1773,2023-01-21 22:16:59.999,-0.034840493527259,1656.785,25.2927,1.2185e-05,425914915.0,-0.03794341135830682,0.005235348265731363,0.5926860398874245,0.6823189591194286,0.00457558045820142,0.004624320609386669,0,2.0,0.0
1774,2023-01-21 22:17:59.999,-0.0348999158805938,1656.125,28.2214,1.218e-05,561213468.0,-0.03793829182968025,0.0052329145893961464,0.5806278503462176,0.5926860398874245,0.004574450328768299,0.004623102002759022,0,2.0,0.0
1775,2023-01-21 22:18:59.999,-0.0348466085576575,1655.09,154.7958,1.217e-05,1480794429.0,-0.037933387680440085,0.005230845604036807,0.5901109221041476,0.5806278503462176,0.00457333175155849,0.004622207601020802,0,2.0,0.0
1776,2023-01-21 22:19:59.999,-0.0348868732944431,1655.585,32.0078,1.2175e-05,349831560.0,-0.037928503012556194,0.005228761491761067,0.5817113140283362,0.5901109221041476,0.004572205833949407,0.004621325018319317,0,2.0,0.0
1777,2023-01-21 22:20:59.999,-0.0351738221092752,1655.11,104.9461,1.2175e-05,292671132.0,-0.037923676562991886,0.00522649000101807,0.5261378962135277,0.5817113140283362,0.004571028574036136,0.004620413236615393,0,2.0,0.0
1778,2023-01-21 22:21:59.999,-0.0352877694827924,1654.36,91.9066,1.217e-05,896630225.0,-0.037918787006269855,0.005224012814405833,0.5036391787214062,0.5261378962135277,0.004569834329755635,0.004619465805988189,0,2.0,0.0
1779,2023-01-21 22:22:59.999,-0.0352506100013414,1653.86,47.3313,1.2165e-05,605684067.0,-0.03791418178697427,0.005221978014201433,0.5100695135807064,0.5036391787214062,0.0045686466652748794,0.004618536313343571,0,2.0,0.0
1780,2023-01-21 22:23:59.999,-0.0349513549627786,1654.355,69.8035,1.2165e-05,3132856406.0,-0.037909465651554036,0.00522005131660569,0.5666823004910485,0.5100695135807064,0.004567511579028938,0.004617499906118323,0,2.0,0.0
1781,2023-01-21 22:24:59.999,-0.0344219434258619,1653.545,143.7358,1.215e-05,10037959436.0,-0.03790435809584837,0.0052180635199600405,0.6673768260324168,0.5666823004910485,0.004566495581486553,0.004616348770915003,0,2.0,0.0
1782,2023-01-21 22:25:59.999,-0.033208733256778,1652.1750000000002,141.8282,1.212e-05,19387686382.0,-0.03789873666003504,0.005216578422430405,0.8990573942281443,0.6673768260324168,0.004565880783654629,0.004615185253303335,0,2.0,0.0
1783,2023-01-21 22:26:59.999,-0.0327973010256386,1651.165,495.6754,1.2105e-05,2658182152.0,-0.037893024029227944,0.005215405379675876,0.9770521431463544,0.8990573942281443,0.0045654425700111766,0.004613973797822595,0,2.0,0.0
1784,2023-01-21 22:27:59.999,-0.0315837466744817,1649.785,362.4626,1.2075e-05,18394495973.0,-0.03788649046342768,0.005214465435987222,1.2087037235778932,0.9770521431463544,0.004565645523117042,0.004612728758051344,0,2.0,0.0
1785,2023-01-21 22:28:59.999,-0.0319560203949187,1649.735,153.5941,1.208e-05,8979767455.0,-0.03788029046803923,0.005213551461415755,1.1363213956867284,1.2087037235778932,0.004565630793143702,0.004611482861257479,0,2.0,0.0
1786,2023-01-21 22:29:59.999,-0.0320971642694445,1650.63,187.4678,1.209e-05,4357342002.0,-0.03787414535555983,0.00521254162577322,1.1082848830503838,1.1363213956867284,0.004565537379705202,0.004610250230392604,0,2.0,0.0
1787,2023-01-21 22:30:59.999,-0.0316114522836343,1649.1750000000002,45.4415,1.207e-05,5182672917.0,-0.03786779708254433,0.005211814965912602,1.200415755323064,1.1082848830503838,0.00456571866008645,0.004608966647110445,0,2.0,0.0
1788,2023-01-21 22:31:59.999,-0.0318984370467951,1649.83,67.6257,1.208e-05,3092947070.0,-0.03786126762747407,0.005210454583722896,1.144397381239335,1.200415755323064,0.004565731779256503,0.004607782827646871,0,2.0,0.0
1789,2023-01-21 22:32:59.999,-0.0324364862347081,1650.07,87.4242,1.209e-05,1906842907.0,-0.03785514614636495,0.005209056941831987,1.040238179802109,1.144397381239335,0.004565459105317885,0.004606706689332816,0,2.0,0.0
1790,2023-01-21 22:33:59.999,-0.0336152399863536,1649.815,54.86,1.2105e-05,1937423663.0,-0.03784973978853138,0.0052073943476035525,0.8131705646849079,1.040238179802109,0.0045646870185690296,0.004605602750023641,0,2.0,0.0
1791,2023-01-21 22:34:59.999,-0.035006147558473,1649.77,271.7626,1.2125e-05,4375007606.0,-0.03784501320752068,0.005205339456939331,0.5453756998043878,0.8131705646849079,0.004563545748304291,0.004604471232411606,0,2.0,0.0
1792,2023-01-21 22:35:59.999,-0.0342003612186729,1649.975,61.0832,1.2114999999999998e-05,1566565702.0,-0.03784003451049674,0.005203679897399946,0.6994421954437332,0.5453756998043878,0.004562590333767602,0.004603342723162142,0,2.0,0.0
1793,2023-01-21 22:36:59.999,-0.0345869314206339,1648.775,515.9394,1.211e-05,6141371410.0,-0.0378352049240419,0.005201855595788443,0.6244451510799132,0.6994421954437332,0.004561536861232856,0.004602169946954911,0,2.0,0.0
1794,2023-01-21 22:37:59.999,-0.0344896840608228,1650.06,88.0371,1.212e-05,2551366641.0,-0.03783022361004846,0.005199904794250587,0.642423213770994,0.6244451510799132,0.004560507133866935,0.004601048653936533,0,2.0,0.0
1795,2023-01-21 22:38:59.999,-0.0336462768546184,1652.015,508.8197,1.2125e-05,2291780575.0,-0.037824689963606994,0.005197994067659923,0.8038510730485824,0.642423213770994,0.0045597262805858905,0.004599958715834338,0,2.0,0.0
1796,2023-01-21 22:39:59.999,-0.0336146298842336,1652.63,192.2197,1.213e-05,4720149777.0,-0.037818974454610604,0.0051958323798822785,0.8091763288315045,0.8038510730485824,0.0045589566130000625,0.004598894260358822,0,2.0,0.0
1797,2023-01-21 22:40:59.999,-0.0335464038143555,1652.18,65.9974,1.2125e-05,1380877098.0,-0.03781314223772942,0.005193554212118062,0.8215449861712014,0.8091763288315045,0.004558211211885833,0.00459789430219984,0,2.0,0.0
1798,2023-01-21 22:41:59.999,-0.0339641210863774,1651.49,72.4217,1.2125e-05,1692176427.0,-0.037807352540275646,0.005190870512819803,0.740382840297535,0.8215449861712014,0.004557327453396919,0.00459678716751959,0,2.0,0.0
1799,2023-01-21 22:42:59.999,-0.033719996738057,1650.205,61.3361,1.211e-05,2602622150.0,-0.037801605707169214,0.005188520598593443,0.7866614175568077,0.740382840297535,0.0045565223591179345,0.004595710380310904,0,2.0,0.0
1800,2023-01-21 22:43:59.999,-0.0336472811438604,1650.3249999999998,77.6396,1.211e-05,1112895784.0,-0.03779597220322239,0.005186421745403715,0.7999139412521982,0.7866614175568077,0.004555742202704953,0.004594822646790223,0,2.0,0.0
1801,2023-01-21 22:44:59.999,-0.0331204966799489,1649.505,1019.2122,1.2095e-05,10635871329.0,-0.03779017698545859,0.005184648986052253,0.9006743403597943,0.7999139412521982,0.004555160226439183,0.004593934152773364,0,2.0,0.0
1802,2023-01-21 22:45:59.999,-0.03272045667061,1650.165,26.6108,1.2095e-05,1739586599.0,-0.03778429514619575,0.00518319029565889,0.976973289949802,0.9006743403597943,0.004554750828909452,0.004592887200417013,0,2.0,0.0
1803,2023-01-21 22:46:59.999,-0.0327325767441806,1650.145,33.2726,1.2095e-05,4282893786.0,-0.03777859063997038,0.0051819663075528466,0.9737643196242114,0.976973289949802,0.004554335386943028,0.004591782989048668,0,2.0,0.0
1804,2023-01-21 22:47:59.999,-0.0329558132238858,1650.34,51.1731,1.21e-05,1603560284.0,-0.03777273522979048,0.005180266577836482,0.9298598698595255,0.9737643196242114,0.004553821151179495,0.004590674574805889,0,2.0,0.0
1805,2023-01-21 22:48:59.999,-0.0330729020116749,1650.71,51.7153,1.2105e-05,2320407420.0,-0.03776688569452084,0.005178436291480994,0.9064480894682387,0.9298598698595255,0.004553257524350817,0.004589537335762181,0,2.0,0.0
1806,2023-01-21 22:49:59.999,-0.0331698346980573,1650.55,73.429,1.2105e-05,1662915050.0,-0.03776091789453541,0.00517630251790132,0.8869425966895607,0.9064480894682387,0.004552654353115977,0.00458833644442122,0,2.0,0.0
1807,2023-01-21 22:50:59.999,-0.0333031324855142,1650.33,54.4688,1.2105e-05,663923302.0,-0.0377550505904758,0.005174169029077499,0.8604121898498032,0.8869425966895607,0.00455199887823615,0.004587072945611456,0,2.0,0.0
1808,2023-01-21 22:51:59.999,-0.0333485789745502,1650.255,25.3978,1.2105e-05,535789123.0,-0.037749444158323944,0.005172379489334511,0.8508395783504213,0.8604121898498032,0.004551326091449996,0.0045858103549754935,0,2.0,0.0
1809,2023-01-21 22:52:59.999,-0.0333606983871241,1650.235,28.9677,1.2105e-05,668032339.0,-0.03774413716113603,0.0051709988229579305,0.8476967263172778,0.8508395783504213,0.004550648741692398,0.004584523225184125,0,2.0,0.0
1810,2023-01-21 22:53:59.999,-0.0333576685202103,1650.24,44.9632,1.2105e-05,688976034.0,-0.03773877579955576,0.005169540357135765,0.8474848780894042,0.8476967263172778,0.004549972535865045,0.004583227721883059,0,2.0,0.0
1811,2023-01-21 22:54:59.999,-0.0331728639959116,1650.545,47.7097,1.2105e-05,1278347583.0,-0.03773318863915243,0.005167950261989572,0.8824242517932414,0.8474848780894042,0.004549367739883206,0.004581942301442212,0,2.0,0.0
1812,2023-01-21 22:55:59.999,-0.0330244391917347,1650.79,29.6848,1.2105e-05,559210142.0,-0.03772756111360782,0.005166456263478868,0.9103187333877164,0.8824242517932414,0.00454882310210814,0.004580936961946949,0,2.0,0.0
1813,2023-01-21 22:56:59.999,-0.0331122797823226,1650.645,37.6898,1.2105e-05,562547396.0,-0.03772215552030335,0.005165173919776954,0.8924918714411497,0.9103187333877164,0.0045482422493696925,0.004580055627370714,0,2.0,0.0
1814,2023-01-21 22:57:59.999,-0.0332061868779831,1650.49,28.1932,1.2105e-05,519083942.0,-0.037716783692545434,0.0051638339113636135,0.8734976554215353,0.8924918714411497,0.004547623840315627,0.004579077670821909,0,2.0,0.0
1815,2023-01-21 22:58:59.999,-0.0335679956733692,1649.33,149.2585,1.21e-05,1250728041.0,-0.037711635277890475,0.005162423867271986,0.8026538910899095,0.8734976554215353,0.004546871427473766,0.004577988321365947,0,2.0,0.0
1816,2023-01-21 22:59:59.999,-0.0371651036572409,1637.235,4434.6526,1.2045e-05,31146756178.0,-0.0377080724494455,0.005160143737914678,0.10522357898968594,0.8026538910899095,0.004545651066594373,0.00457695195493385,0,2.0,0.0
1817,2023-01-21 23:00:59.999,-0.0364534151292481,1633.905,2222.3016,1.2005e-05,28747353897.0,-0.037704317308924144,0.0051581037010148285,0.24251202615991124,0.10522357898968594,0.004544400035459249,0.0045758601887299485,0,2.0,0.0
1818,2023-01-21 23:01:59.999,-0.0340673722558868,1640.625,602.9257,1.203e-05,18117665013.0,-0.03769940157791783,0.005156507634501994,0.704358371881244,0.24251202615991124,0.004543491138568594,0.0045747328611265795,0,2.0,0.0
1819,2023-01-21 23:02:59.999,-0.0346322049573402,1641.95,701.4957,1.205e-05,2260601354.0,-0.037694675054133084,0.005154637576173516,0.5941193830869235,0.704358371881244,0.004542439843857974,0.004573611395860942,0,2.0,0.0
1820,2023-01-21 23:03:59.999,-0.0360625939308967,1640.165,618.1863,1.2055e-05,2556059006.0,-0.03769064800788646,0.005152512815873534,0.3159728340653826,0.5941193830869235,0.004541200340247513,0.004572487313351678,0,2.0,0.0
1821,2023-01-21 23:04:59.999,-0.0366752621084565,1640.845,512.6661,1.207e-05,3620562088.0,-0.03768697166551587,0.005150402620115174,0.19643310080421372,0.3159728340653826,0.004539956636338121,0.004571322889014453,0,2.0,0.0
1822,2023-01-21 23:05:59.999,-0.0373184302977662,1639.79,557.6836,1.207e-05,4176089157.0,-0.03768354764539057,0.005148187599305985,0.0709215312343304,0.19643310080421372,0.004538757280913615,0.004570132890825761,0,2.0,0.0
1823,2023-01-21 23:06:59.999,-0.0379890181337501,1638.13,475.5946,1.2065e-05,9777671995.0,-0.03768017267616253,0.005145596074206296,-0.060021317867476255,0.0709215312343304,0.004537657217035295,0.004568943581395068,3,2.0,0.0
1824,2023-01-21 23:07:59.999,-0.0382053463919049,1637.215,399.1358,1.206e-05,4232301499.0,-0.03767693342101768,0.00514306151345502,-0.10274288368995962,-0.060021317867476255,0.004536601214029538,0.004567795350590423,0,2.0,3.0
1825,2023-01-21 23:08:59.999,-0.0378735334483515,1638.88,282.8634,1.207e-05,6446370542.0,-0.03767371643578194,0.005140763818379768,-0.038869129107848885,-0.10274288368995962,0.004535481905609017,0.004566749580872149,0,2.0,0.0
1826,2023-01-21 23:09:59.999,-0.0374160085281403,1639.63,257.9931,1.207e-05,1939538219.0,-0.03767033535990272,0.005138530086377914,0.04949408244910888,-0.038869129107848885,0.004534297014507445,0.00456603448311261,4,2.0,0.0
1827,2023-01-21 23:10:59.999,-0.0373017806036557,1638.695,228.5577,1.206e-05,1174031342.0,-0.03766673512878935,0.005136062213131499,0.07105726332530732,0.04949408244910888,0.0045331004243270336,0.004565769030356034,0,2.0,4.0
1828,2023-01-21 23:11:59.999,-0.0368341553746347,1638.9,140.9562,1.2055e-05,1011189153.0,-0.037663028000743955,0.0051337715014837925,0.161454912021248,0.07105726332530732,0.004531869551475189,0.004565721939878963,0,2.0,0.0
1829,2023-01-21 23:12:59.999,-0.0371789582377779,1638.335,366.9536,1.2055e-05,206157998.0,-0.037659734208303194,0.005131798304957263,0.09368567156290422,0.161454912021248,0.004530663085919732,0.004565663807359394,0,2.0,0.0
1830,2023-01-21 23:13:59.999,-0.0371301293676999,1638.415,270.2157,1.2055e-05,851471665.0,-0.037656387972510696,0.005129785653984055,0.10258880980769128,0.09368567156290422,0.0045294533999794715,0.004565634475637037,0,2.0,0.0
1831,2023-01-21 23:14:59.999,-0.0367100212921052,1639.665,261.5021,1.206e-05,4166358112.0,-0.03765280248254279,0.0051277388761334,0.18385904844446804,0.10258880980769128,0.004528220599597384,0.004565560733064827,0,2.0,0.0
1832,2023-01-21 23:15:59.999,-0.0362443933260578,1639.3049999999998,525.0718,1.205e-05,5004503745.0,-0.03764884544978375,0.005125525831776587,0.27401132485155155,0.18385904844446804,0.004526986979928314,0.0045654786739147135,0,2.0,0.0
1833,2023-01-21 23:16:59.999,-0.0365697646857157,1638.21,127.9395,1.2045e-05,2585304489.0,-0.03764517033136865,0.0051234518651881765,0.2098986530858055,0.27401132485155155,0.0045257528983228155,0.004565446703837853,0,2.0,0.0
1834,2023-01-21 23:17:59.999,-0.0366328177980506,1637.545,355.7453,1.204e-05,2477600727.0,-0.037641404296028004,0.005121204410564899,0.19694322216405108,0.2098986530858055,0.0045245210151269675,0.004564875906429566,0,2.0,0.0
1835,2023-01-21 23:18:59.999,-0.0367334606878344,1635.695,655.883,1.2025e-05,4217654122.0,-0.03763778477076618,0.005119081566368838,0.1766574865446517,0.19694322216405108,0.004523293026408622,0.004563831065870476,0,2.0,0.0
1836,2023-01-21 23:19:59.999,-0.0360306426643184,1636.845,220.4002,1.2025e-05,256268129.0,-0.03763402946105114,0.0051172836090290245,0.3133277182260715,0.1766574865446517,0.0045220713539996385,0.004562829187401775,0,2.0,0.0
1837,2023-01-21 23:20:59.999,-0.0341640911570806,1633.705,1203.2186,1.197e-05,39539813800.0,-0.037629208597896584,0.005115645074806619,0.6773568905084708,0.3133277182260715,0.0045211533102449564,0.004561800229366543,0,2.0,0.0
1838,2023-01-21 23:21:59.999,-0.0316317967954411,1633.325,584.6793,1.193e-05,28595967379.0,-0.03762309896651711,0.005114923611160233,1.1713375656292522,0.6773568905084708,0.004521315668398714,0.004560764565708415,0,2.0,0.0
1839,2023-01-21 23:22:59.999,-0.0316844900479935,1629.28,1851.2534,1.1895e-05,32770039040.0,-0.037617221389642345,0.005114450028846267,1.1599939990003516,1.1713375656292522,0.004521446039688947,0.004559921493906152,0,2.0,0.0
1840,2023-01-21 23:23:59.999,-0.031738849644892,1628.06,1882.0367,1.1885e-05,23720638388.0,-0.03761135106249317,0.005113916832243774,1.1483372941410472,1.1599939990003516,0.004521543923392152,0.0045591490298965195,0,2.0,0.0
1841,2023-01-21 23:24:59.999,-0.0324676244845179,1629.135,653.9846,1.1905e-05,10301292121.0,-0.03760592653567963,0.005113155722860082,1.0049179664505865,1.1483372941410472,0.004521261155100056,0.00455839756216439,0,2.0,0.0
1842,2023-01-21 23:25:59.999,-0.0345480055183955,1628.005,2617.5707,1.1924999999999998e-05,5823829482.0,-0.03760143619877134,0.005111580100430441,0.5973555378930119,1.0049179664505865,0.004520247098805492,0.004557548393019147,0,2.0,0.0
1843,2023-01-21 23:26:59.999,-0.0340059299678792,1630.58,392.5302,1.194e-05,4413852856.0,-0.03759657985479127,0.005110010563894854,0.7026697581179316,0.5973555378930119,0.0045193738953118985,0.00455672363268768,0,2.0,0.0
1844,2023-01-21 23:27:59.999,-0.0332536263241891,1627.855,613.4744,1.1905e-05,8316364671.0,-0.03759160177586843,0.005109001347624444,0.8490848125722995,0.7026697581179316,0.004518753881252444,0.004555937241808199,0,2.0,0.0
1845,2023-01-21 23:28:59.999,-0.0321177516171395,1624.615,1575.9028,1.186e-05,10312466995.0,-0.03758586741211113,0.005108190761824848,1.0704603743142522,0.8490848125722995,0.0045186436275611724,0.004555305720505626,0,2.0,0.0
1846,2023-01-21 23:29:59.999,-0.0332015422218461,1627.375,799.3759,1.19e-05,8773716981.0,-0.03758054882075161,0.005106772035795227,0.8574901264852748,1.0704603743142522,0.00451804300693024,0.004554853178291885,0,2.0,0.0
1847,2023-01-21 23:30:59.999,-0.0329066349720648,1627.29,291.8182,1.1895e-05,5112986077.0,-0.03757532156635802,0.0051057748214784595,0.9143933599761306,0.8574901264852748,0.004517561374188988,0.004554439247434634,0,2.0,0.0
1848,2023-01-21 23:31:59.999,-0.0335540994728305,1628.495,535.5726,1.1915e-05,5564474526.0,-0.03757023339840657,0.005104303157753619,0.7868133614821489,0.9143933599761306,0.004516831868873906,0.004553949710120378,0,2.0,0.0
1849,2023-01-21 23:32:59.999,-0.0341739268808112,1630.87,478.6243,1.1945e-05,4663063530.0,-0.03756545010659668,0.005102642291471032,0.6646601960428122,0.7868133614821489,0.00451591273141552,0.004553398431057986,0,2.0,0.0
1850,2023-01-21 23:33:59.999,-0.034344875991497,1631.155,485.8385,1.195e-05,15451872721.0,-0.03756070862584374,0.005100874053690358,0.63044737048941,0.6646601960428122,0.004514949864009756,0.004552805145924687,0,2.0,0.0
1851,2023-01-21 23:34:59.999,-0.0333727013033033,1629.355,310.4766,1.192e-05,4517197786.0,-0.03755534601931092,0.005099185064248343,0.8202574849328739,0.63044737048941,0.004514285339360862,0.0045521627469561066,0,2.0,0.0
1852,2023-01-21 23:35:59.999,-0.0320835188785153,1628.63,418.3845,1.1895e-05,19857933178.0,-0.03754915585964815,0.005097707908767309,1.0721753931277151,0.8202574849328739,0.004514189548457903,0.004551494288146534,0,2.0,0.0
1853,2023-01-21 23:36:59.999,-0.0320129098758386,1628.745,204.1436,1.1895e-05,9957012895.0,-0.0375431629987395,0.005096603854348586,1.085085927991501,1.0721753931277151,0.0045141294949218895,0.004550818079131797,0,2.0,0.0
1854,2023-01-21 23:37:59.999,-0.0328665842912556,1629.615,225.7167,1.1915e-05,3547615553.0,-0.037537304845327364,0.005094703324492988,0.9167796938473513,1.085085927991501,0.00451366314950904,0.004550141587321884,0,2.0,0.0
1855,2023-01-21 23:38:59.999,-0.0332433068775905,1630.695,162.7783,1.193e-05,957906974.0,-0.037531505519519746,0.005092457894815314,0.8420685512775878,0.9167796938473513,0.004513045498517318,0.0045495189388786664,0,2.0,0.0
1856,2023-01-21 23:39:59.999,-0.0324156591969959,1630.35,198.5243,1.1915e-05,2659712409.0,-0.037525180224194835,0.00509032274606565,1.0037715253218717,0.8420685512775878,0.004512781377460523,0.004548959261551907,0,2.0,0.0
1857,2023-01-21 23:40:59.999,-0.0318321752939141,1629.605,723.7073,1.19e-05,3817862896.0,-0.03751867800480877,0.005088620184617977,1.1174940366121235,1.0037715253218717,0.004512814595211535,0.004548387462554305,0,2.0,0.0
1858,2023-01-21 23:41:59.999,-0.0310435469591929,1628.06,281.539,1.1875e-05,6357920768.0,-0.03751176975744395,0.005087277040717726,1.2714508658522938,1.1174940366121235,0.004513313336862927,0.004547778442579143,0,2.0,0.0
1859,2023-01-21 23:42:59.999,-0.0305432338722191,1627.175,695.1294,1.186e-05,3994392968.0,-0.03750465619685864,0.005086273425919655,1.3686685204857694,1.2714508658522938,0.004514143866935329,0.004547059530684231,0,2.0,0.0
1860,2023-01-21 23:43:59.999,-0.0317208132681443,1625.26,1251.3313,1.186e-05,4616422027.0,-0.037498010161631457,0.005084447433810007,1.1362487209663297,1.3686685204857694,0.004514232941766205,0.004545956156814221,0,2.0,0.0
1861,2023-01-21 23:44:59.999,-0.02953799980828,1624.84,456.5672,1.1825e-05,23745588579.0,-0.03749066840411234,0.005084486769184027,1.5641044921252896,1.1362487209663297,0.0045158178785671965,0.00454471279324303,0,2.0,0.0
1862,2023-01-21 23:45:59.999,-0.0291640401356545,1624.88,718.2908,1.182e-05,11290094560.0,-0.037483111698137755,0.005084726949027725,1.6360901275286739,1.5641044921252896,0.00451771044559872,0.0045437183627912575,0,2.0,0.0
1863,2023-01-21 23:46:59.999,-0.0307143626806372,1626.33,790.6554,1.1855e-05,4188428511.0,-0.03747629961814412,0.005083934173862713,1.3300598918591575,1.6360901275286739,0.00451840980434625,0.004542702667535628,0,2.0,0.0
1864,2023-01-21 23:47:59.999,-0.0312632103103602,1624.3049999999998,498.62,1.1845e-05,6787055733.0,-0.03746954625589564,0.005082494121417058,1.2211201424479046,1.3300598918591575,0.004518754781458437,0.004541510216150128,0,2.0,0.0
1865,2023-01-21 23:48:59.999,-0.0318328468514721,1623.38,393.0382,1.1845e-05,5285469265.0,-0.037463322982868544,0.005081162297069033,1.1081079096104198,1.2211201424479046,0.004518771067396539,0.004540267562315469,0,2.0,0.0
1866,2023-01-21 23:49:59.999,-0.0316586512663192,1624.795,297.0326,1.1855e-05,3735916850.0,-0.03745697958508673,0.005079852079710469,1.1414364488932152,1.1081079096104198,0.0045188817203087915,0.004539057119769742,0,2.0,0.0
1867,2023-01-21 23:50:59.999,-0.0327369949739768,1624.74,459.3109,1.187e-05,3326752845.0,-0.03745100706221651,0.0050778137509367985,0.9283546658973125,1.1414364488932152,0.0045184567998909535,0.004537932233004875,0,2.0,0.0
1868,2023-01-21 23:51:59.999,-0.0333216426116962,1626.05,397.4463,1.189e-05,2462334681.0,-0.03744500408836231,0.005075026727591304,0.8124807410862893,0.9283546658973125,0.004517799723555967,0.004536865214780977,0,2.0,0.0
1869,2023-01-21 23:52:59.999,-0.0334598547250557,1626.39,394.4393,1.1895e-05,3890382408.0,-0.03743899792817453,0.005072061843931698,0.784521822792746,0.8124807410862893,0.004517093842688415,0.004535761732714147,0,2.0,0.0
1870,2023-01-21 23:53:59.999,-0.0335680058673837,1624.52,265.1626,1.188e-05,5805476470.0,-0.03743293881977773,0.005068864223927647,0.7624850028828078,0.784521822792746,0.004516351476966255,0.004534593237282838,0,2.0,0.0
1871,2023-01-21 23:54:59.999,-0.0327581082684034,1623.575,407.0789,1.186e-05,2855669831.0,-0.03742651115664749,0.005065984563196811,0.9215193670661658,0.7624850028828078,0.004515916672584808,0.004533399571872137,0,2.0,0.0
1872,2023-01-21 23:55:59.999,-0.0336293866131001,1624.985,201.3365,1.1885e-05,1609127774.0,-0.03742065163901255,0.005063052692962707,0.7488101064367834,0.9215193670661658,0.00451515428816942,0.00453217726968815,0,2.0,0.0
1873,2023-01-21 23:56:59.999,-0.0340779786924265,1625.385,225.0005,1.1895e-05,1808447227.0,-0.03741514915012429,0.0050602232348443766,0.6594907581780672,0.7488101064367834,0.004514258786596013,0.004530964702308597,0,2.0,0.0
1874,2023-01-21 23:57:59.999,-0.0335589002348122,1623.9699999999998,622.7022,1.1875e-05,3639300000.0,-0.03740926098175674,0.0050573064633229374,0.7613461384767718,0.6594907581780672,0.004513520046297982,0.004529755821464537,0,2.0,0.0
1875,2023-01-21 23:58:59.999,-0.0327834664824955,1625.795,327.5537,1.188e-05,3372780845.0,-0.03740325683140019,0.005055095739061922,0.9138878049739938,0.7613461384767718,0.004513074036111665,0.004528528799692906,0,2.0,0.0
1876,2023-01-21 23:59:59.999,-0.0319156624311851,1626.075,128.2376,1.187e-05,1791986143.0,-0.03739658749180352,0.005052827794059734,1.084724293802763,0.9138878049739938,0.004513038870543935,0.004527295384845581,0,2.0,0.0
1877,2023-01-22 00:00:59.999,-0.0324628381652338,1624.62,529.4526,1.1865e-05,5595958758.0,-0.03739057511310609,0.005050968077468436,0.9756024730890974,1.084724293802763,0.004512733155804631,0.00452606141872419,0,2.0,0.0
1878,2023-01-22 00:01:59.999,-0.033349503653028,1624.875,470.6717,1.188e-05,2935619650.0,-0.03738508898982605,0.0050489184336264285,0.7992969959507655,0.9756024730890974,0.004512065700529824,0.004524828985925929,0,2.0,0.0
1879,2023-01-22 00:02:59.999,-0.0334327328381718,1623.61,327.1842,1.187e-05,2861297559.0,-0.03737973403330292,0.005046973237133122,0.7820531256419282,0.7992969959507655,0.004511369180393504,0.004523600023588209,0,2.0,0.0
1880,2023-01-22 00:03:59.999,-0.0338380643222535,1625.775,445.8649,1.1895e-05,8463184238.0,-0.03737439120217756,0.005044610626485624,0.7010108691753821,0.7820531256419282,0.004510542792143025,0.004522376772101884,0,2.0,0.0
1881,2023-01-22 00:04:59.999,-0.0348828271215104,1627.46,414.7374,1.1925e-05,6394840713.0,-0.03736942681618445,0.005041783059817835,0.49319847069419465,0.7010108691753821,0.004509471262432358,0.004521675781044024,0,2.0,0.0
1882,2023-01-22 00:05:59.999,-0.0356251256014594,1628.505,169.6276,1.1945e-05,7548120019.0,-0.03736490317245846,0.00503896182877755,0.3452650823951835,0.49319847069419465,0.004508304318418695,0.004521470510614748,0,2.0,0.0
1883,2023-01-22 00:06:59.999,-0.0359462506933141,1628.545,136.4301,1.195e-05,4192912342.0,-0.03736027010398394,0.005035662337366449,0.28080107758165235,0.3452650823951835,0.004507116811375477,0.004521348261221272,0,2.0,0.0
1884,2023-01-22 00:07:59.999,-0.0354275171894542,1629.39,121.6252,1.195e-05,2034099516.0,-0.03735538140088451,0.005032409546530622,0.3830896896615648,0.28080107758165235,0.004505970931867054,0.00452127478342472,0,2.0,0.0
1885,2023-01-22 00:08:59.999,-0.0359098125961239,1629.73,492.4764,1.196e-05,3471622720.0,-0.037350385154863816,0.005028483545943899,0.2864825042336906,0.3830896896615648,0.004504787096257711,0.004521180271458731,0,2.0,0.0
1886,2023-01-22 00:09:59.999,-0.0356122615616243,1630.215,201.8657,1.196e-05,3605369636.0,-0.03734513436033353,0.00502437252195611,0.34489337546862026,0.2864825042336906,0.004503624898800908,0.0045204736516653585,0,2.0,0.0
1887,2023-01-22 00:10:59.999,-0.0356539204524253,1630.71,314.2959,1.1965e-05,312343792.0,-0.03734010472246276,0.005020623890893262,0.33585154090032054,0.34489337546862026,0.0045024600762663125,0.0045195921961852965,0,2.0,0.0
1888,2023-01-22 00:11:59.999,-0.0353626787028567,1631.185,209.7361,1.1965e-05,1387425922.0,-0.037334934280661536,0.005016905576234613,0.39312192502636134,0.33585154090032054,0.004501325042507221,0.004519004764059568,0,2.0,0.0
1889,2023-01-22 00:12:59.999,-0.0355838792821892,1631.9499999999998,633.599,1.1975e-05,3436589005.0,-0.03732999356470307,0.005013371422974408,0.34829142610740493,0.39312192502636134,0.004500168033464877,0.004518798730624603,0,2.0,0.0
1890,2023-01-22 00:13:59.999,-0.0357632680757546,1632.22,157.1439,1.198e-05,7364780381.0,-0.03732500816308519,0.005009571293710884,0.3117512449201458,0.34829142610740493,0.004498997637062499,0.004518758852942962,0,2.0,0.0
1891,2023-01-22 00:14:59.999,-0.0368520104517529,1632.13,318.207,1.1995e-05,6884229781.0,-0.03732061929852447,0.005005829693968739,0.0936126227658458,0.3117512449201458,0.004497822681310109,0.004518754106303942,0,2.0,0.0
1892,2023-01-22 00:15:59.999,-0.0360267476622055,1631.79,379.851,1.198e-05,4262062197.0,-0.03731593189102727,0.005002297441787146,0.25771842714758525,0.0936126227658458,0.004496640045249731,0.00451867119098399,0,2.0,0.0
1893,2023-01-22 00:16:59.999,-0.0364831128424931,1632.17,74.6701,1.199e-05,3480041845.0,-0.037311423422384755,0.004998656225590044,0.1657066504496176,0.25771842714758525,0.004495453218990565,0.0045185035068085085,0,2.0,0.0
1894,2023-01-22 00:17:59.999,-0.0355466109917692,1630.885,359.228,1.1965e-05,3409710915.0,-0.03730678773903,0.004995646839532393,0.3523421098008511,0.1657066504496176,0.004494304246943087,0.004518421553232426,0,2.0,0.0
1895,2023-01-22 00:18:59.999,-0.0362121153505441,1629.8,334.3231,1.1965e-05,4501017779.0,-0.03730239041987423,0.004992427125016858,0.21838577550122018,0.3523421098008511,0.0044931193764644085,0.004518134706284242,0,2.0,0.0
1896,2023-01-22 00:19:59.999,-0.0365310478861609,1630.405,276.3822,1.1975e-05,1987417073.0,-0.037298008578942304,0.00498894738937482,0.15373196646948722,0.21838577550122018,0.004491936247595181,0.004517860544399535,0,2.0,0.0
1897,2023-01-22 00:20:59.999,-0.0366308562129873,1629.68,316.6447,1.197e-05,2877336346.0,-0.037293641653665874,0.004985399935252399,0.13294529010439776,0.15373196646948722,0.004490756755280571,0.004517732765088031,0,2.0,0.0
1898,2023-01-22 00:21:59.999,-0.0366383889409966,1630.23,216.6723,1.1975e-05,5669614583.0,-0.03728922650933067,0.004981754021687399,0.13064426013422872,0.13294529010439776,0.00448957844278701,0.004517598642041421,0,2.0,0.0
1899,2023-01-22 00:22:59.999,-0.0338974404637824,1631.885,354.8429,1.195e-05,31446145284.0,-0.03728337092827962,0.004978302812140106,0.680137507152092,0.13064426013422872,0.004488748984721552,0.004517210725563559,0,2.0,0.0
1900,2023-01-22 00:23:59.999,-0.0332392800709371,1632.395,134.821,1.1945e-05,1503479638.0,-0.03727724305151451,0.004975129629688986,0.8116297023661349,0.680137507152092,0.0044881343951724655,0.004516897362327533,0,2.0,0.0
1901,2023-01-22 00:24:59.999,-0.0330003958428974,1632.785,324.7532,1.1945e-05,767268651.0,-0.03727090468882713,0.004971852111350307,0.8589372230482333,0.8116297023661349,0.004487610108248549,0.004516471574943167,0,2.0,0.0
1902,2023-01-22 00:25:59.999,-0.0330003958428974,1632.785,345.8053,1.1945e-05,4247892648.0,-0.03726478888882732,0.00496897581693752,0.8582036224434977,0.8589372230482333,0.00448708562200504,0.00451602537368017,0,2.0,0.0
1903,2023-01-22 00:26:59.999,-0.0335288189620577,1633.615,320.1391,1.196e-05,7820461900.0,-0.03725877865924782,0.004965638654155378,0.7511540724109665,0.8582036224434977,0.004486370444659137,0.004515913716707842,0,2.0,0.0
1904,2023-01-22 00:27:59.999,-0.033139775154332,1634.815,308.2905,1.1965e-05,1588715731.0,-0.0372525495541643,0.004962361541940403,0.8287937839821531,0.7511540724109665,0.004485792375015428,0.004515841591779277,0,2.0,0.0
1905,2023-01-22 00:28:59.999,-0.0325435551712516,1635.79,370.2501,1.1965e-05,5102496840.0,-0.03724617560480988,0.004959563127081607,0.9481924744297957,0.8287937839821531,0.004485458246287586,0.0045153201857688645,0,2.0,0.0
1906,2023-01-22 00:29:59.999,-0.0325101260129194,1635.28,330.0933,1.196e-05,4258976700.0,-0.03723996154663353,0.004957083881808694,0.9541568483582635,0.9481924744297957,0.004485138458232884,0.0045150009700496724,0,2.0,0.0
1907,2023-01-22 00:30:59.999,-0.0332044377317046,1634.145,247.944,1.196e-05,757284174.0,-0.03723396976936191,0.00495413540556922,0.8133673603526235,0.9541568483582635,0.004484535745091144,0.004514451470523086,0,2.0,0.0
1908,2023-01-22 00:31:59.999,-0.0340860209652547,1632.705,209.8592,1.196e-05,1340981855.0,-0.037227943314108565,0.004950042021221482,0.6347263993687393,0.8133673603526235,0.004483655929295057,0.004514265424787225,0,2.0,0.0
1909,2023-01-22 00:32:59.999,-0.0343900630532303,1631.645,229.8438,1.1955e-05,1391125962.0,-0.03722200550113583,0.004945748264239663,0.5726014136995101,0.6347263993687393,0.004482702123381242,0.004514239402973657,0,2.0,0.0
1910,2023-01-22 00:33:59.999,-0.0345923333851558,1631.315,150.545,1.1955e-05,2527367160.0,-0.037216080737887736,0.004941227486121785,0.5309910057978801,0.5726014136995101,0.004481705384042256,0.0045142003967849785,0,2.0,0.0
1911,2023-01-22 00:34:59.999,-0.034559903877902,1632.495,44.4885,1.1965e-05,4820188115.0,-0.03721007369889049,0.0049365637789073194,0.5368450484347016,0.5309910057978801,0.0044807159285617385,0.004514155287315973,0,2.0,0.0
1912,2023-01-22 00:35:59.999,-0.0348621351315792,1632.565,128.1492,1.197e-05,3946385657.0,-0.03720421104584919,0.004931826959394404,0.47489012358973437,0.5368450484347016,0.004479669958831052,0.00451413308792525,0,2.0,0.0
1913,2023-01-22 00:36:59.999,-0.0351010515548502,1632.1750000000002,152.6799,1.197e-05,1914707364.0,-0.03719815236807422,0.004926365477325126,0.4256892475551135,0.47489012358973437,0.004478587113264507,0.004513783328865612,0,2.0,0.0
1914,2023-01-22 00:37:59.999,-0.0357936190465721,1631.045,210.9917,1.197e-05,1133712718.0,-0.037192531996300016,0.004921036668842518,0.28427200280483916,0.4256892475551135,0.004477433768960407,0.004513676001457319,0,2.0,0.0
1915,2023-01-22 00:38:59.999,-0.0351216491141457,1631.015,352.6833,1.196e-05,474930517.0,-0.03718668233883693,0.004915982469959922,0.42006521327324164,0.28427200280483916,0.004476349624782905,0.004513676001457319,0,2.0,0.0
1916,2023-01-22 00:39:59.999,-0.035651285579803,1631.84,238.5295,1.1975e-05,2588994645.0,-0.037181042101675124,0.004910749160960429,0.3115118430469654,0.42006521327324164,0.00447520808109124,0.004513676001457319,0,2.0,0.0
1917,2023-01-22 00:40:59.999,-0.0365031909618025,1631.575,161.2609,1.1985e-05,2542059369.0,-0.03717553888346558,0.004904841615679945,0.13707841645970809,0.3115118430469654,0.004474042464055454,0.004513676001457319,0,2.0,0.0
1918,2023-01-22 00:41:59.999,-0.0361048642620254,1631.1,129.3415,1.1975e-05,3296306934.0,-0.03717004610229063,0.004899391235020277,0.21741105969481173,0.13707841645970809,0.004472878897945583,0.004513676001457319,0,2.0,0.0
1919,2023-01-22 00:42:59.999,-0.0359669300564213,1631.3249999999998,67.7266,1.1975e-05,680985872.0,-0.0371643437598108,0.004893616967385282,0.24468888990903045,0.21741105969481173,0.0044717209398533585,0.004513185538658244,0,2.0,0.0
1920,2023-01-22 00:43:59.999,-0.0362090938369554,1630.9299999999998,118.482,1.1975e-05,720126103.0,-0.037158937895349055,0.004888216773311143,0.19431299847004496,0.24468888990903045,0.004470557104872692,0.004513047661935867,0,2.0,0.0
1921,2023-01-22 00:44:59.999,-0.0362412850584128,1630.315,359.2393,1.197e-05,4010810290.0,-0.037153634783210425,0.0048829931655934985,0.18684231041448404,0.19431299847004496,0.004469393791963529,0.004512809584489457,0,2.0,0.0
1922,2023-01-22 00:45:59.999,-0.0358334715921557,1630.98,73.3644,1.197e-05,1861416210.0,-0.03714820079578258,0.004877925714230247,0.2695262865097462,0.18684231041448404,0.004468245189419139,0.004512232564348526,0,2.0,0.0
1923,2023-01-22 00:46:59.999,-0.0353056005760059,1630.715,52.618,1.196e-05,1380226916.0,-0.03714244649046972,0.004872762044875444,0.37696195659617393,0.2695262865097462,0.004467144051187918,0.0045115433104275845,0,2.0,0.0
1924,2023-01-22 00:47:59.999,-0.0348804860222138,1630.845,66.4763,1.1955e-05,1369007246.0,-0.03713664851839115,0.004867996949412625,0.4634683463492264,0.37696195659617393,0.004466104760188323,0.004510749389205645,0,2.0,0.0
1925,2023-01-22 00:48:59.999,-0.0344644303298551,1630.96,146.5254,1.195e-05,1810744062.0,-0.037130482519255964,0.0048629402476383,0.5482387308163288,0.4634683463492264,0.004465146210574216,0.004509739144860025,0,2.0,0.0
1926,2023-01-22 00:49:59.999,-0.0351439400325617,1632.105,158.7564,1.197e-05,1674890944.0,-0.037124553785677104,0.0048575492091915955,0.40773930799663904,0.5482387308163288,0.004464068056781226,0.004508596054422111,0,2.0,0.0
1927,2023-01-22 00:50:59.999,-0.03490807616474,1632.49,123.1496,1.197e-05,1213513554.0,-0.037118802768902164,0.004852814130642137,0.4555555899417132,0.40773930799663904,0.004463026286588987,0.0045074136881362815,0,2.0,0.0
1928,2023-01-22 00:51:59.999,-0.0347620688819922,1632.165,53.6699,1.1965e-05,434551982.0,-0.03711268239331526,0.004847443066858422,0.4849182298589574,0.4555555899417132,0.004462010496307808,0.004506257401744159,0,2.0,0.0
1929,2023-01-22 00:52:59.999,-0.0347569121268449,1631.61,76.1533,1.196e-05,1082636401.0,-0.03710647794935899,0.004841874514164036,0.4852595447570693,0.4849182298589574,0.004460996318156884,0.004505083055160047,0,2.0,0.0
1930,2023-01-22 00:53:59.999,-0.0350439428555553,1631.705,66.7338,1.1965e-05,44921847.0,-0.03710080745568454,0.004837112167815861,0.42522573981533046,0.4852595447570693,0.004459935410403207,0.004503915448165109,0,2.0,0.0
1931,2023-01-22 00:54:59.999,-0.0350531357359749,1631.69,38.9795,1.1965e-05,496433586.0,-0.03709527930218853,0.004832623781299376,0.4225744975464553,0.42522573981533046,0.004458873892168723,0.004502751281899961,0,2.0,0.0
1932,2023-01-22 00:55:59.999,-0.0354184467216214,1632.2199999999998,97.7385,1.1975e-05,139901305.0,-0.037090049412430416,0.004828321114595275,0.3462078538554564,0.4225744975464553,0.004457767099817814,0.004501608800946994,0,2.0,0.0
1933,2023-01-22 00:56:59.999,-0.0353878140653662,1632.27,56.6545,1.1975e-05,374037744.0,-0.03708468348644523,0.004823767293415253,0.35177265358454657,0.3462078538554564,0.00445666439114124,0.0045004572857254635,0,2.0,0.0
1934,2023-01-22 00:57:59.999,-0.0358044986105632,1631.59,220.4277,1.1975e-05,245528313.0,-0.03707940074049582,0.004818915726826784,0.26456203059025774,0.35177265358454657,0.004455527492375235,0.004499290236163094,0,2.0,0.0
1935,2023-01-22 00:58:59.999,-0.0355006247477796,1630.96,417.2426,1.1965e-05,1246316554.0,-0.037074138004026806,0.004814427716389831,0.32683287587649806,0.26456203059025774,0.004454414987939901,0.004498116420248207,0,2.0,0.0
1936,2023-01-22 00:59:59.999,-0.0355777516622488,1631.96,84.6933,1.1975e-05,102274680.0,-0.037068925828587417,0.004809948616833129,0.31001873099434557,0.32683287587649806,0.004453296335883442,0.004496935704264826,0,2.0,0.0
1937,2023-01-22 01:00:59.999,-0.0363271617211751,1630.175,334.9355,1.197e-05,2602408698.0,-0.03706399507623202,0.004805245226407171,0.15333938651198512,0.31001873099434557,0.004452146656574867,0.004495749925555357,0,2.0,0.0
1938,2023-01-22 01:01:59.999,-0.0374738018491811,1627.745,187.3633,1.1965e-05,658506632.0,-0.037059721821168214,0.004800772633271585,-0.08625278879968629,0.15333938651198512,0.004451075071391858,0.004494591489954956,3,2.0,0.0
1939,2023-01-22 01:02:59.999,-0.0367985088071023,1627.72,142.9778,1.1955e-05,12505404614.0,-0.037055391732058136,0.00479678663138963,0.053553127269581106,-0.08625278879968629,0.004449940410386269,0.004493415594084078,4,2.0,3.0
1940,2023-01-22 01:03:59.999,-0.0369319764492637,1628.065,117.3291,1.196e-05,1791995755.0,-0.037051216298393516,0.004792965387471914,0.024878095185391937,0.053553127269581106,0.004448815040553949,0.004492232029812488,0,2.0,4.0
1941,2023-01-22 01:04:59.999,-0.0373171556741773,1628.0,48.0614,1.1965e-05,1433811871.0,-0.037047227754689147,0.0047891562468427035,-0.05636231218518042,0.024878095185391937,0.004447726378640689,0.004491051628359223,3,2.0,0.0
1942,2023-01-22 01:05:59.999,-0.0374615149878323,1627.765,252.4391,1.1965e-05,2990075431.0,-0.03704324669966499,0.004785234550287345,-0.0874081058664511,-0.05636231218518042,0.004446656362135778,0.0044898730209104,0,2.0,3.0
1943,2023-01-22 01:06:59.999,-0.0374307984949133,1627.815,195.8126,1.1965e-05,2009428005.0,-0.037039050422767984,0.004780916718086011,-0.08193994901926402,-0.0874081058664511,0.004445583115662083,0.004488956349237917,0,2.0,0.0
1944,2023-01-22 01:07:59.999,-0.0375332808496473,1628.21,442.6286,1.197e-05,2619674101.0,-0.03703493845148685,0.004776668429924653,-0.1043284467974489,-0.08193994901926402,0.0044445243913341925,0.004488288042559737,0,2.0,0.0
1945,2023-01-22 01:08:59.999,-0.0378342701238025,1627.7199999999998,208.0036,1.197e-05,916008587.0,-0.03703080143308877,0.0047721024973275865,-0.16836786116050095,-0.1043284467974489,0.004443513788958667,0.004487741179979529,0,2.0,0.0
1946,2023-01-22 01:09:59.999,-0.0380474186779267,1626.25,763.9542,1.196e-05,3433947693.0,-0.03702673209685818,0.004767483954502258,-0.21409334374468444,-0.16836786116050095,0.004442543712989385,0.004487216743565918,0,2.0,0.0
1947,2023-01-22 01:10:59.999,-0.0387386837854286,1624.565,566.2803,1.1955e-05,1540683409.0,-0.03702303193312409,0.004763050235399153,-0.36020024301942627,-0.21409334374468444,0.0044417395097838324,0.004486549238995613,0,2.0,0.0
1948,2023-01-22 01:11:59.999,-0.0378593427087352,1623.185,347.7629,1.193e-05,2703517721.0,-0.03701870347364456,0.004758037423350001,-0.1766777266116516,-0.36020024301942627,0.004440735161852199,0.004485936892426355,0,2.0,0.0
1949,2023-01-22 01:12:59.999,-0.0365079765922828,1625.38,246.4071,1.193e-05,4545782805.0,-0.037013635032275644,0.004752744802734797,0.10639292892433101,-0.1766777266116516,0.004439597683134433,0.004485541778469547,4,2.0,0.0
1950,2023-01-22 01:13:59.999,-0.0372168074045475,1625.915,290.1071,1.1945e-05,3271223086.0,-0.037009087935833664,0.004747847348980462,-0.043750241624436116,0.10639292892433101,0.004438504934931707,0.004485218405246559,3,2.0,4.0
1951,2023-01-22 01:14:59.999,-0.0371131895640601,1627.77,110.4806,1.196e-05,596153367.0,-0.037004348785700386,0.004742629299046783,-0.022949459360357704,-0.043750241624436116,0.004437402967542933,0.0044846864233765785,0,2.0,3.0
1952,2023-01-22 01:15:59.999,-0.0366402616091932,1628.54,159.7771,1.196e-05,4265987323.0,-0.03699949332291071,0.004737628266897407,0.07582522171009526,-0.022949459360357704,0.004436271838310007,0.004483875883244079,4,2.0,0.0
1953,2023-01-22 01:16:59.999,-0.0369056924252433,1628.67,52.692,1.1965e-05,1279658384.0,-0.03699513530715569,0.0047333811175237495,0.01889619274079861,0.07582522171009526,0.00443515521368313,0.004482940574859696,0,2.0,4.0
1954,2023-01-22 01:17:59.999,-0.0372090233731015,1629.3,31.2675,1.1975e-05,355166951.0,-0.0369909417921181,0.004729175457184906,-0.04611408118767868,0.01889619274079861,0.004434064955772566,0.004481954568877003,3,2.0,0.0
1955,2023-01-22 01:18:59.999,-0.0374238626281275,1628.95,92.2304,1.1975e-05,2568690451.0,-0.036986840960560756,0.004724955945522771,-0.09249222058479711,-0.04611408118767868,0.004432999980995404,0.004480963292431868,0,2.0,3.0
1956,2023-01-22 01:19:59.999,-0.037868060289945,1627.665,160.9213,1.197e-05,2208606246.0,-0.036983161719514684,0.004721172650302421,-0.18743194455590026,-0.09249222058479711,0.004432003219010692,0.004479931451263724,0,2.0,0.0
1957,2023-01-22 01:20:59.999,-0.0377636216475529,1627.835,192.2755,1.197e-05,1322592624.0,-0.0369794638572434,0.0047174303611944015,-0.1662256207871098,-0.18743194455590026,0.004430989222782844,0.004478857824656143,0,2.0,0.0
1958,2023-01-22 01:21:59.999,-0.0390662937848311,1628.52,53.082,1.1995e-05,9246118171.0,-0.036976598911861516,0.004714281982154877,-0.44326896033792007,-0.1662256207871098,0.004430288795710403,0.004477722105036432,0,2.0,0.0
1959,2023-01-22 01:22:59.999,-0.0400157431303966,1629.215,52.6776,1.2015e-05,1227357011.0,-0.0369740720576471,0.00471118856450546,-0.6456271132227102,-0.44326896033792007,0.004429939468799667,0.004476620660827281,0,2.0,0.0
1960,2023-01-22 01:23:59.999,-0.0399328223151513,1628.79,76.6257,1.201e-05,3372138388.0,-0.036971493449249056,0.00470804309736414,-0.6289935764522173,-0.6456271132227102,0.004429554921222202,0.004475493467014156,0,2.0,0.0
1961,2023-01-22 01:24:59.999,-0.0401385011561288,1627.895,72.2065,1.2005e-05,2577173980.0,-0.03696884371128205,0.004704648095661013,-0.6737289124281262,-0.6289935764522173,0.004429257547084265,0.0044743338683144,0,2.0,0.0
1962,2023-01-22 01:25:59.999,-0.0405008898721241,1627.865,65.8177,1.201e-05,6871427522.0,-0.03696634094775848,0.004701329367853453,-0.7518190383626391,-0.6737289124281262,0.00442912559282458,0.00447316978947305,0,2.0,0.0
1963,2023-01-22 01:26:59.999,-0.0403412658431534,1627.005,296.3547,1.2e-05,790172955.0,-0.03696395236803547,0.0046983024688820475,-0.7188369623894301,-0.7518190383626391,0.0044289178564778445,0.004472010429376415,0,2.0,0.0
1964,2023-01-22 01:27:59.999,-0.0403258715858889,1625.91,37.0883,1.199e-05,1032523745.0,-0.0369614887587723,0.004695142731438412,-0.716566677427904,-0.7188369623894301,0.004428702323978638,0.004470848063617859,0,2.0,0.0
1965,2023-01-22 01:28:59.999,-0.0406119061795706,1625.445,95.709,1.199e-05,1952980626.0,-0.03695903712370402,0.004691852253002185,-0.7785558578766434,-0.716566677427904,0.004428621597495801,0.0044696846201908195,0,2.0,0.0
1966,2023-01-22 01:29:59.999,-0.0406734975867806,1624.785,441.3293,1.1985e-05,3772977119.0,-0.03695691541725992,0.004689135051837842,-0.7925943971402605,-0.7785558578766434,0.004428570269499202,0.0044685323400552365,0,2.0,0.0
1967,2023-01-22 01:30:59.999,-0.0405872978367263,1625.485,97.9532,1.199e-05,737009041.0,-0.0369546476763335,0.004686193416462753,-0.7751814399361274,-0.7925943971402605,0.004428475546122058,0.004467419335745723,0,2.0,0.0
1968,2023-01-22 01:31:59.999,-0.041041915755791,1626.425,44.4213,1.2005e-05,1851673202.0,-0.03695252597672245,0.004683304052561959,-0.8731847715143501,-0.7751814399361274,0.004428612629346896,0.004466364582938222,0,2.0,0.0
1969,2023-01-22 01:32:59.999,-0.0408173052267457,1627.35,45.8993,1.201e-05,899617683.0,-0.03695031316447504,0.004680347355519449,-0.8262190321644354,-0.8731847715143501,0.004428630454400244,0.004465385847977742,0,2.0,0.0
1970,2023-01-22 01:33:59.999,-0.0408597828295569,1628.4,87.1876,1.202e-05,2004082115.0,-0.03694821969184771,0.004677586105516649,-0.8362354106311316,-0.8262190321644354,0.004428668921705576,0.004464337595229474,0,2.0,0.0
1971,2023-01-22 01:34:59.999,-0.0402919018544203,1629.325,145.7652,1.202e-05,1994950459.0,-0.036945522843103984,0.004673976896204524,-0.7159596817934054,-0.8362354106311316,0.0044284318467178434,0.004463286729137047,0,2.0,0.0
1972,2023-01-22 01:35:59.999,-0.0391877596759684,1631.125,732.0388,1.202e-05,3083009190.0,-0.036942216329435625,0.0046698614293412865,-0.48085866797326476,-0.7159596817934054,0.004427766836872039,0.004462264443878103,0,2.0,0.0
1973,2023-01-22 01:36:59.999,-0.0397765993441758,1632.4050000000002,499.3734,1.204e-05,13974314501.0,-0.036939007933289934,0.0046655303243871744,-0.6082034010267825,-0.48085866797326476,0.00442731226563289,0.004461249862694615,0,2.0,0.0
1974,2023-01-22 01:37:59.999,-0.0408208085126062,1631.8200000000002,41.6947,1.205e-05,6534777362.0,-0.036936296595840135,0.004661570250055513,-0.833305454684461,-0.6082034010267825,0.004427327543370054,0.004460200637341627,0,2.0,0.0
1975,2023-01-22 01:38:59.999,-0.0434156065837676,1630.38,2295.7629,1.2075e-05,4549862548.0,-0.03693477911994552,0.004658926549813034,-1.3910559427218614,-0.833305454684461,0.004429047865834414,0.004459139271727344,0,2.0,0.0
1976,2023-01-22 01:39:59.999,-0.0435121429305915,1629.665,126.2348,1.207e-05,2647796940.0,-0.03693319738058024,0.004656112395699735,-1.412969660287283,-1.3910559427218614,0.00443084110795471,0.004458043797905541,0,2.0,0.0
1977,2023-01-22 01:40:59.999,-0.0440907516987536,1628.165,405.7419,1.2065e-05,862834197.0,-0.03693157714856903,0.004653011486248104,-1.5386109772871586,-1.412969660287283,0.004433119149032821,0.004456940068310384,0,2.0,0.0
1978,2023-01-22 01:41:59.999,-0.0434962476284397,1627.46,65.2326,1.205e-05,1133425749.0,-0.036929825800340065,0.004649827263389652,-1.4121861858827018,-1.5386109772871586,0.004434887853725307,0.004455811717066736,0,2.0,0.0
1979,2023-01-22 01:42:59.999,-0.043019405968657,1627.12,118.9909,1.204e-05,1365822610.0,-0.036927773394846895,0.004646159067000414,-1.311111497898606,-1.4121861858827018,0.004436277755109742,0.004454693114048735,0,2.0,0.0
1980,2023-01-22 01:43:59.999,-0.0425653632554627,1625.625,226.9159,1.202e-05,1548336318.0,-0.03692558068292569,0.004642378786577642,-1.2148475666921303,-1.311111497898606,0.004437332218060108,0.004453575998897557,0,2.0,0.0
1981,2023-01-22 01:44:59.999,-0.0441759781908643,1620.22,6060.2925,1.1995e-05,15538469164.0,-0.03692449105057398,0.004640400253241419,-1.5626857047999259,-1.2148475666921303,0.004439661859279735,0.004452434076402011,0,2.0,0.0
1982,2023-01-22 01:45:59.999,-0.0429310347867044,1619.4450000000002,333.4086,1.197e-05,6236897730.0,-0.03692279383718276,0.004637531768613982,-1.2955686881078383,-1.5626857047999259,0.004440971836809839,0.00445134296768761,0,2.0,0.0
1983,2023-01-22 01:46:59.999,-0.0444035648961929,1617.62,4033.5926,1.1975e-05,7500890679.0,-0.03692179619001037,0.004635690209847206,-1.6139492432625542,-1.2955686881078383,0.004443492870272008,0.004450224075637666,0,2.0,0.0
1984,2023-01-22 01:47:59.999,-0.0433611825878657,1618.19,208.995,1.1965e-05,4834914839.0,-0.03692039389261376,0.004633283326067734,-1.3901132829531129,-1.6139492432625542,0.004445122065778187,0.004449096383012029,0,2.0,0.0
1985,2023-01-22 01:48:59.999,-0.042208825907327,1620.615,344.6364,1.197e-05,5863313143.0,-0.0369184822417199,0.00463024814992559,-1.1425615851047028,-1.3901132829531129,0.00444591308941397,0.004447998544119004,0,2.0,0.0
1986,2023-01-22 01:49:59.999,-0.0423927598320581,1621.435,207.8336,1.198e-05,3951597083.0,-0.036916818743830924,0.004627634931338521,-1.1833131112274848,-1.1425615851047028,0.004446824020353942,0.004447049609925629,0,2.0,0.0
1987,2023-01-22 01:50:59.999,-0.0423619234253607,1621.485,169.8187,1.198e-05,1849162285.0,-0.03691504570168869,0.004624813809063148,-1.1777507049035973,-1.1833131112274848,0.0044477109840798685,0.004447045761285424,0,2.5,0.0
1988,2023-01-22 01:51:59.999,-0.0427274097237742,1622.01,145.9145,1.199e-05,4445807541.0,-0.03691340911321504,0.004622130439850823,-1.2578616476143418,-1.1777507049035973,0.0044488482784293,0.004447045761285424,0,2.5,0.0
1989,2023-01-22 01:52:59.999,-0.0435648005978528,1622.885,254.5216,1.201e-05,23779336779.0,-0.03691204818533765,0.004619738437764233,-1.4400712296029503,-1.2578616476143418,0.0044506185612688785,0.004447045761285424,0,2.5,0.0
1990,2023-01-22 01:53:59.999,-0.0441799821011308,1623.56,146.2523,1.2025e-05,261940692.0,-0.03691088869202725,0.004617599342730848,-1.574214839697332,-1.4400712296029503,0.004452900869170538,0.004447045761285424,0,2.5,0.0
1991,2023-01-22 01:54:59.999,-0.0441167390271779,1623.105,191.2936,1.202e-05,1496894636.0,-0.036909879326682604,0.004615785453442784,-1.561350667873851,-1.574214839697332,0.00445512123390826,0.004447045761285424,0,2.5,0.0
1992,2023-01-22 01:55:59.999,-0.0439332650375448,1622.845,118.8353,1.2015e-05,254389742.0,-0.03690871390206289,0.004613693726001083,-1.5225438775647626,-1.561350667873851,0.004457177929020511,0.004447045761285424,0,2.5,0.0
1993,2023-01-22 01:56:59.999,-0.044221609610858,1624.05,204.7844,1.203e-05,2514597602.0,-0.03690766259756421,0.004611768121979311,-1.5859312133314154,-1.5225438775647626,0.004459476494035504,0.004447045761285424,0,2.5,0.0
1994,2023-01-22 01:57:59.999,-0.0435537497996563,1625.1350000000002,270.9803,1.203e-05,3485669583.0,-0.03690657521666961,0.004609923686357426,-1.441927249828081,-1.5859312133314154,0.004461208688605923,0.004447045761285424,0,2.5,0.0
1995,2023-01-22 01:58:59.999,-0.0431826722922359,1625.18,94.3738,1.2025e-05,2746286139.0,-0.036905311088499926,0.004607827632468243,-1.3623255261337597,-1.441927249828081,0.004462646808385595,0.004447045761285424,0,2.5,0.0
1996,2023-01-22 01:59:59.999,-0.0431099174959044,1624.74,107.0458,1.202e-05,1682799350.0,-0.036904037107001096,0.0046057311056586555,-1.347425684768849,-1.3623255261337597,0.004464025724309395,0.004447045761285424,0,2.5,0.0
1997,2023-01-22 02:00:59.999,-0.043186855842169,1624.615,119.6179,1.202e-05,2515972555.0,-0.03690323986814995,0.00460449429294074,-1.3646701622917867,-1.347425684768849,0.0044654581704908864,0.004447045761285424,0,2.5,0.0
1998,2023-01-22 02:01:59.999,-0.0432257453718776,1625.11,70.0931,1.2025e-05,2014469705.0,-0.03690236763321148,0.004603117877911682,-1.3737162302554102,-1.3646701622917867,0.004466915621225837,0.004447045761285424,0,2.5,0.0
1999,2023-01-22 02:02:59.999,-0.0427570116687689,1624.755,106.2705,1.2015e-05,1182810736.0,-0.03690154042734124,0.004601904985940069,-1.2724015944087363,-1.3737162302554102,0.004468025389137124,0.004447045761285424,0,2.5,0.0
2000,2023-01-22 02:03:59.999,-0.0426163231716429,1624.4250000000002,68.975,1.201e-05,1099947601.0,-0.03690047706573911,0.0046003187078674495,-1.2424891553988573,-1.2724015944087363,0.004469033460168094,0.004447045761285424,0,2.5,0.0
2001,2023-01-22 02:04:59.999,-0.0429447499006734,1624.45,85.025,1.2015e-05,71050699.0,-0.03689938306716701,0.004598599896317256,-1.314610309617883,-1.2424891553988573,0.0044702703174340575,0.004447045761285424,0,2.5,0.0
2002,2023-01-22 02:05:59.999,-0.0432083996399441,1624.58,30.7536,1.202e-05,641006116.0,-0.03689850482553691,0.004597213561174101,-1.3725476814254591,-1.314610309617883,0.004471698070830538,0.0044479953076672265,0,2.5,0.0
2003,2023-01-22 02:06:59.999,-0.0433365132394598,1624.9299999999998,22.5708,1.2025e-05,118318335.0,-0.03689767491154954,0.004595889265007331,-1.400999448993466,-1.3725476814254591,0.004473218746124622,0.0044492908491391946,0,2.5,0.0
2004,2023-01-22 02:07:59.999,-0.0432853455639232,1624.455,33.3596,1.202e-05,3018990913.0,-0.03689677429243947,0.004594446604396473,-1.390498534768136,-1.400999448993466,0.004474695716696202,0.004451189138244293,0,2.5,0.0
2005,2023-01-22 02:08:59.999,-0.0428789156554287,1623.44,224.1504,1.2005e-05,951000586.0,-0.036895944769111795,0.004593204539924915,-1.3025700976980028,-1.390498534768136,0.004475868773327989,0.0044534559603549686,0,2.5,0.0
2006,2023-01-22 02:09:59.999,-0.0422836145279674,1622.73,47.4528,1.199e-05,1721066075.0,-0.036894794999245695,0.004591544620945368,-1.1736398039429674,-1.3025700976980028,0.0044766332779335475,0.004455635407686323,0,2.5,0.0
2007,2023-01-22 02:10:59.999,-0.0422934847594262,1622.1550000000002,86.9939,1.1985e-05,1832519320.0,-0.03689366914526442,0.004589922282995728,-1.1764503364613514,-1.1736398039429674,0.004477401402137701,0.004457752570274259,0,2.5,0.0
2008,2023-01-22 02:11:59.999,-0.0426349361480333,1622.16,218.5506,1.199e-05,2182197805.0,-0.03689246202973368,0.004588068980018553,-1.251610240235838,-1.1764503364613514,0.004478393970317732,0.004459909542678109,0,2.5,0.0
2009,2023-01-22 02:12:59.999,-0.0430881383996037,1621.425,67.7205,1.199e-05,781575818.0,-0.03689162687647328,0.004586776758290572,-1.350951190709307,-1.251610240235838,0.004479704422476629,0.004461568218550841,0,2.5,0.0
2010,2023-01-22 02:13:59.999,-0.0430233826444137,1621.53,52.2203,1.199e-05,1383735641.0,-0.03689095873887644,0.004585778301434549,-1.3372700341006198,-1.350951190709307,0.004480963551455397,0.004462991537366545,0,2.5,0.0
2011,2023-01-22 02:14:59.999,-0.0425031044545818,1621.815,64.6153,1.1985e-05,596463130.0,-0.03689015756178325,0.004584646428222599,-1.2242922067546675,-1.3372700341006198,0.004481856613851753,0.004464383835854768,0,2.5,0.0
2012,2023-01-22 02:15:59.999,-0.0425301430987978,1622.33,172.4004,1.199e-05,675643835.0,-0.03688941947199253,0.004583609928672345,-1.230629070663333,-1.2242922067546675,0.004482764676461053,0.004465822533174624,0,2.5,0.0
2013,2023-01-22 02:16:59.999,-0.0418567680828516,1621.745,80.2254,1.1975e-05,1347441755.0,-0.03688813321029819,0.004581825624128145,-1.084422516297501,-1.230629070663333,0.004483244541864823,0.004467193063203659,0,2.5,0.0
2014,2023-01-22 02:17:59.999,-0.0402100515883034,1620.495,352.1745,1.194e-05,11480825189.0,-0.0368864072567879,0.004579871358467231,-0.725706918682503,-1.084422516297501,0.004482895141154533,0.004468277406894866,0,2.5,0.0
2015,2023-01-22 02:18:59.999,-0.0408707595491542,1622.225,134.1402,1.1965e-05,907243892.0,-0.03688480499369246,0.004577871326065051,-0.8707004351054797,-0.725706918682503,0.004482840883611507,0.004469342674484585,0,2.5,0.0
2016,2023-01-22 02:19:59.999,-0.0411046081821169,1623.525,40.1552,1.198e-05,1188473030.0,-0.036883356364621284,0.004576040330217172,-0.9224682286170499,-0.8707004351054797,0.004482901703756649,0.004470627255783177,0,2.5,0.0
2017,2023-01-22 02:20:59.999,-0.0409197143141426,1624.385,240.7709,1.1985e-05,2534922907.0,-0.036881749996594805,0.004574013671520666,-0.8828054762252906,-0.9224682286170499,0.004482869120517858,0.00447207823965406,0,2.5,0.0
2018,2023-01-22 02:21:59.999,-0.0408334085200934,1625.085,143.4145,1.199e-05,1971083891.0,-0.03688007019347998,0.0045718953699485036,-0.8647044620922606,-0.8828054762252906,0.004482793806951457,0.004473587988767517,0,2.5,0.0
2019,2023-01-22 02:22:59.999,-0.0414362800010508,1624.665,177.7702,1.1995e-05,1866325261.0,-0.03687861671770397,0.004569947185869583,-0.9973120252766298,-0.8647044620922606,0.004483025694193824,0.004474988980854149,0,2.5,0.0
2020,2023-01-22 02:23:59.999,-0.0411509875882636,1622.89,116.1745,1.1975e-05,2601522518.0,-0.03687701252412763,0.004567838511200034,-0.9356668484790928,-0.9973120252766298,0.004483105347171109,0.004476059899479379,0,2.5,0.0
2021,2023-01-22 02:24:59.999,-0.0414930285902954,1622.335,117.0581,1.1975e-05,1110629146.0,-0.03687543358238668,0.004565652672651701,-1.0113767601219759,-0.9356668484790928,0.004483365269789212,0.004476825308984586,0,2.5,0.0
2022,2023-01-22 02:25:59.999,-0.0417823758877844,1622.4250000000002,95.0109,1.198e-05,1089619704.0,-0.0368739924221212,0.004563611801315956,-1.0755479824659548,-1.0113767601219759,0.004483787029283049,0.0044776495441827095,0,2.5,0.0
2023,2023-01-22 02:26:59.999,-0.0420839089954796,1622.495,53.4564,1.1985e-05,704096964.0,-0.03687244296016846,0.00456127387243982,-1.1425461792153984,-1.0755479824659548,0.004484386788865651,0.004478721583357457,0,2.5,0.0
2024,2023-01-22 02:27:59.999,-0.0418343245830428,1622.9,322.5163,1.1985e-05,2995892941.0,-0.03687089080534337,0.00455901413405075,-1.0887076968303553,-1.1425461792153984,0.004484834683074448,0.0044800192047213215,0,2.5,0.0
2025,2023-01-22 02:28:59.999,-0.0416810468933519,1622.0300000000002,77.339,1.1975e-05,298905821.0,-0.03686926768862492,0.004556676619358942,-1.0559843514644514,-1.0887076968303553,0.004485192232531364,0.004481186817054486,0,2.5,0.0
2026,2023-01-22 02:29:59.999,-0.0417858593254365,1621.86,35.3561,1.1975e-05,554796469.0,-0.036867867463055676,0.004554700452695139,-1.0797618665505686,-1.0559843514644514,0.004485608008953803,0.004482083629504078,0,2.5,0.0
2027,2023-01-22 02:30:59.999,-0.0421578718969541,1622.375,91.5953,1.1985e-05,2840845511.0,-0.03686670938389344,0.004553036954227425,-1.1621171904058225,-1.0797618665505686,0.004486244493727941,0.0044827719590836545,0,2.5,0.0
2028,2023-01-22 02:31:59.999,-0.0421665347441262,1622.92,101.2241,1.199e-05,1318648183.0,-0.036865755569329965,0.004551710602529015,-1.1645685847977725,-1.1621171904058225,0.00448688390386189,0.004482805576116469,0,2.5,0.0
2029,2023-01-22 02:32:59.999,-0.0419380477423736,1623.85,80.7427,1.1995e-05,888529781.0,-0.0368653932845882,0.004551275705700433,-1.1145566179240576,-1.1645685847977725,0.004487382416798553,0.004482847942838095,0,2.5,0.0
2030,2023-01-22 02:33:59.999,-0.0415813413518151,1623.87,297.6076,1.199e-05,674248517.0,-0.03686506802645682,0.004550913548951861,-1.0363355125575844,-1.1145566179240576,0.004487674326478328,0.0044828756256770266,0,2.5,0.0
2031,2023-01-22 02:34:59.999,-0.0418087338141575,1624.06,130.2542,1.1995e-05,1846708235.0,-0.03686482418615215,0.004550634539396501,-1.0864220330602525,-1.0363355125575844,0.00448809316016357,0.004482896781805062,0,2.5,0.0
2032,2023-01-22 02:35:59.999,-0.0420692351578964,1624.755,95.7989,1.2005e-05,1690643714.0,-0.03686498700772228,0.004550814454787627,-1.1435860991210165,-1.0864220330602525,0.004488664173739179,0.004482932701365943,0,2.5,0.0
2033,2023-01-22 02:36:59.999,-0.0427372512212826,1623.67,95.3393,1.2005e-05,855864486.0,-0.03686521353290229,0.004551094565542108,-1.290247346833773,-1.1435860991210165,0.004489661641180067,0.004483045607438145,0,2.5,0.0
2034,2023-01-22 02:37:59.999,-0.043532063419434,1622.38,192.5145,1.2005e-05,331916275.0,-0.036865840814226725,0.004551919969755698,-1.4644858981483915,-1.290247346833773,0.004491228880315905,0.004483140145844538,0,2.5,0.0
2035,2023-01-22 02:38:59.999,-0.0438526315675709,1621.86,253.0238,1.2005e-05,1373915051.0,-0.03686661501643876,0.00455296590246441,-1.5343880672048924,-1.4644858981483915,0.004493041741427199,0.0044832747238459205,0,2.5,0.0
2036,2023-01-22 02:39:59.999,-0.0438662064982082,1621.28,275.1687,1.2e-05,2485004237.0,-0.03686734862312633,0.004553965897865254,-1.5368709454681473,-1.5343880672048924,0.004494860064778795,0.004483470709662671,0,2.5,0.0
2037,2023-01-22 02:40:59.999,-0.0435775977497172,1619.515,1162.2719,1.198e-05,3705383820.0,-0.03686802480665714,0.004554853681227116,-1.4730600393847213,-1.5368709454681473,0.004496447331479664,0.004483936969178699,0,2.5,0.0
2038,2023-01-22 02:41:59.999,-0.0443686964658383,1619.35,157.7791,1.199e-05,2747614816.0,-0.036869085445980235,0.004556333179496855,-1.6459751129714852,-1.4730600393847213,0.004498669256221022,0.00448449876241785,0,2.5,0.0
2039,2023-01-22 02:42:59.999,-0.0438389204031928,1619.65,183.7913,1.1985e-05,242092668.0,-0.036870558784163614,0.004558071845960472,-1.5287959151422332,-1.6459751129714852,0.004500449567294566,0.004484924070438677,0,2.5,0.0
2040,2023-01-22 02:43:59.999,-0.0444177081253798,1618.155,375.4612,1.198e-05,1680954505.0,-0.03687177475869151,0.004559734421422416,-1.6549063320960529,-1.5287959151422332,0.004502700838848387,0.004485296176636974,0,2.5,0.0
2041,2023-01-22 02:44:59.999,-0.0458275350654631,1610.86,5559.9696,1.1935e-05,22947966147.0,-0.03687335500614241,0.0045622457428749425,-1.9626693878348893,-1.6549063320960529,0.004506255914183891,0.004485767130147337,0,2.5,0.0
2042,2023-01-22 02:45:59.999,-0.0442702223193691,1610.02,1529.816,1.1905e-05,12821110655.0,-0.036874247350067044,0.004563503759342263,-1.620679056998966,-1.9626693878348893,0.004508367715817903,0.004486404346261429,0,2.5,0.0
2043,2023-01-22 02:46:59.999,-0.0450797670869036,1612.065,968.8978,1.1935e-05,6172782831.0,-0.03687543801004835,0.004565308636011371,-1.7971028315893296,-1.620679056998966,0.004511184142550092,0.004487008532096056,0,2.5,0.0
2044,2023-01-22 02:47:59.999,-0.0447603520788177,1612.58,213.8491,1.1935e-05,989511174.0,-0.036876391277367394,0.004566739763001149,-1.7263871406303126,-1.7971028315893296,0.004513703756885472,0.004487455394218497,0,2.5,0.0
2045,2023-01-22 02:48:59.999,-0.0439926347081964,1613.26,245.5377,1.193e-05,1153097715.0,-0.03687696437019558,0.004567555018852676,-1.5578729339068156,-1.7263871406303126,0.004515568766111675,0.004487779034899639,0,2.5,0.0
2046,2023-01-22 02:49:59.999,-0.0437106368600446,1613.715,126.7363,1.193e-05,2545996955.0,-0.03687739850824252,0.004568159921500578,-1.4958404410582575,-1.5578729339068156,0.004517206864465958,0.004488235913557473,0,2.5,0.0
2047,2023-01-22 02:50:59.999,-0.0431573975045864,1613.49,151.5523,1.192e-05,3031889406.0,-0.03687741717831892,0.004568185505347027,-1.374720951878336,-1.4958404410582575,0.004518431209939503,0.004488913540599401,0,2.5,0.0
2048,2023-01-22 02:51:59.999,-0.0436083935487587,1613.88,127.1923,1.193e-05,1820893034.0,-0.03687772199699459,0.00456861264256411,-1.4732418960313853,-1.374720951878336,0.004519982183020886,0.0044900534509640265,0,2.5,0.0
2049,2023-01-22 02:52:59.999,-0.0437460816321682,1614.775,375.8191,1.194e-05,3220589665.0,-0.03687803985150298,0.004569066581578831,-1.5031608005790935,-1.4732418960313853,0.004521633635068598,0.0044916820955937286,0,2.5,0.0
2050,2023-01-22 02:53:59.999,-0.0431617099642309,1615.16,113.7462,1.1935e-05,1092593589.0,-0.03687811620903668,0.004569170213326831,-1.375215512187959,-1.5031608005790935,0.004522848735519772,0.004493496322265098,0,2.5,0.0
2051,2023-01-22 02:54:59.999,-0.0433931535639118,1615.345,202.6166,1.194e-05,2579608208.0,-0.0368780789683026,0.004569116784650503,-1.425893646994525,-1.375215512187959,0.004524226345388268,0.004495256881454012,0,2.5,0.0
2052,2023-01-22 02:55:59.999,-0.0433768993119798,1615.9299999999998,324.3232,1.1945e-05,2025008672.0,-0.03687811879076437,0.004569173050219158,-1.4223100000346272,-1.425893646994525,0.004525587929440999,0.004497002812665003,0,2.5,0.0
2053,2023-01-22 02:56:59.999,-0.0426629261398936,1616.525,172.8564,1.194e-05,2337707557.0,-0.036878002203879566,0.004569022228455094,-1.2661185800293355,-1.4223100000346272,0.004526453508362902,0.0044991143339894075,0,2.5,0.0
2054,2023-01-22 02:57:59.999,-0.0429685491646196,1616.59,151.4329,1.1945e-05,530844933.0,-0.03687787116576337,0.004568843489331978,-1.333089656732094,-1.2661185800293355,0.004527519777052866,0.004501012385183021,0,2.5,0.0
2055,2023-01-22 02:58:59.999,-0.0422743132695373,1615.475,211.43,1.1924999999999998e-05,3865478208.0,-0.03687741808720017,0.004568259755646912,-1.181389735044275,-1.333089656732094,0.004528135178347978,0.004503589607682263,0,2.5,0.0
2056,2023-01-22 02:59:59.999,-0.0422743132695373,1615.475,117.7638,1.1924999999999998e-05,89691613.0,-0.036876640926356785,0.004567198647450294,-1.1818343715340363,-1.181389735044275,0.004528748229315043,0.004506783864592394,0,2.5,0.0
2057,2023-01-22 03:00:59.999,-0.0419615484938233,1616.54,162.1032,1.193e-05,2421272872.0,-0.036875594357478225,0.004565774098231584,-1.1139303055565035,-1.1818343715340363,0.004529174658381319,0.004509071822500951,0,2.5,0.0
2058,2023-01-22 03:01:59.999,-0.0425943746248407,1617.1950000000002,99.9665,1.1945e-05,1218890880.0,-0.036875242848774095,0.004565304557679026,-1.2527382792998536,-1.1139303055565035,0.004529982464032638,0.004511814046133937,0,2.5,0.0
2059,2023-01-22 03:02:59.999,-0.042260518865973,1617.735,206.1204,1.1945e-05,841709951.0,-0.03687452752597397,0.004564339550027803,-1.1800154832841523,-1.2527382792998536,0.0045305801624149255,0.004514170009192023,0,2.5,0.0
2060,2023-01-22 03:03:59.999,-0.0426705307567942,1618.19,111.267,1.1955e-05,560289574.0,-0.03687416353902119,0.004563845953306153,-1.270061977787395,-1.1800154832841523,0.004531431570283375,0.0045159782907002455,0,2.5,0.0
2061,2023-01-22 03:04:59.999,-0.0432662398144358,1617.785,229.4334,1.196e-05,1798502482.0,-0.03687421442221049,0.0045639166062627,-1.4005570091824293,-1.270061977787395,0.004532683655435384,0.004517512950834345,0,2.5,0.0
2062,2023-01-22 03:05:59.999,-0.0431062976438596,1617.485,70.3295,1.1955e-05,940751982.0,-0.036874266569113634,0.00456398716915315,-1.3654795344006898,-1.4005570091824293,0.004533819968079529,0.004518818953209849,0,2.5,0.0
2063,2023-01-22 03:06:59.999,-0.0426612611837029,1618.205,87.8081,1.1955e-05,227882405.0,-0.03687417477884315,0.004563868785710984,-1.268022083145452,-1.3654795344006898,0.004534656018586608,0.004520395046032815,0,2.5,0.0
2064,2023-01-22 03:07:59.999,-0.0428713926093244,1617.865,65.4703,1.1955e-05,89143273.0,-0.03687431478922579,0.004564048123851334,-1.3139821617476781,-1.268022083145452,0.004535626538558437,0.004521937410181392,0,2.5,0.0
2065,2023-01-22 03:08:59.999,-0.0427570509160446,1618.05,129.2732,1.1955e-05,294217309.0,-0.03687449496830789,0.004564272670758626,-1.2888265824747427,-1.3139821617476781,0.004536518700934468,0.004523193137986896,0,2.5,0.0
2066,2023-01-22 03:09:59.999,-0.0430491542000162,1618.695,87.4015,1.1965e-05,1278696001.0,-0.03687485268562151,0.004564726284551678,-1.352611554232784,-1.2888265824747427,0.004537602576261937,0.0045245667414014505,0,2.5,0.0
2067,2023-01-22 03:10:59.999,-0.0432468638578527,1618.375,117.1036,1.1965e-05,1634340617.0,-0.036875511319516475,0.004565542931477067,-1.3955300900598333,-1.352611554232784,0.004538819796074005,0.004525804324171475,0,2.5,0.0
2068,2023-01-22 03:11:59.999,-0.0432322432913494,1617.84,84.3384,1.196e-05,2292639055.0,-0.03687609915898237,0.004566279556722949,-1.3919743750705877,-1.3955300900598333,0.004540023034147889,0.004526720075535393,0,2.5,0.0
2069,2023-01-22 03:12:59.999,-0.0435270955531343,1618.48,227.3937,1.197e-05,456527450.0,-0.036877028615283795,0.004567428789483249,-1.4559760522512446,-1.3919743750705877,0.004541433279220209,0.004527673627376644,0,2.5,0.0
2070,2023-01-22 03:13:59.999,-0.0437824746930033,1618.625,62.1282,1.1975e-05,422799011.0,-0.036878095899240335,0.00456877273523575,-1.5112108204713972,-1.4559760522512446,0.004543029031279862,0.004528288441089744,0,2.5,0.0
2071,2023-01-22 03:14:59.999,-0.0434211221186053,1619.21,305.1351,1.1975e-05,948691726.0,-0.03687904282492264,0.004569916643143972,-1.4315533092922887,-1.5112108204713972,0.004544354017781828,0.004528854836581612,0,2.5,0.0
2072,2023-01-22 03:15:59.999,-0.043786441306068,1619.735,130.631,1.1985e-05,671920464.0,-0.03688002207250492,0.004571169871389181,-1.5108647081330666,-1.4315533092922887,0.004545943737383241,0.004529376609794148,0,2.5,0.0
2073,2023-01-22 03:16:59.999,-0.0433655410025828,1619.3,62.205,1.1975e-05,4568136748.0,-0.03688081497079293,0.004572146116726822,-1.4183111970254043,-1.5108647081330666,0.00454722081199388,0.00453013188862821,0,2.5,0.0
2074,2023-01-22 03:17:59.999,-0.0436475862283813,1618.285,310.3567,1.197e-05,2271211029.0,-0.036881931776967684,0.00457350403260588,-1.4793152915530938,-1.4183111970254043,0.004548698055315912,0.004530793014382038,0,2.5,0.0
2075,2023-01-22 03:18:59.999,-0.0444530214918579,1617.54,96.5921,1.1975e-05,2257027861.0,-0.03688384747156291,0.004575807721526399,-1.6541722207178013,-1.4793152915530938,0.004550799156649197,0.004531744591571378,0,2.5,0.0
2076,2023-01-22 03:19:59.999,-0.0448503931590664,1617.455,64.751,1.198e-05,1268875736.0,-0.03688576096396239,0.004578273883609622,-1.7396583073847254,-1.6541722207178013,0.00455322892885874,0.00453296773359642,0,2.5,0.0
2077,2023-01-22 03:20:59.999,-0.0450126696392949,1616.635,276.4412,1.1975e-05,391330808.0,-0.036887587520190626,0.004580728163055965,-1.7737533924483626,-1.7396583073847254,0.004555792960663453,0.004534028980706299,0,2.5,0.0
2078,2023-01-22 03:21:59.999,-0.0448518546782104,1616.895,247.0281,1.1975e-05,571236107.0,-0.03688945989607476,0.00458315597509079,-1.737316998463686,-1.7737533924483626,0.004558209760083471,0.004534898648579565,0,2.5,0.0
2079,2023-01-22 03:22:59.999,-0.0445391173193243,1616.285,93.5148,1.1965e-05,2263373106.0,-0.03689135040770045,0.004585468213462146,-1.6678268293674607,-1.737316998463686,0.004560355894588403,0.0045358495791524445,0,2.5,0.0
2080,2023-01-22 03:23:59.999,-0.04457049071042,1617.35,113.5564,1.1975e-05,4906663361.0,-0.03689286788433761,0.004587466442122314,-1.673608498927888,-1.6678268293674607,0.004562521796266773,0.0045367896697663355,0,2.5,0.0
2081,2023-01-22 03:24:59.999,-0.045251874471365,1619.035,210.4435,1.2e-05,1008948055.0,-0.036894683077185686,0.0045899972159531115,-1.820739970197116,-1.673608498927888,0.004565269782531938,0.004537906881214955,0,2.5,0.0
2082,2023-01-22 03:25:59.999,-0.045577448212775,1619.065,153.0194,1.2005e-05,502170113.0,-0.03689671637973511,0.004592869425045123,-1.8900454225202814,-1.820739970197116,0.004568307655810101,0.004539120605592476,0,2.5,0.0
2083,2023-01-22 03:26:59.999,-0.0456021541350928,1619.025,51.4773,1.2005e-05,452224763.0,-0.03689846145404338,0.004595459929929851,-1.8939764057919397,-1.8900454225202814,0.004571359654629508,0.004540375595415969,0,2.5,0.0
2084,2023-01-22 03:27:59.999,-0.0454027246316997,1619.905,411.5329,1.201e-05,1217964137.0,-0.036900158276717464,0.004597922406264768,-1.8492191915629772,-1.8939764057919397,0.00457421902543401,0.004541832217235122,0,2.5,0.0
2085,2023-01-22 03:28:59.999,-0.0450461282779421,1621.04,206.1417,1.2015e-05,6603052321.0,-0.0369018872999809,0.004600282517569835,-1.7703784380319987,-1.8492191915629772,0.004576752508413652,0.004543360277905353,0,2.5,0.0
2086,2023-01-22 03:29:59.999,-0.0454749573190156,1620.345,507.1152,1.2015e-05,1901592835.0,-0.03690371929608991,0.0046029075739186165,-1.8621355926181884,-1.7703784380319987,0.004579661635855424,0.004544751447682181,0,2.5,0.0
2087,2023-01-22 03:30:59.999,-0.0454194151347131,1620.435,235.9003,1.2015e-05,530978023.0,-0.03690563801718126,0.0046055923531311245,-1.848573747901011,-1.8621355926181884,0.004582511698104022,0.004546263006035901,0,2.5,0.0
2088,2023-01-22 03:31:59.999,-0.0456817247881318,1620.0100000000002,80.828,1.2015e-05,65974105.0,-0.03690761392282024,0.004608440666756082,-1.9039218468419008,-1.848573747901011,0.004585594914989029,0.0045475901228243885,0,2.5,0.0
2089,2023-01-22 03:32:59.999,-0.0455274166591834,1620.2600000000002,61.4,1.2015e-05,468161913.0,-0.03690955897552733,0.004611190926453062,-1.86890064217856,-1.9039218468419008,0.004588526458173634,0.0045492233306492335,0,2.5,0.0
2090,2023-01-22 03:33:59.999,-0.0453959707995714,1621.03,217.6544,1.202e-05,736867846.0,-0.03691083908387394,0.004613162432822452,-1.8393307929775273,-1.86890064217856,0.004591330102289104,0.004551406599701583,0,2.5,0.0
2091,2023-01-22 03:34:59.999,-0.0447854344028115,1622.02,195.5118,1.202e-05,1259781890.0,-0.036911825589067644,0.004614618209665749,-1.706231903920425,-1.8393307929775273,0.0045935955482159525,0.004553869936809918,0,2.5,0.0
2092,2023-01-22 03:35:59.999,-0.0444510085503537,1622.005,49.3299,1.2015e-05,142116102.0,-0.03691287217765876,0.0046160713838058875,-1.6330198876777007,-1.706231903920425,0.004595580962921972,0.004556397160518457,0,2.5,0.0
2093,2023-01-22 03:36:59.999,-0.0443893583596803,1622.105,86.0226,1.2015e-05,1604978484.0,-0.036913791082777724,0.004617361872732079,-1.6190126489867924,-1.6330198876777007,0.004597511592461308,0.004558746293709704,0,2.5,0.0
2094,2023-01-22 03:37:59.999,-0.0439838952978171,1622.205,343.6889,1.201e-05,786497868.0,-0.03691449119487603,0.00461831908442726,-1.5307309810573162,-1.6190126489867924,0.004599124079342542,0.004560897370007995,0,2.5,0.0
2095,2023-01-22 03:38:59.999,-0.043971566475804,1622.225,57.4314,1.201e-05,956806460.0,-0.03691516487893382,0.004619242240184481,-1.527610207467353,-1.5307309810573162,0.004600722652953145,0.004563208792833064,0,2.5,0.0
2096,2023-01-22 03:39:59.999,-0.0447346483913193,1621.545,474.7584,1.2015e-05,157588143.0,-0.03691602012387962,0.004620518733941527,-1.6921537856789526,-1.527610207467353,0.0046029165252968515,0.004566029250851479,0,2.5,0.0
2097,2023-01-22 03:40:59.999,-0.0450138885428117,1620.535,199.4623,1.201e-05,2044849425.0,-0.03691699428235571,0.004622003875918557,-1.7518146842416589,-1.6921537856789526,0.004605338394830366,0.004569070655514953,0,2.5,0.0
2098,2023-01-22 03:41:59.999,-0.0445603435363857,1620.1550000000002,81.0846,1.2e-05,1611291435.0,-0.036917746621073264,0.004623115556514308,-1.6531269491076122,-1.7518146842416589,0.004607377482871284,0.004572074497330634,0,2.5,0.0
2099,2023-01-22 03:42:59.999,-0.0445449130330573,1620.18,89.3628,1.2e-05,1853481401.0,-0.03691832811079546,0.0046239957814717845,-1.6493494550365588,-1.6531269491076122,0.004609398347242853,0.00457485239617892,0,2.5,0.0
2100,2023-01-22 03:43:59.999,-0.0450896312764683,1619.855,39.5394,1.2005e-05,668468768.0,-0.03691934029660923,0.004625544806114704,-1.7663413332540658,-1.6493494550365588,0.004611865296475834,0.004577479790274095,0,2.5,0.0
2101,2023-01-22 03:44:59.999,-0.0450402453594733,1619.935,93.6607,1.2005e-05,1955246433.0,-0.036920334941676645,0.004627059722086305,-1.754874781286689,-1.7663413332540658,0.004614283028738359,0.004580374151417574,0,2.5,0.0
2102,2023-01-22 03:45:59.999,-0.0451266723148577,1619.795,70.2016,1.2005e-05,2458368827.0,-0.03692133701299162,0.004628602205939071,-1.7727458391947397,-1.754874781286689,0.004616767703340724,0.0045832825023252735,0,2.5,0.0
2103,2023-01-22 03:46:59.999,-0.0451993754402693,1619.12,55.3698,1.2e-05,1070925707.0,-0.03692251141063879,0.00463038025717951,-1.787512811026058,-1.7727458391947397,0.004619307901271595,0.004586327800785181,0,2.5,0.0
2104,2023-01-22 03:47:59.999,-0.0450250648935579,1617.73,2034.755,1.1985e-05,3392871951.0,-0.03692363369584007,0.004632049896783174,-1.7489948032174782,-1.787512811026058,0.004621691833751404,0.0045892273692025014,0,2.5,0.0
2105,2023-01-22 03:48:59.999,-0.0447222171958223,1618.22,64.4598,1.1985e-05,307822809.0,-0.036924629622841244,0.00463349505812808,-1.6828738296164836,-1.7489948032174782,0.00462381787603723,0.004591896463770816,0,2.5,0.0
2106,2023-01-22 03:49:59.999,-0.0450157228590555,1618.86,84.8667,1.1995e-05,1247443066.0,-0.0369257777308676,0.0046351922101798134,-1.7453311020027937,-1.6828738296164836,0.004626180736793891,0.004594091901892457,0,2.5,0.0
2107,2023-01-22 03:50:59.999,-0.0444798583547196,1619.17,60.0231,1.199e-05,1175098289.0,-0.03692657254219727,0.004636340130448705,-1.6291483368350976,-1.7453311020027937,0.004628100751397753,0.004596063620306806,0,2.5,0.0
2108,2023-01-22 03:51:59.999,-0.0445741515373399,1619.575,205.5966,1.1995e-05,752655117.0,-0.036927446574828986,0.004637603628286664,-1.6488483224117079,-1.6291483368350976,0.004630089800151381,0.0045979147141816164,0,2.5,0.0
2109,2023-01-22 03:52:59.999,-0.0441728921949611,1620.225,26.6398,1.1995e-05,150761450.0,-0.03692846625895712,0.004638954260691138,-1.5616506498869134,-1.6488483224117079,0.004631762847426046,0.004599523722745193,0,2.5,0.0
2110,2023-01-22 03:53:59.999,-0.0440728547112065,1620.9450000000002,280.6587,1.2e-05,624163845.0,-0.03692915466989353,0.00463990399301432,-1.5396223827191853,-1.5616506498869134,0.004633356373432015,0.004601271121039072,0,2.5,0.0
2111,2023-01-22 03:54:59.999,-0.0440561223603168,1621.5300000000002,85.9122,1.2005e-05,401201476.0,-0.0369298876911832,0.0046409046912762415,-1.5355270455196302,-1.5396223827191853,0.004634932916622199,0.00460352199268023,0,2.5,0.0
2112,2023-01-22 03:55:59.999,-0.0436368532388939,1622.21,473.6693,1.2005e-05,414707589.0,-0.036930410855541274,0.0046415969855661985,-1.4448566741592175,-1.5355270455196302,0.00463620440310184,0.004605848166840595,0,2.5,0.0
2113,2023-01-22 03:56:59.999,-0.043690434914474,1621.565,151.3439,1.2e-05,2169453833.0,-0.03693108412258671,0.0046424719302100076,-1.4559809716677214,-1.4448566741592175,0.004637509457808566,0.004607882698964176,0,2.5,0.0
2114,2023-01-22 03:57:59.999,-0.043792193644613,1621.4,68.4202,1.2e-05,2528677556.0,-0.03693190914084221,0.004643532686251575,-1.4773847773447366,-1.4559809716677214,0.004638882308729789,0.004610015084551098,0,2.5,0.0
2115,2023-01-22 03:58:59.999,-0.0435875390148119,1622.29,99.5355,1.2005e-05,389900918.0,-0.036932578712506936,0.004644387991725813,-1.4329036062794667,-1.4773847773447366,0.004640108239685006,0.0046124697295414656,0,2.5,0.0
2116,2023-01-22 03:59:59.999,-0.0434704274782689,1622.48,84.7773,1.2005e-05,223450220.0,-0.036933040578758625,0.004644988488213422,-1.4074064803602386,-1.4329036062794667,0.004641250746160709,0.00461490419738895,0,2.5,0.0
2117,2023-01-22 04:00:59.999,-0.0442150888587207,1621.83,227.3005,1.201e-05,1801527065.0,-0.03693397894315813,0.004646254584598041,-1.567092328452871,-1.4074064803602386,0.0046429200136368625,0.004617402752823442,0,2.5,0.0
2118,2023-01-22 04:01:59.999,-0.0442473181052491,1621.2199999999998,69.9741,1.2005e-05,1028655359.0,-0.036934915947135556,0.00464752510628487,-1.5733970211855228,-1.567092328452871,0.0046446086873711545,0.004619903884391548,0,2.5,0.0
2119,2023-01-22 04:02:59.999,-0.0443322473341893,1621.64,47.2501,1.201e-05,698887063.0,-0.03693551806610956,0.0046483991111018,-1.5912422946674445,-1.5733970211855228,0.004646356693062095,0.00462222334432286,0,2.5,0.0
2120,2023-01-22 04:03:59.999,-0.0442814796707011,1622.28,71.1163,1.2015e-05,101738124.0,-0.03693595312368556,0.0046490426009137805,-1.580008439925191,-1.5912422946674445,0.004648061322994448,0.004624408591226396,0,2.5,0.0
2121,2023-01-22 04:04:59.999,-0.044532695108213,1622.4299999999998,75.1722,1.202e-05,2565485957.0,-0.03693674892429391,0.004650195644336288,-1.6334680871267386,-1.580008439925191,0.004649953359494323,0.004626660740444857,0,2.5,0.0
2122,2023-01-22 04:05:59.999,-0.0445604316663832,1622.385,45.2495,1.202e-05,1298709779.0,-0.03693765674819558,0.004651492285034267,-1.6387805140972014,-1.6334680871267386,0.004651861624266098,0.004628598013586159,0,2.5,0.0
2123,2023-01-22 04:06:59.999,-0.0449039623603937,1622.385,84.0806,1.2025e-05,421258109.0,-0.03693874527353078,0.004653081020896143,-1.711815687518135,-1.6387805140972014,0.004654037986179445,0.004630508061970047,0,2.5,0.0
2124,2023-01-22 04:07:59.999,-0.0451949596131626,1622.4699999999998,61.9378,1.203e-05,4430911882.0,-0.0369401615345762,0.00465512775042522,-1.7732699339631155,-1.711815687518135,0.004656448873858319,0.0046321612289275385,0,2.5,0.0
2125,2023-01-22 04:08:59.999,-0.0453540184708742,1621.655,270.3819,1.2025e-05,367632900.0,-0.03694148603029298,0.0046571140837867965,-1.8063831568714357,-1.7732699339631155,0.004658987916153677,0.004633750509229561,0,2.5,0.0
2126,2023-01-22 04:09:59.999,-0.045090656006856,1621.525,39.898,1.202e-05,3355217475.0,-0.03694265401254818,0.004658841032142281,-1.7489332514445362,-1.8063831568714357,0.004661298024507554,0.004635250788242109,0,2.5,0.0
2127,2023-01-22 04:10:59.999,-0.0453817682847201,1621.61,55.9213,1.2025e-05,1101243263.0,-0.03694374543025625,0.0046605414699419775,-1.8105241437898634,-1.7489332514445362,0.004663846794767166,0.004636530666778521,0,2.5,0.0
2128,2023-01-22 04:11:59.999,-0.0455205289059108,1621.385,38.8566,1.2025e-05,611594819.0,-0.03694474613182499,0.004662150615452375,-1.8394478174218516,-1.8105241437898634,0.0046665080471760614,0.004637852670538871,0,2.5,0.0
2129,2023-01-22 04:12:59.999,-0.0456901513729661,1621.11,48.8874,1.2025e-05,1229066337.0,-0.03694596463360703,0.0046640918095078,-1.874788725542227,-1.8394478174218516,0.004669310473050985,0.004639188791468593,0,2.5,0.0
2130,2023-01-22 04:13:59.999,-0.0454681059637707,1621.4699999999998,63.5906,1.2025e-05,2819153340.0,-0.03694717661671009,0.004665965654677696,-1.8261877556938841,-1.874788725542227,0.004671911148047384,0.004640393866303932,0,2.5,0.0
2131,2023-01-22 04:14:59.999,-0.0456469720151631,1621.1799999999998,92.7568,1.2025e-05,266719261.0,-0.036948473481106824,0.004667993777513806,-1.8634340465400396,-1.8261877556938841,0.0046746599586771544,0.004641668063029748,0,2.5,0.0
2132,2023-01-22 04:15:59.999,-0.0451849376943798,1620.815,81.9503,1.2015e-05,1471649109.0,-0.03694951771366385,0.004669583608195804,-1.7636304800842577,-1.8634340465400396,0.004677006501617148,0.004643342182070435,0,2.5,0.0
2133,2023-01-22 04:16:59.999,-0.0450337905955748,1621.06,42.0144,1.2015e-05,43194548.0,-0.03695043776844416,0.00467098038248134,-1.7305473723348346,-1.7636304800842577,0.004679222217710131,0.0046450456887938895,0,2.5,0.0
2134,2023-01-22 04:17:59.999,-0.0453373678024746,1621.125,151.8783,1.202e-05,1657800983.0,-0.03695155669216013,0.00467269952515292,-1.7946394937603076,-1.7305473723348346,0.004681683185094876,0.004646782850545183,0,2.5,0.0
2135,2023-01-22 04:18:59.999,-0.0449690202603676,1621.165,29.8627,1.2015e-05,606315692.0,-0.03695279048424639,0.004674464145935428,-1.7148981200532973,-1.7946394937603076,0.0046838337407111305,0.004648534332119417,0,2.5,0.0
2136,2023-01-22 04:19:59.999,-0.0450567378944271,1621.58,45.5345,1.202e-05,557702364.0,-0.03695420277124557,0.004676451113649449,-1.7326247888130712,-1.7148981200532973,0.004686049207146944,0.004650430425687267,0,2.5,0.0
2137,2023-01-22 04:20:59.999,-0.0448871645867079,1621.855,75.8036,1.202e-05,2114325996.0,-0.036955648884066716,0.004678420647969064,-1.6953404363253035,-1.7326247888130712,0.004688122196048416,0.004652405714744435,0,2.5,0.0
2138,2023-01-22 04:21:59.999,-0.0449594377847937,1622.295,206.7388,1.2025e-05,1984409140.0,-0.036957310949646174,0.004680625569628099,-1.7096276376115551,-1.6953404363253035,0.004690247018122065,0.004654640708099163,0,2.5,0.0
2139,2023-01-22 04:22:59.999,-0.0445126398548154,1623.02,519.3647,1.2025e-05,300303534.0,-0.03695892699012247,0.0046826308330447175,-1.6131343968837677,-1.7096276376115551,0.004692018323102605,0.004657083634432158,0,2.5,0.0
2140,2023-01-22 04:23:59.999,-0.044173822815857,1623.57,155.4924,1.2025e-05,65969243.0,-0.036960212776343045,0.004684230190842793,-1.539977700843108,-1.6131343968837677,0.004693534633507951,0.004659565443242146,0,2.5,0.0
2141,2023-01-22 04:24:59.999,-0.0440260113491106,1623.81,47.496,1.2025e-05,1489392685.0,-0.03696146558590992,0.004685757667940059,-1.507663490909119,-1.539977700843108,0.004694941246842924,0.004661935217072457,0,2.5,0.0
2142,2023-01-22 04:25:59.999,-0.0424147044320726,1623.635,67.6102,1.2e-05,23869827904.0,-0.036962014577223715,0.004686327045483009,-1.1635316532388718,-1.507663490909119,0.004695337418305419,0.00466451210786939,0,2.5,0.0
2143,2023-01-22 04:26:59.999,-0.0420925966795451,1623.04,61.0712,1.199e-05,2474528975.0,-0.03696243513817047,0.004686746675768305,-1.0946103760843084,-1.1635316532388718,0.004695561713782442,0.004667208653644792,0,2.5,0.0
2144,2023-01-22 04:27:59.999,-0.0427134615124487,1623.15,27.3326,1.2e-05,2172698682.0,-0.03696280344626577,0.0046871673279787725,-1.2268941268334803,-1.0946103760843084,0.004696121278292602,0.004669960641800084,0,2.5,0.0
2145,2023-01-22 04:28:59.999,-0.0424793762304176,1623.53,55.9935,1.2e-05,1803808317.0,-0.03696325683317226,0.004687653531323125,-1.1767335961129308,-1.2268941268334803,0.0046965474080455155,0.004672598350704826,0,2.5,0.0
2146,2023-01-22 04:29:59.999,-0.0428050012728888,1623.56,52.6117,1.2005e-05,3764533980.0,-0.03696383335870287,0.004688295338662578,-1.245904426288176,-1.1767335961129308,0.004697155631124007,0.004675246594412152,0,2.5,0.0
2147,2023-01-22 04:30:59.999,-0.0414431262327923,1623.535,112.2772,1.1985e-05,841309437.0,-0.03696356880086172,0.004688026436379199,-0.9555316064707121,-1.245904426288176,0.004697063020884303,0.004677560430640394,0,2.5,0.0
2148,2023-01-22 04:31:59.999,-0.0420519810114718,1623.665,254.4587,1.1995e-05,2853838631.0,-0.036964457469681127,0.004688808919469554,-1.085035374477624,-0.9555316064707121,0.004697258927121529,0.0046798374595563175,0,2.5,0.0
2149,2023-01-22 04:32:59.999,-0.0421474486103043,1623.51,70.1352,1.1995e-05,657734936.0,-0.03696544474931919,0.004689675557463444,-1.1049813142698413,-1.085035374477624,0.004697502097819886,0.004682220823998939,0,2.5,0.0
2150,2023-01-22 04:33:59.999,-0.0411629128376809,1623.99,574.7138,1.1985e-05,2081462135.0,-0.03696663747272056,0.004690415275434536,-0.8946490062271899,-1.1049813142698413,0.004697285821164172,0.004684387607320084,0,2.5,0.0
2151,2023-01-22 04:34:59.999,-0.040338195079812,1626.4499999999998,2116.6982,1.1995e-05,7108961831.0,-0.03696687241794426,0.004690571439936208,-0.7187445506455366,-0.8946490062271899,0.004696759395314297,0.0046865674543723115,0,2.5,0.0
2152,2023-01-22 04:35:59.999,-0.0406088963868001,1624.33,154.049,1.198e-05,3292420146.0,-0.03696809911572425,0.004691177241686195,-0.7760945885232006,-0.7187445506455366,0.004696326980216881,0.004688653401566828,0,2.5,0.0
2153,2023-01-22 04:36:59.999,-0.0405473344369937,1624.4299999999998,153.9868,1.198e-05,1127907918.0,-0.03696975686261315,0.004691809048519746,-0.7625155963048564,-0.7760945885232006,0.004695872296300068,0.0046906898443672,0,2.5,0.0
2154,2023-01-22 04:37:59.999,-0.0409997478051238,1624.255,46.2239,1.1985e-05,211423096.0,-0.03697178372088173,0.004692603847220987,-0.8583643996770519,-0.7625155963048564,0.004695587818463717,0.0046923974007039414,0,2.5,0.0
2155,2023-01-22 04:38:59.999,-0.0410395728337817,1624.75,255.3906,1.199e-05,2955013492.0,-0.03697302108029649,0.004693323863130808,-0.8664545367155855,-0.8583643996770519,0.004695318796491112,0.004693886286841694,0,2.5,0.0
2156,2023-01-22 04:39:59.999,-0.0411719096403793,1624.535,209.8403,1.199e-05,1734316955.0,-0.03697384413735168,0.0046939042196255006,-0.8943653953302353,-0.8664545367155855,0.004695103347780567,0.004694981772077335,0,2.5,0.0
2157,2023-01-22 04:40:59.999,-0.0414485903069312,1624.645,118.1289,1.1995e-05,939496558.0,-0.036974594281486854,0.0046944897701933505,-0.9530313717693073,-0.8943653953302353,0.0046950058696723996,0.004695030239199442,0,2.0,0.0
2158,2023-01-22 04:41:59.999,-0.0413039537828794,1624.88,56.6915,1.1995e-05,1334730255.0,-0.03697429380555944,0.004694191874886499,-0.9223440568084252,-0.9530313717693073,0.004694844684101748,0.004695030239199442,0,2.0,0.0
2159,2023-01-22 04:42:59.999,-0.0417825295626244,1625.78,149.2939,1.201e-05,2550549675.0,-0.03697394926303344,0.0046938116220744805,-1.0244510616865685,-0.9223440568084252,0.004694898529955699,0.004695030239199442,0,2.0,0.0
2160,2023-01-22 04:43:59.999,-0.041849594316055,1626.23,65.3277,1.2015e-05,520634052.0,-0.036974375307932676,0.004694212370422166,-1.0385595331904163,-1.0244510616865685,0.00469529937110143,0.004695152353610783,0,2.5,0.0
2161,2023-01-22 04:44:59.999,-0.0422209396848742,1626.185,120.7451,1.202e-05,1461018745.0,-0.03697494990543174,0.004694778548926875,-1.117409420864288,-1.0385595331904163,0.004695865680711501,0.0046953042274488505,0,2.5,0.0
2162,2023-01-22 04:45:59.999,-0.0426914765515071,1625.42,269.3751,1.202e-05,3179326537.0,-0.036975858520983694,0.004695694814434959,-1.2172038976964858,-1.117409420864288,0.004696782158391756,0.004695323451944689,0,2.5,0.0
2163,2023-01-22 04:46:59.999,-0.0436232090686594,1625.58,204.4479,1.2035e-05,4373622292.0,-0.03697757280539208,0.004697445050760184,-1.4147342207210838,-1.2172038976964858,0.004698532800005009,0.004695393492174675,0,2.5,0.0
2164,2023-01-22 04:47:59.999,-0.0440355608660496,1626.025,350.6452,1.2045e-05,768113950.0,-0.03697993158526847,0.004699708823072774,-1.5012907280855754,-1.4147342207210838,0.004700797096520991,0.004695568239952761,0,2.5,0.0
2165,2023-01-22 04:48:59.999,-0.0440217442117472,1626.605,192.5742,1.205e-05,2305228357.0,-0.036982057441276604,0.0047018545970741316,-1.497214902147601,-1.5012907280855754,0.004702943367401828,0.004695657284025663,0,2.5,0.0
2166,2023-01-22 04:49:59.999,-0.0427172462126534,1626.495,98.6652,1.203e-05,2775978176.0,-0.03698397158777306,0.004703347193685307,-1.2189775470069093,-1.497214902147601,0.0047044363096414915,0.004695867334608642,0,2.5,0.0
2167,2023-01-22 04:50:59.999,-0.0432449541110848,1626.1950000000002,989.6244,1.2035e-05,598373756.0,-0.036986347731405265,0.004705212819767631,-1.3301431028551483,-1.2189775470069093,0.004706302367731714,0.0046959345417982015,0,2.5,0.0
2168,2023-01-22 04:51:59.999,-0.0439863623407639,1626.105,148.6549,1.2045e-05,3066181065.0,-0.03698925396695145,0.004707596288208651,-1.4863441861695854,-1.3301431028551483,0.004708686388093186,0.0046961727037736715,0,2.5,0.0
2169,2023-01-22 04:52:59.999,-0.0439679135177968,1626.135,654.2743,1.2045e-05,594282025.0,-0.03699266016221169,0.004709982153455961,-1.4809511221750598,-1.4863441861695854,0.004711072805815957,0.0046963820871740395,0,2.5,0.0
2170,2023-01-22 04:53:59.999,-0.0442584615278001,1626.2199999999998,136.5194,1.205e-05,2561590659.0,-0.0369960741983283,0.00471257418602186,-1.5410658894268516,-1.4809511221750598,0.0047136654385978105,0.004696600404862711,0,2.5,0.0
2171,2023-01-22 04:54:59.999,-0.0442492377260883,1626.235,140.3281,1.205e-05,1200915128.0,-0.03699984770022448,0.004715116536027825,-1.5374784420431216,-1.5410658894268516,0.004716208377315142,0.004696765086083661,0,2.5,0.0
2172,2023-01-22 04:55:59.999,-0.0437510270953396,1625.9299999999998,1022.0245,1.204e-05,1357413093.0,-0.03700351958205468,0.004717283843969495,-1.4303797983050848,-1.5374784420431216,0.004718376187122732,0.004696852374014893,0,2.5,0.0
2173,2023-01-22 04:56:59.999,-0.0439847668087836,1625.55,129.5036,1.204e-05,3247697421.0,-0.03700713837050072,0.004719639236440296,-1.478424110132966,-1.4303797983050848,0.00472073212501266,0.004697086173444229,0,2.5,0.0
2174,2023-01-22 04:57:59.999,-0.0442938928425249,1625.605,57.5379,1.2045e-05,586302308.0,-0.03701040857833187,0.0047222391543593365,-1.5423793726053197,-1.478424110132966,0.0047233326449736025,0.004697181455123388,0,2.5,0.0
2175,2023-01-22 04:58:59.999,-0.0441800955338607,1625.79,197.3622,1.2045e-05,372120217.0,-0.03701364956271118,0.00472475578390948,-1.516786538587964,-1.5423793726053197,0.004725849857279237,0.0046972656506321896,0,2.5,0.0
2176,2023-01-22 04:59:59.999,-0.0453567808082944,1626.105,493.6698,1.2065e-05,8761170751.0,-0.03701791819224021,0.004728125281904635,-1.7636720938779873,-1.516786538587964,0.004729220135521709,0.0046973398903281,0,2.5,0.0
2177,2023-01-22 05:00:59.999,-0.0483427685127608,1626.25,68.9153,1.211e-05,21094322965.0,-0.03702360463119213,0.004734351868607984,-2.3908581777840663,-1.7636720938779873,0.004735448164065231,0.004697759773366167,0,2.5,0.0
2178,2023-01-22 05:01:59.999,-0.0482013488435058,1626.48,125.8784,1.211e-05,2106103393.0,-0.037028820941117736,0.004740453586030083,-2.356847862684075,-2.3908581777840663,0.004741551294412536,0.004699098874134005,0,2.5,0.0
2179,2023-01-22 05:02:59.999,-0.0474790071971789,1626.545,35.4939,1.21e-05,1739453269.0,-0.03703336455714754,0.004745761353009757,-2.201046757946803,-2.356847862684075,0.0047468602904687535,0.0047013336642412005,0,2.5,0.0
2180,2023-01-22 05:03:59.999,-0.0472792171297697,1626.87,23.5534,1.21e-05,3079677777.0,-0.03703762931584874,0.004750825019839311,-2.1557493216762103,-2.201046757946803,0.004751925129850559,0.004703316602961744,0,2.5,0.0
2181,2023-01-22 05:04:59.999,-0.0457898380663728,1627.07,184.2576,1.208e-05,14263191476.0,-0.03704124552899186,0.004754511403096144,-1.8400613219023623,-2.1557493216762103,0.0047556123667332586,0.004704902824164047,0,2.5,0.0
2182,2023-01-22 05:05:59.999,-0.0454733682689294,1627.585,40.3529,1.208e-05,922010775.0,-0.03704496279143657,0.0047579624550781125,-1.771431690995649,-1.8400613219023623,0.004759064217847339,0.0047068983728220815,0,2.5,0.0
2183,2023-01-22 05:06:59.999,-0.0452112781177511,1627.455,321.8562,1.2075e-05,4369294482.0,-0.0370491426831069,0.004761167866333486,-1.7143137280160128,-1.771431690995649,0.004762270371353795,0.004709282992523879,0,2.5,0.0
2184,2023-01-22 05:07:59.999,-0.0453464676444532,1627.235,66.5927,1.2075e-05,1680105433.0,-0.037053515322971825,0.004764447880263234,-1.7405904167479724,-1.7143137280160128,0.004765551144809761,0.00471172096401142,0,2.5,0.0
2185,2023-01-22 05:08:59.999,-0.0458650755516636,1628.06,235.3508,1.209e-05,1684771443.0,-0.03705770675249607,0.004768214031176796,-1.8471001388739827,-1.7405904167479724,0.004769318167820339,0.004714301173277143,0,2.5,0.0
2186,2023-01-22 05:09:59.999,-0.0459449283768051,1627.93,142.333,1.209e-05,4717965241.0,-0.03706189868822272,0.004772043647764214,-1.8614728498437423,-1.8471001388739827,0.004773148671201004,0.00471675032976704,0,2.5,0.0
2187,2023-01-22 05:10:59.999,-0.0459872418630773,1627.3049999999998,156.7211,1.2085e-05,307521453.0,-0.03706640917864671,0.00477587179580197,-1.8678961801847522,-1.8614728498437423,0.004776977705691947,0.004718965171595214,0,2.5,0.0
2188,2023-01-22 05:11:59.999,-0.0458712178502977,1628.05,388.9622,1.209e-05,3266927003.0,-0.03707074038562351,0.0047796112126099796,-1.8412538328339376,-1.8678961801847522,0.0047807179884063735,0.004721382255002895,0,2.5,0.0
2189,2023-01-22 05:12:59.999,-0.0455264633235188,1628.0549999999998,146.7186,1.2085e-05,9137579286.0,-0.03707490015446124,0.004783057369897761,-1.7669792593849254,-1.8412538328339376,0.004784164943692842,0.004723961948050011,0,2.5,0.0
2190,2023-01-22 05:13:59.999,-0.0453320645886563,1627.815,82.041,1.208e-05,966671815.0,-0.037079050081897984,0.004786329966603701,-1.7242886646644042,-1.7669792593849254,0.004787438298207454,0.004726692426839855,0,2.5,0.0
2191,2023-01-22 05:14:59.999,-0.0453431180148768,1628.91,461.4296,1.209e-05,4716841514.0,-0.03708299555461047,0.004789626927106444,-1.7245857737935593,-1.7242886646644042,0.004790736022160596,0.00473077714265759,0,2.5,0.0
2192,2023-01-22 05:15:59.999,-0.0452387591923155,1629.08,84.101,1.209e-05,1999391055.0,-0.037087086661100374,0.004792816427719107,-1.7008105055036489,-1.7245857737935593,0.004793926261340042,0.004736973946652057,0,2.5,0.0
2193,2023-01-22 05:16:59.999,-0.0452743070398646,1630.135,516.2013,1.21e-05,2467544073.0,-0.03709132629782739,0.004796005426751316,-1.706207565236251,-1.7008105055036489,0.0047971159988228875,0.004742878543426591,0,2.5,0.0
2194,2023-01-22 05:17:59.999,-0.0451507031990949,1629.78,89.5757,1.2095e-05,2196042295.0,-0.03709515195463269,0.004799135884091334,-1.6785420206928443,-1.706207565236251,0.0048002471810575185,0.004748126500314205,0,2.5,0.0
2195,2023-01-22 05:18:59.999,-0.045057691784109,1629.375,104.4355,1.209e-05,1464262999.0,-0.037098914172937966,0.004802190275997721,-1.6573224203444303,-1.6785420206928443,0.004803302280244661,0.004752846939071234,0,2.5,0.0
2196,2023-01-22 05:19:59.999,-0.0449523232513442,1628.99,132.371,1.2085e-05,1141601563.0,-0.03710287082433903,0.004805137583961,-1.6335541469625638,-1.6573224203444303,0.004806250270692138,0.0047564753295117786,0,2.5,0.0
2197,2023-01-22 05:20:59.999,-0.0451395733612507,1628.685,331.2071,1.2085e-05,1838503423.0,-0.03710706409379586,0.004808196060579889,-1.6705868825336714,-1.6335541469625638,0.004809309455537646,0.004759865756223953,0,2.5,0.0
2198,2023-01-22 05:21:59.999,-0.0450740832908707,1628.235,165.5642,1.208e-05,1734702160.0,-0.03711110757190721,0.004811220900958616,-1.6550842047965206,-1.6705868825336714,0.004812334996354121,0.004763090564717787,0,2.5,0.0
2199,2023-01-22 05:22:59.999,-0.045080224929336,1628.225,156.3849,1.208e-05,906106430.0,-0.037115057837828994,0.004814258539051016,-1.65449508515118,-1.6550842047965206,0.004815373337847732,0.004766492900562406,0,2.5,0.0
2200,2023-01-22 05:23:59.999,-0.044368513659446,1628.27,45.6174,1.207e-05,920869367.0,-0.037118650951744984,0.004816773894051563,-1.505128301051079,-1.65449508515118,0.004817889275308632,0.004770275793665506,0,2.5,0.0
2201,2023-01-22 05:24:59.999,-0.0437637150009422,1628.14,107.6966,1.206e-05,2078750228.0,-0.03712205732154864,0.0048188698868910865,-1.378260429371844,-1.505128301051079,0.004819985753500215,0.0047741059298237395,0,2.5,0.0
2202,2023-01-22 05:25:59.999,-0.0429763860965408,1627.19,708.3234,1.204e-05,14434836671.0,-0.03712511837287268,0.004820487438257302,-1.213833206416043,-1.378260429371844,0.00482160367942968,0.004777912776370553,0,2.5,0.0
2203,2023-01-22 05:26:59.999,-0.0444224684279959,1627.625,79.1616,1.2065e-05,1693939005.0,-0.03712911619695877,0.004822956333307885,-1.512216102946736,-1.213833206416043,0.0048240731461822615,0.004781579727227991,0,2.5,0.0
2204,2023-01-22 05:27:59.999,-0.0442920646578244,1627.2800000000002,348.4006,1.206e-05,5734924531.0,-0.03713347556110204,0.004825172725396995,-1.4835922989955517,-1.512216102946736,0.004826290051503308,0.004784983282321496,0,2.5,0.0
2205,2023-01-22 05:28:59.999,-0.0438541532965501,1626.3200000000002,94.4509,1.2045e-05,2674283667.0,-0.037137323641575265,0.004827216149844917,-1.3914499468167842,-1.4835922989955517,0.004828333949130454,0.00478826272919574,0,2.5,0.0
2206,2023-01-22 05:29:59.999,-0.0441477815220316,1626.4,79.0055,1.205e-05,3697639230.0,-0.03714159188153426,0.004829336555686813,-1.4507561359017664,-1.3914499468167842,0.004830454845977529,0.0047915335819554575,0,2.5,0.0
2207,2023-01-22 05:30:59.999,-0.0439694894976696,1626.69,137.743,1.205e-05,2562026538.0,-0.03714572029205012,0.004831359715695154,-1.4123910466554137,-1.4507561359017664,0.004832478474472621,0.004794723695710754,0,2.5,0.0
2208,2023-01-22 05:31:59.999,-0.044523848269165,1627.46,35.1112,1.2065e-05,1654494307.0,-0.0371501307494424,0.004833744146946504,-1.525467069741498,-1.4123910466554137,0.004834863457867373,0.004797898794381545,0,2.5,0.0
2209,2023-01-22 05:32:59.999,-0.0442613390102017,1627.33,80.9913,1.206e-05,2194454636.0,-0.037154164133146185,0.004836040880236806,-1.4696267159568543,-1.525467069741498,0.004837160722993573,0.004801010955854304,0,2.5,0.0
2210,2023-01-22 05:33:59.999,-0.0444364878487526,1627.045,123.1689,1.206e-05,2917622430.0,-0.03715816792318873,0.00483848774229953,-1.5042551130045412,-1.4696267159568543,0.0048396081516562965,0.004804039277856531,0,2.5,0.0
2211,2023-01-22 05:34:59.999,-0.0439910058139503,1626.655,783.6966,1.205e-05,6335494681.0,-0.03716196255853098,0.004840630443803734,-1.4107755869198537,-1.5042551130045412,0.004841751349328505,0.004807015066903515,0,2.5,0.0
2212,2023-01-22 05:35:59.999,-0.0442277158529478,1626.27,201.2189,1.205e-05,1730118668.0,-0.037166072773201206,0.004842858554376367,-1.4581559631480816,-1.4107755869198537,0.004843979975846629,0.004810065840741765,0,2.5,0.0
2213,2023-01-22 05:36:59.999,-0.0450370493799674,1626.625,271.0313,1.2065e-05,1008665121.0,-0.037170558776842756,0.004845658776572818,-1.6234099357463145,-1.4581559631480816,0.00484678084646782,0.004813094581727524,0,2.5,0.0
2214,2023-01-22 05:37:59.999,-0.0449141029690807,1626.8249999999998,20.0529,1.2065e-05,32707150.0,-0.037175101023647565,0.004848316139822568,-1.5962246937379703,-1.6234099357463145,0.004849438825061621,0.0048160023222129575,0,2.5,0.0
2215,2023-01-22 05:38:59.999,-0.0446283109776075,1627.29,682.9235,1.2065e-05,218290605.0,-0.03717967873047292,0.004850682631640201,-1.5355843316873348,-1.5962246937379703,0.004851805864868567,0.004818413394856528,0,2.5,0.0
2216,2023-01-22 05:39:59.999,-0.0446787068877441,1627.765,89.2594,1.207e-05,3142584862.0,-0.03718378617272273,0.004853273867733071,-1.5443020359620039,-1.5355843316873348,0.004854397700992959,0.004820390234982581,0,2.5,0.0
2217,2023-01-22 05:40:59.999,-0.0448334588675116,1628.0700000000002,511.9011,1.2075e-05,102845031.0,-0.03718781459793817,0.004856009714031748,-1.574470546770294,-1.5443020359620039,0.004857134180809371,0.0048222210461178255,0,2.5,0.0
2218,2023-01-22 05:41:59.999,-0.0444575691948436,1628.125,1190.9507,1.207e-05,4074190470.0,-0.037191773818004994,0.0048584484014001835,-1.4954970757216721,-1.574470546770294,0.004859573432884856,0.004824627372512523,0,2.5,0.0
2219,2023-01-22 05:42:59.999,-0.0447781802170332,1628.16,39.4522,1.2075e-05,796386359.0,-0.037195613449969724,0.004861164444068886,-1.5598251929771632,-1.4954970757216721,0.004862290104485527,0.004826801025910095,0,2.5,0.0
2220,2023-01-22 05:43:59.999,-0.0446357040618394,1627.835,582.3633,1.207e-05,1544462334.0,-0.037198699890279206,0.004863770205461366,-1.5290615833801995,-1.5598251929771632,0.004864896469273035,0.004828864173342223,0,2.5,0.0
2221,2023-01-22 05:44:59.999,-0.0449716688640009,1627.845,67.5766,1.2075e-05,1013654713.0,-0.03720200580024047,0.0048666247467581865,-1.5965198609027849,-1.5290615833801995,0.004867751671572827,0.004830960753101302,0,2.5,0.0
2222,2023-01-22 05:45:59.999,-0.0445914405403193,1627.35,133.3256,1.2065e-05,2000333004.0,-0.037205003284189624,0.004869180573694882,-1.516977475847568,-1.5965198609027849,0.004870308090341635,0.004833074720321309,0,2.5,0.0
2223,2023-01-22 05:46:59.999,-0.0445932259750065,1626.79,534.5838,1.206e-05,462854854.0,-0.037207989734607906,0.004871732224565958,-1.5159364061838545,-1.516977475847568,0.0048728603320778024,0.0048354377741489235,0,2.5,0.0
2224,2023-01-22 05:47:59.999,-0.0434729971593199,1626.94,631.9175,1.2045e-05,523527095.0,-0.03721051422019179,0.00487356487567156,-1.2849901661081633,-1.5159364061838545,0.004874693407555555,0.004837772580159254,0,2.5,0.0
2225,2023-01-22 05:48:59.999,-0.0437082568777569,1627.115,51.6599,1.205e-05,2499430188.0,-0.037213096600603686,0.004875528981357168,-1.3321960144199991,-1.2849901661081633,0.004876657968053184,0.0048401439510743485,0,2.5,0.0
2226,2023-01-22 05:49:59.999,-0.0442398316185723,1627.365,88.6871,1.206e-05,1000761469.0,-0.037216070841826626,0.004877854529648073,-1.4399282992255247,-1.3321960144199991,0.0048789840548524414,0.004842308505958036,0,2.5,0.0
2227,2023-01-22 05:50:59.999,-0.0437266945890222,1627.085,246.6679,1.205e-05,8348430918.0,-0.03721895914850173,0.004879861312043426,-1.33359024455459,-1.4399282992255247,0.004880991301942115,0.004844680193501927,0,2.5,0.0
2228,2023-01-22 05:51:59.999,-0.0438143453616923,1627.5,34.5541,1.2055e-05,1609631839.0,-0.03722194208736669,0.00488192229333443,-1.350370382446807,-1.33359024455459,0.004883052760477838,0.0048474453411162695,0,2.5,0.0
2229,2023-01-22 05:52:59.999,-0.0440094243035034,1627.74,46.2633,1.206e-05,1037562891.0,-0.037224851037028994,0.004884093345749129,-1.3891162158846455,-1.350370382446807,0.004885224315625532,0.004850030585013357,0,2.5,0.0
2230,2023-01-22 05:53:59.999,-0.0443057407351403,1627.815,151.5312,1.2065e-05,2140250909.0,-0.037227773910523614,0.00488644032678081,-1.4484914070934036,-1.3891162158846455,0.004887571840128573,0.004852453823899665,0,2.5,0.0
2231,2023-01-22 05:54:59.999,-0.0442504534254055,1627.905,59.2685,1.2065e-05,1137491578.0,-0.03723107703550506,0.004888774361944996,-1.4358151696548713,-1.4484914070934036,0.004889906415766348,0.004855081820947062,0,2.5,0.0
2232,2023-01-22 05:55:59.999,-0.0439879223291583,1627.775,31.3654,1.206e-05,1394079570.0,-0.03723384045574888,0.00489090546935207,-1.3809471304920096,-1.4358151696548713,0.004892038016656677,0.004857743993828242,0,2.5,0.0
2233,2023-01-22 05:56:59.999,-0.0440094243035034,1627.74,113.4708,1.206e-05,582872862.0,-0.03723665425751881,0.004893053947652617,-1.3841601009189246,-1.3809471304920096,0.004894186992462916,0.004860252600785024,0,2.5,0.0
2234,2023-01-22 05:57:59.999,-0.0443763900794351,1627.7,213.1941,1.2065e-05,2113840710.0,-0.03723958880565391,0.004895433701194729,-1.4578486216735926,-1.3841601009189246,0.004896567297065251,0.004862941695682404,0,2.5,0.0
2235,2023-01-22 05:58:59.999,-0.0443118839582439,1627.805,49.5037,1.2065e-05,1820457188.0,-0.03724274752224122,0.0048977942502606,-1.4433306249290776,-1.4578486216735926,0.004898928392744321,0.004865610269847983,0,2.5,0.0
2236,2023-01-22 05:59:59.999,-0.0441323015983918,1627.54,68.5916,1.206e-05,1970439455.0,-0.03724589835989365,0.004900035747073811,-1.4053781633349416,-1.4433306249290776,0.004901170408602765,0.004868390776265029,0,2.5,0.0
2237,2023-01-22 06:00:59.999,-0.0447985102261014,1627.5700000000002,46.3771,1.207e-05,827294773.0,-0.0372493232116624,0.004902727382630102,-1.5397933487358604,-1.4053781633349416,0.004903862667439266,0.004870946150775677,0,2.5,0.0
2238,2023-01-22 06:01:59.999,-0.0450638194750254,1627.695,57.484,1.2075e-05,79994117.0,-0.037253152695895735,0.004905598415382149,-1.5921944924473008,-1.5397933487358604,0.004906734365013078,0.0048733186009472405,0,2.5,0.0
2239,2023-01-22 06:02:59.999,-0.0448753147877134,1627.4450000000002,106.7066,1.207e-05,672660794.0,-0.0372569067266922,0.004908326501844834,-1.5521396260329792,-1.5921944924473008,0.004909463083196616,0.004875184547679962,0,2.5,0.0
2240,2023-01-22 06:03:59.999,-0.0448003909952419,1627.0100000000002,27.5636,1.2065e-05,1097962718.0,-0.03726046228605161,0.0049110072585777445,-1.535312067808651,-1.5521396260329792,0.004912144460690617,0.004877239489752999,0,2.5,0.0
2241,2023-01-22 06:04:59.999,-0.0459527207834931,1626.805,95.3594,1.208e-05,8516805084.0,-0.037264443833119484,0.004914565275272844,-1.7678627637906925,-1.535312067808651,0.004915703301286779,0.00487948586662486,0,2.5,0.0
2242,2023-01-22 06:05:59.999,-0.0460910382592061,1626.58,95.3909,1.208e-05,906981420.0,-0.03726815712635894,0.004918201527220804,-1.7939242798439836,-1.7678627637906925,0.004919340395252105,0.004881506666576046,0,2.5,0.0
2243,2023-01-22 06:06:59.999,-0.0471345322700607,1626.55,102.1133,1.2095e-05,4455407828.0,-0.03727241799364417,0.004922758572088008,-2.0033715105052323,-1.7939242798439836,0.004923898495357223,0.004883595649264762,0,2.5,0.0
2244,2023-01-22 06:07:59.999,-0.0473345396137609,1626.78,36.0693,1.21e-05,894522173.0,-0.037276564768668405,0.00492745803305047,-2.0412096414884826,-2.0033715105052323,0.0049285990445357385,0.004885811196751293,0,2.5,0.0
2245,2023-01-22 06:08:59.999,-0.047457600805739,1627.135,37.4831,1.2105e-05,914758414.0,-0.037280535406579225,0.0049322026348806785,-2.06339158233023,-2.0412096414884826,0.004933344745034904,0.004888155484038016,0,2.5,0.0
2246,2023-01-22 06:09:59.999,-0.0474822626051469,1627.65,342.1528,1.211e-05,3669875131.0,-0.03728473830794994,0.004937023780876895,-2.0655205949576603,-2.06339158233023,0.004938167007424789,0.00489043931598893,0,2.5,0.0
2247,2023-01-22 06:10:59.999,-0.0472118001549723,1627.535,87.1048,1.2105e-05,736023181.0,-0.03728908600421802,0.004941626785810366,-2.0079853418406373,-2.0655205949576603,0.0049427710782387725,0.004892575260608237,0,2.5,0.0
2248,2023-01-22 06:11:59.999,-0.0465967284940092,1627.425,23.5862,1.2095e-05,4755989810.0,-0.03729290696157601,0.004945629739067912,-1.881220799636055,-2.0079853418406373,0.004946774958427733,0.0048947820686135,0,2.5,0.0
2249,2023-01-22 06:12:59.999,-0.0462551864003089,1627.425,40.5211,1.209e-05,1225657410.0,-0.03729642290853545,0.004949299070073237,-1.810107525314869,-1.881220799636055,0.004950445139110275,0.004897157570985019,0,2.5,0.0
2250,2023-01-22 06:13:59.999,-0.0465291393377391,1627.535,40.3944,1.2095e-05,390304616.0,-0.0373000794324096,0.004953199738610895,-1.8632521182999475,-1.810107525314869,0.004954346710894103,0.0048994888967089315,0,2.5,0.0
2251,2023-01-22 06:14:59.999,-0.0463043450198235,1627.345,98.8065,1.209e-05,1135691872.0,-0.0373036431061747,0.00495690629084102,-1.8157902097684575,-1.8632521182999475,0.00495805412142046,0.004901843473311891,0,2.5,0.0
2252,2023-01-22 06:15:59.999,-0.0457076775514835,1627.76,344.2084,1.2085e-05,1366713473.0,-0.03730675439988659,0.004960070162224115,-1.6937105478019905,-1.8157902097684575,0.004961218725435586,0.0049045805918327195,0,2.5,0.0
2253,2023-01-22 06:16:59.999,-0.0462428971230117,1627.445,178.1144,1.209e-05,1038464467.0,-0.037309774855085534,0.00496352327740834,-1.7997542811143055,-1.6937105478019905,0.0049646726402296825,0.0049074165445589625,0,2.5,0.0
2254,2023-01-22 06:17:59.999,-0.0464057423052288,1627.1799999999998,27.9112,1.209e-05,274420760.0,-0.0373129327822224,0.004967138164934867,-1.8305932351945426,-1.7997542811143055,0.00496828836482639,0.004910133427570116,0,2.5,0.0
2255,2023-01-22 06:18:59.999,-0.0461285898312837,1627.0749999999998,36.9565,1.2085e-05,158483147.0,-0.037315769884587666,0.004970421428782297,-1.7730528634178784,-1.8305932351945426,0.004971572388952596,0.004913034170839658,0,2.5,0.0
2256,2023-01-22 06:19:59.999,-0.0462459694281776,1627.44,55.9152,1.209e-05,832746155.0,-0.03731895686477567,0.004973938176196382,-1.7947574431310094,-1.7730528634178784,0.004975089950711351,0.00491661257477811,0,2.5,0.0
2257,2023-01-22 06:20:59.999,-0.0463048989511065,1627.9,121.0204,1.2095e-05,131216117.0,-0.037321819240992975,0.004977328377194527,-1.8047994886720424,-1.7947574431310094,0.00497848093675084,0.004920479920278384,0,2.5,0.0
2258,2023-01-22 06:21:59.999,-0.0461298420955706,1628.185,423.4974,1.2095e-05,397612943.0,-0.03732449633818822,0.004980509018107221,-1.7679610106857588,-1.8047994886720424,0.0049816623141787485,0.004925073632651851,0,2.5,0.0
2259,2023-01-22 06:22:59.999,-0.0459493255517955,1629.035,165.9227,1.21e-05,3414596624.0,-0.03732720835858585,0.004983608856228905,-1.730095086100718,-1.7679610106857588,0.0049847628701048,0.00492978546966053,0,2.5,0.0
2260,2023-01-22 06:23:59.999,-0.0461008561138882,1629.9,105.2856,1.211e-05,454727438.0,-0.03733035156858479,0.004986999286702066,-1.7586737116025137,-1.730095086100718,0.004988154085672443,0.004934550310632375,0,2.5,0.0
2261,2023-01-22 06:24:59.999,-0.0466075023145897,1629.63,101.1498,1.2114999999999998e-05,1614566961.0,-0.03733394285829225,0.004990884145998045,-1.8580995240559681,-1.7586737116025137,0.004992039844553776,0.004939318025128285,0,2.5,0.0
2262,2023-01-22 06:25:59.999,-0.0464571727397249,1629.875,231.5781,1.2114999999999998e-05,2129474547.0,-0.037337088739255564,0.004994490891755345,-1.826028758111124,-1.8580995240559681,0.0049956474254959325,0.004943772048286013,0,2.5,0.0
2263,2023-01-22 06:26:59.999,-0.0465733893610966,1629.13,281.3489,1.211e-05,2219038127.0,-0.03734052649816393,0.004998290159313779,-1.847204257585609,-1.826028758111124,0.004999447572819935,0.004947692503598369,0,2.5,0.0
2264,2023-01-22 06:27:59.999,-0.0467203800331006,1628.335,111.4168,1.2105e-05,1068565605.0,-0.03734384719978869,0.005002136586633192,-1.8745055579585856,-1.847204257585609,0.00500329489082532,0.004951420532056232,0,2.5,0.0
2265,2023-01-22 06:28:59.999,-0.047040004872251,1628.37,47.096,1.211e-05,1459762859.0,-0.03734698628700815,0.005006091328632211,-1.9362448563021362,-1.8745055579585856,0.0050072505485918625,0.004955273563525693,0,2.5,0.0
2266,2023-01-22 06:29:59.999,-0.0471814168416315,1628.6950000000002,73.7833,1.2114999999999998e-05,768930655.0,-0.03735042128794402,0.005010290890537731,-1.9621606346757174,-1.9362448563021362,0.005011451082955866,0.004958845272424242,0,2.5,0.0
2267,2023-01-22 06:30:59.999,-0.0471752769754836,1628.705,77.0716,1.2114999999999998e-05,277123771.0,-0.037353588275838484,0.005014336524549232,-1.9587214881889174,-1.9621606346757174,0.005015497653782017,0.00496208220413411,0,2.5,0.0
2268,2023-01-22 06:31:59.999,-0.0472705506839545,1629.105,121.1811,1.212e-05,745758867.0,-0.03735656330599984,0.0050183115405019125,-1.9755623575660073,-1.9587214881889174,0.0050194735901968966,0.004965576571378859,0,2.5,0.0
2269,2023-01-22 06:32:59.999,-0.0473473337692382,1629.535,80.9937,1.2125e-05,857460025.0,-0.03735990477215856,0.00502255810711925,-1.9885143753584273,-1.9755623575660073,0.005023721140157218,0.004969109370857942,0,2.5,0.0
2270,2023-01-22 06:33:59.999,-0.0478779678865741,1629.7800000000002,37.3892,1.2135000000000002e-05,332366034.0,-0.03736327542072049,0.005027170538166258,-2.0915726622015525,-1.9885143753584273,0.005028334639267468,0.004972451779392285,0,2.5,0.0
2271,2023-01-22 06:34:59.999,-0.0477951380512209,1629.915,58.0439,1.2135000000000002e-05,268302672.0,-0.037366414623857584,0.005031564697876367,-2.072660107454226,-2.0915726622015525,0.005032729816497496,0.004975937697221223,0,2.5,0.0
2272,2023-01-22 06:35:59.999,-0.0473933709872156,1630.015,124.6489,1.213e-05,2002218805.0,-0.03736936647293664,0.0050355744207853555,-1.9906377458950548,-2.072660107454226,0.005036740467905491,0.004979276281107817,0,2.5,0.0
2273,2023-01-22 06:36:59.999,-0.0468072133891368,1629.86,149.8333,1.212e-05,1720569234.0,-0.037372089969933374,0.005039086084179419,-1.872387822233418,-1.9906377458950548,0.0050402529444669615,0.004982437453160261,0,2.5,0.0
2274,2023-01-22 06:37:59.999,-0.0457818690178903,1630.42,183.5146,1.211e-05,1236729305.0,-0.037374402921406966,0.005041798348560546,-1.6675530267654801,-1.872387822233418,0.0050429658369051476,0.004985610673996711,0,2.5,0.0
2275,2023-01-22 06:38:59.999,-0.0457849357170658,1630.415,70.6197,1.211e-05,2804529813.0,-0.037377023410984304,0.005044697265633898,-1.6666832246523302,-1.6675530267654801,0.005045865425257211,0.004989125525392777,0,2.5,0.0
2276,2023-01-22 06:39:59.999,-0.0463344714711482,1630.075,44.5757,1.2114999999999998e-05,435224975.0,-0.037379960192018995,0.005048063459330628,-1.7738507749101413,-1.6666832246523302,0.0050492323984361095,0.004992941739789316,0,2.5,0.0
2277,2023-01-22 06:40:59.999,-0.0460855178672012,1629.925,1166.599,1.211e-05,3014685405.0,-0.037382740196091196,0.0050512024845254955,-1.7229120586179654,-1.7738507749101413,0.0050523721505095764,0.004996597462326933,0,2.5,0.0
2278,2023-01-22 06:41:59.999,-0.0460088301625027,1630.05,345.8271,1.211e-05,1629626535.0,-0.03738529346962984,0.005054167396369928,-1.7062230069915312,-1.7229120586179654,0.0050553377489145936,0.005000409402321281,0,2.5,0.0
2279,2023-01-22 06:42:59.999,-0.0458984101984611,1630.23,41.9919,1.211e-05,1103077605.0,-0.0373880267608648,0.005057173237235971,-1.6828340731803177,-1.7062230069915312,0.005058344285818823,0.0050042838052669555,0,2.5,0.0
2280,2023-01-22 06:43:59.999,-0.0460247177535428,1630.58,89.5029,1.2114999999999998e-05,185869444.0,-0.03739084098674724,0.005060286307789643,-1.7062032149257724,-1.6828340731803177,0.00506145807724099,0.005008300682182863,0,2.5,0.0
2281,2023-01-22 06:44:59.999,-0.0459388624197245,1630.72,47.1454,1.2114999999999998e-05,249852307.0,-0.037393600937043414,0.0050633211141179165,-1.6876791517043181,-1.7062032149257724,0.0050644935863147465,0.005012462725662404,0,2.5,0.0
2282,2023-01-22 06:45:59.999,-0.0457542691485279,1630.465,173.6613,1.211e-05,1439632769.0,-0.03739620645219116,0.005066173901423428,-1.6497780887443276,-1.6876791517043181,0.005067347034217072,0.005016491637885737,0,2.5,0.0
2283,2023-01-22 06:46:59.999,-0.0455971637112391,1630.165,71.3725,1.2105e-05,360153072.0,-0.037398809798873875,0.005068941889355995,-1.6173698754725354,-1.6497780887443276,0.00507011566311015,0.005020535477686977,0,2.5,0.0
2284,2023-01-22 06:47:59.999,-0.0454438167603967,1630.415,75.4552,1.2105e-05,1852180176.0,-0.03740132325156029,0.005071583714090108,-1.5857952786015121,-1.6173698754725354,0.005072758099590187,0.005024874514934781,0,2.5,0.0
2285,2023-01-22 06:48:59.999,-0.0458376852384674,1630.885,69.8642,1.2114999999999998e-05,1562921371.0,-0.03740398337379181,0.005074500280845759,-1.6619768248923927,-1.5857952786015121,0.005075675341711542,0.005029433433574974,0,2.5,0.0
2286,2023-01-22 06:49:59.999,-0.0454691150944199,1630.9299999999998,114.4152,1.211e-05,1352989351.0,-0.03740653233381459,0.005077167325766217,-1.5880080846830371,-1.6619768248923927,0.005078343004217957,0.005033732479349495,0,2.5,0.0
2287,2023-01-22 06:50:59.999,-0.0451617197968943,1630.875,70.5494,1.2105e-05,289977353.0,-0.037408563511125835,0.005079391378722761,-1.5263947405679206,-1.5880080846830371,0.005080567572180403,0.005037618587045859,0,2.5,0.0
2288,2023-01-22 06:51:59.999,-0.0451730935513943,1630.3,79.3447,1.21e-05,2197709332.0,-0.03741040724029991,0.005081486218767582,-1.5276409256851402,-1.5263947405679206,0.00508266289731034,0.0050409311675765085,0,2.5,0.0
2289,2023-01-22 06:52:59.999,-0.0457621156690244,1629.34,763.5087,1.21e-05,4868613409.0,-0.037412584489107094,0.005084056023966053,-1.642297240738088,-1.5276409256851402,0.005085233297577755,0.005043690733993163,0,2.5,0.0
2290,2023-01-22 06:53:59.999,-0.0461826196968644,1628.6550000000002,121.9979,1.21e-05,1134972792.0,-0.03741515791694681,0.005087086835427981,-1.7234739770625478,-1.642297240738088,0.005088264810860108,0.0050467071685519355,0,2.5,0.0
2291,2023-01-22 06:54:59.999,-0.0461028024169962,1628.785,100.3958,1.21e-05,1010394006.0,-0.037417700892761724,0.005090055286145073,-1.7062882495353193,-1.7234739770625478,0.005091233948957252,0.005050017336454476,0,2.5,0.0
2292,2023-01-22 06:55:59.999,-0.0452378169501699,1628.525,52.3876,1.2085e-05,544949207.0,-0.0374195597505369,0.0050921772128354,-1.5353466450315616,-1.7062882495353193,0.00509335636700493,0.005053113550110831,0,2.5,0.0
2293,2023-01-22 06:56:59.999,-0.0453707442321587,1628.865,171.1398,1.209e-05,2835445007.0,-0.03742147201314024,0.005094386718673237,-1.5603982693109595,-1.5353466450315616,0.005095566384480109,0.005056089383140651,0,2.5,0.0
2294,2023-01-22 06:57:59.999,-0.045016782446396,1628.885,49.4499,1.2085e-05,1077218623.0,-0.037423215443846435,0.005096340978128673,-1.490003717399979,-1.5603982693109595,0.005097521096467556,0.005059122733674364,0,2.5,0.0
2295,2023-01-22 06:58:59.999,-0.045029060859413,1628.865,22.1822,1.2085e-05,359315079.0,-0.037425284584189616,0.005098520815785427,-1.4913690754544904,-1.490003717399979,0.005099701438891632,0.005062216954509429,0,2.5,0.0
2296,2023-01-22 06:59:59.999,-0.045016782446396,1628.885,38.996,1.2085e-05,751156289.0,-0.03742735094838775,0.005100692201864675,-1.4879218736691784,-1.4913690754544904,0.005101873327781141,0.005065206948290327,0,2.5,0.0
2297,2023-01-22 07:00:59.999,-0.0451579932989929,1628.655,43.4028,1.2085e-05,342298356.0,-0.037429338060855494,0.005102866967761539,-1.5145711787050007,-1.4879218736691784,0.005104048597270901,0.005068039191440341,0,2.5,0.0
2298,2023-01-22 07:01:59.999,-0.0449911748631777,1628.37,18.405,1.208e-05,969951149.0,-0.0374309401085898,0.005104697229821837,-1.4810349006441983,-1.5145711787050007,0.005105879283150138,0.005070776272230159,0,2.5,0.0
2299,2023-01-22 07:02:59.999,-0.0444544981822865,1628.13,133.3225,1.207e-05,1921275582.0,-0.03743239966664291,0.005106254281796245,-1.3751956185725633,-1.4810349006441983,0.005107436695678441,0.005073487410120526,0,2.5,0.0
2300,2023-01-22 07:03:59.999,-0.0444575691948436,1628.125,20.2167,1.207e-05,1026211828.0,-0.03743402293091665,0.005107929717320957,-1.3750279766203821,-1.3751956185725633,0.005109112519170165,0.005076342257338146,0,2.5,0.0
2301,2023-01-22 07:04:59.999,-0.0438282078491667,1628.035,27.029,1.206e-05,4882767825.0,-0.037435279279105976,0.005109168395805626,-1.251265974186524,-1.3750279766203821,0.005110351484485563,0.005078899146208568,0,2.5,0.0
2302,2023-01-22 07:05:59.999,-0.0441798129775783,1628.02,284.2834,1.2065e-05,411195884.0,-0.03743682065149958,0.005110700461447806,-1.3193871127732861,-1.251265974186524,0.005111883904895755,0.0050810914034628875,0,2.5,0.0
2303,2023-01-22 07:06:59.999,-0.0439817789928369,1627.785,352.0288,1.206e-05,601755264.0,-0.03743845728582948,0.005112229867652757,-1.279934955274564,-1.3193871127732861,0.005113413665252894,0.005083305497377193,0,2.5,0.0
2304,2023-01-22 07:07:59.999,-0.0441337458085655,1628.0949999999998,607.1414,1.2065e-05,3232458568.0,-0.037439984113730285,0.0051137365590858165,-1.3089766391939168,-1.279934955274564,0.005114920705578268,0.0050859911758983425,0,2.5,0.0
2305,2023-01-22 07:08:59.999,-0.043889592328469,1629.05,235.2042,1.207e-05,2331711401.0,-0.03744141825661064,0.005115110579864212,-1.2606128393864628,-1.3089766391939168,0.005116295044527508,0.0050890070953843935,0,2.5,0.0
2306,2023-01-22 07:09:59.999,-0.0440444920813796,1629.355,37.3045,1.2075e-05,398950839.0,-0.037443032338028946,0.005116643634009182,-1.2901933797914389,-1.2606128393864628,0.005117828453669391,0.005091764553469172,0,2.5,0.0
2307,2023-01-22 07:10:59.999,-0.0441501964549964,1629.74,88.0304,1.208e-05,1589232774.0,-0.03744475640556835,0.005118275677386584,-1.3100974765884192,-1.2901933797914389,0.005119460874965837,0.005093908871373725,0,2.5,0.0
2308,2023-01-22 07:11:59.999,-0.0440796355417241,1629.855,47.9213,1.208e-05,1268806554.0,-0.03744656987969497,0.005119931973900721,-1.2955378500811607,-1.3100974765884192,0.005121117555015123,0.005096055062476971,0,2.5,0.0
2309,2023-01-22 07:12:59.999,-0.0440796355417241,1629.855,113.5883,1.208e-05,629848032.0,-0.037448490868255746,0.005121641630186925,-1.294730313496444,-1.2955378500811607,0.0051228276071925635,0.005098066182073575,0,2.5,0.0
2310,2023-01-22 07:13:59.999,-0.0444245280727173,1629.85,110.8536,1.2085e-05,253184283.0,-0.03745055488649036,0.00512355385391175,-1.3611593407771894,-1.294730313496444,0.005124740273715525,0.0051002444111140095,0,2.5,0.0
2311,2023-01-22 07:14:59.999,-0.0444920212237214,1629.74,17.2667,1.2085e-05,172620964.0,-0.0374527120103822,0.005125536771398941,-1.3733799067873866,-1.3611593407771894,0.005126723650370833,0.005102417145153581,0,2.5,0.0
2312,2023-01-22 07:15:59.999,-0.0444030539344808,1629.885,77.9783,1.2085e-05,274216097.0,-0.037455057024365926,0.005127557016574098,-1.3550306486415395,-1.3733799067873866,0.005128744363357776,0.00510450626874071,0,2.5,0.0
2313,2023-01-22 07:16:59.999,-0.0447600759303412,1629.86,135.0617,1.209e-05,1365443215.0,-0.03745779646580225,0.005129877872969279,-1.4234801773774473,-1.3550306486415395,0.005131065757174848,0.005106268636282213,0,2.5,0.0
2314,2023-01-22 07:17:59.999,-0.0445779281865341,1629.6,56.6108,1.2085e-05,1319501033.0,-0.03746043951944166,0.00513207449319223,-1.3868638649992109,-1.4234801773774473,0.005133262886051324,0.005107855651551372,0,2.5,0.0
2315,2023-01-22 07:18:59.999,-0.0443619090727835,1629.395,222.4766,1.208e-05,1499637709.0,-0.037463019169043946,0.005134142068212244,-1.343727893011307,-1.3868638649992109,0.005135330939842913,0.0051094222604990145,0,2.5,0.0
2316,2023-01-22 07:19:59.999,-0.0446791851537895,1629.435,5.0129,1.2085e-05,290304004.0,-0.037465657982147516,0.005136385035921841,-1.404397669020806,-1.343727893011307,0.005137574426938347,0.0051107345895881106,0,2.5,0.0
2317,2023-01-22 07:20:59.999,-0.0447252144376264,1629.36,92.9501,1.2085e-05,1617402175.0,-0.03746851316498049,0.00513870502539747,-1.4121653678855826,-1.404397669020806,0.0051398949536351195,0.0051122663449850395,0,2.5,0.0
2318,2023-01-22 07:21:59.999,-0.0447773835207065,1629.275,60.0223,1.2085e-05,297665084.0,-0.03747147575395419,0.005141072722920911,-1.4210862519372123,-1.4121653678855826,0.00514226319942707,0.0051137904253342375,0,2.5,0.0
2319,2023-01-22 07:22:59.999,-0.0451405490716823,1629.24,21.9723,1.209e-05,5588586946.0,-0.037474550080393125,0.005143671699983316,-1.4903748602995097,-1.4210862519372123,0.00514486277831351,0.0051152642903155784,0,2.5,0.0
2320,2023-01-22 07:23:59.999,-0.045309353674618,1628.965,101.7018,1.209e-05,678166332.0,-0.037477662576450264,0.005146376897943271,-1.5217873182389026,-1.4903748602995097,0.005147568602694212,0.005116678396812979,0,2.5,0.0
2321,2023-01-22 07:24:59.999,-0.0446031513137867,1628.4450000000002,164.8603,1.2075e-05,1931735459.0,-0.03748049393438871,0.005148613497603469,-1.3834127154258873,-1.5217873182389026,0.0051498057202656496,0.0051182365589935025,0,2.5,0.0
2322,2023-01-22 07:25:59.999,-0.0447873931132463,1628.145,61.8199,1.2075e-05,1464557872.0,-0.037483237303367015,0.005150926920881583,-1.4180274583723234,-1.3834127154258873,0.005152119679244426,0.005119875044978159,0,2.5,0.0
2323,2023-01-22 07:26:59.999,-0.0445084870265013,1627.485,1154.5476,1.2065e-05,2751142552.0,-0.037485743027905714,0.005153026940648453,-1.3628385955443596,-1.4180274583723234,0.005154220185295837,0.005121545068059483,0,2.5,0.0
2324,2023-01-22 07:27:59.999,-0.0439741123480281,1627.24,76.2581,1.2055e-05,498520529.0,-0.037488044021470095,0.005154813718689286,-1.2582546490559157,-1.3628385955443596,0.005156007377086367,0.005123305773823304,0,2.5,0.0
2325,2023-01-22 07:28:59.999,-0.0445834888306428,1627.92,118.9025,1.207e-05,2984039919.0,-0.03749067322976354,0.005156983309651702,-1.3753807555677948,-1.2582546490559157,0.005158177470443363,0.005125236117879352,0,2.5,0.0
2326,2023-01-22 07:29:59.999,-0.0440692553370141,1628.2,30.9889,1.2065e-05,858366987.0,-0.03749309677774722,0.00515884396527103,-1.2747349219199324,-1.3753807555677948,0.0051600385569196185,0.005127228828617569,0,2.5,0.0
2327,2023-01-22 07:30:59.999,-0.0440768355410661,1628.745,238.7827,1.207e-05,2655211854.0,-0.0374953847365509,0.005160667146555235,-1.2753100747658845,-1.2747349219199324,0.005161862160383124,0.005129324711812044,0,2.5,0.0
2328,2023-01-22 07:31:59.999,-0.044050629498141,1629.345,232.4294,1.2075e-05,640086375.0,-0.037497995187766024,0.005162555922448213,-1.2692616620155766,-1.2753100747658845,0.005163751373644614,0.005131615039393966,0,2.5,0.0
2329,2023-01-22 07:32:59.999,-0.0437836866821506,1629.78,360.2435,1.2075e-05,108640010.0,-0.03750032973584114,0.005164257396031294,-1.2167009628796182,-1.2692616620155766,0.00516545324122413,0.005133779899499221,0,2.5,0.0
2330,2023-01-22 07:33:59.999,-0.0438865230596761,1629.0549999999998,355.6091,1.207e-05,3795626344.0,-0.037502759875642604,0.005166026633730664,-1.2357201456051032,-1.2167009628796182,0.005167222888611522,0.005135891811616772,0,2.5,0.0
2331,2023-01-22 07:34:59.999,-0.0436054578100169,1627.84,136.0397,1.2055e-05,4244803593.0,-0.037504924657076805,0.005167603520647525,-1.1805342899401987,-1.2357201456051032,0.005168800140675295,0.005138154558612541,0,2.5,0.0
2332,2023-01-22 07:35:59.999,-0.0433966138832389,1628.18,119.0118,1.2055e-05,188862712.0,-0.03750708834294477,0.005169091300759762,-1.139373479324785,-1.1805342899401987,0.005170288265300704,0.0051404870150831075,0,2.5,0.0
2333,2023-01-22 07:36:59.999,-0.043103074098699,1628.1,116.1963,1.205e-05,1744216333.0,-0.03750930954857026,0.005170464457120576,-1.081868872036284,-1.139373479324785,0.005171661739632197,0.00514291309414868,0,2.5,0.0
2334,2023-01-22 07:37:59.999,-0.0431307140605596,1628.0549999999998,84.5655,1.205e-05,1302112590.0,-0.03751147445163135,0.005171838561657073,-1.0865071563888538,-1.081868872036284,0.005173036162358935,0.005145539234408685,0,2.5,0.0
2335,2023-01-22 07:38:59.999,-0.0433075613560056,1628.3249999999998,31.9013,1.2055e-05,101165983.0,-0.03751361408708072,0.005173279809727124,-1.1199756212742913,-1.0865071563888538,0.00517447774416711,0.0051481278820870715,0,2.5,0.0
2336,2023-01-22 07:39:59.999,-0.0431675685314694,1627.995,96.8484,1.205e-05,802476565.0,-0.03751580696173935,0.005174671894666893,-1.09219708703751,-1.1199756212742913,0.0051758701514606955,0.005150384210010343,0,2.5,0.0
2337,2023-01-22 07:40:59.999,-0.0429476087515574,1627.795,31.3241,1.2045e-05,329884972.0,-0.03751806206039582,0.005175977010645379,-1.0489897230985932,-1.09219708703751,0.005177175569654301,0.005152644805757278,0,2.5,0.0
2338,2023-01-22 07:41:59.999,-0.0429476087515574,1627.795,44.1143,1.2045e-05,769575230.0,-0.03752012300429413,0.005177252086930182,-1.0483332965309518,-1.0489897230985932,0.005178450941198176,0.00515466698324347,0,2.5,0.0
2339,2023-01-22 07:42:59.999,-0.042880034957875,1627.905,77.9966,1.2045e-05,746248499.0,-0.037522232499119214,0.005178507140376619,-1.0346229740577564,-1.0483332965309518,0.005179706285267159,0.005156549900425616,0,2.5,0.0
2340,2023-01-22 07:43:59.999,-0.0425370747944136,1627.9050000000002,29.521,1.204e-05,846609553.0,-0.03752400555713011,0.005179568109874936,-0.9678546803402359,-1.0346229740577564,0.005180767500445577,0.005158642742062427,0,2.5,0.0
2341,2023-01-22 07:44:59.999,-0.0422676892683142,1627.785,68.8155,1.2035e-05,1477924629.0,-0.03752578778879499,0.005180537655470951,-0.9153299898344496,-0.9678546803402359,0.0051817372705513995,0.005160494457785495,0,2.5,0.0
2342,2023-01-22 07:45:59.999,-0.0425770042114947,1627.84,59.3122,1.204e-05,839541787.0,-0.03752689404321335,0.005181360982544512,-0.9746686604725414,-0.9153299898344496,0.005182560788276133,0.0051623344636984965,0,2.5,0.0
2343,2023-01-22 07:46:59.999,-0.0425677895891176,1627.855,77.7773,1.204e-05,1042653847.0,-0.03752815764247914,0.005182257282600626,-0.9724781445257396,-0.9746686604725414,0.00518345729588118,0.0051641768405394925,0,2.5,0.0
2344,2023-01-22 07:47:59.999,-0.0415288393581398,1627.87,56.0032,1.2025e-05,1955176935.0,-0.03752883468791726,0.005182684366981266,-0.771801712584786,-0.9724781445257396,0.005183884479158285,0.005165895653070978,0,2.5,0.0
2345,2023-01-22 07:48:59.999,-0.0418077278566535,1627.975,48.3123,1.203e-05,1436870909.0,-0.03752995455356947,0.005183347442591571,-0.8252916383597135,-0.771801712584786,0.00518454770831163,0.005167617201627465,0,2.5,0.0
2346,2023-01-22 07:49:59.999,-0.0422031865154046,1627.89,43.3206,1.2035e-05,2907388999.0,-0.03753077507166233,0.005183946832313422,-0.9013231799788975,-0.8252916383597135,0.005185147236829297,0.005169172171831647,0,2.5,0.0
2347,2023-01-22 07:50:59.999,-0.0418814417790969,1627.855,54.7635,1.203e-05,2423455378.0,-0.037531391542499584,0.0051843849799294624,-0.8390677492967555,-0.9013231799788975,0.005185585485903628,0.005170631633883577,0,2.5,0.0
2348,2023-01-22 07:51:59.999,-0.0422185439363396,1627.865,36.9624,1.2035e-05,607514857.0,-0.03753217214278231,0.0051849636863008095,-0.9038388843376381,-0.8390677492967555,0.005186164326281314,0.005172005345313881,0,2.5,0.0
2349,2023-01-22 07:52:59.999,-0.0421970436130685,1627.9,33.6227,1.2035e-05,424085389.0,-0.03753271863816997,0.0051853931086770135,-0.8995123179944552,-0.9038388843376381,0.005186593848095374,0.005173396557810979,0,2.5,0.0
2350,2023-01-22 07:53:59.999,-0.042395798888478,1628.135,440.6949,1.204e-05,1633887381.0,-0.03753334634532688,0.005185899671503551,-0.9376295052274592,-0.8995123179944552,0.005187100528222555,0.005174825845990506,0,2.5,0.0
2351,2023-01-22 07:54:59.999,-0.0426251385657394,1628.3200000000002,45.7551,1.2045e-05,390475014.0,-0.03753382817972199,0.005186324372512314,-0.9816798989668899,-0.9376295052274592,0.005187525327575887,0.005176196506009097,0,2.5,0.0
2352,2023-01-22 07:55:59.999,-0.0423589475865462,1628.1950000000002,68.8381,1.204e-05,1317442972.0,-0.03753405200129508,0.0051865221652743826,-0.930275709136176,-0.9816798989668899,0.00518772316613922,0.00517749441254027,0,2.5,0.0
2353,2023-01-22 07:56:59.999,-0.0420864778232399,1628.08,72.447,1.2035e-05,699562720.0,-0.037534166431730805,0.005186619876777924,-0.8777029162848768,-0.930275709136176,0.005187820900269021,0.005178764777215422,0,2.5,0.0
2354,2023-01-22 07:57:59.999,-0.0428738921121407,1627.915,35.8635,1.2045e-05,129479017.0,-0.0375346451039686,0.005187064927237919,-1.0293387653844575,-0.8777029162848768,0.005188266053785742,0.005179971589061763,0,2.5,0.0
2355,2023-01-22 07:58:59.999,-0.0427582423758323,1627.545,133.9318,1.204e-05,2161571234.0,-0.03753498309685998,0.005187381494161843,-1.0069163574822584,-1.0293387653844575,0.0051885826940145,0.005181009942972032,0,2.5,0.0
2356,2023-01-22 07:59:59.999,-0.0427131789994597,1627.06,98.3432,1.2035e-05,472901233.0,-0.037535504294429235,0.0051878451656967965,-0.9980395597128493,-1.0069163574822584,0.00518904647291811,0.005181943149982583,0,2.5,0.0
2357,2023-01-22 08:00:59.999,-0.0430071143877732,1627.14,175.5802,1.204e-05,738161357.0,-0.03753669564291471,0.005188805982160645,-1.054273134063221,-0.9980395597128493,0.005190007511870433,0.005182784915177395,0,2.5,0.0
2358,2023-01-22 08:01:59.999,-0.043689819506433,1627.145,131.6231,1.205e-05,1654774275.0,-0.03753838681165781,0.005190215688220009,-1.1851978923991169,-1.054273134063221,0.005191417544363993,0.005183564091700456,0,2.5,0.0
2359,2023-01-22 08:02:59.999,-0.0443123476804601,1625.575,2859.4616,1.2045e-05,1735892352.0,-0.03753964140165858,0.005191525264494145,-1.3045696464430945,-1.1851978923991169,0.0051927274238860845,0.005184050286446621,0,2.5,0.0
2360,2023-01-22 08:03:59.999,-0.0442277910154977,1625.155,1083.2529,1.204e-05,1647315005.0,-0.037541331756698014,0.005193107994356089,-1.287564068774727,-1.3045696464430945,0.005194310520247943,0.005184697590441047,0,2.5,0.0
2361,2023-01-22 08:04:59.999,-0.0445721214185006,1625.71,65.8298,1.205e-05,1467189266.0,-0.03754340393080333,0.005195019687331775,-1.3529722524126375,-1.287564068774727,0.005196222655898863,0.005185256799097879,0,2.5,0.0
2362,2023-01-22 08:05:59.999,-0.044699529648458,1626.06,173.5107,1.2055e-05,3660519720.0,-0.037546458449617216,0.005197286241776519,-1.376308878534222,-1.3529722524126375,0.005198489735191234,0.005185730195998049,0,2.5,0.0
2363,2023-01-22 08:06:59.999,-0.0450113144559978,1626.11,47.4911,1.206e-05,2925311768.0,-0.037551278007928554,0.005199379086105447,-1.4347937175815977,-1.376308878534222,0.005200583064143146,0.005186271706734829,0,2.5,0.0
2364,2023-01-22 08:07:59.999,-0.0449904877042826,1625.03,311.7718,1.205e-05,991116533.0,-0.03755539204582682,0.0052017475594324574,-1.4293457292008598,-1.4347937175815977,0.005202952085918312,0.005186720518127169,0,2.5,0.0
2365,2023-01-22 08:08:59.999,-0.0448797266526739,1625.21,53.3866,1.205e-05,1422382938.0,-0.03755869299588268,0.005204131565910254,-1.4067733615244797,-1.4293457292008598,0.0052053366444411485,0.005187206728060888,0,2.5,0.0
2366,2023-01-22 08:09:59.999,-0.0450778160157483,1625.4450000000002,208.8448,1.2055e-05,6860264436.0,-0.03756182283616818,0.005206619222030952,-1.4435457749200158,-1.4067733615244797,0.005207824876608195,0.00518757478721672,0,2.5,0.0
2367,2023-01-22 08:10:59.999,-0.045428550716231,1624.875,145.2454,1.2055e-05,1369882301.0,-0.03756384755438909,0.005208827176354165,-1.5098798434980307,-1.4435457749200158,0.00521003334220948,0.00518774759967167,0,2.5,0.0
2368,2023-01-22 08:11:59.999,-0.0458042673638559,1622.5949999999998,922.8139,1.204e-05,1316631415.0,-0.03756570042369277,0.005211045807951777,-1.5809814850584347,-1.5098798434980307,0.005212252487557613,0.005187932188648201,0,2.5,0.0
2369,2023-01-22 08:12:59.999,-0.0451807890402129,1623.05,222.216,1.2035e-05,1765797788.0,-0.03756755199916117,0.005213040342283894,-1.4604216620576322,-1.5809814850584347,0.0052142474837478655,0.005188345213842932,0,2.5,0.0
2370,2023-01-22 08:13:59.999,-0.0449272429553389,1621.79,237.3623,1.202e-05,1106564023.0,-0.03756894253997072,0.0052146024770668,-1.4110951789190267,-1.4604216620576322,0.0052158099802616514,0.005188698638740403,0,2.5,0.0
2371,2023-01-22 08:14:59.999,-0.0450285605199631,1622.74,152.1912,1.203e-05,1659180065.0,-0.03757053402042524,0.005216354020172295,-1.4297393295579133,-1.4110951789190267,0.005217561928957774,0.0051892867326561905,0,2.5,0.0
2372,2023-01-22 08:15:59.999,-0.044079773525226,1623.165,113.005,1.202e-05,2239964877.0,-0.03757071976027222,0.005216578645156186,-1.2477629894447593,-1.4297393295579133,0.005217786605956251,0.005190360019993823,0,2.5,0.0
2373,2023-01-22 08:16:59.999,-0.0429691698953789,1622.735,372.3042,1.2e-05,14035662419.0,-0.037568589277598444,0.005213432791099612,-1.0358972358865624,-1.2477629894447593,0.005214640023439772,0.005191745014244516,0,2.5,0.0
2374,2023-01-22 08:17:59.999,-0.0438351205350002,1624.12,107.1915,1.2025e-05,2170181197.0,-0.03756636573634084,0.00520973410150909,-1.2032773029325063,-1.0358972358865624,0.005210940477373706,0.005193123197976549,0,2.5,0.0
2375,2023-01-22 08:18:59.999,-0.0433007354592263,1624.4299999999998,101.2755,1.202e-05,2035340004.0,-0.03756320718029573,0.005204185391284369,-1.1024834527492835,-1.2032773029325063,0.005205390482279169,0.005194788554160674,0,2.5,0.0
2376,2023-01-22 08:19:59.999,-0.043561163532221,1624.565,72.3734,1.2025e-05,3105521795.0,-0.03756128889469391,0.005201209658336507,-1.1535536983998496,-1.1024834527492835,0.005202414060264968,0.005196789425721956,0,2.5,0.0
2377,2023-01-22 08:20:59.999,-0.043836843274704,1624.6750000000002,32.0137,1.203e-05,2898405940.0,-0.03756002803334195,0.005199357768621841,-1.207228954168662,-1.1535536983998496,0.005200561741723223,0.005199007736824231,0,2.5,0.0
2378,2023-01-22 08:21:59.999,-0.0436473441607176,1624.4250000000002,71.0156,1.2025e-05,1432417133.0,-0.03755914848753842,0.005198167110438642,-1.1712196902929946,-1.207228954168662,0.005199370807828967,0.005199668541302531,0,2.0,0.0
2379,2023-01-22 08:22:59.999,-0.0433826701390813,1624.855,95.3317,1.2025e-05,901681719.0,-0.03755887361826854,0.005197843458923558,-1.1204255316336198,-1.1712196902929946,0.0051990470813685265,0.005199668541302531,0,2.0,0.0
2380,2023-01-22 08:23:59.999,-0.043148830459728,1625.235,135.7636,1.2025e-05,455546470.0,-0.03755938160935777,0.005198336105261352,-1.0752380641015158,-1.1204255316336198,0.005199539841784438,0.005199795316769134,0,2.0,0.0
2381,2023-01-22 08:24:59.999,-0.043130371761066,1625.265,24.2883,1.2025e-05,3939498211.0,-0.03756058518888918,0.005199324772518608,-1.0712519059429242,-1.0752380641015158,0.005200528737979351,0.005200536988915319,0,2.0,0.0
2382,2023-01-22 08:25:59.999,-0.0431580599368324,1625.22,23.1219,1.2025e-05,487216389.0,-0.0375635004994083,0.005200696917587409,-1.0757326423896676,-1.0712519059429242,0.005201901200784655,0.005200567072328204,0,2.5,0.0
2383,2023-01-22 08:26:59.999,-0.0432842046619192,1625.015,47.7751,1.2025e-05,423006404.0,-0.037567697796810996,0.005201653624078817,-1.0989787629545527,-1.0757326423896676,0.0052028581288128236,0.005200912598303523,0,2.5,0.0
2384,2023-01-22 08:27:59.999,-0.0432934353885485,1625.0,83.8246,1.2025e-05,1696843081.0,-0.03757149366875553,0.005202838809627993,-1.0997730141484228,-1.0989787629545527,0.005204043588805803,0.005202029415654733,0,2.5,0.0
2385,2023-01-22 08:28:59.999,-0.0432226686618015,1625.115,51.7723,1.2025e-05,167120024.0,-0.03757421354137732,0.00520425654500843,-1.0853529359235368,-1.0997730141484228,0.005205461652479721,0.005202525077401932,0,2.5,0.0
2386,2023-01-22 08:29:59.999,-0.0430134745812331,1625.455,28.7937,1.2025e-05,1004455189.0,-0.037575454954606256,0.005205233961665753,-1.044721460490624,-1.0853529359235368,0.005206439295469491,0.005202881618089196,0,2.5,0.0
2387,2023-01-22 08:30:59.999,-0.0425592117941846,1625.635,143.8642,1.202e-05,687761781.0,-0.03757662429337911,0.005206069644722538,-0.9570727709830785,-1.044721460490624,0.005207275172038623,0.005203224961640184,0,2.5,0.0
2388,2023-01-22 08:31:59.999,-0.042648411686585,1625.49,61.471,1.202e-05,2385176494.0,-0.03757752150886761,0.005206776596181761,-0.9739020071335462,-0.9570727709830785,0.00520798228720086,0.0052043668527146396,0,2.5,0.0
2389,2023-01-22 08:32:59.999,-0.0431015819238638,1625.87,165.6253,1.203e-05,3636709802.0,-0.03757893909637565,0.005207863434623346,-1.0604430966396048,-0.9739020071335462,0.005209069377312806,0.005205350103900654,0,2.5,0.0
2390,2023-01-22 08:33:59.999,-0.0435757581570044,1626.215,111.7661,1.204e-05,1857891163.0,-0.037580719682271294,0.005209255785237685,-1.1508435603646539,-1.0604430966396048,0.005210462050342483,0.005205408274829307,0,2.5,0.0
2391,2023-01-22 08:34:59.999,-0.0437957409143408,1626.415,219.5988,1.2045e-05,157677981.0,-0.037582087589960976,0.005210499533173774,-1.1925254545786352,-1.1508435603646539,0.0052117060862831915,0.005205706063227164,0,2.5,0.0
2392,2023-01-22 08:35:59.999,-0.043648187987145,1626.655,49.081,1.2045e-05,393802443.0,-0.03758282556551204,0.005211245700892328,-1.163898762362017,-1.1925254545786352,0.005212452426785752,0.005206648264611774,0,2.5,0.0
2393,2023-01-22 08:36:59.999,-0.0435607674245197,1627.355,153.5069,1.205e-05,2080978163.0,-0.03758261091273164,0.005210989908025919,-1.147220896087431,-1.163898762362017,0.005212196574687465,0.005207412598181016,0,2.5,0.0
2394,2023-01-22 08:37:59.999,-0.0437375433955224,1627.625,35.617,1.2055e-05,3708398733.0,-0.037583013605684674,0.005211431903630096,-1.1809671321908102,-1.147220896087431,0.005212638672640977,0.005207864229256361,0,2.5,0.0
2395,2023-01-22 08:38:59.999,-0.0444224684279959,1627.625,91.7382,1.2065e-05,3342797496.0,-0.03758416085763123,0.005212664516513676,-1.3118641241347826,-1.1809671321908102,0.005213871570950724,0.005208254059728847,0,2.5,0.0
2396,2023-01-22 08:39:59.999,-0.0444347563462095,1627.605,90.7322,1.2065e-05,1546156840.0,-0.03758496880907754,0.005213590949550595,-1.3138329422875807,-1.3118641241347826,0.0052147982185142255,0.005209310368536974,0,2.5,0.0
2397,2023-01-22 08:40:59.999,-0.0439709921389592,1628.36,99.5168,1.2065e-05,2544771091.0,-0.037585319451999374,0.005213994948314906,-1.224717850757333,-1.3138329422875807,0.005215202310829254,0.005210140519242731,0,2.5,0.0
2398,2023-01-22 08:41:59.999,-0.0440676260387036,1628.76,183.0783,1.207e-05,2019480503.0,-0.03758604980017679,0.005214792355115674,-1.2429212511536403,-1.224717850757333,0.005215999902279046,0.005210581657100289,0,2.5,0.0
2399,2023-01-22 08:42:59.999,-0.0437637600320641,1629.255,129.4599,1.207e-05,663782832.0,-0.03758746179990002,0.005216051828553197,-1.1840944904639177,-1.2429212511536403,0.005217259667362615,0.005211131879601078,0,2.5,0.0
2400,2023-01-22 08:43:59.999,-0.0437775509035063,1629.79,1178.4163,1.2075e-05,996572001.0,-0.0375897094361431,0.005217672443452863,-1.1859390435916897,-1.1840944904639177,0.005218880657534928,0.00521182870838426,0,2.5,0.0
2401,2023-01-22 08:44:59.999,-0.0437897018542372,1630.885,510.8037,1.2085e-05,1282049476.0,-0.037592000705497126,0.00521930765193544,-1.1874565674322388,-1.1859390435916897,0.005220516244669468,0.005212210552905001,0,2.5,0.0
2402,2023-01-22 08:45:59.999,-0.0442190088060954,1630.185,144.0664,1.2085e-05,2932815393.0,-0.037595319972883824,0.0052212409534524405,-1.26860432074712,-1.1874565674322388,0.0052224499938654185,0.005212302472364648,0,2.5,0.0
2403,2023-01-22 08:46:59.999,-0.0443938508735399,1629.9,219.1031,1.2085e-05,377506235.0,-0.03759959136591621,0.005223026754634275,-1.3008280115730397,-1.26860432074712,0.005224236208570746,0.005212498988249558,0,2.5,0.0
2404,2023-01-22 08:47:59.999,-0.0444367992158944,1629.83,39.4213,1.2085e-05,604058152.0,-0.03760327209629912,0.005225041968510591,-1.3078415753937358,-1.3008280115730397,0.005226251889093792,0.005212946897218414,0,2.5,0.0
2405,2023-01-22 08:48:59.999,-0.0440319309765726,1630.49,274.0172,1.2085e-05,4520310673.0,-0.03760643417325718,0.0052268644658066115,-1.2293214881216232,-1.3078415753937358,0.005228074808410728,0.005213965549150009,0,2.5,0.0
2406,2023-01-22 08:49:59.999,-0.0438908790354943,1630.7199999999998,59.2599,1.2085e-05,295850378.0,-0.03760898347533961,0.005228585834518451,-1.2014521247183951,-1.2293214881216232,0.005229796575725956,0.005214345618670842,0,2.5,0.0
2407,2023-01-22 08:50:59.999,-0.0440302182815059,1631.05,83.8214,1.209e-05,4192747806.0,-0.037611419687383206,0.00523035094367814,-1.2272213974247776,-1.2014521247183951,0.005231562093617654,0.0052146795722083856,0,2.5,0.0
2408,2023-01-22 08:51:59.999,-0.0437958335132151,1630.875,210.3191,1.2085e-05,1048914125.0,-0.037613692326225225,0.005231970904995308,-1.1816084797198279,-1.2272213974247776,0.005233182430056123,0.005214899241592983,0,2.5,0.0
2409,2023-01-22 08:52:59.999,-0.0440411307073276,1630.475,23.7007,1.2085e-05,656160031.0,-0.037616092605198326,0.005233729510321599,-1.2276213528915196,-1.1816084797198279,0.005234941442608384,0.005215354228187354,0,2.5,0.0
2410,2023-01-22 08:53:59.999,-0.0440366878581315,1629.925,97.481,1.208e-05,2677593029.0,-0.03761867041024214,0.00523551971226201,-1.2258606214122063,-1.2276213528915196,0.005236732059091336,0.005215857460766,0,2.5,0.0
2411,2023-01-22 08:54:59.999,-0.0440414233871244,1629.36,89.7755,1.2075e-05,1117589013.0,-0.0376213854531566,0.00523732880737971,-1.2258229662650886,-1.2258606214122063,0.005238541573126518,0.005216314843549939,0,2.5,0.0
2412,2023-01-22 08:55:59.999,-0.0446730480760209,1629.445,51.5247,1.2085e-05,510276387.0,-0.037623962379684135,0.0052394280260637275,-1.3453922186297487,-1.2258229662650886,0.005240641277909576,0.005217335232761405,0,2.5,0.0
2413,2023-01-22 08:56:59.999,-0.0452450737860701,1627.4,832.6166,1.2075e-05,3423684362.0,-0.037627096563054276,0.005241960533121312,-1.4532687102242872,-1.3453922186297487,0.005243174371399277,0.005217618098207394,0,2.5,0.0
2414,2023-01-22 08:57:59.999,-0.0454795123601563,1627.575,96.8305,1.208e-05,1184976317.0,-0.037630517555694944,0.005244672129801721,-1.496565392498252,-1.4532687102242872,0.0052458865959821325,0.0052180601188509205,0,2.5,0.0
2415,2023-01-22 08:58:59.999,-0.0450229216340574,1628.875,292.7301,1.2085e-05,618511739.0,-0.03763432744661913,0.005247051244226336,-1.4081421818718474,-1.496565392498252,0.005248266261318977,0.0052192895543185635,0,2.5,0.0
2416,2023-01-22 08:59:59.999,-0.044715156443015,1630.49,290.4337,1.2095e-05,799578791.0,-0.03763773574038905,0.005249258106276316,-1.3482706621272402,-1.4081421818718474,0.005250473634394098,0.005220999681968456,0,2.5,0.0
2417,2023-01-22 09:00:59.999,-0.0441418735551373,1631.425,258.3226,1.2095e-05,1321953165.0,-0.03764159609517137,0.005250973554557917,-1.2379185292836987,-1.3482706621272402,0.005252189479908142,0.00522289654754175,0,2.5,0.0
2418,2023-01-22 09:01:59.999,-0.0444422695897159,1630.935,42.8129,1.2095e-05,343332937.0,-0.037645442240016536,0.005252910499454434,-1.2939164583910734,-1.2379185292836987,0.005254126873327276,0.005224740128701507,0,2.5,0.0
2419,2023-01-22 09:02:59.999,-0.0445557078893656,1630.75,31.5374,1.2095e-05,262382506.0,-0.037648103198060126,0.005254954155980223,-1.3144938064672762,-1.2939164583910734,0.005256171003086029,0.005226707618923026,0,2.5,0.0
2420,2023-01-22 09:03:59.999,-0.0446170312474514,1630.65,53.9867,1.2095e-05,3282767850.0,-0.03764992280641062,0.005256686180931708,-1.325380325406055,-1.3144938064672762,0.005257903429108482,0.005228505250239535,0,2.5,0.0
2421,2023-01-22 09:04:59.999,-0.0443337498273592,1630.555,91.6768,1.209e-05,801474342.0,-0.037651716715374754,0.005258305394788467,-1.270757898277845,-1.325380325406055,0.005259523017913459,0.0052302379551988805,0,2.5,0.0
2422,2023-01-22 09:05:59.999,-0.0434922787657576,1630.255,47.736,1.2075e-05,1231914565.0,-0.03765347052741329,0.00525962120258453,-1.110119533983773,-1.270757898277845,0.0052608391304004585,0.005231967177727271,0,2.5,0.0
2423,2023-01-22 09:06:59.999,-0.044139266435252,1630.315,104.0603,1.2085e-05,2083273827.0,-0.03765434040647516,0.0052605383474136,-1.2327495021427266,-1.110119533983773,0.0052617564876053175,0.005233622183194188,0,2.5,0.0
2424,2023-01-22 09:07:59.999,-0.0446599598357515,1630.58,32.8972,1.2095e-05,1584300016.0,-0.037655899027409734,0.0052621148029289334,-1.331035348077783,-1.2327495021427266,0.005263333308167667,0.005235389096729122,0,2.5,0.0
2425,2023-01-22 09:08:59.999,-0.0444962843854739,1630.29,67.0352,1.209e-05,1628101487.0,-0.037658028782414046,0.005263951643344156,-1.2990726485313135,-1.331035348077783,0.005265170573925124,0.005237184437600131,0,2.5,0.0
2426,2023-01-22 09:09:59.999,-0.0445545579245525,1630.195,70.3553,1.209e-05,2066576905.0,-0.037661010462092595,0.005266032776297484,-1.3090589738612899,-1.2990726485313135,0.0052672521887895275,0.005239066499322282,0,2.5,0.0
2427,2023-01-22 09:10:59.999,-0.0450065223531197,1630.015,91.3256,1.2095e-05,6161223939.0,-0.0376643431950691,0.005268402034555371,-1.393625450353514,-1.3090589738612899,0.00526962199567733,0.005241274551282002,0,2.5,0.0
2428,2023-01-22 09:11:59.999,-0.0454192834303306,1630.455,94.7881,1.2105e-05,2561022020.0,-0.03766813943676403,0.005271033684867521,-1.4705168771391344,-1.393625450353514,0.005272254255379395,0.005243852427544991,0,2.5,0.0
2429,2023-01-22 09:12:59.999,-0.0453403624923645,1631.14,133.9425,1.211e-05,1078060207.0,-0.03767237111835474,0.005273521746535561,-1.4540551347962571,-1.4705168771391344,0.005274742893187693,0.005246481512316344,0,2.5,0.0
2430,2023-01-22 09:13:59.999,-0.0447754986897059,1631.505,121.1892,1.2105e-05,4996488465.0,-0.037677329528292745,0.005275162753048573,-1.3455829694185355,-1.4540551347962571,0.005276384279695271,0.0052488181045877574,0,2.5,0.0
2431,2023-01-22 09:14:59.999,-0.0444894041159713,1631.415,106.8969,1.21e-05,1044890555.0,-0.03768235606439593,0.00527647840723017,-1.2900740846864662,-1.3455829694185355,0.005277700238532234,0.005250902595772609,0,2.5,0.0
2432,2023-01-22 09:15:59.999,-0.0447775390877396,1630.9450000000002,103.2002,1.21e-05,1312335236.0,-0.03768701720686245,0.005278296815779837,-1.3433351947316683,-1.2900740846864662,0.005279519068156018,0.0052526738282629255,0,2.5,0.0
2433,2023-01-22 09:16:59.999,-0.045429261327083,1630.995,102.4031,1.211e-05,1896757153.0,-0.037691271406119685,0.005280831481800913,-1.465297642545571,-1.3433351947316683,0.005282054321109143,0.005254637905766964,0,2.5,0.0
2434,2023-01-22 09:17:59.999,-0.0458438168974488,1630.875,588.021,1.2114999999999998e-05,3107512365.0,-0.037695960279754956,0.0052835710373934615,-1.5421116816692628,-1.465297642545571,0.005284794511078357,0.005256604109591643,0,2.5,0.0
2435,2023-01-22 09:18:59.999,-0.0470526633615264,1629.46,1857.6628,1.212e-05,5896716901.0,-0.03770055725334729,0.005287388895283062,-1.7687569977162505,-1.5421116816692628,0.005288613253038338,0.005258308326309726,0,2.5,0.0
2436,2023-01-22 09:19:59.999,-0.047288870602081,1628.52,119.9695,1.2114999999999998e-05,1474339089.0,-0.03770472548745504,0.0052913956954675654,-1.8112697795092925,-1.7687569977162505,0.005292620981045058,0.005259852046035209,0,2.5,0.0
2437,2023-01-22 09:20:59.999,-0.0472029066700372,1628.66,66.9018,1.2114999999999998e-05,2718679133.0,-0.03770843688720866,0.005295243604572218,-1.79301850714299,-1.8112697795092925,0.005296469781178806,0.005261068469701673,0,2.5,0.0
2438,2023-01-22 09:21:59.999,-0.047654216852262,1629.035,36.1737,1.2125e-05,559869847.0,-0.037712146775170416,0.005299401651776523,-1.876074079751758,-1.79301850714299,0.0053006287912283736,0.005262150692745905,0,2.5,0.0
2439,2023-01-22 09:22:59.999,-0.0476297080493921,1628.52,522.823,1.212e-05,1782397133.0,-0.03771701119947363,0.005303678854248072,-1.8690228278016365,-1.876074079751758,0.005304906984137003,0.005263792624607031,0,2.5,0.0
2440,2023-01-22 09:23:59.999,-0.0477186742666511,1628.9299999999998,42.2209,1.2125e-05,266809189.0,-0.03772168609507239,0.005308040594618624,-1.883366939905059,-1.8690228278016365,0.00530926973452039,0.005265690977641225,0,2.5,0.0
2441,2023-01-22 09:24:59.999,-0.0473688125198492,1629.5,59.3182,1.2125e-05,2136374643.0,-0.03772614895688069,0.005312095783061758,-1.8152277287083718,-1.883366939905059,0.005313325861990616,0.005267844640511478,0,2.5,0.0
2442,2023-01-22 09:25:59.999,-0.0474056343085358,1629.44,62.3547,1.2125e-05,415549869.0,-0.03773129774208354,0.005316083963215071,-1.8198238841587826,-1.8152277287083718,0.005317314965654456,0.005270280060602846,0,2.5,0.0
2443,2023-01-22 09:26:59.999,-0.0472245141954275,1629.1799999999998,131.5173,1.212e-05,572663839.0,-0.03773656808388754,0.005319848557300079,-1.7834992874976257,-1.8198238841587826,0.005321080431475977,0.00527287641483147,0,2.5,0.0
2444,2023-01-22 09:27:59.999,-0.0475375901863621,1629.225,20.9978,1.2125e-05,12193504684.0,-0.03774214779403784,0.005323803492549178,-1.8399331241345163,-1.7834992874976257,0.005325036282537349,0.005275153239814588,0,2.5,0.0
2445,2023-01-22 09:28:59.999,-0.0469266440714726,1629.11,221.3877,1.2115e-05,4249593382.0,-0.037746962409892705,0.005327403697276276,-1.7231060725270664,-1.8399331241345163,0.005328637320934652,0.0052767132694045114,0,2.5,0.0
2446,2023-01-22 09:29:59.999,-0.0468683317228979,1629.205,20.8844,1.2114999999999998e-05,343387240.0,-0.03775140906961296,0.005331005573195678,-1.7101694095247004,-1.7231060725270664,0.005332240030911242,0.0052781549459381795,0,2.5,0.0
2447,2023-01-22 09:30:59.999,-0.046588735092758,1629.105,98.3354,1.211e-05,2430991311.0,-0.037755508385191566,0.005334394071963083,-1.6559006680801451,-1.7101694095247004,0.005335629314325819,0.005280152881394299,0,2.5,0.0
2448,2023-01-22 09:31:59.999,-0.0463090014177609,1629.005,28.2114,1.2105e-05,738636114.0,-0.0377595685071993,0.005337564366362529,-1.6017479741209963,-1.6559006680801451,0.005338800342844623,0.005282739368601447,0,2.5,0.0
2449,2023-01-22 09:32:59.999,-0.0461856897194756,1628.65,355.1664,1.21e-05,2007448005.0,-0.03776319041382604,0.005340625634410695,-1.5770622923617323,-1.6017479741209963,0.005341862319765797,0.005285749196568353,0,2.5,0.0
2450,2023-01-22 09:33:59.999,-0.0461513386553562,1628.15,105.2727,1.2095e-05,524288117.0,-0.037766366991537244,0.0053435725400241205,-1.5691696147126895,-1.5770622923617323,0.00534480990777025,0.005289615185040018,0,2.5,0.0
2451,2023-01-22 09:34:59.999,-0.046006357966231,1627.83,387.2881,1.209e-05,2234816227.0,-0.037768823167027135,0.005346139573718546,-1.540837960852973,-1.5691696147126895,0.005347377535891844,0.005293583181078495,0,2.5,0.0
2452,2023-01-22 09:35:59.999,-0.0461666936238387,1628.125,37.1321,1.2095e-05,467537145.0,-0.03777069404953418,0.0053483705242269065,-1.569823843780557,-1.540837960852973,0.005349609003003317,0.005297509533691198,0,2.5,0.0
2453,2023-01-22 09:36:59.999,-0.0456892474858996,1627.79,24.2056,1.2085e-05,1701722558.0,-0.037771737850491455,0.005349695654714002,-1.4799925353569334,-1.569823843780557,0.005350934440340131,0.005301698339455531,0,2.5,0.0
2454,2023-01-22 09:37:59.999,-0.0456607800361723,1627.28,679.7275,1.208e-05,1621244807.0,-0.037772316302001736,0.005350481041075685,-1.4743466379211074,-1.4799925353569334,0.005351720008567362,0.00530599767173285,0,2.5,0.0
2455,2023-01-22 09:38:59.999,-0.0458029049684469,1627.605,41.1617,1.2085e-05,245100276.0,-0.037773542140266764,0.005352017235246037,-1.5002498077364688,-1.4743466379211074,0.005353256558461736,0.005310283766387947,0,2.5,0.0
2456,2023-01-22 09:39:59.999,-0.0459442268815664,1627.375,13.1258,1.2085e-05,123055783.0,-0.0377745675871859,0.005353370276043885,-1.5260777553421618,-1.5002498077364688,0.005354609912572266,0.005314323137906576,0,2.5,0.0
2457,2023-01-22 09:40:59.999,-0.0465460840483515,1625.84,2618.9688,1.208e-05,2594323452.0,-0.03777563862632025,0.005354893430356336,-1.6378375286261533,-1.5260777553421618,0.005356133419589206,0.0053182563321098365,0,2.5,0.0
2458,2023-01-22 09:41:59.999,-0.0462765785176593,1624.61,429.0565,1.2065e-05,911949036.0,-0.03777670359368238,0.005356355028145481,-1.5868766874700264,-1.6378375286261533,0.005357595355828694,0.005322069394241321,0,2.5,0.0
2459,2023-01-22 09:42:59.999,-0.0461688661587942,1624.785,89.8682,1.2065e-05,144173945.0,-0.037778692259308765,0.005358672531018665,-1.5657187206195067,-1.5868766874700264,0.0053599133953472185,0.005325936542136675,0,2.5,0.0
2460,2023-01-22 09:43:59.999,-0.0463135111402515,1624.55,180.6805,1.2065e-05,2914233981.0,-0.0377808878775709,0.005361196889214009,-1.5915519312202593,-1.5657187206195067,0.005362438338087713,0.005329537998428799,0,2.5,0.0
2461,2023-01-22 09:44:59.999,-0.0468875043292662,1625.285,230.5411,1.208e-05,2298918575.0,-0.037782936637434136,0.005363830348490012,-1.6974003837379232,-1.5915519312202593,0.005365072407172517,0.0053330873517648866,0,2.5,0.0
2462,2023-01-22 09:45:59.999,-0.0468721225299333,1625.31,87.9357,1.208e-05,1131242327.0,-0.03778498817128916,0.0053664582691786145,-1.6933206041747546,-1.6974003837379232,0.005367700936387396,0.005336422071455521,0,2.5,0.0
2463,2023-01-22 09:46:59.999,-0.0470201568962131,1625.625,104.0812,1.2085e-05,1647442173.0,-0.03778754019212317,0.005369537862579986,-1.7194434493946904,-1.6933206041747546,0.0053707812429052305,0.0053395658370749164,0,2.5,0.0
2464,2023-01-22 09:47:59.999,-0.0468759913768543,1626.415,421.4639,1.209e-05,1196248003.0,-0.03779040063357716,0.005372732009873947,-1.6910560077405203,-1.7194434493946904,0.00537397612984197,0.005342599216766911,0,2.5,0.0
2465,2023-01-22 09:48:59.999,-0.0471219613144171,1626.015,415.94,1.209e-05,3257270235.0,-0.037793417133585736,0.005376140160768474,-1.735175032992058,-1.6910560077405203,0.005377385069934352,0.005345451814800649,0,2.5,0.0
2466,2023-01-22 09:49:59.999,-0.0470666128032775,1626.105,68.8617,1.209e-05,1818345890.0,-0.037796830610098156,0.005379685038394635,-1.7231087186370977,-1.735175032992058,0.005380930768419069,0.0053479354026697125,0,2.5,0.0
2467,2023-01-22 09:50:59.999,-0.0472108709671843,1625.315,165.4756,1.2085e-05,2274985344.0,-0.0378002740810764,0.005383328061786078,-1.7481002045759886,-1.7231087186370977,0.0053845746353958866,0.00534994036233752,0,2.5,0.0
2468,2023-01-22 09:51:59.999,-0.0481249576597733,1623.83,722.3243,1.2085e-05,27638934679.0,-0.03780367738392323,0.005387528872553534,-1.9157726148682492,-1.7481002045759886,0.005388776418911015,0.005351130832396939,0,2.5,0.0
2469,2023-01-22 09:52:59.999,-0.048355286251887,1625.675,495.8183,1.2105e-05,3455555588.0,-0.03780645514631543,0.005391420302589577,-1.956595945692607,-1.9157726148682492,0.005392668750053944,0.005352104146040955,0,2.5,0.0
2470,2023-01-22 09:53:59.999,-0.048807508377564,1624.94,52.9627,1.2105e-05,1303345386.0,-0.037809475384042376,0.005395753161862267,-2.038275781638204,-1.956595945692607,0.005397002612651707,0.005353594896989368,0,2.5,0.0
2471,2023-01-22 09:54:59.999,-0.0484108633651132,1625.0300000000002,75.7246,1.21e-05,1258353268.0,-0.037812371327019284,0.005399762126078554,-1.9627701722095703,-2.038275781638204,0.005401012505191317,0.0053549907893265004,0,2.5,0.0
2472,2023-01-22 09:55:59.999,-0.047506241952206,1624.835,67.4236,1.2085e-05,1487611386.0,-0.037814642829471834,0.005402806692616532,-1.7938082322987219,-1.9627701722095703,0.005404057776734871,0.005356498903649079,0,2.5,0.0
2473,2023-01-22 09:56:59.999,-0.0473364813270045,1624.0,102.5958,1.2075e-05,2756606464.0,-0.03781709280572719,0.005405923192495707,-1.7609181970050474,-1.7938082322987219,0.005407174998276642,0.005358174865708326,0,2.5,0.0
2474,2023-01-22 09:57:59.999,-0.0470071020807658,1624.535,93.2498,1.2075e-05,160812475.0,-0.0378202805993334,0.005409310226462072,-1.698335110545321,-1.7609181970050474,0.005410562816550986,0.005360544631032342,0,2.5,0.0
2475,2023-01-22 09:58:59.999,-0.0468013693002475,1625.4250000000002,202.5614,1.208e-05,3756788037.0,-0.037823807528165734,0.0054126802305286175,-1.658616690756364,-1.698335110545321,0.005413933600982036,0.005363096855358914,0,2.5,0.0
2476,2023-01-22 09:59:59.999,-0.0467732163451906,1624.915,15.3219,1.2075e-05,319083807.0,-0.037827506654040326,0.005416063805405905,-1.6516994652502694,-1.658616690756364,0.00541731795936631,0.005365729539476237,0,2.5,0.0
2477,2023-01-22 10:00:59.999,-0.0465388121741057,1624.74,80.8321,1.207e-05,1125694245.0,-0.03783052349202612,0.005419099593569006,-1.6069622880550023,-1.6516994652502694,0.005420354450502251,0.005368471013016855,0,2.5,0.0
2478,2023-01-22 10:01:59.999,-0.0469024622264271,1624.705,121.2644,1.2075e-05,485012934.0,-0.037834002474576314,0.005422509323597736,-1.6723732889469751,-1.6069622880550023,0.005423764970094503,0.005371579964639415,0,2.5,0.0
2479,2023-01-22 10:02:59.999,-0.0468009104849613,1624.87,75.8,1.2075e-05,209163255.0,-0.0378374175124859,0.005425831678030499,-1.6520035092074632,-1.6723732889469751,0.005427088093857931,0.005374828364865065,0,2.5,0.0
2480,2023-01-22 10:03:59.999,-0.0469363150987689,1624.65,54.6552,1.2075e-05,273644363.0,-0.03784144992643498,0.0054293546392346495,-1.675128219956541,-1.6520035092074632,0.00543061187084563,0.005378271494555531,0,2.5,0.0
2481,2023-01-22 10:04:59.999,-0.0465942071867218,1624.65,261.6006,1.207e-05,1476453270.0,-0.03784553862455542,0.005432618167001312,-1.610396367502386,-1.675128219956541,0.005433876154320944,0.005381841735163273,0,2.5,0.0
2482,2023-01-22 10:05:59.999,-0.0461473250791861,1624.82,156.9519,1.2065e-05,535220242.0,-0.03785003677648043,0.005435466974208044,-1.5265088247389442,-1.610396367502386,0.005436725621202851,0.005385625081274669,0,2.5,0.0
2483,2023-01-22 10:06:59.999,-0.0460827046243252,1624.925,926.288,1.2065e-05,748953128.0,-0.03785465113542487,0.0054382226433042765,-1.513004161208991,-1.5265088247389442,0.005439481928407022,0.005389749501696748,0,2.5,0.0
2484,2023-01-22 10:07:59.999,-0.0465141931534489,1624.78,511.81,1.207e-05,1938713644.0,-0.037859254556140066,0.00544134154002096,-1.5905891099928082,-1.513004161208991,0.005442601547341317,0.005393752215703385,0,2.5,0.0
2485,2023-01-22 10:08:59.999,-0.0464304734446656,1624.36,339.666,1.2065e-05,2826828991.0,-0.037864065251383264,0.005444323027943723,-1.5734570027006283,-1.5905891099928082,0.0054455837256630535,0.00539800508578661,0,2.5,0.0
2486,2023-01-22 10:09:59.999,-0.0461250202267038,1624.3,143.2979,1.206e-05,1512132621.0,-0.03786915492793171,0.005446904085945314,-1.5156986736878209,-1.5734570027006283,0.005448165381339308,0.005401773823077206,0,2.5,0.0
2487,2023-01-22 10:10:59.999,-0.046122707270662,1624.86,451.7919,1.2065e-05,1076277206.0,-0.03787422798592621,0.005449485324628683,-1.5136253780622524,-1.5156986736878209,0.00545074721773918,0.005404837082120314,0,2.5,0.0
2488,2023-01-22 10:11:59.999,-0.0463196667099623,1624.54,21.6652,1.2065e-05,354037775.0,-0.03787946006970262,0.005452165446968606,-1.5480466839010574,-1.5136253780622524,0.005453427960693292,0.005408021952845228,0,2.5,0.0
2489,2023-01-22 10:12:59.999,-0.0464735682686736,1624.29,99.8512,1.2065e-05,244954022.0,-0.037884329092826435,0.005455141265144437,-1.5745218608229283,-1.5480466839010574,0.005456404467955197,0.005411405512658749,0,2.5,0.0
2490,2023-01-22 10:13:59.999,-0.04753893566739,1622.005,1155.2133,1.206e-05,1094400280.0,-0.037889633439893336,0.005458954742755639,-1.7676098597999679,-1.5745218608229283,0.005460218828622476,0.005414779690578105,0,2.5,0.0
2491,2023-01-22 10:14:59.999,-0.0471540970134043,1623.185,152.5091,1.2065e-05,144444431.0,-0.03789544455699452,0.005462131970461846,-1.6950620209249394,-1.7676098597999679,0.005463396792053528,0.0054180770821502956,0,2.5,0.0
2492,2023-01-22 10:15:59.999,-0.047153684316946,1622.63,73.8409,1.206e-05,1083248381.0,-0.03790133402409098,0.005465252217126312,-1.6929411352437091,-1.6950620209249394,0.005466517761248202,0.005421207080400314,0,2.5,0.0
2493,2023-01-22 10:16:59.999,-0.0467125503199206,1622.79,479.6766,1.2055e-05,567786378.0,-0.03790659812649639,0.005468259787509554,-1.6103756104526203,-1.6929411352437091,0.005469526028070121,0.00542459575103536,0,2.5,0.0
2494,2023-01-22 10:17:59.999,-0.046259729190389,1623.525,98.3763,1.2055e-05,244638077.0,-0.03791134555512139,0.005471057676810841,-1.5259176796202236,-1.6103756104526203,0.005472324565255937,0.005427969038104856,0,2.5,0.0
2495,2023-01-22 10:18:59.999,-0.0463559155628772,1623.925,233.2729,1.206e-05,1994816256.0,-0.037916712484304615,0.005473652311862532,-1.5417864704857291,-1.5259176796202236,0.00547491980112622,0.005431427941714459,0,2.5,0.0
2496,2023-01-22 10:19:59.999,-0.046714240242121,1624.455,44.7017,1.207e-05,1190407437.0,-0.03792170462568473,0.005476755547511681,-1.6054278012154644,-1.5417864704857291,0.005478023755366475,0.005434588521041421,0,2.5,0.0
2497,2023-01-22 10:20:59.999,-0.0469174059336765,1624.125,263.4474,1.207e-05,4061734288.0,-0.0379290132524303,0.005478221585854976,-1.640750112126652,-1.6054278012154644,0.005479490133188375,0.005437414698003894,0,2.5,0.0
2498,2023-01-22 10:21:59.999,-0.0467968386594606,1623.765,132.1046,1.2065e-05,745600442.0,-0.037936292748837655,0.00547955332598214,-1.6170197429431539,-1.640750112126652,0.005480822181695798,0.005440261833140596,0,2.5,0.0
2499,2023-01-22 10:22:59.999,-0.0466613602511252,1623.985,48.092,1.2065e-05,200718993.0,-0.03794323420558246,0.005481104703508867,-1.5905782715593109,-1.6170197429431539,0.005482373918462433,0.005443347091921751,0,2.5,0.0
2500,2023-01-22 10:23:59.999,-0.0465345111859107,1623.635,138.1922,1.206e-05,696929611.0,-0.037949980428986646,0.005482706968432338,-1.5657467755163674,-1.5905782715593109,0.005483976554409397,0.005446229139582117,0,2.5,0.0
2501,2023-01-22 10:24:59.999,-0.0464205758117799,1623.82,65.9443,1.206e-05,1553672261.0,-0.03795701940921384,0.005483817358116341,-1.5433694906048518,-1.5657467755163674,0.005485087201217331,0.005448810840439276,0,2.5,0.0
2502,2023-01-22 10:25:59.999,-0.0465012730648375,1624.245,36.8928,1.2065e-05,594788006.0,-0.03796361688827728,0.005485520269115378,-1.5563986199502362,-1.5433694906048518,0.0054867905065456544,0.005451417403477708,0,2.5,0.0
2503,2023-01-22 10:26:59.999,-0.0470378805924447,1624.485,140.0286,1.2075e-05,7093121091.0,-0.03797026258331732,0.0054878138697530285,-1.6523187965803685,-1.5563986199502362,0.005489084638293798,0.005454172087508768,0,2.5,0.0
2504,2023-01-22 10:27:59.999,-0.04697016911717,1624.595,239.8817,1.2075e-05,2097550464.0,-0.03797698480920549,0.00548994061142677,-1.638120508853244,-1.6523187965803685,0.0054912118724398575,0.005457358058122017,0,2.5,0.0
2505,2023-01-22 10:28:59.999,-0.0471363781962601,1624.325,47.9484,1.2075e-05,151917184.0,-0.037984102893658465,0.005491844037155168,-1.6665213434106563,-1.638120508853244,0.005493115738929111,0.00546101331948024,0,2.5,0.0
2506,2023-01-22 10:29:59.999,-0.0470286469394736,1624.5,56.2075,1.2075e-05,1178586301.0,-0.0379917595244425,0.005492919619297107,-1.6451883590802465,-1.6665213434106563,0.005494191570134882,0.005464177034352197,0,2.5,0.0
2507,2023-01-22 10:30:59.999,-0.0472936694286509,1624.625,96.377,1.208e-05,1476535648.0,-0.03799985173624198,0.005493742012875369,-1.691709889293588,-1.6451883590802465,0.005495014154148154,0.005467269827953682,0,2.5,0.0
2508,2023-01-22 10:31:59.999,-0.0478448480941544,1624.84,50.9936,1.209e-05,2208414900.0,-0.03800784140013224,0.00549550460633895,-1.7900097258903902,-1.691709889293588,0.005496777155761205,0.005470225662366575,0,2.5,0.0
2509,2023-01-22 10:32:59.999,-0.0481033085354631,1624.975,323.953,1.2095e-05,578753873.0,-0.03801555994778663,0.005497969796062943,-1.8348133878254906,-1.7900097258903902,0.005499242916329184,0.005472973374223508,0,2.5,0.0
2510,2023-01-22 10:33:59.999,-0.0484324016609747,1624.995,140.6114,1.21e-05,1606421083.0,-0.03802322885593623,0.005500940866989552,-1.8922531720896314,-1.8348133878254906,0.005502214675242586,0.005475695789686284,0,2.5,0.0
2511,2023-01-22 10:34:59.999,-0.048346251260785,1625.135,238.0408,1.21e-05,1133070786.0,-0.03803073162289763,0.005503962838482746,-1.8741986348023754,-1.8922531720896314,0.005505237346509205,0.005478390349821951,0,2.5,0.0
2512,2023-01-22 10:35:59.999,-0.0478756386435144,1625.345,52.2895,1.2095e-05,943839886.0,-0.038037493876942205,0.005507080539783998,-1.786453765384385,-1.8741986348023754,0.005508355769751257,0.005479823145315231,0,2.5,0.0
2513,2023-01-22 10:36:59.999,-0.0481924297180818,1625.385,119.4111,1.21e-05,13573090940.0,-0.03804429650239965,0.005510543957339508,-1.8415846591997191,-1.786453765384385,0.005511819989302275,0.005481210115887457,0,2.5,0.0
2514,2023-01-22 10:37:59.999,-0.0493228607131328,1625.765,24.7969,1.212e-05,1387221447.0,-0.03805171444588119,0.0055149352916377785,-2.043749504067961,-1.8415846591997191,0.005516212340466206,0.005482774577449175,0,2.5,0.0
2515,2023-01-22 10:38:59.999,-0.0496358786858515,1625.81,31.5386,1.2125e-05,2835911837.0,-0.03805931960580206,0.005519576180075072,-2.0973637653266315,-2.043749504067961,0.005520854303556389,0.00548425421611138,0,2.5,0.0
2516,2023-01-22 10:39:59.999,-0.0492976429815428,1626.36,199.3113,1.2125e-05,3195356098.0,-0.03806713231039225,0.005523533355383776,-2.033211342917699,-2.0973637653266315,0.005524812395196078,0.0054855130275494116,0,2.5,0.0
2517,2023-01-22 10:40:59.999,-0.0487659218060514,1627.225,384.4727,1.2125e-05,586605225.0,-0.03807504390156706,0.005526612484881756,-1.9344359557920188,-2.033211342917699,0.005527892237703097,0.00548736403948269,0,2.5,0.0
2518,2023-01-22 10:41:59.999,-0.0486925869536243,1626.79,62.1582,1.212e-05,4123343514.0,-0.03808218828551514,0.005530357576559802,-1.9185737126801539,-1.9344359557920188,0.005531638196601644,0.005489616446830313,0,2.5,0.0
2519,2023-01-22 10:42:59.999,-0.0485788725334366,1626.975,127.4108,1.212e-05,2323887723.0,-0.03808951094290051,0.005533778683323427,-1.8955151969027588,-1.9185737126801539,0.0055350600955632115,0.005491687839062171,0,2.5,0.0
2520,2023-01-22 10:43:59.999,-0.048830905704797,1626.565,187.2985,1.212e-05,726220145.0,-0.038097223317301844,0.005537133915523499,-1.938490661640492,-1.8955151969027588,0.005538416104707186,0.005493384696730554,0,2.5,0.0
2521,2023-01-22 10:44:59.999,-0.0487294700832841,1626.73,388.2416,1.212e-05,3528025016.0,-0.03810422825390595,0.0055410080330988674,-1.9175647762841936,-1.938490661640492,0.0055422911193805345,0.0054943972161382,0,2.5,0.0
2522,2023-01-22 10:45:59.999,-0.0492668999532881,1626.41,160.8314,1.2125e-05,821780302.0,-0.038111802676263684,0.005545078086305055,-2.011711486006787,-1.9175647762841936,0.005546362115055927,0.005495454904551417,0,2.5,0.0
2523,2023-01-22 10:46:59.999,-0.0492490520313531,1625.885,223.1328,1.212e-05,4367959392.0,-0.03811919049371739,0.005549279580700738,-2.0056407999955703,-2.011711486006787,0.005550564582357585,0.0054973935959032,0,2.5,0.0
2524,2023-01-22 10:47:59.999,-0.0489420428869564,1625.83,35.0467,1.2114999999999998e-05,1314442665.0,-0.03812663235835879,0.005553009019796847,-1.947666659650643,-2.0056407999955703,0.005554294885049651,0.0054999858560575345,0,2.5,0.0
2525,2023-01-22 10:48:59.999,-0.0486468526408501,1626.31,71.52,1.2114999999999998e-05,455040601.0,-0.038133820548591366,0.005556572038853993,-1.891999603127071,-1.947666659650643,0.005557858729166217,0.00550297034305924,0,2.5,0.0
2526,2023-01-22 10:49:59.999,-0.0485757993501891,1626.98,447.5771,1.212e-05,2742775267.0,-0.038141618921571384,0.005559400445856449,-1.8768535438735228,-1.891999603127071,0.0055606877911199394,0.005506016952319718,0,2.5,0.0
2527,2023-01-22 10:50:59.999,-0.0483763381082695,1626.75,73.2141,1.2114999999999998e-05,852846960.0,-0.03814973698955205,0.005561536583237303,-1.8388085676790917,-1.8768535438735228,0.005562824423148798,0.0055092218246390115,0,2.5,0.0
2528,2023-01-22 10:51:59.999,-0.048839669705039,1627.105,73.1693,1.2125e-05,4338638379.0,-0.038158004975720305,0.005564147060687069,-1.919730843346852,-1.8388085676790917,0.005565435505085651,0.0055129180770932575,0,2.5,0.0
2529,2023-01-22 10:52:59.999,-0.0493239931814848,1627.4250000000002,60.5846,1.2135000000000002e-05,1113033091.0,-0.03816733096312275,0.005565972452408575,-2.0044407897732603,-1.919730843346852,0.005567261319498311,0.005517372831238752,0,2.5,0.0
2530,2023-01-22 10:53:59.999,-0.049302487045324,1627.46,169.8574,1.2135000000000002e-05,4314535537.0,-0.038176299408970535,0.0055682998905781525,-1.998130103441365,-2.0044407897732603,0.005569589296613864,0.0055218438264663106,0,2.5,0.0
2531,2023-01-22 10:54:59.999,-0.0492847116084327,1626.935,101.2871,1.213e-05,4117994531.0,-0.038185137866197115,0.005570773054143486,-1.9924656119279234,-1.998130103441365,0.005572063032869624,0.005525582355822832,0,2.5,0.0
2532,2023-01-22 10:55:59.999,-0.0490947564589667,1626.69,47.3428,1.2125e-05,4879590306.0,-0.038193671221113376,0.005573360180528194,-1.9559269246474962,-1.9924656119279234,0.005574650758334202,0.005528828727427734,0,2.5,0.0
2533,2023-01-22 10:56:59.999,-0.0491623807262691,1626.58,75.8349,1.2125e-05,215166724.0,-0.038202430627451364,0.00557572371904536,-1.965655159953698,-1.9559269246474962,0.0055770148441568095,0.005532493671342036,0,2.5,0.0
2534,2023-01-22 10:57:59.999,-0.0497734799373681,1626.14,105.0821,1.213e-05,2024417870.0,-0.03821092252834593,0.005579370981049862,-2.0723765184810246,-1.965655159953698,0.005580662950728188,0.005535899097849205,0,2.5,0.0
2535,2023-01-22 10:58:59.999,-0.0503803801493667,1626.2600000000002,46.5789,1.214e-05,1991227520.0,-0.03821979909714873,0.00558347149211167,-2.1779606234935454,-2.0723765184810246,0.00558476441131208,0.005539384858375523,0,2.5,0.0
2536,2023-01-22 10:59:59.999,-0.0498626521273877,1625.995,114.9286,1.213e-05,3334225344.0,-0.03822787633192455,0.005587687415878424,-2.082216654138674,-2.1779606234935454,0.0055889813113261,0.005543308868299382,0,2.5,0.0
2537,2023-01-22 11:00:59.999,-0.0513126555460097,1625.85,78.9765,1.215e-05,6758313083.0,-0.038236687922993236,0.005593304669377185,-2.337789266979529,-2.082216654138674,0.0055945998655666865,0.005547412731881341,0,2.5,0.0
2538,2023-01-22 11:01:59.999,-0.0519583995131291,1625.905,56.1847,1.216e-05,1211207112.0,-0.0382456130382967,0.005599808263443503,-2.448795714016102,-2.337789266979529,0.005601104965617526,0.0055514971580306015,0,2.5,0.0
2539,2023-01-22 11:02:59.999,-0.0515863959956384,1625.405,90.0257,1.215e-05,4073976092.0,-0.03825403516000689,0.005606182626448157,-2.3781531434123715,-2.448795714016102,0.0056074808046817125,0.005555185846078793,0,2.5,0.0
2540,2023-01-22 11:03:59.999,-0.0513400967375332,1624.6999999999998,268.7912,1.214e-05,1920049868.0,-0.0382620074210759,0.005612538470078554,-2.330155844129878,-2.3781531434123715,0.00561383812008326,0.005558565994654647,0,2.5,0.0
2541,2023-01-22 11:04:59.999,-0.0513048489752634,1625.31,68.4399,1.2145e-05,2306446527.0,-0.03826988487904688,0.005618894687825664,-2.3198448841654016,-2.330155844129878,0.005620195809688151,0.005561221949127154,0,2.5,0.0
2542,2023-01-22 11:05:59.999,-0.0513341829788771,1625.815,179.6473,1.215e-05,3036781480.0,-0.038277633979043595,0.005625360939478467,-2.3210153340034383,-2.3198448841654016,0.005626663558678397,0.005563477193633011,0,2.5,0.0
2543,2023-01-22 11:06:59.999,-0.0514557106006883,1626.17,129.1584,1.2155e-05,868102289.0,-0.0382846994454992,0.005632319711465683,-2.338470085136848,-2.3210153340034383,0.005633623942051993,0.005565891958688816,0,2.5,0.0
2544,2023-01-22 11:07:59.999,-0.051592516416381,1626.5,11.6138,1.216e-05,752836257.0,-0.03829157442460196,0.0056394917204151155,-2.35853560058068,-2.338470085136848,0.005640797611765358,0.0055678433137772,0,2.5,0.0
2545,2023-01-22 11:08:59.999,-0.0522131237234191,1626.595,42.286,1.217e-05,3904963702.0,-0.038299251178038875,0.005647146026210555,-2.463876882375743,-2.35853560058068,0.005648453690006299,0.0055702077306778045,0,2.5,0.0
2546,2023-01-22 11:09:59.999,-0.0516892695327797,1626.895,326.0287,1.2165e-05,1465925156.0,-0.03830714959918398,0.00565393351059927,-2.3668689963383254,-2.463876882375743,0.005655242746117715,0.005572709964235769,0,2.5,0.0
2547,2023-01-22 11:10:59.999,-0.0514296031581089,1626.765,135.8245,1.216e-05,4558731286.0,-0.038314726225990685,0.005660544073891937,-2.3168933517553216,-2.3668689963383254,0.005661854840164898,0.005575241779789854,0,2.5,0.0
2548,2023-01-22 11:11:59.999,-0.0513988677835328,1626.815,39.2048,1.216e-05,4157027719.0,-0.0383217317519412,0.005667364956557926,-2.307445546886749,-2.3168933517553216,0.005668677302287355,0.005577926870799654,0,2.5,0.0
2549,2023-01-22 11:12:59.999,-0.0515555241225555,1627.665,105.0615,1.217e-05,3898575157.0,-0.03832901151366913,0.005674256005482887,-2.3309686055944483,-2.307445546886749,0.0056755699469166155,0.0055816883158741615,0,2.5,0.0
2550,2023-01-22 11:13:59.999,-0.0519329801932642,1628.155,86.5085,1.218e-05,2899633778.0,-0.038336471625370704,0.00568153929481308,-2.393102971285674,-2.3309686055944483,0.005682854922779037,0.005585818636315585,0,2.5,0.0
2551,2023-01-22 11:14:59.999,-0.0519698324005588,1628.0949999999998,133.8734,1.218e-05,1113927188.0,-0.03834329813251515,0.005689052648308094,-2.3952202783878507,-2.393102971285674,0.0056903700160803716,0.005590385949886247,0,2.5,0.0
2552,2023-01-22 11:15:59.999,-0.0518610313700271,1627.7199999999998,39.3954,1.2175e-05,2325203226.0,-0.03834943335590791,0.005696476677199356,-2.3719219404865712,-2.3952202783878507,0.005697795764093781,0.005596226140579396,0,2.5,0.0
2553,2023-01-22 11:16:59.999,-0.0514342149174424,1627.31,156.8852,1.2165e-05,617512937.0,-0.0383537213669797,0.005702835042250213,-2.2936826076072907,-2.3719219404865712,0.005704155601499653,0.005602698925383572,0,2.5,0.0
2554,2023-01-22 11:17:59.999,-0.0504069620240876,1626.77,120.2183,1.2145e-05,6101819699.0,-0.038355308316932644,0.005705711262775507,-2.1122088293848407,-2.2936826076072907,0.005707032488048002,0.005609070133532099,0,2.5,0.0
2555,2023-01-22 11:18:59.999,-0.0490352350204119,1624.5700000000002,1112.4588,1.2105e-05,11732270032.0,-0.03835604765051716,0.005706991487462643,-1.8712464164972427,-2.1122088293848407,0.005708313009186384,0.005615427542484483,0,2.5,0.0
2556,2023-01-22 11:19:59.999,-0.0497132255042203,1622.915,683.9646,1.21e-05,6196319270.0,-0.038357647972346726,0.005709690686150549,-1.9888253420483375,-1.8712464164972427,0.005711012832905834,0.005621812746935712,0,2.5,0.0
2557,2023-01-22 11:20:59.999,-0.0495073923091062,1622.6950000000002,376.4928,1.2095e-05,9807616882.0,-0.03836103188841433,0.005714130026580641,-1.9506662202018352,-1.9888253420483375,0.005715453201317978,0.005628403654521796,0,2.5,0.0
2558,2023-01-22 11:21:59.999,-0.0501861267153636,1623.255,231.523,1.211e-05,2344256610.0,-0.038364768117225265,0.005719220069630299,-2.066952915645103,-1.9506662202018352,0.005720544423027614,0.005635417359480335,0,2.5,0.0
2559,2023-01-22 11:22:59.999,-0.0506688055137729,1623.025,46.5792,1.2115e-05,1872333400.0,-0.0383674898518812,0.005723674214488643,-2.1491991334434646,-2.066952915645103,0.005724999599296151,0.005642711631325593,0,2.5,0.0
2560,2023-01-22 11:23:59.999,-0.05030934353708,1623.0549999999998,51.7819,1.211e-05,785963111.0,-0.03836961708601917,0.005727257105802797,-2.084719828443465,-2.1491991334434646,0.005728583320271383,0.005650150954034153,0,2.5,0.0
2561,2023-01-22 11:24:59.999,-0.0499713051954842,1623.0500000000002,80.3329,1.2105e-05,5129287648.0,-0.03837107791233548,0.005729813125691438,-2.024538502160814,-2.084719828443465,0.005731139932036814,0.005656895769629511,0,2.5,0.0
2562,2023-01-22 11:25:59.999,-0.0504057669550483,1622.345,381.75,1.2105e-05,5814589616.0,-0.03837231677148044,0.005732125293662841,-2.099299922294347,-2.024538502160814,0.005733452635418198,0.005663560455695512,0,2.5,0.0
2563,2023-01-22 11:26:59.999,-0.0500829989913604,1622.315,774.7429,1.21e-05,3356749258.0,-0.03837386163324344,0.0057348309229322166,-2.041758077172759,-2.099299922294347,0.005736158891208196,0.005670400463444671,0,2.5,0.0
2564,2023-01-22 11:27:59.999,-0.0503965211222237,1622.36,138.5637,1.2105e-05,4477070059.0,-0.038375630671180036,0.005737949107208635,-2.0949803190031293,-2.041758077172759,0.0057392777975372525,0.005677391190882221,0,2.5,0.0
2565,2023-01-22 11:28:59.999,-0.049489438410653,1622.17,71.5034,1.209e-05,4550418279.0,-0.03837734849154208,0.005740719998205721,-1.9356613669686091,-2.0949803190031293,0.005742049330167089,0.005684733696104371,0,2.5,0.0
2566,2023-01-22 11:29:59.999,-0.0492437114041095,1621.46,128.6108,1.208e-05,3368892116.0,-0.03837844278465627,0.005742565656683254,-1.8920582312904206,-1.9356613669686091,0.005743895416028783,0.005692226453083724,0,2.5,0.0
2567,2023-01-22 11:30:59.999,-0.0499703914468483,1621.39,234.2945,1.209e-05,2380966093.0,-0.038379191459299786,0.005743971295822234,-2.017976655973045,-1.8920582312904206,0.005745301380660216,0.0056993857234452485,0,2.5,0.0
2568,2023-01-22 11:31:59.999,-0.0505441379345086,1620.46,861.1297,1.209e-05,13014972596.0,-0.03838119225731744,0.005747454614816357,-2.116231704698688,-2.017976655973045,0.00574878550625826,0.00570487482313674,0,2.5,0.0
2569,2023-01-22 11:32:59.999,-0.0502261705171278,1623.19,198.6976,1.211e-05,4386189622.0,-0.03838375366778703,0.005751498614469217,-2.0590141184331423,-2.116231704698688,0.0057528304423473155,0.0057073526183325975,0,2.5,0.0
2570,2023-01-22 11:33:59.999,-0.0503074973848569,1624.165,107.2568,1.212e-05,4947723437.0,-0.038386650552603124,0.005755926054998641,-2.07105628500931,-2.0590141184331423,0.0057572589081032275,0.005708987965116246,0,2.5,0.0
2571,2023-01-22 11:34:59.999,-0.0504090932090477,1624.0,89.1618,1.212e-05,3640492343.0,-0.03838982286413253,0.005760661009242219,-2.086439442562552,-2.07105628500931,0.005761994958781751,0.00571212292500887,0,2.5,0.0
2572,2023-01-22 11:35:59.999,-0.0505250616345911,1624.365,70.8627,1.2125e-05,1938210924.0,-0.0383948764922586,0.005766513601176122,-2.103556148702824,-2.086439442562552,0.005767848905952892,0.0057167260067453865,0,2.5,0.0
2573,2023-01-22 11:36:59.999,-0.0506347852371931,1624.74,323.5964,1.213e-05,2960201688.0,-0.03840006129490609,0.005772478648497235,-2.1194922817899218,-2.103556148702824,0.005773815334551626,0.005721658217094748,0,2.5,0.0
2574,2023-01-22 11:37:59.999,-0.0502028336938273,1624.335,141.236,1.212e-05,1788911904.0,-0.03840556916535266,0.005778059237986181,-2.0417347836998507,-2.1194922817899218,0.005779397216292409,0.005725895529539959,0,2.5,0.0
2575,2023-01-22 11:38:59.999,-0.0502428508704362,1624.27,206.7969,1.212e-05,1877959180.0,-0.03841041146631015,0.005783592054525648,-2.0458634171590986,-2.0417347836998507,0.0057849313140213195,0.005729222473212741,0,2.5,0.0
2576,2023-01-22 11:39:59.999,-0.0504142552409483,1624.545,95.7281,1.2125e-05,219315437.0,-0.038415220447777246,0.005789249833736654,-2.072640694006172,-2.0458634171590986,0.005790590403358363,0.00573171810788216,0,2.5,0.0
2577,2023-01-22 11:40:59.999,-0.0505609299934377,1624.86,157.4761,1.213e-05,5413052524.0,-0.03842017662847691,0.00579506031768132,-2.0950176010969397,-2.072640694006172,0.005796402232789661,0.005734129199365698,0,2.5,0.0
2578,2023-01-22 11:41:59.999,-0.0504542672445538,1624.48,67.4328,1.2125e-05,446709418.0,-0.038425687725932724,0.005800838893139715,-2.0735931026883914,-2.0950176010969397,0.005802182146345898,0.00573693861779046,0,2.5,0.0
2579,2023-01-22 11:42:59.999,-0.0501649857377799,1624.9499999999998,31.1158,1.2125e-05,424335405.0,-0.03843207238105377,0.00580616430918789,-2.020768399226928,-2.0735931026883914,0.005807508795557468,0.005739970680694711,0,2.5,0.0
2580,2023-01-22 11:43:59.999,-0.0502101920556903,1625.4299999999998,86.7158,1.213e-05,4146543368.0,-0.0384386690004791,0.005811445498173281,-2.0255757468449733,-2.020768399226928,0.005812791207464951,0.005742510851632512,0,2.5,0.0
2581,2023-01-22 11:44:59.999,-0.0495712975788791,1625.915,100.7797,1.2125e-05,1320271632.0,-0.03844515928033316,0.005816044802277116,-1.9130076670299718,-2.0255757468449733,0.0058173915765923285,0.0057442469071866415,0,2.5,0.0
2582,2023-01-22 11:45:59.999,-0.0494920261588802,1625.49,52.0729,1.212e-05,2280144201.0,-0.03845144556022127,0.005820641512661117,-1.8967979001358095,-1.9130076670299718,0.005821989351399265,0.005746172412059727,0,2.5,0.0
2583,2023-01-22 11:46:59.999,-0.0491296569745571,1625.525,31.0917,1.2114999999999998e-05,1973658361.0,-0.038458208037961704,0.0058245570676741494,-1.8321477174326495,-1.8967979001358095,0.005825905813105608,0.005749796740280524,0,2.5,0.0
2584,2023-01-22 11:47:59.999,-0.0490281564585082,1625.69,66.2392,1.2114999999999998e-05,206102429.0,-0.03846523525514507,0.005828147703297216,-1.8123976503524886,-1.8321477174326495,0.0058294972801830386,0.005753937558786294,0,2.5,0.0
2585,2023-01-22 11:48:59.999,-0.0490865948913281,1625.595,42.2563,1.2114999999999998e-05,382958049.0,-0.03847232440873719,0.005831748890504142,-1.8200835944555436,-1.8123976503524886,0.005833099301287674,0.005758442920772858,0,2.5,0.0
2586,2023-01-22 11:49:59.999,-0.0491204292291875,1625.54,41.2844,1.2114999999999998e-05,805449990.0,-0.03847931371925244,0.005835458430716405,-1.823526915027424,-1.8200835944555436,0.005836809700488072,0.005763458445574536,0,2.5,0.0
2587,2023-01-22 11:50:59.999,-0.0491573407215852,1625.48,42.3752,1.2114999999999998e-05,412069415.0,-0.038485958990164104,0.00583944029084995,-1.827466537870506,-1.823526915027424,0.005840792482668666,0.005769340513102576,0,2.5,0.0
2588,2023-01-22 11:51:59.999,-0.0486385773942075,1624.66,69.6328,1.21e-05,6887340748.0,-0.03849251701740556,0.005842883322539035,-1.7364817705093167,-1.827466537870506,0.00584423631163267,0.005775210804986821,0,2.5,0.0
2589,2023-01-22 11:52:59.999,-0.0483741185977102,1624.535,64.0229,1.2095e-05,472811533.0,-0.038498956378531964,0.005846104793338178,-1.6891866581713177,-1.7364817705093167,0.005847458528401674,0.005780780740724636,0,2.5,0.0
2590,2023-01-22 11:53:59.999,-0.0482695954835712,1624.15,88.9137,1.209e-05,1427614021.0,-0.038505538201727176,0.005849097632616885,-1.6693271159290923,-1.6891866581713177,0.005850452060707895,0.00578634608635558,0,2.5,0.0
2591,2023-01-22 11:54:59.999,-0.048355919833817,1623.455,179.6769,1.2085e-05,690963913.0,-0.03851227815692715,0.005852055847232096,-1.6820826618641538,-1.6693271159290923,0.005853410960332868,0.005792043360716188,0,2.5,0.0
2592,2023-01-22 11:55:59.999,-0.0483590979178671,1622.895,110.1307,1.208e-05,2907651724.0,-0.03851903352624004,0.005854996001771336,-1.6806270044676554,-1.6820826618641538,0.005856351795699844,0.00579784721117872,0,2.5,0.0
2593,2023-01-22 11:56:59.999,-0.0476226495568141,1622.98,88.7697,1.207e-05,9212370098.0,-0.03852491495409947,0.005857756493157969,-1.5531090466701791,-1.6806270044676554,0.0058591129263110735,0.005803513808648791,0,2.5,0.0
2594,2023-01-22 11:57:59.999,-0.0476197726817382,1623.54,38.6135,1.2075e-05,315819370.0,-0.038530380285158726,0.0058607316282166515,-1.5508972212305963,-1.5531090466701791,0.005862088750297648,0.005808829398534339,0,2.5,0.0
2595,2023-01-22 11:58:59.999,-0.0474996719817752,1623.735,46.0068,1.2075e-05,235066310.0,-0.038535797163802725,0.00586361126306345,-1.5287293812327682,-1.5508972212305963,0.005864969051958128,0.0058139412997467955,0,2.5,0.0
2596,2023-01-22 11:59:59.999,-0.0477215519860365,1623.9299999999998,106.8437,1.208e-05,2190622555.0,-0.038540914998029224,0.0058668013416393475,-1.5648453822440072,-1.5287293812327682,0.005868159869234643,0.005818541020294062,0,2.5,0.0
2597,2023-01-22 12:00:59.999,-0.0482817887461735,1624.685,366.197,1.2095e-05,4552733189.0,-0.03854573715104875,0.005870523986116565,-1.6584638131365987,-1.5648453822440072,0.005871883375734444,0.005822968466825851,0,2.5,0.0
2598,2023-01-22 12:01:59.999,-0.0480818225774193,1624.455,83.1495,1.209e-05,3785719066.0,-0.038549125847495966,0.005873914055935371,-1.6228866543069187,-1.6584638131365987,0.005875274230564218,0.0058268036798749655,0,2.5,0.0
2599,2023-01-22 12:02:59.999,-0.0480079543767217,1624.575,124.9687,1.209e-05,1665221620.0,-0.038553036423825765,0.0058773972091561546,-1.6086913333280435,-1.6228866543069187,0.005878758190350538,0.005830397785459197,0,2.5,0.0
2600,2023-01-22 12:03:59.999,-0.0482048537146937,1624.81,137.132,1.2095e-05,458570302.0,-0.038558406658736576,0.005880913280557348,-1.6402974496918457,-1.6086913333280435,0.005882275075939862,0.005834026901087774,0,2.5,0.0
2601,2023-01-22 12:04:59.999,-0.04818647853644,1624.285,57.6191,1.209e-05,5418018377.0,-0.03856444601328327,0.005884098554898409,-1.6352602583698321,-1.6402974496918457,0.005885461087869064,0.005837805396033221,0,2.5,0.0
2602,2023-01-22 12:05:59.999,-0.0472561071716342,1623.5749999999998,135.0276,1.207e-05,8913046871.0,-0.03856973538758734,0.005886773595673328,-1.4755742925855322,-1.6352602583698321,0.005888136748081476,0.005841653439909667,0,2.5,0.0
2603,2023-01-22 12:06:59.999,-0.0476010845205152,1623.015,221.0992,1.207e-05,2303083482.0,-0.038575648081977804,0.005889427316706782,-1.5324811655174977,-1.4755742925855322,0.0058907910836155835,0.005845041865824921,0,2.5,0.0
2604,2023-01-22 12:07:59.999,-0.0469595738736572,1622.945,67.9125,1.206e-05,2991560971.0,-0.0385817458751615,0.005891285799406146,-1.4220712224384366,-1.5324811655174977,0.005892649996668711,0.00584820691147823,0,2.5,0.0
2605,2023-01-22 12:08:59.999,-0.0461842060150878,1622.535,35.9113,1.2045e-05,11581891477.0,-0.038588358135936036,0.005891799728633806,-1.2892237056593048,-1.4220712224384366,0.005893164044902793,0.005851191785614138,0,2.5,0.0
2606,2023-01-22 12:09:59.999,-0.0453028256682834,1622.295,122.1746,1.203e-05,2695234126.0,-0.03859524246092205,0.005890953650445066,-1.1386243391771693,-1.2892237056593048,0.00589231777079459,0.005854146169174612,0,2.5,0.0
2607,2023-01-22 12:10:59.999,-0.0449056620957115,1621.8249999999998,296.7011,1.202e-05,12914033853.0,-0.038601981299538464,0.005889842909250442,-1.0702629753117237,-1.1386243391771693,0.005891206772394637,0.005857042078352651,0,2.5,0.0
2608,2023-01-22 12:11:59.999,-0.0446344562368494,1621.15,112.8937,1.201e-05,3190485258.0,-0.038611795664193004,0.005882219649399924,-1.0238754979628817,-1.0702629753117237,0.005883581747287675,0.005859856882307717,0,2.5,0.0
2609,2023-01-22 12:12:59.999,-0.0450642330949904,1622.125,87.4094,1.2025e-05,3323847610.0,-0.03862549582961111,0.005862738186154427,-1.0982474504123607,-1.0238754979628817,0.005864095772877768,0.005862590505942678,0,2.5,0.0
2610,2023-01-22 12:13:59.999,-0.0445680935740817,1622.93,206.8196,1.2025e-05,3307372367.0,-0.03863613628359529,0.005852648639042695,-1.0135508991458424,-1.0982474504123607,0.005854003889411458,0.005862590505942678,0,2.0,0.0
2611,2023-01-22 12:14:59.999,-0.0442723759329837,1623.41,166.2439,1.2025e-05,2634561250.0,-0.038644998596950995,0.005846680263501669,-0.9624910346409775,-1.0135508991458424,0.005848034131822124,0.005862590505942678,0,2.0,0.0
2612,2023-01-22 12:15:59.999,-0.0435155068843329,1622.965,65.5243,1.201e-05,11471167156.0,-0.03865316150201497,0.005841163509345298,-0.8324275419680768,-0.9624910346409775,0.005842516100195743,0.005862590505942678,0,2.0,0.0
2613,2023-01-22 12:16:59.999,-0.0426518548096197,1623.25,109.0498,1.2e-05,15774466785.0,-0.03866191415945604,0.005832978437542424,-0.684031441721688,-0.8324275419680768,0.005834329133042191,0.005862590505942678,0,2.0,0.0
2614,2023-01-22 12:17:59.999,-0.0437009558936658,1623.78,77.1942,1.202e-05,2123326133.0,-0.03867136197519794,0.005824599542208999,-0.863508964353689,-0.684031441721688,0.005825948297475942,0.005862590505942678,0,2.0,0.0
2615,2023-01-22 12:18:59.999,-0.0442893438095737,1623.94,55.3408,1.203e-05,2150923581.0,-0.03868024455721607,0.005818527367550262,-0.9640066803912272,-0.863508964353689,0.005819874716732978,0.005862590505942678,0,2.0,0.0
2616,2023-01-22 12:19:59.999,-0.0448586990669603,1624.13,91.1629,1.204e-05,4831536272.0,-0.038688772728531606,0.005814075478469629,-1.0612050636901487,-0.9640066803912272,0.005815421796764504,0.005862590505942678,0,2.0,0.0
2617,2023-01-22 12:20:59.999,-0.0446989255645817,1623.275,159.0535,1.203e-05,3893658683.0,-0.038696183867124444,0.005811528624132169,-1.032902371422741,-1.0612050636901487,0.005812874352672645,0.005862590505942678,0,2.0,0.0
2618,2023-01-22 12:21:59.999,-0.0450241630031484,1622.19,32.2349,1.2025e-05,276776773.0,-0.038704273218718103,0.0058081694854601965,-1.088103541098638,-1.032902371422741,0.0058095144361521795,0.005862590505942678,0,2.0,0.0
2619,2023-01-22 12:22:59.999,-0.0451795511264769,1622.495,70.5389,1.203e-05,4389151856.0,-0.03871220853008553,0.005805301292422828,-1.1140408172841343,-1.088103541098638,0.005806645578950615,0.005862590505942678,0,2.0,0.0
2620,2023-01-22 12:23:59.999,-0.0452578075015779,1622.925,34.3864,1.2035e-05,1088865561.0,-0.038720236524263534,0.0058023568949572045,-1.1267095588339513,-1.1140408172841343,0.005803700499674756,0.005862590505942678,0,2.0,0.0
2621,2023-01-22 12:24:59.999,-0.045165386059736,1623.075,56.9774,1.2035e-05,609057829.0,-0.03872811033471381,0.005799557399192077,-1.1099598265755515,-1.1267095588339513,0.005800900355653104,0.005862590505942678,0,2.0,0.0
2622,2023-01-22 12:25:59.999,-0.0446204693549177,1622.845,43.1938,1.2025e-05,2332679010.0,-0.0387358699026202,0.005796222442615429,-1.0152473461046458,-1.1099598265755515,0.005797564626827615,0.005862590505942678,0,2.0,0.0
2623,2023-01-22 12:26:59.999,-0.0448994962213582,1621.835,75.9145,1.202e-05,2093650758.0,-0.038743610382914816,0.005793283789817095,-1.0625900718455459,-1.0152473461046458,0.00579462529354929,0.005862590505942678,0,2.0,0.0
2624,2023-01-22 12:27:59.999,-0.0447794255699207,1620.915,153.5687,1.201e-05,2401867015.0,-0.03875124731821631,0.005790361974885524,-1.0410710552898665,-1.0625900718455459,0.0057917028020367375,0.005862590505942678,0,2.0,0.0
2625,2023-01-22 12:28:59.999,-0.0448364083766037,1621.38,72.0982,1.2015e-05,1476997949.0,-0.038759489109355345,0.005786346562755527,-1.0502169549199027,-1.0410710552898665,0.005787686460090327,0.005862590505942678,0,2.0,0.0
2626,2023-01-22 12:29:59.999,-0.0443614362114459,1621.035,144.2707,1.2005e-05,8359297866.0,-0.03876768059234599,0.005781745333597444,-0.967485646002923,-1.0502169549199027,0.005783084165462934,0.005862590505942678,0,2.0,0.0
2627,2023-01-22 12:30:59.999,-0.0444864241382845,1621.39,107.2436,1.201e-05,5991426786.0,-0.03877563137587191,0.005777794437397797,-0.988403589689601,-0.967485646002923,0.005779132354386302,0.005862590505942678,0,2.0,0.0
2628,2023-01-22 12:31:59.999,-0.0449933409481175,1622.24,106.2857,1.2025e-05,3280863112.0,-0.03878366189873636,0.00577437530012963,-1.0753854272758714,-0.988403589689601,0.005775712425376255,0.005862590505942678,0,2.0,0.0
2629,2023-01-22 12:32:59.999,-0.045477683428885,1623.125,130.2976,1.204e-05,5084962834.0,-0.0387917211567831,0.00577156367944603,-1.1584316908626116,-1.0753854272758714,0.005772900153628461,0.005862590505942678,0,2.0,0.0
2630,2023-01-22 12:33:59.999,-0.0451727626520224,1623.62,104.0966,1.204e-05,3919558036.0,-0.03879911534306419,0.005769502754209911,-1.1047134528720806,-1.1584316908626116,0.005770838751160602,0.005862590505942678,0,2.0,0.0
2631,2023-01-22 12:34:59.999,-0.0453463625503864,1623.895,46.1918,1.2045e-05,2218415366.0,-0.03880684448488853,0.005767085389313662,-1.1339381375582736,-1.1047134528720806,0.0057684208264947735,0.005862590505942678,0,2.0,0.0
2632,2023-01-22 12:35:59.999,-0.0456583906831191,1623.9450000000002,151.0794,1.205e-05,1027399294.0,-0.03881459566792904,0.005765037239512268,-1.187120695124783,-1.1339381375582736,0.005766372202419945,0.005862590505942678,0,2.0,0.0
2633,2023-01-22 12:36:59.999,-0.0460195399940523,1623.915,147.9331,1.2055e-05,6872306370.0,-0.03882284729822478,0.005762587808254264,-1.2488647349579747,-1.187120695124783,0.005763922203967014,0.005862590505942678,0,2.0,0.0
2634,2023-01-22 12:37:59.999,-0.0469974522374272,1623.995,108.8876,1.207e-05,5292302139.0,-0.03883203662053658,0.005759789379055789,-1.4176587162340277,-1.2488647349579747,0.00576112312675899,0.005862590505942678,0,2.0,0.0
2635,2023-01-22 12:38:59.999,-0.046507429790445,1624.235,765.0494,1.2065e-05,2541020792.0,-0.03884071183868681,0.005757231064187756,-1.331667578785954,-1.4176587162340277,0.005758564219482736,0.005862590505942678,0,2.0,0.0
2636,2023-01-22 12:39:59.999,-0.0465141931534489,1624.78,65.9806,1.207e-05,4599055790.0,-0.038849376534542575,0.005754688956994921,-1.331925439617308,-1.331667578785954,0.005756021523634761,0.005862590505942678,0,2.0,0.0
2637,2023-01-22 12:40:59.999,-0.0464778599001221,1625.395,147.8819,1.2075e-05,1401960002.0,-0.03885808876336046,0.005751985826056132,-1.32472008227916,-1.331925439617308,0.005753317766753867,0.005862590505942678,0,2.0,0.0
2638,2023-01-22 12:41:59.999,-0.0461149370756714,1625.985,125.7272,1.2075e-05,1471481253.0,-0.03886671062120114,0.0057488985850585785,-1.2608026297956354,-1.32472008227916,0.0057502298108689604,0.005862590505942678,0,2.0,0.0
2639,2023-01-22 12:42:59.999,-0.0465440279020832,1626.955,222.5883,1.209e-05,3816451296.0,-0.03887589914559076,0.005745299848457157,-1.334678599682076,-1.2608026297956354,0.005746630240937297,0.005862590505942678,0,2.0,0.0
2640,2023-01-22 12:43:59.999,-0.0464773848540716,1628.1750000000002,301.0164,1.21e-05,5850216676.0,-0.03888487042674779,0.005742032288563624,-1.3222695460012968,-1.334678599682076,0.005743361924401425,0.005862590505942678,0,2.0,0.0
2641,2023-01-22 12:44:59.999,-0.0462588283863496,1627.975,273.52,1.2095e-05,3114341944.0,-0.03889366566468919,0.00573876985614364,-1.283404441419729,-1.3222695460012968,0.005740098736526431,0.005862590505942678,0,2.0,0.0
2642,2023-01-22 12:45:59.999,-0.0468370704474239,1628.145,271.8548,1.2105e-05,4922689156.0,-0.038902469868858675,0.005736361425058819,-1.383211410617117,-1.283404441419729,0.005737689747740761,0.005862590505942678,0,2.0,0.0
2643,2023-01-22 12:46:59.999,-0.04714092430833,1627.095,146.3561,1.21e-05,3059500886.0,-0.03891110904611,0.005734710304047275,-1.4350882304223471,-1.383211410617117,0.005736038244392518,0.005862590505942678,0,2.0,0.0
2644,2023-01-22 12:47:59.999,-0.0464128975511393,1628.28,891.9528,1.21e-05,5056151111.0,-0.03891982394932744,0.005731799895416176,-1.3072810877093262,-1.4350882304223471,0.005733127161821702,0.005862590505942678,0,2.0,0.0
2645,2023-01-22 12:48:59.999,-0.0466565944175201,1629.55,863.2819,1.2115e-05,5460679920.0,-0.03892891684849014,0.005728486374855653,-1.348991175565933,-1.3072810877093262,0.005729812873976102,0.005862590505942678,0,2.0,0.0
2646,2023-01-22 12:49:59.999,-0.0469790220438071,1629.58,559.4052,1.212e-05,2534694157.0,-0.03893845262429115,0.005724734247897134,-1.4045314719140873,-1.348991175565933,0.005726059878167979,0.005862590505942678,0,2.0,0.0
2647,2023-01-22 12:50:59.999,-0.0469237946141696,1629.67,187.0057,1.212e-05,6279828643.0,-0.038947592428291496,0.005721715634080371,-1.3940228239182826,-1.4045314719140873,0.005723040565355303,0.005862590505942678,0,2.0,0.0
2648,2023-01-22 12:51:59.999,-0.0463011630094563,1630.685,548.8172,1.212e-05,1447039666.0,-0.03895609960791248,0.005718981550042795,-1.2843306692410752,-1.3940228239182826,0.005720305848208066,0.005862590505942678,0,2.0,0.0
2649,2023-01-22 12:52:59.999,-0.0462367749641501,1630.79,200.7139,1.212e-05,2738478819.0,-0.03896458291659122,0.005716183931576839,-1.2722109950637668,-1.2843306692410752,0.005717507581920295,0.005862590505942678,0,2.0,0.0
2650,2023-01-22 12:53:59.999,-0.0457150599535935,1631.085,172.7535,1.2114999999999998e-05,2024662776.0,-0.038972825734875934,0.005713074264491288,-1.1801411825893562,-1.2722109950637668,0.005714397194754363,0.005862590505942678,0,2.0,0.0
2651,2023-01-22 12:54:59.999,-0.0452659637523709,1630.705,218.3219,1.2105e-05,3861968405.0,-0.03898100485955184,0.005709430402466208,-1.1008031361769912,-1.1801411825893562,0.005710752488949713,0.005862590505942678,0,2.0,0.0
2652,2023-01-22 12:55:59.999,-0.0448971088207983,1630.75,327.2339,1.21e-05,1774440367.0,-0.03898869439837685,0.005706207318170837,-1.0354363402827491,-1.1008031361769912,0.005707528658310858,0.005862590505942678,0,2.0,0.0
2653,2023-01-22 12:56:59.999,-0.0448327233418481,1630.855,291.4612,1.21e-05,973399259.0,-0.03899616269362316,0.005703293882702728,-1.0233666313297294,-1.0354363402827491,0.005704614548202131,0.005862590505942678,0,2.0,0.0
2654,2023-01-22 12:57:59.999,-0.0442889950317635,1631.185,807.7957,1.2095e-05,516057707.0,-0.03900342981966077,0.00570003189813175,-0.927286953224794,-1.0233666313297294,0.005701351808279847,0.005856526860278035,0,2.0,0.0
2655,2023-01-22 12:58:59.999,-0.0436667085049862,1633.315,2141.3727,1.2105e-05,422047237.0,-0.03901073559654654,0.005695889690000301,-0.8174268045628904,-0.927286953224794,0.005697208640970862,0.005849526571219457,0,2.0,0.0
2656,2023-01-22 12:59:59.999,-0.0437218126825094,1633.225,698.7641,1.2105e-05,6282556925.0,-0.03901848007451142,0.00569091546773894,-0.8264632702173427,-0.8174268045628904,0.005692233266869203,0.0058438956081023384,0,2.0,0.0
2657,2023-01-22 13:00:59.999,-0.0444528938234647,1633.145,233.6777,1.2115e-05,6220994564.0,-0.0390264313179174,0.005686502987318074,-0.9542705802932465,-0.8264632702173427,0.00568781976468604,0.005836375874830579,0,2.0,0.0
2658,2023-01-22 13:01:59.999,-0.0447918169669527,1632.035,802.1861,1.211e-05,3516164292.0,-0.03903378544268753,0.005683682016615428,-1.0130812222486043,-0.9542705802932465,0.005684998140754091,0.005828043506367505,0,2.0,0.0
2659,2023-01-22 13:02:59.999,-0.0446039314783703,1633.455,271.0316,1.212e-05,3416848485.0,-0.03904041944260391,0.005681816650521974,-0.9791783821914217,-1.0130812222486043,0.0056831323427129436,0.0058213931119187184,0,2.0,0.0
2660,2023-01-22 13:03:59.999,-0.0431875427543673,1636.885,1687.4017,1.213e-05,6829513928.0,-0.03904620488552268,0.005679673824586973,-0.7291506513837143,-0.9791783821914217,0.005680989020581124,0.005816535026756622,0,2.0,0.0
2661,2023-01-22 13:04:59.999,-0.0440320919462351,1636.06,387.9457,1.2135000000000002e-05,266785246.0,-0.03905220659695802,0.005678089650331591,-0.8770353509628481,-0.7291506513837143,0.0056794044794913606,0.00581351121369561,0,2.0,0.0
2662,2023-01-22 13:05:59.999,-0.0443825982404924,1634.93,314.5452,1.213e-05,6252801166.0,-0.039058075106336645,0.0056770451324150775,-0.9379039641156848,-0.8770353509628481,0.005678359719704306,0.005810354415282296,0,2.0,0.0
2663,2023-01-22 13:06:59.999,-0.0445814032699978,1634.605,478.8986,1.213e-05,4439695353.0,-0.03906378493210753,0.005676395225671493,-0.9720285706916335,-0.9379039641156848,0.0056777096624670885,0.0058073627932510065,0,2.0,0.0
2664,2023-01-22 13:07:59.999,-0.0441069953947703,1633.71,180.2776,1.2115e-05,3451115233.0,-0.039069824117208184,0.005674818151695422,-0.8876357167598757,-0.9720285706916335,0.005676132223300791,0.00580443676949372,0,2.0,0.0
2665,2023-01-22 13:08:59.999,-0.0439955825012248,1633.335,191.2816,1.211e-05,1914324052.0,-0.039075980424059846,0.005672945255202475,-0.8672042221196034,-0.8876357167598757,0.005674258893116395,0.005801600391658517,0,2.0,0.0
2666,2023-01-22 13:09:59.999,-0.0435030173969366,1633.025,109.3619,1.21e-05,4924436693.0,-0.039082076379691355,0.005670624100718371,-0.779621596974694,-0.8672042221196034,0.005671937201141377,0.005798398559033987,0,2.0,0.0
2667,2023-01-22 13:10:59.999,-0.0438827529952803,1632.405,148.6102,1.21e-05,1474425627.0,-0.039088377515524825,0.005668392726567178,-0.8458086288348946,-0.779621596974694,0.005669705310288973,0.005795360126868872,0,2.0,0.0
2668,2023-01-22 13:11:59.999,-0.0442791477778108,1632.315,110.8858,1.2105e-05,216054774.0,-0.039094974154278,0.005666138197305528,-0.9149394954747275,-0.8458086288348946,0.00566745025896427,0.0057924334249148755,0,2.0,0.0
2669,2023-01-22 13:12:59.999,-0.0438214955639679,1632.505,111.7843,1.21e-05,2848225750.0,-0.039101470791112154,0.005663508388279765,-0.8334100436089243,-0.9149394954747275,0.005664819840974965,0.00578869054557693,0,2.0,0.0
2670,2023-01-22 13:13:59.999,-0.0442301388306063,1632.395,102.5945,1.2105e-05,1181041993.0,-0.03910796781998183,0.005661338240348667,-0.904763289732183,-0.8334100436089243,0.0056626491905203144,0.005784234739119782,0,2.0,0.0
2671,2023-01-22 13:14:59.999,-0.0446059844166519,1632.895,137.1799,1.2115e-05,3280616592.0,-0.039114932842980954,0.005658843066048255,-0.9703487991416448,-0.904763289732183,0.005660153438432631,0.00578012030715546,0,2.0,0.0
2672,2023-01-22 13:15:59.999,-0.0445590171466463,1634.085,167.2559,1.2125e-05,753781394.0,-0.03912173322405608,0.005656554843890676,-0.9612359594573228,-0.9703487991416448,0.005657864686410009,0.0057765674076287665,0,2.0,0.0
2673,2023-01-22 13:16:59.999,-0.0446590309329018,1633.365,163.235,1.212e-05,1221813430.0,-0.03912812408793153,0.005655009010237841,-0.9780544708164219,-0.9612359594573228,0.005656318494801014,0.005773603221565409,0,2.0,0.0
2674,2023-01-22 13:17:59.999,-0.0449560080448847,1632.88,91.7213,1.212e-05,1243762032.0,-0.039134252537346446,0.0056541485729340235,-1.029643178356959,-0.9780544708164219,0.005655457858252712,0.005771354101777567,0,2.0,0.0
2675,2023-01-22 13:18:59.999,-0.0455998962323178,1632.385,242.3347,1.2125e-05,905563378.0,-0.03914061437547557,0.005653689125052798,-1.1424897467778448,-1.029643178356959,0.005654998303980866,0.00576902530766123,0,2.0,0.0
2676,2023-01-22 13:19:59.999,-0.0451856899976377,1632.505,194.1486,1.212e-05,2881796826.0,-0.03914611899650318,0.005653783890538587,-1.06823520637949,-1.1424897467778448,0.0056550930914107305,0.005766884358438652,0,2.0,0.0
2677,2023-01-22 13:20:59.999,-0.0452109705045735,1633.02,86.9826,1.2125e-05,1131141985.0,-0.03915152810458927,0.005653994662582371,-1.0717099611156464,-1.06823520637949,0.005655303912261286,0.005764534703580246,0,2.0,0.0
2678,2023-01-22 13:21:59.999,-0.044866292224448,1632.47,57.0592,1.2114999999999998e-05,5721483870.0,-0.03915704470612915,0.005653754709641817,-1.0098152133452825,-1.0717099611156464,0.005655063903756777,0.005761822896060996,0,2.0,0.0
2679,2023-01-22 13:22:59.999,-0.0451787510636023,1631.96,126.4465,1.2114999999999998e-05,424867324.0,-0.03916246403053392,0.005653913945386337,-1.064092430691795,-1.0098152133452825,0.005655223176374226,0.005759203946301799,0,2.0,0.0
2680,2023-01-22 13:23:59.999,-0.0448797023896432,1631.335,158.1779,1.2105e-05,2110561255.0,-0.0391677567778397,0.005653912470897535,-1.0102642446632628,-1.064092430691795,0.005655221701543988,0.005756657197596754,0,2.0,0.0
2681,2023-01-22 13:24:59.999,-0.0450982298852693,1631.535,120.1671,1.211e-05,1911750098.0,-0.03917269621398355,0.005654430870868419,-1.047945196715384,-1.0102642446632628,0.005655740221556549,0.005753993705974091,0,2.0,0.0
2682,2023-01-22 13:25:59.999,-0.0447835988712626,1632.605,153.2789,1.2114999999999998e-05,1136731434.0,-0.039177896284936314,0.005654423721534489,-0.9913835365710825,-1.047945196715384,0.005655733070567106,0.0057510017998401875,0,2.0,0.0
2683,2023-01-22 13:26:59.999,-0.0448724179300512,1632.46,49.5158,1.2114999999999998e-05,1588235821.0,-0.03918344126258445,0.00565413263266589,-1.0061625782528618,-0.9913835365710825,0.0056554419142934185,0.005747530133420213,0,2.0,0.0
2684,2023-01-22 13:27:59.999,-0.0448877323582337,1632.435,75.2518,1.2114999999999998e-05,3826027337.0,-0.039188994726594505,0.005653841672561778,-1.0079407881715716,-1.0061625782528618,0.005655150886814036,0.005744179003535393,0,2.0,0.0
2685,2023-01-22 13:28:59.999,-0.0449805049399039,1632.84,184.6593,1.212e-05,879806313.0,-0.039194504703032394,0.005653683773703517,-1.0234035840107336,-1.0079407881715716,0.005654992951392416,0.005740914533495179,0,2.0,0.0
2686,2023-01-22 13:29:59.999,-0.0456495096863776,1632.86,36.798,1.213e-05,2436070681.0,-0.039200568762414865,0.005653579505438063,-1.1406828041879713,-1.0234035840107336,0.005654888658982406,0.005738291994937178,0,2.0,0.0
2687,2023-01-22 13:30:59.999,-0.0453610105410469,1632.775,483.5959,1.2125e-05,574996131.0,-0.03920668154021336,0.005653098973882354,-1.0886646473495156,-1.1406828041879713,0.0056544080161539025,0.005736451120229579,0,2.0,0.0
2688,2023-01-22 13:31:59.999,-0.0458419027431666,1631.99,61.8759,1.2125e-05,960001158.0,-0.039213106457972005,0.0056527501592319555,-1.172667480158942,-1.0886646473495156,0.005654059120731327,0.005733854932464406,0,2.0,0.0
2689,2023-01-22 13:32:59.999,-0.0462893094770535,1631.26,152.4824,1.2125e-05,279797568.0,-0.03921965867996237,0.0056527461337866425,-1.2506577563842123,-1.172667480158942,0.0056540550943538735,0.005730641445937502,0,2.0,0.0
2690,2023-01-22 13:33:59.999,-0.0456544048238889,1631.74,112.7417,1.212e-05,5534696773.0,-0.03922578610503776,0.005652544579855707,-1.137296420759098,-1.2506577563842123,0.005653853493750729,0.0057269981271200095,0,2.0,0.0
2691,2023-01-22 13:34:59.999,-0.0457138161034151,1632.755,176.8328,1.213e-05,317855387.0,-0.0392313825785551,0.0056529812284031285,-1.1467282948489776,-1.137296420759098,0.005654290243409313,0.005723795393558472,0,2.0,0.0
2692,2023-01-22 13:35:59.999,-0.0457878467751839,1633.19,44.5846,1.2135000000000002e-05,583484108.0,-0.03923688630655808,0.005653574786052158,-1.158728895704641,-1.1467282948489776,0.005654883938503672,0.005720989527494875,0,2.0,0.0
2693,2023-01-22 13:36:59.999,-0.0458674487652785,1633.06,67.7087,1.2135000000000002e-05,1879774759.0,-0.0392425608931097,0.0056540757907371005,-1.1717012854730653,-1.158728895704641,0.005655385059202205,0.005718207148492238,0,2.0,0.0
2694,2023-01-22 13:37:59.999,-0.0460515881954215,1633.315,77.2829,1.214e-05,2973500507.0,-0.03924841645321022,0.005654575042862961,-1.203126970752302,-1.1717012854730653,0.005655884426935831,0.005715174791545846,0,2.0,0.0
2695,2023-01-22 13:38:59.999,-0.0457210268809404,1633.855,120.4811,1.214e-05,1915214177.0,-0.0392539883167883,0.005655020622476716,-1.143592392651567,-1.203126970752302,0.0056563301097288425,0.0057116636654008755,0,2.0,0.0
2696,2023-01-22 13:39:59.999,-0.0457980159602904,1634.285,173.0723,1.2145e-05,522199196.0,-0.03925925871327187,0.005655812162128105,-1.15611287284304,-1.143592392651567,0.005657121832670647,0.005708334615970572,0,2.0,0.0
2697,2023-01-22 13:40:59.999,-0.0461624874951382,1634.245,197.1179,1.215e-05,13471199909.0,-0.03926471181687091,0.005656786988072506,-1.219380488042319,-1.15611287284304,0.005658096884347585,0.0057053430757293125,0,2.0,0.0
2698,2023-01-22 13:41:59.999,-0.0466706308905919,1633.97,178.5095,1.2155e-05,1711967887.0,-0.039270303768432706,0.005658135011455969,-1.3079092505173224,-1.219380488042319,0.005659445219881887,0.005702167493260418,0,2.0,0.0
2699,2023-01-22 13:42:59.999,-0.0468420073500084,1633.69,62.0433,1.2155e-05,2886671649.0,-0.03927612564784067,0.005659453097204463,-1.3368573910268757,-1.3079092505173224,0.005660763610848806,0.005698244432798108,0,2.0,0.0
2700,2023-01-22 13:43:59.999,-0.0469766808893084,1633.47,60.2111,1.2155e-05,367722430.0,-0.03928207536007908,0.005660790062557699,-1.3592812035415225,-1.3368573910268757,0.005662100885792263,0.005693477110394618,0,2.0,0.0
2701,2023-01-22 13:44:59.999,-0.0470960657817514,1633.275,77.2724,1.2155e-05,2098878202.0,-0.03928786771552633,0.0056623813379728175,-1.37896012298961,-1.3592812035415225,0.00566369252968612,0.005688923140231831,0,2.0,0.0
2702,2023-01-22 13:45:59.999,-0.0469828028447842,1633.46,100.6296,1.2155e-05,932809640.0,-0.03929360483604643,0.005663896857333345,-1.35758086745209,-1.37896012298961,0.005665208399983173,0.005685703546737078,0,2.0,0.0
2703,2023-01-22 13:46:59.999,-0.0472153900754435,1633.635,79.9075,1.216e-05,5567992515.0,-0.03929916745824027,0.00566577374157049,-1.397200625771714,-1.35758086745209,0.005667085718835175,0.00568359879222323,0,2.0,0.0
2704,2023-01-22 13:47:59.999,-0.0478515549896911,1633.705,76.0069,1.217e-05,5530619962.0,-0.03930507400482298,0.005668035885754444,-1.5078381924765356,-1.397200625771714,0.005669348386845507,0.005681524851114079,0,2.0,0.0
2705,2023-01-22 13:48:59.999,-0.0480959805338159,1633.86,47.9502,1.2175e-05,3037022609.0,-0.03931155218349847,0.005670082775065492,-1.5492592787088477,-1.5078381924765356,0.005671395750138109,0.005679800614763801,0,2.0,0.0
2706,2023-01-22 13:49:59.999,-0.0488935139293964,1633.665,41.3557,1.2185e-05,3952138372.0,-0.03931877898869479,0.005672342610458846,-1.6879683753670673,-1.5492592787088477,0.0056736561088232135,0.005678620909651069,0,2.0,0.0
2707,2023-01-22 13:50:59.999,-0.0492516686101254,1633.08,196.5984,1.2185e-05,1506073831.0,-0.03932653120804402,0.005674469592596742,-1.7490863665972094,-1.6879683753670673,0.005675783583489109,0.005677872176776393,0,2.0,0.0
2708,2023-01-22 13:51:59.999,-0.0495374315147536,1632.06,275.8068,1.218e-05,2298716165.0,-0.039334414324943966,0.00567682133117383,-1.7973116634445665,-1.7490863665972094,0.005678135866639222,0.0056778162135101215,0,2.5,0.0
2709,2023-01-22 13:52:59.999,-0.0494648432595639,1631.625,259.9259,1.2175e-05,5171781826.0,-0.039342669088781486,0.0056785822217884354,-1.7825178496041034,-1.7973116634445665,0.005679897165008983,0.0056778162135101215,0,2.5,0.0
2710,2023-01-22 13:53:59.999,-0.0488405944925673,1632.09,66.0659,1.217e-05,2952095198.0,-0.0393506723737,0.00567978059904017,-1.6708254752782197,-1.7825178496041034,0.005681095819759216,0.0056778162135101215,0,2.5,0.0
2711,2023-01-22 13:54:59.999,-0.0493505685904196,1632.365,155.0159,1.218e-05,4773075217.0,-0.03935878603544343,0.005681541808135746,-1.7586392729995095,-1.6708254752782197,0.0056828574366836965,0.0056778162135101215,0,2.5,0.0
2712,2023-01-22 13:55:59.999,-0.0493842626028424,1632.31,50.8654,1.218e-05,5265983105.0,-0.03936680223666937,0.0056834659365468205,-1.7625618729861643,-1.7586392729995095,0.005684782010649578,0.0056778162135101215,0,2.5,0.0
2713,2023-01-22 13:56:59.999,-0.049468820876978,1631.065,1644.0237,1.217e-05,4151756030.0,-0.03937507703931823,0.005685156172486455,-1.7754558593322123,-1.7625618729861643,0.005686472637983438,0.0056778162135101215,0,2.5,0.0
2714,2023-01-22 13:57:59.999,-0.0485231462964108,1631.5,122.0981,1.216e-05,3041821495.0,-0.039383311008220845,0.005685520076130226,-1.6075636293260378,-1.7754558593322123,0.0056868366258934246,0.0056778162135101215,0,2.5,0.0
2715,2023-01-22 13:58:59.999,-0.0478770107648216,1632.0,44.8713,1.2155e-05,375336882.0,-0.039391368960337826,0.005685218305214578,-1.4925797654420059,-1.6075636293260378,0.005686534785099133,0.0056778162135101215,0,2.5,0.0
2716,2023-01-22 13:59:59.999,-0.047601495256913,1631.895,86.443,1.215e-05,986429423.0,-0.039399136918289106,0.005684968050894067,-1.4428152040949322,-1.4925797654420059,0.00568628447282926,0.0056778162135101215,0,2.5,0.0
2717,2023-01-22 14:00:59.999,-0.0461855228943264,1631.985,103.8937,1.213e-05,18750287151.0,-0.03940610241677645,0.005684061496728853,-1.1927070953492438,-1.4428152040949322,0.005685377708740652,0.0056778162135101215,0,2.5,0.0
2718,2023-01-22 14:01:59.999,-0.0456611581669292,1632.285,167.6658,1.2125e-05,3423986330.0,-0.03941284493511601,0.005682839284862339,-1.0995055321126421,-1.1927070953492438,0.00568415521385645,0.0056778162135101215,0,2.5,0.0
2719,2023-01-22 14:02:59.999,-0.0461242496985718,1632.085,91.001,1.213e-05,3438293400.0,-0.03941959232120328,0.005682151607933963,-1.1799504553885594,-1.0995055321126421,0.005683467377688306,0.0056778162135101215,0,2.5,0.0
2720,2023-01-22 14:03:59.999,-0.0458444041196237,1631.43,94.7769,1.212e-05,1016125547.0,-0.03942624260938256,0.005681261082729259,-1.1297071929596794,-1.1799504553885594,0.005682576646271906,0.0056778162135101215,0,2.5,0.0
2721,2023-01-22 14:04:59.999,-0.0454445895111703,1630.97,141.7396,1.211e-05,3882612929.0,-0.0394329092287691,0.005679870461924608,-1.0584185542083926,-1.1297071929596794,0.005681185703452474,0.0056778162135101215,0,2.5,0.0
2722,2023-01-22 14:05:59.999,-0.0453311665122342,1631.155,134.5221,1.211e-05,4890230142.0,-0.03943943965797244,0.0056785390435314526,-1.0375427216571051,-1.0584185542083926,0.005679853976753562,0.0056778162135101215,0,2.5,0.0
2723,2023-01-22 14:06:59.999,-0.0460405702975279,1631.11,168.4518,1.212e-05,1887694455.0,-0.03944631506060605,0.005677536750312534,-1.16146412201715,-1.0375427216571051,0.005678851451441733,0.00567831476283985,0,2.5,0.0
2724,2023-01-22 14:07:59.999,-0.0460655810885128,1631.625,151.6281,1.2125e-05,1118606326.0,-0.039452901902849426,0.005676959174315751,-1.1648276802096977,-1.16146412201715,0.005678273741700361,0.005678418169135704,0,2.0,0.0
2725,2023-01-22 14:08:59.999,-0.0460288086090336,1631.685,692.6118,1.2125e-05,781127938.0,-0.03945933545161773,0.005676533565637486,-1.1573036751132302,-1.1648276802096977,0.005677848034467348,0.005678418169135704,0,2.0,0.0
2726,2023-01-22 14:09:59.999,-0.0461207423432625,1631.535,60.5062,1.2125e-05,1661612611.0,-0.03946578403547419,0.005676185609593174,-1.1724349352743044,-1.1573036751132302,0.005677499997849678,0.005678418169135704,0,2.0,0.0
2727,2023-01-22 14:10:59.999,-0.0457928840363948,1632.0700000000002,115.1113,1.2125e-05,1590882536.0,-0.03947205942260057,0.005675684263003856,-1.113667413636032,-1.1724349352743044,0.005676998535167597,0.005678418169135704,0,2.0,0.0
2728,2023-01-22 14:11:59.999,-0.0452071296717591,1632.47,18.1324,1.212e-05,1824276033.0,-0.039477771837459534,0.005675244222607337,-1.009535027845439,-1.113667413636032,0.005676558392874493,0.005678418169135704,0,2.0,0.0
2729,2023-01-22 14:12:59.999,-0.0451734389616618,1632.525,73.8445,1.212e-05,3070681542.0,-0.039483638777891204,0.005674578883605232,-1.0026823664764521,-1.009535027845439,0.005675892899805232,0.005678418169135704,0,2.0,0.0
2730,2023-01-22 14:13:59.999,-0.0449398031684218,1632.35,77.5108,1.2114999999999998e-05,511229281.0,-0.03948967085722592,0.0056734503993632,-0.960638046964791,-1.0026823664764521,0.005674764154249258,0.005678418169135704,0,2.0,0.0
2731,2023-01-22 14:14:59.999,-0.045949641685457,1632.37,149.4817,1.213e-05,3873155346.0,-0.039496170454392604,0.005672805559567879,-1.137615446765989,-0.960638046964791,0.005674119165133619,0.005678418169135704,0,2.0,0.0
2732,2023-01-22 14:15:59.999,-0.0457720016633054,1632.66,122.2419,1.213e-05,8126604210.0,-0.03950274554083921,0.005671845144651142,-1.1053292116725788,-1.137615446765989,0.005673158527821389,0.005678418169135704,0,2.0,0.0
2733,2023-01-22 14:16:59.999,-0.0461154802083605,1632.6550000000002,71.9653,1.2135000000000002e-05,2170464194.0,-0.039509806490576546,0.00567057939878648,-1.1649027821032873,-1.1053292116725788,0.005671892488858226,0.005678418169135704,0,2.0,0.0
2734,2023-01-22 14:17:59.999,-0.0457781266560317,1632.65,27.0598,1.213e-05,2023448133.0,-0.03951682733923149,0.005668947686989682,-1.1044905796484916,-1.1649027821032873,0.005670260399219164,0.005678418169135704,0,2.0,0.0
2735,2023-01-22 14:18:59.999,-0.0455784554418272,1632.42,78.3736,1.2125e-05,374205917.0,-0.03952388577973652,0.005666998740161381,-1.0683908607889083,-1.1044905796484916,0.0056683110010890565,0.005678418169135704,0,2.0,0.0
2736,2023-01-22 14:19:59.999,-0.0454872309247917,1633.125,147.689,1.213e-05,3010514950.0,-0.03953093973112082,0.0056649340224893575,-1.051431697178618,-1.0683908607889083,0.00566624580530711,0.005678418169135704,0,2.0,0.0
2737,2023-01-22 14:20:59.999,-0.0457087859675233,1633.875,272.0918,1.214e-05,1729735479.0,-0.039537815544740944,0.005663414846626322,-1.0896200596109222,-1.051431697178618,0.005664726277660844,0.005678418169135704,0,2.0,0.0
2738,2023-01-22 14:21:59.999,-0.046887953153849,1634.17,59.5867,1.216e-05,13421980295.0,-0.03954546215279688,0.005662183321775859,-1.296759674455269,-1.0896200596109222,0.0056634944676361605,0.005678418169135704,0,2.0,0.0
2739,2023-01-22 14:22:59.999,-0.0482148257890528,1634.22,104.6684,1.218e-05,2152257910.0,-0.03955387532364702,0.005661557642938265,-1.529782263403905,-1.296759674455269,0.005662868643915194,0.005678418169135704,0,2.0,0.0
2740,2023-01-22 14:23:59.999,-0.0484614190675536,1634.925,198.9225,1.219e-05,5900200318.0,-0.03956246973093816,0.005660982716015999,-1.571979598425308,-1.529782263403905,0.005662293583861765,0.005678418169135704,0,2.0,0.0
2741,2023-01-22 14:24:59.999,-0.0477521579838935,1636.085,361.8793,1.219e-05,10198863204.0,-0.03957030273222773,0.005660603754771983,-1.4454032831335928,-1.571979598425308,0.005661914534864768,0.005678418169135704,0,2.0,0.0
2742,2023-01-22 14:25:59.999,-0.0473643821475384,1636.165,280.8157,1.2185e-05,7718529757.0,-0.03957812949578658,0.0056596873298561745,-1.3757390113544816,-1.4454032831335928,0.0056609978977398764,0.005678418169135704,0,2.0,0.0
2743,2023-01-22 14:26:59.999,-0.0487182423392873,1636.72,256.6575,1.221e-05,15137250817.0,-0.039586631946705045,0.005659617044557351,-1.613467893797478,-1.3757390113544816,0.005660927596165656,0.005678418169135704,0,2.0,0.0
2744,2023-01-22 14:27:59.999,-0.0482797643097221,1636.33,245.1486,1.22e-05,4711442527.0,-0.0395947499176078,0.005659504681978601,-1.5345891345880038,-1.613467893797478,0.005660815207568015,0.005678418169135704,0,2.0,0.0
2745,2023-01-22 14:28:59.999,-0.0486441032724549,1637.395,398.4379,1.2215e-05,8824479251.0,-0.03960272269607584,0.005660117122008567,-1.5973840084020388,-1.5345891345880038,0.005661427789415752,0.005678418169135704,0,2.0,0.0
2746,2023-01-22 14:29:59.999,-0.0479548112598813,1637.97,263.5399,1.221e-05,11241560422.0,-0.039609929095014866,0.0056608371594628,-1.4741427689572226,-1.5973840084020388,0.005662147993603216,0.005678418169135704,0,2.0,0.0
2747,2023-01-22 14:30:59.999,-0.0481959924995933,1637.575,378.1392,1.221e-05,3203195421.0,-0.039617368232176584,0.005661557362297889,-1.51524107563486,-1.4741427689572226,0.0056628683632098335,0.005678418169135704,0,2.0,0.0
2748,2023-01-22 14:31:59.999,-0.0475138124673293,1636.475,166.9313,1.219e-05,2833523369.0,-0.03962446639538122,0.0056618418039895224,-1.3934239678666027,-1.51524107563486,0.005663152870767321,0.005678418169135704,0,2.0,0.0
2749,2023-01-22 14:32:59.999,-0.047263541657248,1636.33,219.3514,1.2185e-05,698984135.0,-0.039631752519646964,0.0056615412034481455,-1.3480055806982232,-1.3934239678666027,0.005662852200618317,0.005678418169135704,0,2.0,0.0
2750,2023-01-22 14:33:59.999,-0.0474038260016627,1636.655,174.1271,1.219e-05,3015958601.0,-0.03963931963741592,0.005661000934613353,-1.371578357596067,-1.3480055806982232,0.005662311806677853,0.005678418169135704,0,2.0,0.0
2751,2023-01-22 14:34:59.999,-0.0476230220635471,1637.4050000000002,519.6669,1.22e-05,1696989868.0,-0.03964705212612374,0.005660493810943807,-1.409059033330783,-1.371578357596067,0.005661804565577792,0.005678418169135704,0,2.0,0.0
2752,2023-01-22 14:35:59.999,-0.0477207424306911,1637.245,177.9459,1.22e-05,1592222915.0,-0.03965470398750239,0.00566023135821095,-1.4250368814850294,-1.409059033330783,0.005661542052070884,0.005678418169135704,0,2.0,0.0
2753,2023-01-22 14:36:59.999,-0.0479136621330624,1636.375,229.885,1.2195e-05,1293808129.0,-0.03966228736844357,0.00566031859640076,-1.4577580085095647,-1.4250368814850294,0.005661629310461735,0.005678418169135704,0,2.0,0.0
2754,2023-01-22 14:37:59.999,-0.0476822490190116,1635.645,167.732,1.2185e-05,1584761056.0,-0.03966968979961495,0.00566034688977188,-1.4155597484449522,-1.4577580085095647,0.00566165761038452,0.005678418169135704,0,2.0,0.0
2755,2023-01-22 14:38:59.999,-0.0473250978349959,1635.12,182.4779,1.2175e-05,1048274192.0,-0.03967741005761804,0.005659410712417039,-1.3513222782362204,-1.4155597484449522,0.005660721216246683,0.005678418169135704,0,2.0,0.0
2756,2023-01-22 14:39:59.999,-0.0466004964387671,1635.195,212.9141,1.2165e-05,5697218433.0,-0.039685140149488464,0.005657458149478824,-1.222343339811659,-1.3513222782362204,0.005658768201169308,0.005678418169135704,0,2.0,0.0
2757,2023-01-22 14:40:59.999,-0.0452633938676783,1635.715,170.9458,1.215e-05,17358981883.0,-0.03969280601075118,0.005653792077839162,-0.9852834664298726,-1.222343339811659,0.005655101280607176,0.005678418169135704,0,2.0,0.0
2758,2023-01-22 14:41:59.999,-0.0457569163082318,1636.5749999999998,121.957,1.2165e-05,2914793934.0,-0.03970126507424382,0.005649188106318874,-1.0719507157523154,-0.9852834664298726,0.00565049624298255,0.005678418169135704,0,2.0,0.0
2759,2023-01-22 14:42:59.999,-0.044538319649547,1636.345,114.2513,1.2145e-05,14116772305.0,-0.039709254335114456,0.005643818061311059,-0.8556380205691377,-1.0719507157523154,0.005645124954476974,0.005678418169135704,0,2.0,0.0
2760,2023-01-22 14:43:59.999,-0.0429477310153991,1635.605,57.0242,1.2115e-05,16488964896.0,-0.03971610109270037,0.005638769802665798,-0.5731090354443866,-0.8556380205691377,0.00564007552684741,0.005678418169135704,0,2.0,0.0
2761,2023-01-22 14:44:59.999,-0.0433038534435361,1635.58,36.4259,1.212e-05,5699932821.0,-0.0397228446319459,0.00563434477247668,-0.6355679242568081,-0.5731090354443866,0.005635649471989948,0.005678418169135704,0,2.0,0.0
2762,2023-01-22 14:45:59.999,-0.0430914190597313,1635.37,182.8375,1.2115e-05,4908433553.0,-0.039729318772210344,0.005630175933684746,-0.5971572340050456,-0.6355679242568081,0.005631479667853833,0.005678418169135704,0,2.0,0.0
2763,2023-01-22 14:46:59.999,-0.0433024027490276,1635.025,125.565,1.2115e-05,5559398753.0,-0.03973643185596788,0.005624977730152512,-0.6339528908611399,-0.5971572340050456,0.005626280260615774,0.005678418169135704,0,2.0,0.0
2764,2023-01-22 14:47:59.999,-0.043421674093004,1634.83,145.5697,1.2115e-05,5557535988.0,-0.03974356837875615,0.005619867832693941,-0.6544826006138852,-0.6339528908611399,0.005621169179899701,0.005678418169135704,0,2.0,0.0
2765,2023-01-22 14:48:59.999,-0.0430898712571412,1634.815,240.3679,1.211e-05,1878061403.0,-0.03975016803618156,0.005615421620322116,-0.5947377502115441,-0.6544826006138852,0.0056167219379545455,0.005678418169135704,0,2.0,0.0
2766,2023-01-22 14:49:59.999,-0.0433941486740465,1634.875,272.7659,1.2114999999999998e-05,1292530852.0,-0.03975726521417009,0.005610332833435741,-0.6482473621175873,-0.5947377502115441,0.00561163197269907,0.005678418169135704,0,2.0,0.0
2767,2023-01-22 14:50:59.999,-0.0425940752725289,1634.51,1408.0209,1.21e-05,6163681449.0,-0.03976344309719915,0.005606104549639078,-0.5049196193659975,-0.6482473621175873,0.005607402709793028,0.005678418169135704,0,2.0,0.0
2768,2023-01-22 14:51:59.999,-0.0386518065455021,1637.605,1422.2916,1.207e-05,20405750393.0,-0.039767439833172734,0.005602231947300854,0.19914085995817174,-0.5049196193659975,0.0056035292107076955,0.005678418169135704,4,2.0,0.0
2769,2023-01-22 14:52:59.999,-0.0404600069005312,1639.12,1284.0104,1.211e-05,4574747858.0,-0.039772373302719544,0.0055981460740397605,-0.12283237856196935,0.19914085995817174,0.005599442391314076,0.005677954461275602,3,2.0,4.0
2770,2023-01-22 14:53:59.999,-0.0400102521215082,1641.535,3471.3245,1.2125e-05,6912621945.0,-0.03977709995739092,0.00559403331559765,-0.04167872283977868,-0.12283237856196935,0.0055953286805138554,0.005677587007004096,0,2.0,3.0
2771,2023-01-22 14:54:59.999,-0.0397043561495245,1643.715,2125.7215,1.214e-05,4132405921.0,-0.03978162598283931,0.0055900163123842805,0.01382282787683912,-0.04167872283977868,0.005591310747115637,0.005677123900838117,4,2.0,0.0
2772,2023-01-22 14:55:59.999,-0.0394952683928195,1642.94,452.9152,1.213e-05,3154204780.0,-0.039786222385901446,0.005585695540073519,0.05208912497907415,0.01382282787683912,0.005586988974278683,0.00567666842844777,0,2.0,4.0
2773,2023-01-22 14:56:59.999,-0.0407003624075557,1641.52,360.7721,1.2135e-05,2495564165.0,-0.039791224662303545,0.005581672332219673,-0.16287909628880304,0.05208912497907415,0.00558296483480323,0.005676059273072548,3,2.0,0.0
2774,2023-01-22 14:57:59.999,-0.0407060921925221,1643.745,1280.1633,1.2155e-05,7623802575.0,-0.039796572618049655,0.005577010436025335,-0.16308371391907409,-0.16287909628880304,0.005578301859091408,0.0056750463406382515,0,2.0,3.0
2775,2023-01-22 14:58:59.999,-0.0402763950272522,1642.775,730.8179,1.214e-05,3121609905.0,-0.03980184305324145,0.0055720800424717,-0.08516603681095826,-0.16308371391907409,0.005573370323846534,0.005674280412412528,0,2.0,0.0
2776,2023-01-22 14:59:59.999,-0.0417882913867018,1642.525,409.8143,1.216e-05,6689091392.0,-0.03980750806396637,0.005567874903508783,-0.35575212393640016,-0.08516603681095826,0.005569164211133699,0.005673398687149446,0,2.0,0.0
2777,2023-01-22 15:00:59.999,-0.0426361473066201,1642.805,393.8578,1.2175e-05,4029090981.0,-0.039812966906229645,0.005564864560968874,-0.5073223920294153,-0.35575212393640016,0.005566153171513188,0.005672208998599017,0,2.0,0.0
2778,2023-01-22 15:01:59.999,-0.0432778020770676,1642.865,331.9168,1.2185e-05,10720952029.0,-0.03981853323397416,0.005562313724014291,-0.6219118544426332,-0.5073223920294153,0.005563601743881983,0.005670668421628929,0,2.0,0.0
2779,2023-01-22 15:02:59.999,-0.0428390948861014,1644.6999999999998,491.4994,1.2195e-05,12835171217.0,-0.03982280126708593,0.00556109275881968,-0.5423922509171867,-0.6219118544426332,0.005562380495958367,0.005668798350621583,0,2.0,0.0
2780,2023-01-22 15:03:59.999,-0.0429120591822709,1644.58,441.7821,1.2195e-05,7450117397.0,-0.039827060928044854,0.005559933482816531,-0.5548624392289062,-0.5423922509171867,0.005561220951511079,0.005666762104252597,0,2.0,0.0
2781,2023-01-22 15:04:59.999,-0.0431868171214873,1644.685,189.5212,1.22e-05,3290504337.0,-0.03983213009553269,0.0055580025745881455,-0.6035778107215423,-0.5548624392289062,0.0055592895961579375,0.0056651061595724105,0,2.0,0.0
2782,2023-01-22 15:05:59.999,-0.0431595815087604,1646.4,492.7292,1.2215e-05,18881336633.0,-0.03983688976624253,0.005556447738056069,-0.5979884809787336,-0.6035778107215423,0.005557734399584979,0.005663802420142331,0,2.0,0.0
2783,2023-01-22 15:06:59.999,-0.0430310760849401,1647.725,1454.4107,1.2225e-05,8494151739.0,-0.039841834335092495,0.005554535573864844,-0.5741689304959352,-0.5979884809787336,0.005555821792609403,0.005663238269984531,0,2.0,0.0
2784,2023-01-22 15:07:59.999,-0.0421076821240085,1648.69,1503.2985,1.222e-05,32729762853.0,-0.03984630821726031,0.005552466655008085,-0.4072737482733959,-0.5741689304959352,0.005553752394669887,0.005662939700628226,0,2.0,0.0
2785,2023-01-22 15:08:59.999,-0.0410239713340132,1647.13,465.6817,1.219e-05,34001722446.0,-0.039850346037243876,0.00555014985522421,-0.21145830786255607,-0.4072737482733959,0.00555143505840348,0.005662868433386174,0,2.0,0.0
2786,2023-01-22 15:09:59.999,-0.0402194279121204,1646.78,316.6272,1.2175e-05,7434319543.0,-0.039854492139388076,0.005547078147595303,-0.06578882846468073,-0.21145830786255607,0.005548362639484155,0.005662856241266195,0,2.0,0.0
2787,2023-01-22 15:10:59.999,-0.0406557500375832,1646.62,220.9281,1.218e-05,6563126666.0,-0.0398590425092116,0.005543701167959804,-0.14371401059209724,-0.06578882846468073,0.005544984877868876,0.005662446905162969,0,2.0,0.0
2788,2023-01-22 15:11:59.999,-0.0412577385545382,1646.745,185.1621,1.219e-05,2167946632.0,-0.039864068540992184,0.0055400445314095935,-0.25156296229110214,-0.14371401059209724,0.005541327394581003,0.005662298139565787,0,2.0,0.0
2789,2023-01-22 15:12:59.999,-0.0412516659873603,1646.755,226.6952,1.219e-05,3642260090.0,-0.03986946219823366,0.005535719921154376,-0.2496881722365758,-0.25156296229110214,0.0055370017829108695,0.005662184391167854,0,2.0,0.0
2790,2023-01-22 15:13:59.999,-0.0416100105607561,1646.165,278.7404,1.219e-05,3810690561.0,-0.03987510644169389,0.005531274643285329,-0.31365358456179493,-0.2496881722365758,0.005532555475684885,0.00566197289954938,0,2.0,0.0
2791,2023-01-22 15:14:59.999,-0.0407902587478297,1647.515,352.9234,1.219e-05,4583258351.0,-0.03988088498152834,0.005525705076022795,-0.16457153499692176,-0.31365358456179493,0.0055269846187228425,0.005661832057899536,0,2.0,0.0
2792,2023-01-22 15:15:59.999,-0.0411555097130076,1649.145,305.3202,1.221e-05,2264867992.0,-0.03988669708415284,0.0055204377857556745,-0.2298391319849048,-0.16457153499692176,0.005521716108752042,0.005661694349182838,0,2.0,0.0
2793,2023-01-22 15:16:59.999,-0.0412026782515511,1649.625,540.2941,1.2215e-05,1528673015.0,-0.03989303538009147,0.0055140819270758775,-0.2375087800253507,-0.2298391319849048,0.00551535877829761,0.005661636385442431,0,2.0,0.0
2794,2023-01-22 15:17:59.999,-0.040882678266584,1649.595,576.7531,1.221e-05,4015155778.0,-0.03989890899834211,0.00550837288886907,-0.17859525636505488,-0.2375087800253507,0.005509648418095136,0.005661563866668597,0,2.0,0.0
2795,2023-01-22 15:18:59.999,-0.0408965949187347,1650.13,979.1654,1.2215e-05,1237213897.0,-0.03990532111490219,0.005501464932965378,-0.18018360853173626,-0.17859525636505488,0.005502738862572133,0.005661456355079535,0,2.0,0.0
2796,2023-01-22 15:19:59.999,-0.0400270746171926,1649.89,1197.3978,1.22e-05,5489478935.0,-0.03991102706107168,0.005495193208053547,-0.02111801200198863,-0.18018360853173626,0.0054964656853678405,0.005661105370658845,0,2.0,0.0
2797,2023-01-22 15:20:59.999,-0.0385327083024371,1649.56,1143.6251,1.2175e-05,7536112067.0,-0.03991616767972838,0.005488703951904443,0.252055747479558,-0.02111801200198863,0.0054899749265543306,0.005660945171559212,4,2.0,0.0
2798,2023-01-22 15:21:59.999,-0.0381814645952509,1648.46,679.8177,1.216e-05,13088584794.0,-0.03992124618295467,0.0054820175947174875,0.3173615475769791,0.252055747479558,0.00548328702106188,0.005660843304717425,0,2.0,4.0
2799,2023-01-22 15:22:59.999,-0.0390732933367097,1639.715,4357.8304,1.2095e-05,28225709395.0,-0.039926689152236634,0.005475332368426853,0.15586191999009757,0.3173615475769791,0.005476600246727625,0.005660744714077017,0,2.0,0.0
2800,2023-01-22 15:23:59.999,-0.0403257564082011,1628.71,8955.8308,1.2015e-05,68656843941.0,-0.039932445375349825,0.005469209813600209,-0.07191368520425682,0.15586191999009757,0.005470476274150626,0.005659256454938652,3,2.0,0.0
2801,2023-01-22 15:24:59.999,-0.0433838767622134,1627.085,3893.2614,1.2045e-05,32883599150.0,-0.03993946337201223,0.005463905753411124,-0.6303939975631567,-0.07191368520425682,0.005465170985743349,0.005656018010747709,0,2.0,3.0
2802,2023-01-22 15:25:59.999,-0.042788329753197,1630.845,1693.7995,1.207e-05,16301340121.0,-0.039946324949849066,0.005458169925612762,-0.5206882237234257,-0.6303939975631567,0.005459433829745874,0.005651647502388706,0,2.0,0.0
2803,2023-01-22 15:26:59.999,-0.0425728806010177,1630.08,853.7183,1.206e-05,7353206489.0,-0.03995302362909967,0.005452507569572428,-0.48048662720581453,-0.5206882237234257,0.005453770162519683,0.005646467776603368,0,2.0,0.0
2804,2023-01-22 15:27:59.999,-0.0424072582747498,1630.35,724.6562,1.206e-05,8375310248.0,-0.03995975982503188,0.005446544312296203,-0.44936721513353184,-0.48048662720581453,0.005447805524380346,0.005641337883754801,0,2.0,0.0
2805,2023-01-22 15:28:59.999,-0.0415687196073584,1630.6,777.1039,1.205e-05,4657223182.0,-0.03996605446701955,0.0054405400776528345,-0.29457831712734517,-0.44936721513353184,0.005441799899385065,0.0056367559857043135,0,2.0,0.0
2806,2023-01-22 15:29:59.999,-0.04064579142576,1632.665,440.6747,1.2055e-05,7579440928.0,-0.03997194148032459,0.00543438919854377,-0.12399736581545841,-0.29457831712734517,0.005435647595966822,0.005632522118887862,0,2.0,0.0
2807,2023-01-22 15:30:59.999,-0.0404957412811697,1632.91,358.2569,1.2055e-05,3097815185.0,-0.03997719597925927,0.005429403823894789,-0.09550685834571987,-0.12399736581545841,0.005430661066895075,0.005627580112425289,0,2.0,0.0
2808,2023-01-22 15:31:59.999,-0.0408875198147171,1635.625,1235.0876,1.2085e-05,6096124753.0,-0.039982724480612054,0.005424245737882729,-0.1668057418169668,-0.09550685834571987,0.00542550178646688,0.0056224469500787185,0,2.0,0.0
2809,2023-01-22 15:32:59.999,-0.041686915574715,1635.435,1220.0995,1.2095e-05,9200348900.0,-0.039988721638916716,0.005418963010196425,-0.31337987223808916,-0.1668057418169668,0.0054202178355021785,0.0056178337484408345,0,2.0,0.0
2810,2023-01-22 15:33:59.999,-0.0417684805681481,1635.86,799.6248,1.21e-05,2354539502.0,-0.03999495807743798,0.005413253244553932,-0.3276259968983344,-0.31337987223808916,0.0054145067476955725,0.005612904464012939,0,2.0,0.0
2811,2023-01-22 15:34:59.999,-0.0418724068417226,1635.69,481.106,1.21e-05,6561180855.0,-0.040001028837266785,0.005408000000632824,-0.34603883214438536,-0.3276259968983344,0.005409252287323384,0.005608460025519539,0,2.0,0.0
2812,2023-01-22 15:35:59.999,-0.0420852887826797,1635.9,307.3168,1.2105e-05,3051116912.0,-0.040006979937419106,0.005403215541664006,-0.3846429647743691,-0.34603883214438536,0.005404466720456213,0.005604497585479029,0,2.0,0.0
2813,2023-01-22 15:36:59.999,-0.042941453218539,1634.5,536.1022,1.2105e-05,2109877376.0,-0.04001297037086944,0.0053992913984594005,-0.5423828112898574,-0.3846429647743691,0.0054005416685696,0.005600464096162481,0,2.0,0.0
2814,2023-01-22 15:37:59.999,-0.0427031601737546,1632.1,521.0149,1.208e-05,3115785784.0,-0.04001896990180944,0.005395075858834599,-0.49752595555254603,-0.5423828112898574,0.005396325152786483,0.005596357108213911,0,2.0,0.0
2815,2023-01-22 15:38:59.999,-0.0427184779799389,1632.075,347.2802,1.208e-05,7094448555.0,-0.040025293040216896,0.00539023014124535,-0.49964192050244705,-0.49752595555254603,0.00539147831311372,0.005592315230465192,0,2.0,0.0
2816,2023-01-22 15:39:59.999,-0.0434433419748572,1632.565,263.6455,1.2095e-05,4306034479.0,-0.040031643837303336,0.005386170889077838,-0.6334181012474291,-0.49964192050244705,0.005387418120978113,0.005588069417487922,0,2.0,0.0
2817,2023-01-22 15:40:59.999,-0.0437128928373695,1632.125,349.6182,1.2095e-05,2233368069.0,-0.04003802088674675,0.0053823700163236335,-0.6827609286387988,-0.6334181012474291,0.005383616368086637,0.005583970869672094,0,2.0,0.0
2818,2023-01-22 15:41:59.999,-0.0433208460721488,1633.88,182.9576,1.2105e-05,2045805327.0,-0.04004398759942744,0.005378861139146638,-0.6092104607186852,-0.6827609286387988,0.0053801066783874165,0.005579467603019364,0,2.0,0.0
2819,2023-01-22 15:42:59.999,-0.0425346837120805,1635.165,771.0747,1.2105e-05,3957328570.0,-0.04004953703377311,0.00537524329017224,-0.4623319437189155,-0.6092104607186852,0.0053764879916570795,0.005574603207657753,0,2.0,0.0
2820,2023-01-22 15:43:59.999,-0.0422564630384911,1635.62,459.6433,1.2105e-05,2379484384.0,-0.0400550278113436,0.005371435999872535,-0.4098410978367306,-0.4623319437189155,0.005372679819734045,0.005570215739311908,0,2.0,0.0
2821,2023-01-22 15:44:59.999,-0.0427565557587072,1635.36,130.7029,1.211e-05,2018547828.0,-0.04006064771034855,0.005367908148793574,-0.5022269334032017,-0.4098410978367306,0.005369151151739227,0.005566905931418316,0,2.0,0.0
2822,2023-01-22 15:45:59.999,-0.0427487523004721,1634.815,416.7114,1.2105e-05,2788448366.0,-0.04006639024788462,0.0053641446892755745,-0.5000540082280533,-0.5022269334032017,0.005365386820747436,0.005564239600789785,0,2.0,0.0
2823,2023-01-22 15:46:59.999,-0.042525957727566,1636.295,905.0232,1.2115e-05,2888861992.0,-0.04007223603150133,0.005359939942843522,-0.4577890279052138,-0.5000540082280533,0.005361181100656361,0.0055626858079392705,0,2.0,0.0
2824,2023-01-22 15:47:59.999,-0.0425190198370941,1639.095,1027.1793,1.214e-05,5207246015.0,-0.04007767998746357,0.0053564495463623955,-0.4557757575236502,-0.4577890279052138,0.0053576898959324356,0.0055615108376229,0,2.0,0.0
2825,2023-01-22 15:48:59.999,-0.0419914287963436,1639.96,469.8639,1.214e-05,4052615396.0,-0.040082672052608424,0.005353205133033344,-0.3565633478075958,-0.4557757575236502,0.005354444731320908,0.005559772434996222,0,2.0,0.0
2826,2023-01-22 15:49:59.999,-0.0424795007880121,1640.275,187.0909,1.215e-05,5898604118.0,-0.04008782284886497,0.005350155465227455,-0.44702961524977997,-0.3565633478075958,0.005351394357328185,0.005558123198728219,0,2.0,0.0
2827,2023-01-22 15:50:59.999,-0.0428453600277549,1639.6750000000002,234.8717,1.215e-05,9274306725.0,-0.0400929790280395,0.005347443077838264,-0.514709733166167,-0.44702961524977997,0.005348681341853448,0.005556299944353298,0,2.0,0.0
2828,2023-01-22 15:51:59.999,-0.0427981481241204,1639.1950000000002,234.2261,1.2145e-05,6817586695.0,-0.040098333345940276,0.005344358056589921,-0.5051710139164589,-0.514709733166167,0.00534559560623176,0.005554269744154766,0,2.0,0.0
2829,2023-01-22 15:52:59.999,-0.0428408529241437,1639.125,174.2692,1.2145e-05,4355572299.0,-0.04010357705619056,0.005341489030472673,-0.5124555816434792,-0.5051710139164589,0.005342725915757408,0.005552014392470082,0,2.0,0.0
2830,2023-01-22 15:53:59.999,-0.042343107235844,1637.71,405.1271,1.2125e-05,7989953705.0,-0.04010878657679735,0.005338182388613004,-0.4185545746456187,-0.5124555816434792,0.0053394185082055075,0.005549130744213987,0,2.0,0.0
2831,2023-01-22 15:54:59.999,-0.0424516592411308,1638.09,152.8605,1.213e-05,4038911835.0,-0.04011430461396175,0.0053344397659427795,-0.4381630929815091,-0.4185545746456187,0.00533567501888651,0.005545829318272696,0,2.0,0.0
2832,2023-01-22 15:55:59.999,-0.0419211153041771,1637.285,220.6475,1.2115e-05,1760612392.0,-0.040119467521208825,0.005330788087383612,-0.33797025007094933,-0.4381630929815091,0.0053320224947377625,0.005542241765402971,0,2.0,0.0
2833,2023-01-22 15:56:59.999,-0.0413659515795323,1635.96,340.111,1.2095e-05,4986524058.0,-0.04012418124171016,0.005327385585882351,-0.23309188302661082,-0.33797025007094933,0.005328619205346829,0.005538083185828403,0,2.0,0.0
2834,2023-01-22 15:57:59.999,-0.0415034949632229,1635.735,528.5959,1.2095e-05,3252879826.0,-0.04012906241453407,0.005323815817639579,-0.2581668103796676,-0.23309188302661082,0.005325048610481784,0.005533667052491382,0,2.0,0.0
2835,2023-01-22 15:58:59.999,-0.0419080320441658,1636.19,200.2835,1.2105e-05,786958020.0,-0.040134052261035,0.005320428800880847,-0.3334279716020444,-0.2581668103796676,0.005321660809419057,0.005528377332963353,0,2.0,0.0
2836,2023-01-22 15:59:59.999,-0.0418204423548509,1635.775,138.0766,1.21e-05,1517773501.0,-0.04013880092309142,0.005317353544714562,-0.3162553359708474,-0.3334279716020444,0.005318584841140647,0.005523033236244743,0,2.0,0.0
2837,2023-01-22 16:00:59.999,-0.0418774737128941,1636.24,146.2076,1.2105e-05,3336702599.0,-0.040143510196528974,0.005314386083055547,-0.3262772951129237,-0.3162553359708474,0.005315616692330607,0.005516948110911218,0,2.0,0.0
2838,2023-01-22 16:01:59.999,-0.0419008413683883,1636.76,155.4604,1.211e-05,1869267935.0,-0.0401481631399105,0.005311522151833849,-0.3299766391584515,-0.3262772951129237,0.0053127520979315895,0.005511076008145754,0,2.0,0.0
2839,2023-01-22 16:02:59.999,-0.0417776500990214,1635.845,310.7535,1.21e-05,3247490569.0,-0.04015249967132937,0.005309026418888243,-0.30611081947344204,-0.3299766391584515,0.00531025578706935,0.005504466251452883,0,2.0,0.0
2840,2023-01-22 16:03:59.999,-0.0414754354890831,1634.105,646.7624,1.208e-05,3756053009.0,-0.040156795352296146,0.005306340610446334,-0.24850273165484518,-0.30611081947344204,0.005307569356696566,0.005498033979668913,0,2.0,0.0
2841,2023-01-22 16:04:59.999,-0.0411592324165468,1632.945,224.1177,1.2065e-05,3376623299.0,-0.040160733928754924,0.005303925410596006,-0.18825651013061187,-0.24850273165484518,0.005305153597578003,0.005491597616257708,0,2.0,0.0
2842,2023-01-22 16:05:59.999,-0.0409464430052608,1631.615,798.2173,1.205e-05,8338743594.0,-0.0401647347718242,0.005301256566331699,-0.14745715919527974,-0.18825651013061187,0.005302484135311079,0.005484958997434993,0,2.0,0.0
2843,2023-01-22 16:06:59.999,-0.0424898707569738,1631.89,958.3529,1.2075e-05,6379446637.0,-0.040169170198375376,0.005299191801592127,-0.4379348107198495,-0.14745715919527974,0.005300418892450685,0.005478271940311189,0,2.0,0.0
2844,2023-01-22 16:07:59.999,-0.042645566857594,1633.31,146.4653,1.209e-05,4813080608.0,-0.04017351837892428,0.005297368409590904,-0.4666559482995495,-0.4379348107198495,0.0052985950782213674,0.0054720072672948756,0,2.0,0.0
2845,2023-01-22 16:08:59.999,-0.0424913064296816,1634.12,186.298,1.2095e-05,1110002001.0,-0.04017786103612829,0.005295421531433954,-0.4368765318909091,-0.4666559482995495,0.0052966477492416356,0.0054664973078451685,0,2.0,0.0
2846,2023-01-22 16:09:59.999,-0.0423823324397041,1633.74,256.3423,1.209e-05,4287461956.0,-0.040182277993813055,0.005293279063781211,-0.41563167544759205,-0.4368765318909091,0.005294504785475038,0.005460868118745243,0,2.0,0.0
2847,2023-01-22 16:10:59.999,-0.0414708630201552,1632.995,116.5729,1.207e-05,2129190723.0,-0.04018620990256457,0.005291080001923339,-0.24279601085669641,-0.41563167544759205,0.00529230521439825,0.00545518607932623,0,2.0,0.0
2848,2023-01-22 16:11:59.999,-0.0415251976221142,1633.465,149.1586,1.2075e-05,1093442234.0,-0.04019045064205762,0.005288480030855759,-0.2523876373303804,-0.24279601085669641,0.00528970464127646,0.00544929668391518,0,2.0,0.0
2849,2023-01-22 16:12:59.999,-0.0416239676766743,1632.745,93.3791,1.207e-05,1132975810.0,-0.04019466602123737,0.0052859915770215584,-0.2703942362772892,-0.2523876373303804,0.0052872156112111915,0.005443301305633886,0,2.0,0.0
2850,2023-01-22 16:13:59.999,-0.0410623751390737,1631.985,216.5584,1.2055e-05,2746980876.0,-0.04019848730395799,0.005283633514763817,-0.16350260340763434,-0.2703942362772892,0.005284857002916102,0.005437185671821383,0,2.0,0.0
2851,2023-01-22 16:14:59.999,-0.0403068230973957,1630.98,612.0615,1.2035e-05,5138937974.0,-0.040201650145975605,0.005281652270110885,-0.019912888248110293,-0.16350260340763434,0.005282875299482417,0.005431907699163012,0,2.0,0.0
2852,2023-01-22 16:15:59.999,-0.0406086497960274,1633.285,405.7992,1.206e-05,1973234530.0,-0.040204783780853806,0.005279884579930687,-0.07649144769352062,-0.019912888248110293,0.005281107199972544,0.0054267916065739285,0,2.0,0.0
2853,2023-01-22 16:16:59.999,-0.0411334692073062,1634.105,104.779,1.2075e-05,5433049796.0,-0.04020819682468536,0.005278100724820477,-0.17530404038515326,-0.07649144769352062,0.005279322931789477,0.005421538823243354,0,2.0,0.0
2854,2023-01-22 16:17:59.999,-0.0411885467442516,1634.015,112.0113,1.2075e-05,1898495983.0,-0.04021174746325052,0.0052761790338145,-0.18513383923116877,-0.17530404038515326,0.0052774007957931005,0.0054159345196472235,0,2.0,0.0
2855,2023-01-22 16:18:59.999,-0.0413867058375672,1634.25,64.9254,1.208e-05,1269516760.0,-0.040215270003368005,0.005274422106791928,-0.2220974754164488,-0.18513383923116877,0.005275643461933192,0.005410565902416431,0,2.0,0.0
2856,2023-01-22 16:19:59.999,-0.0419468190449698,1635.0100000000002,594.4505,1.2095e-05,5330320088.0,-0.04021906586408701,0.005272716292715274,-0.32767800977075856,-0.2220974754164488,0.00527393725285501,0.005405663112173006,0,2.0,0.0
2857,2023-01-22 16:20:59.999,-0.0429569019758595,1635.59,174.8478,1.2115e-05,18794241831.0,-0.04022304784037187,0.005271534500729362,-0.5186068942751648,-0.32767800977075856,0.005272755187211114,0.005401522931541253,0,2.0,0.0
2858,2023-01-22 16:21:59.999,-0.0439300818749153,1635.67,194.0838,1.213e-05,5085927134.0,-0.04022774226570427,0.005270318535405167,-0.7024887745094158,-0.5186068942751648,0.005271538940315693,0.0053973792817322615,0,2.0,0.0
2859,2023-01-22 16:22:59.999,-0.0439770832517893,1636.15,195.4689,1.2135e-05,8506545287.0,-0.04023225957850454,0.005269348512132945,-0.7106805831237215,-0.7024887745094158,0.00527056869242305,0.00539269002303191,0,2.0,0.0
2860,2023-01-22 16:23:59.999,-0.0447072169279607,1636.625,211.6712,1.215e-05,9609949648.0,-0.04023706667823805,0.005268692440987841,-0.8484363624923476,-0.7106805831237215,0.005269912469356873,0.005388433169012014,0,2.0,0.0
2861,2023-01-22 16:24:59.999,-0.0455500461567126,1638.025,257.5254,1.2175e-05,7989931658.0,-0.040242452251376785,0.005268175055245007,-1.0074824487943999,-0.8484363624923476,0.005269394963807219,0.005384566806309506,0,2.0,0.0
2862,2023-01-22 16:25:59.999,-0.0461698868805484,1637.01,185.0215,1.2175e-05,12344435051.0,-0.04024826907239387,0.005267780154048464,-1.1241201483329875,-1.0074824487943999,0.00526899997116661,0.0053809841008122215,0,2.0,0.0
2863,2023-01-22 16:26:59.999,-0.0453781480945743,1637.1950000000002,594.1787,1.2165e-05,14730440209.0,-0.04025376276649586,0.005266939460940668,-0.9729341614956086,-1.1241201483329875,0.005268159083386329,0.0053773926633396635,0,2.0,0.0
2864,2023-01-22 16:27:59.999,-0.0460688570792413,1636.62,179.9973,1.217e-05,8572536326.0,-0.040259380817089165,0.005266667231475348,-1.1030649947717943,-0.9729341614956086,0.005267886790883041,0.005373631862714804,0,2.0,0.0
2865,2023-01-22 16:28:59.999,-0.0480219698120905,1637.86,199.6397,1.221e-05,25811172980.0,-0.0402659100897663,0.0052675445312305395,-1.47242413924355,-1.1030649947717943,0.00526876429378742,0.005370033318737932,0,2.0,0.0
2866,2023-01-22 16:29:59.999,-0.0490147439038928,1637.895,133.3438,1.2225e-05,21372506560.0,-0.040272912290871835,0.005269116811515096,-1.659069617495786,-1.47242413924355,0.005270336938152168,0.005366327903495383,0,2.0,0.0
2867,2023-01-22 16:30:59.999,-0.0498231336284149,1638.23,113.1767,1.224e-05,13107984591.0,-0.04028032514811202,0.005271283800023712,-1.8103385896733455,-1.659069617495786,0.005272504428452734,0.00536223253067913,0,2.0,0.0
2868,2023-01-22 16:31:59.999,-0.0493983066676264,1637.82,162.3111,1.223e-05,21249116068.0,-0.04028794132020386,0.005272567685676747,-1.72788020762093,-1.8103385896733455,0.005273788611404755,0.005358562697113417,0,2.0,0.0
2869,2023-01-22 16:32:59.999,-0.0483326814154523,1637.905,90.8213,1.2215e-05,11947539610.0,-0.040294935886123366,0.00527321384628996,-1.5242593537115885,-1.72788020762093,0.005274434921644139,0.00535525602247379,0,2.0,0.0
2870,2023-01-22 16:33:59.999,-0.0476862221446694,1638.41,47.5647,1.221e-05,3246135077.0,-0.0403016871675164,0.005273337427731326,-1.4003532067413988,-1.5242593537115885,0.005274558531702258,0.005352156950826366,0,2.0,0.0
2871,2023-01-22 16:34:59.999,-0.0475008850317557,1637.605,147.8275,1.22e-05,10658528742.0,-0.040308496309783344,0.005273133304161367,-1.3639686894121155,-1.4003532067413988,0.005274354360865059,0.005349359595722133,0,2.0,0.0
2872,2023-01-22 16:35:59.999,-0.0472993915368711,1637.935,62.1969,1.22e-05,4924142376.0,-0.04031535309760716,0.005272589917076276,-1.3245935202820946,-1.3639686894121155,0.005273810847952229,0.005346367040137182,0,2.0,0.0
2873,2023-01-22 16:36:59.999,-0.0463839105568837,1637.77,48.537,1.2185e-05,9937379636.0,-0.04032187803913044,0.005271374974542395,-1.1499907608601683,-1.3245935202820946,0.0052725956240839604,0.005343443338375995,0,2.0,0.0
2874,2023-01-22 16:37:59.999,-0.0462126486820508,1636.94,73.4011,1.2175e-05,4357048558.0,-0.04032876246126233,0.005269353096108212,-1.1166240169280235,-1.1499907608601683,0.00527057327745979,0.005340245360093482,0,2.0,0.0
2875,2023-01-22 16:38:59.999,-0.0458214264616501,1637.025,460.1673,1.217e-05,6709990434.0,-0.040335376384240854,0.005267277041327968,-1.0415343704849291,-1.1166240169280235,0.005268496741944382,0.005336610891216259,0,2.0,0.0
2876,2023-01-22 16:39:59.999,-0.0454702412078198,1637.6,114.9925,1.217e-05,1831714692.0,-0.04034160293722625,0.005265393675485208,-0.9740275061429171,-1.0415343704849291,0.005266612939985872,0.00533293562577495,0,2.0,0.0
2877,2023-01-22 16:40:59.999,-0.0451338576197741,1637.5949999999998,75.9189,1.2165e-05,2381189473.0,-0.040347834417082354,0.005263096209129407,-0.9093550663941643,-0.9740275061429171,0.005264314941624423,0.005329470027694562,0,2.0,0.0
2878,2023-01-22 16:41:59.999,-0.0451918712041283,1637.5,198.5494,1.2165e-05,7736590446.0,-0.04035391846565626,0.005261096235908469,-0.9195712303172949,-0.9093550663941643,0.005262314505285909,0.005325941259198045,0,2.0,0.0
2879,2023-01-22 16:42:59.999,-0.0444584792461419,1638.145,317.7542,1.216e-05,12484057257.0,-0.04035968434572884,0.005258766315670855,-0.7794213802957664,-0.9195712303172949,0.005259984045527567,0.0053225077596847385,0,2.0,0.0
2880,2023-01-22 16:43:59.999,-0.0448292644594339,1638.65,115.5756,1.217e-05,1833803044.0,-0.040365722256877686,0.005256407023834104,-0.849162209531567,-0.7794213802957664,0.0052576242073687435,0.00531935383321025,0,2.0,0.0
2881,2023-01-22 16:44:59.999,-0.0458589441182617,1638.63,61.0069,1.2185e-05,5410905089.0,-0.0403723205094445,0.00525435274891103,-1.044205418061113,-0.849162209531567,0.005255569456753891,0.005316358729533117,0,2.0,0.0
2882,2023-01-22 16:45:59.999,-0.0461367992078081,1638.73,111.3924,1.219e-05,3342019996.0,-0.0403786339117457,0.005253082366771627,-1.0961498210052218,-1.044205418061113,0.005254298780442402,0.005313468246531344,0,2.0,0.0
2883,2023-01-22 16:46:59.999,-0.0475057471126554,1639.26,97.7477,1.2215e-05,17711134845.0,-0.04038610181534602,0.005251743088664164,-1.3556728075059619,-1.0961498210052218,0.005252959192209171,0.00531087986478491,0,2.0,0.0
2884,2023-01-22 16:47:59.999,-0.0472674812815014,1640.205,544.3852,1.222e-05,8993096863.0,-0.040393915379182625,0.005249419850669927,-1.3093953423141749,-1.3556728075059619,0.005250635416241557,0.005308240964289762,0,2.0,0.0
2885,2023-01-22 16:48:59.999,-0.0477181878323129,1640.02,148.744,1.2225e-05,18790155498.0,-0.04040189000132451,0.005247456283974579,-1.394256080480733,-1.3093953423141749,0.0052486713948589996,0.005305757537357644,0,2.0,0.0
2886,2023-01-22 16:49:59.999,-0.0488398152317941,1640.395,167.7448,1.2245e-05,13827094925.0,-0.040410518279254244,0.005246001012604865,-1.6068042938394986,-1.394256080480733,0.005247215786503899,0.00530315150087781,0,2.0,0.0
2887,2023-01-22 16:50:59.999,-0.049124452703424,1639.375,159.567,1.224e-05,8310900949.0,-0.040418995758313286,0.005245280261646783,-1.6596743187898961,-1.6068042938394986,0.005246494868647363,0.005300935203165783,0,2.0,0.0
2888,2023-01-22 16:51:59.999,-0.0486902988255515,1638.98,47.3533,1.223e-05,3647799489.0,-0.04042721501168417,0.005244324942852382,-1.5756239180276748,-1.6596743187898961,0.005245539328637539,0.005299051031778697,0,2.0,0.0
2889,2023-01-22 16:52:59.999,-0.0492391890433623,1639.74,128.23,1.2245e-05,11142920501.0,-0.040435639060333074,0.005243858751999244,-1.6788304947521397,-1.5756239180276748,0.005245073029832366,0.005297134581486568,0,2.0,0.0
2890,2023-01-22 16:53:59.999,-0.0510134851688377,1640.145,159.6518,1.2275e-05,33246395773.0,-0.04044525405872587,0.005244204993147024,-2.0152208244952448,-1.6788304947521397,0.0052454193511564,0.005295040526416687,2,2.0,0.0
2891,2023-01-22 16:54:59.999,-0.0518233319594543,1639.92,96.4476,1.2285e-05,21448423844.0,-0.040455246787669506,0.005245311835122781,-2.16728490681216,-2.0152208244952448,0.005246526449434574,0.005292855107167447,0,2.0,2.0
2892,2023-01-22 16:55:59.999,-0.0541704032870562,1639.375,152.2646,1.2315e-05,37400700410.0,-0.040466132781731556,0.0052493631475755325,-2.61065392506786,-2.16728490681216,0.005250578700016886,0.005290354784556908,0,2.0,0.0
2893,2023-01-22 16:56:59.999,-0.0559814142220105,1638.0549999999998,281.9139,1.233e-05,14201140590.0,-0.04047765957828727,0.005256079410504667,-2.9496804429434262,-2.61065392506786,0.005257296518176545,0.005287837868727508,0,2.0,0.0
2894,2023-01-22 16:57:59.999,-0.0598592959321671,1637.725,311.6023,1.2385e-05,78925461182.0,-0.04049097724048316,0.005268712528501439,-3.676100866560811,-2.9496804429434262,0.005269932561521971,0.005285446654989874,0,2.0,0.0
2895,2023-01-22 16:58:59.999,-0.064514812919981,1637.725,86.7837,1.2455e-05,63245609965.0,-0.04050632676360912,0.00529033949428403,-4.538174947432381,-3.676100866560811,0.005291564535285591,0.005285446654989874,0,2.5,0.0
2896,2023-01-22 16:59:59.999,-0.060556079300845,1637.13,185.6156,1.239e-05,30553843067.0,-0.0405197805687038,0.00530434080382094,-3.7773400075855257,-4.538174947432381,0.005305569086992173,0.005285446654989874,0,2.5,0.0
2897,2023-01-22 17:00:59.999,-0.059722650517628,1638.495,369.7539,1.239e-05,11760872044.0,-0.04053250703415138,0.005317405270311121,-3.6089300152880406,-3.7773400075855257,0.00531863657871488,0.005285446654989874,0,2.5,0.0
2898,2023-01-22 17:01:59.999,-0.0594449952081284,1638.95,159.1762,1.239e-05,19200271306.0,-0.040545060070936834,0.005330017775507404,-3.5459422338216005,-3.6089300152880406,0.005331252004486678,0.005285446654989874,0,2.5,0.0
2899,2023-01-22 17:02:59.999,-0.0576452293910279,1636.975,208.4302,1.2345e-05,16468996615.0,-0.04055704441858983,0.005339343171142661,-3.2004282970223588,-3.5459422338216005,0.0053405795595281545,0.005285446654989874,0,2.5,0.0
2900,2023-01-22 17:03:59.999,-0.0565482027540227,1636.03,398.9457,1.232e-05,19333272477.0,-0.040568125877364726,0.005347675024763654,-2.988228866312651,-3.2004282970223588,0.005348913342488903,0.005285446654989874,0,2.5,0.0
2901,2023-01-22 17:04:59.999,-0.0597883466232858,1637.295,272.191,1.238e-05,24991132984.0,-0.04058044313739931,0.005361273467806379,-3.5827128761901417,-2.988228866312651,0.005362514934412774,0.005285446654989874,0,2.5,0.0
2902,2023-01-22 17:05:59.999,-0.0620156691683,1639.645,110.7418,1.2435e-05,23115009427.0,-0.040593909884687814,0.005378538304884733,-3.982821738790475,-3.5827128761901417,0.005379783769369398,0.005285446654989874,0,2.5,0.0
2903,2023-01-22 17:06:59.999,-0.0614577771928068,1640.56,192.3911,1.2435e-05,22424455575.0,-0.04060741934832833,0.00539425611109984,-3.8652888211174075,-3.982821738790475,0.005395505215229387,0.005285446654989874,0,2.5,0.0
2904,2023-01-22 17:07:59.999,-0.0612170107834444,1642.045,659.7748,1.2445e-05,36537611034.0,-0.04062083310682281,0.005409443295476357,-3.8074486692272256,-3.8652888211174075,0.005410695916378991,0.005285446654989874,0,2.5,0.0
2905,2023-01-22 17:08:59.999,-0.0621736034519244,1644.285,856.2761,1.248e-05,21298403060.0,-0.040634692538418685,0.005426269609256605,-3.969377208379539,-3.8074486692272256,0.0054275261264922275,0.005285446654989874,0,2.5,0.0
2906,2023-01-22 17:09:59.999,-0.0619372710993246,1643.585,560.999,1.247e-05,13251355698.0,-0.04064893001795695,0.005441777709561746,-3.912019604174921,-3.969377208379539,0.005443037817882353,0.005285446654989874,0,2.5,0.0
2907,2023-01-22 17:10:59.999,-0.0623571732500387,1642.895,161.921,1.247e-05,9394398775.0,-0.04066338565555342,0.005457928478726208,-3.974729181417976,-3.912019604174921,0.005459192326949416,0.005285446654989874,0,2.5,0.0
2908,2023-01-22 17:11:59.999,-0.0619014752722328,1642.5549999999998,160.378,1.246e-05,17625157423.0,-0.04067786471024617,0.005472746990731991,-3.8780544026479715,-3.974729181417976,0.005474014270357818,0.005285446654989874,0,2.5,0.0
2909,2023-01-22 17:12:59.999,-0.0609947516862696,1642.41,148.1476,1.2445e-05,12877600756.0,-0.040691658710083435,0.005486372102706289,-3.700640896407875,-3.8780544026479715,0.00548764253738877,0.005286533886008474,0,2.5,0.0
2910,2023-01-22 17:13:59.999,-0.0598153938889893,1642.165,145.6197,1.2425e-05,7399207757.0,-0.04070484633487559,0.005498076497948306,-3.4758606143885253,-3.700640896407875,0.005499349642922646,0.005295065673212237,0,2.5,0.0
2911,2023-01-22 17:14:59.999,-0.0580920166534859,1642.81,297.0391,1.2405e-05,15093321967.0,-0.04071727249985322,0.005507020771450841,-3.155017000063948,-3.4758606143885253,0.00550829598757804,0.005308835959922849,0,2.5,0.0
2912,2023-01-22 17:15:59.999,-0.0563088430630713,1643.55,109.0487,1.2385e-05,11662317247.0,-0.04072860237463117,0.005513907851996495,-2.825625873090858,-3.155017000063948,0.005515184662909068,0.00532179043515783,0,2.5,0.0
2913,2023-01-22 17:16:59.999,-0.0555177428678916,1643.205,80.3527,1.237e-05,12391402603.0,-0.040739505849093804,0.0055198526895531026,-2.677288299154641,-2.825625873090858,0.005521130877063483,0.005333583893247047,0,2.5,0.0
2914,2023-01-22 17:17:59.999,-0.0558089568104804,1643.275,72.8099,1.2375e-05,1941479375.0,-0.040750375932603534,0.005526395308964497,-2.724846855137196,-2.677288299154641,0.005527675011496182,0.005342663005268341,0,2.5,0.0
2915,2023-01-22 17:18:59.999,-0.0561080783312846,1643.88,471.3115,1.2385e-05,9679300931.0,-0.04076146031606947,0.005533172533885281,-2.7735657836859557,-2.724846855137196,0.005534453805763963,0.00535231374046987,0,2.5,0.0
2916,2023-01-22 17:19:59.999,-0.0569497504821292,1644.14,135.9568,1.24e-05,9925046445.0,-0.04077265008162147,0.005541453237145142,-2.919288444422908,-2.7735657836859557,0.005542736426519105,0.00536683214315193,0,2.5,0.0
2917,2023-01-22 17:20:59.999,-0.0585647794492096,1644.22,127.0046,1.2425e-05,5824460210.0,-0.040784590353400665,0.005551981244113451,-3.2024944455027784,-2.919288444422908,0.005553266871372585,0.005383714130834395,0,2.5,0.0
2918,2023-01-22 17:21:59.999,-0.0594002270282736,1644.485,99.6956,1.244e-05,15178978620.0,-0.040796973169098104,0.005563647067149829,-3.343715666117128,-3.2024944455027784,0.00556493539576897,0.005399302890516789,0,2.5,0.0
2919,2023-01-22 17:22:59.999,-0.0580760982985921,1643.93,302.8055,1.2415e-05,13862627764.0,-0.040808728920800466,0.005573309759160206,-3.098225313856143,-3.343715666117128,0.005574600325290552,0.0054149034689073006,0,2.5,0.0
2920,2023-01-22 17:23:59.999,-0.0570607555940299,1645.6,600.4445,1.2415e-05,3714306549.0,-0.04081993778862392,0.005581631485496941,-2.9096900874959926,-3.098225313856143,0.00558292397862195,0.005431404049339759,0,2.5,0.0
2921,2023-01-22 17:24:59.999,-0.0553829100661715,1647.815,571.2875,1.241e-05,11628414959.0,-0.04083029732043156,0.005587881788889849,-2.604316500516223,-2.9096900874959926,0.005589175729346911,0.005447076445149119,0,2.5,0.0
2922,2023-01-22 17:25:59.999,-0.0544609015996613,1649.335,2212.3852,1.241e-05,4776205629.0,-0.04083965544941917,0.0055937722629077,-2.4350734191601973,-2.604316500516223,0.005595067567374048,0.005462897812801517,0,2.5,0.0
2923,2023-01-22 17:26:59.999,-0.0524074711554227,1651.0749999999998,2267.1103,1.2395e-05,6805290968.0,-0.04084786435309531,0.00559773033808036,-2.065052459510143,-2.4350734191601973,0.005599026559086067,0.005477421337115556,0,2.5,0.0
2924,2023-01-22 17:27:59.999,-0.0517562730683494,1651.6,345.6514,1.239e-05,4117831619.0,-0.040855968935758505,0.005600844351703252,-1.9461894400397048,-2.065052459510143,0.005602141293795833,0.005490569313772239,0,2.5,0.0
2925,2023-01-22 17:28:59.999,-0.0516287467462177,1651.26,433.2792,1.2385e-05,10897395563.0,-0.040864101486535395,0.005603726682602212,-1.9209797103600903,-1.9461894400397048,0.005605024292132777,0.005501586229086495,0,2.5,0.0
2926,2023-01-22 17:29:59.999,-0.0502562526749201,1652.4250000000002,1074.3568,1.2375e-05,7378021574.0,-0.0408716224775877,0.005605425200308891,-1.6742048750940877,-1.9209797103600903,0.005606723203151423,0.005510018156410797,0,2.5,0.0
2927,2023-01-22 17:30:59.999,-0.0491319646755279,1655.94,4118.2354,1.239e-05,13661026758.0,-0.04087810888634508,0.0056068735278937964,-1.472095945828005,-1.6742048750940877,0.005608171866113799,0.005516671216447672,0,2.5,0.0
2928,2023-01-22 17:31:59.999,-0.0468937591288849,1661.31,2842.9271,1.2405e-05,8844436467.0,-0.04088359191051429,0.005606962754367305,-1.0719113861937546,-1.472095945828005,0.005608261113248758,0.005522766910671658,0,2.5,0.0
2929,2023-01-22 17:32:59.999,-0.0476582318638776,1658.935,574.6045,1.2395e-05,5007149171.0,-0.04088940639823846,0.0056074730302067095,-1.207107984144797,-1.0719113861937546,0.005608771507248599,0.005529369710063127,0,2.5,0.0
2930,2023-01-22 17:33:59.999,-0.0467494529855621,1659.89,915.5503,1.239e-05,4625600655.0,-0.04089513125105145,0.00560714054658143,-1.044083287350434,-1.207107984144797,0.005608438946632784,0.005536524460952749,0,2.5,0.0
2931,2023-01-22 17:34:59.999,-0.0475226118769001,1659.16,492.8149,1.2395e-05,5614775390.0,-0.040901063205866645,0.00560737117393918,-1.180865055234397,-1.044083287350434,0.00560866962739504,0.005545369037732475,0,2.5,0.0
2932,2023-01-22 17:35:59.999,-0.047943189058234,1660.12,833.7874,1.241e-05,8812549866.0,-0.040907160394669025,0.005607864933466779,-1.254671563427849,-1.180865055234397,0.005609163501258528,0.005556184002471681,0,2.5,0.0
2933,2023-01-22 17:36:59.999,-0.0474885060412439,1660.875,793.9753,1.241e-05,4372575497.0,-0.04091306533037791,0.005608076643165135,-1.1724948015608578,-1.254671563427849,0.005609375259980781,0.005567351628149366,0,2.5,0.0
2934,2023-01-22 17:37:59.999,-0.047888977579241,1660.21,287.222,1.241e-05,1866646508.0,-0.04091927422489679,0.0056083724635779,-1.242731897641806,-1.1724948015608578,0.005609671148894279,0.005576681238623401,0,2.5,0.0
2935,2023-01-22 17:38:59.999,-0.0472459528932773,1660.725,630.4896,1.2405e-05,12431433354.0,-0.04092547326193826,0.005607961954477445,-1.1270546559775991,-1.242731897641806,0.005609260544735562,0.00558448691630319,0,2.5,0.0
2936,2023-01-22 17:39:59.999,-0.0465918510709428,1660.705,721.3464,1.2395e-05,2307806932.0,-0.040931330163409066,0.005607270521008173,-1.0094966680002417,-1.1270546559775991,0.00560856895115665,0.005590648688853696,0,2.5,0.0
2937,2023-01-22 17:40:59.999,-0.0459319003121763,1660.14,530.0602,1.238e-05,5224190981.0,-0.04093687591604115,0.005606289698762498,-0.8909679421735427,-1.0094966680002417,0.005607587901789924,0.005596057315302053,0,2.5,0.0
2938,2023-01-22 17:41:59.999,-0.0469252439860454,1659.045,312.3265,1.2385e-05,5028649346.0,-0.04094242462165692,0.0056062827623954625,-1.0671633269229055,-0.8909679421735427,0.0056075809638166906,0.005599805242763508,0,2.5,0.0
2939,2023-01-22 17:42:59.999,-0.047784827114917,1658.725,346.7077,1.2395e-05,9466880888.0,-0.04094816806185187,0.005606934914590789,-1.2193219927119647,-1.0671633269229055,0.005608233267025611,0.005602862043380069,0,2.5,0.0
2940,2023-01-22 17:43:59.999,-0.0477181829516979,1657.73,651.2539,1.2385e-05,3243730037.0,-0.040953843680305524,0.005607580195936304,-1.2062848920634877,-1.2193219927119647,0.005608878697793692,0.005605449019887439,0,2.5,0.0
2941,2023-01-22 17:44:59.999,-0.0476500982552536,1657.29,505.9772,1.238e-05,7577700091.0,-0.0409588746062363,0.005608710814371209,-1.1930056425573534,-1.2062848920634877,0.005610009578036736,0.0056069376433177396,0,2.5,0.0
2942,2023-01-22 17:45:59.999,-0.04769103776567,1657.775,429.0795,1.2385e-05,2629286844.0,-0.040964010321310404,0.005609793965697603,-1.199157667018357,-1.1930056425573534,0.005611092980179696,0.005607582698309999,0,2.5,0.0
2943,2023-01-22 17:46:59.999,-0.0485159418364951,1658.065,208.7235,1.24e-05,8454488992.0,-0.0409695225793373,0.005611361935175452,-1.3448462858637267,-1.199157667018357,0.005612661312739519,0.005607733892870893,0,2.5,0.0
2944,2023-01-22 17:47:59.999,-0.0491275394991674,1658.155,382.1655,1.241e-05,5205395815.0,-0.040975223911522925,0.005613391326430661,-1.452297749002334,-1.3448462858637267,0.005614691173924397,0.005608187216341752,0,2.5,0.0
2945,2023-01-22 17:48:59.999,-0.0491176579728893,1659.275,408.3396,1.242e-05,10889285451.0,-0.04098107539558946,0.00561528810303088,-1.4490053632169069,-1.452297749002334,0.005616588389745789,0.005608240228581397,0,2.5,0.0
2946,2023-01-22 17:49:59.999,-0.0495396179833704,1658.575,527.6962,1.242e-05,4885450144.0,-0.040986956270987564,0.0056175961405456375,-1.5224771411837583,-1.4490053632169069,0.0056188969617140695,0.005608305571594765,0,2.5,0.0
2947,2023-01-22 17:50:59.999,-0.0500130278852708,1657.79,156.059,1.242e-05,3162683558.0,-0.04099304508350041,0.005620247893334014,-1.6049083551045307,-1.5224771411837583,0.005621549328547328,0.00560847144776375,0,2.5,0.0
2948,2023-01-22 17:51:59.999,-0.049856204877809,1658.0500000000002,145.5842,1.242e-05,2111462867.0,-0.040998919269403314,0.005622877064586765,-1.5752230587059124,-1.6049083551045307,0.005624179108615939,0.005608594120216248,0,2.5,0.0
2949,2023-01-22 17:52:59.999,-0.0502737615127166,1658.46,153.6652,1.243e-05,6735391566.0,-0.041005076830502946,0.005625747219411814,-1.6475473071793505,-1.5752230587059124,0.0056270499280594586,0.00560869509735843,0,2.5,0.0
2950,2023-01-22 17:53:59.999,-0.0503039104181617,1658.41,94.123,1.243e-05,5127844090.0,-0.04101149778945811,0.005628441292539874,-1.650974425374227,-1.6475473071793505,0.005629744625032179,0.0056087983048848725,0,2.5,0.0
2951,2023-01-22 17:54:59.999,-0.0496692557364752,1658.36,304.7782,1.242e-05,6213706158.0,-0.041017587304022524,0.005630689110786187,-1.5365203551869846,-1.650974425374227,0.005631992963787528,0.005608949898659901,0,2.5,0.0
2952,2023-01-22 17:55:59.999,-0.0499269398406809,1656.83,718.1347,1.241e-05,1985531169.0,-0.041023988052924044,0.005632954610399725,-1.5805118989100269,-1.5365203551869846,0.005634258988004433,0.005609187762127786,0,2.5,0.0
2953,2023-01-22 17:56:59.999,-0.0499221826379709,1655.735,332.1408,1.24e-05,2549686798.0,-0.041030117342634724,0.005635430063816474,-1.5778858391712907,-1.5805118989100269,0.005636735014641849,0.005609289223546867,0,2.5,0.0
2954,2023-01-22 17:57:59.999,-0.0494732188331568,1655.375,260.3525,1.239e-05,4829927564.0,-0.04103592322519733,0.005637665096393722,-1.496593973515136,-1.5778858391712907,0.005638970564767462,0.005609449232209155,0,2.5,0.0
2955,2023-01-22 17:58:59.999,-0.0492720136055524,1656.26,364.7213,1.2395e-05,808740492.0,-0.041041730716099074,0.005639684905985942,-1.4593515465230575,-1.496593973515136,0.0056409908420706045,0.005609755756179893,0,2.5,0.0
2956,2023-01-22 17:59:59.999,-0.0491452299556414,1656.47,107.9022,1.2395e-05,1022718621.0,-0.041047635964626565,0.005641488623296059,-1.4353647648204928,-1.4593515465230575,0.005642794977052907,0.005610280428572476,0,2.5,0.0
2957,2023-01-22 18:00:59.999,-0.0484120113497326,1657.685,965.1295,1.2395e-05,3842094917.0,-0.04105316378320088,0.005642851987354718,-1.3041007602223913,-1.4353647648204928,0.0056441586568147205,0.005611485063319652,0,2.5,0.0
2958,2023-01-22 18:01:59.999,-0.0478613087031085,1656.94,269.3594,1.238e-05,5356700282.0,-0.04105812943105912,0.005644121459653962,-1.2053566388818433,-1.3041007602223913,0.0056454284230753665,0.005613168778035738,0,2.5,0.0
2959,2023-01-22 18:02:59.999,-0.0471757126271761,1656.97,87.113,1.237e-05,5632281076.0,-0.04106271577950618,0.005645065635953993,-1.0828920763534833,-1.2053566388818433,0.005646372818010644,0.005615165477879745,0,2.5,0.0
2960,2023-01-22 18:03:59.999,-0.0483744341614666,1656.09,147.4113,1.238e-05,3095344364.0,-0.04106813616948184,0.005646462541120002,-1.2939602341779668,-1.0828920763534833,0.005647770046646651,0.005617165532737859,0,2.5,0.0
2961,2023-01-22 18:04:59.999,-0.0491644982180226,1656.99,141.569,1.24e-05,3742446458.0,-0.04107389700526885,0.005648371911528655,-1.4323775663993303,-1.2939602341779668,0.005649679859192721,0.005619560053422384,0,2.5,0.0
2962,2023-01-22 18:05:59.999,-0.0490932375643424,1657.66,422.5383,1.2405e-05,5912637636.0,-0.04107949372122669,0.005650325627300209,-1.418280002199584,-1.4323775663993303,0.005651634027370387,0.005622206773564481,0,2.5,0.0
2963,2023-01-22 18:06:59.999,-0.0488200160254663,1658.665,451.7209,1.241e-05,2938888822.0,-0.04108471172579665,0.00565226689688426,-1.3685313239425472,-1.418280002199584,0.005653575746478488,0.005624896813476819,0,2.5,0.0
2964,2023-01-22 18:07:59.999,-0.0483980789059188,1659.365,332.0194,1.241e-05,2557557972.0,-0.04108961329650534,0.005654015932665175,-1.292614965442522,-1.3685313239425472,0.005655325187269431,0.005627723602302639,0,2.5,0.0
2965,2023-01-22 18:08:59.999,-0.0488272429615719,1659.205,132.9515,1.2415e-05,1889170934.0,-0.04109454467986133,0.005656116886547167,-1.367139052607357,-1.292614965442522,0.0056574266276522706,0.005630306709721016,0,2.5,0.0
2966,2023-01-22 18:09:59.999,-0.0495999125222113,1658.475,136.0095,1.242e-05,9634455076.0,-0.04109946546890052,0.005658890144359205,-1.502140320179929,-1.367139052607357,0.005660200527645123,0.005632559469841755,0,2.5,0.0
2967,2023-01-22 18:10:59.999,-0.0500884323169756,1657.665,94.9291,1.242e-05,3163135533.0,-0.04110421512416271,0.0056621264704920715,-1.5867213916244638,-1.502140320179929,0.00566343760318778,0.005634877994663787,0,2.5,0.0
2968,2023-01-22 18:11:59.999,-0.0503448499231105,1657.24,89.6538,1.242e-05,9562536968.0,-0.041109442970464774,0.00566544194747114,-1.6301300124993954,-1.5867213916244638,0.005666753847904957,0.005637293902173253,0,2.5,0.0
2969,2023-01-22 18:12:59.999,-0.0501676173341465,1655.88,424.9796,1.2405e-05,5090582511.0,-0.04111456205119843,0.00566862792338568,-1.5970452471576204,-1.6301300124993954,0.005669940561570096,0.005639475634093248,0,2.5,0.0
2970,2023-01-22 18:13:59.999,-0.0492666778557264,1655.165,152.4955,1.2385e-05,6571666074.0,-0.04111921359890525,0.005671192565284279,-1.4366403826057952,-1.5970452471576204,0.005672505797342014,0.0056414418758161805,0,2.5,0.0
2971,2023-01-22 18:14:59.999,-0.0502589541746765,1656.28,113.5284,1.241e-05,4335337532.0,-0.04112404876906784,0.0056745297404484675,-1.6098083583022529,-1.4366403826057952,0.005675843745268784,0.00564313589699336,0,2.5,0.0
2972,2023-01-22 18:15:59.999,-0.0503230528625096,1656.725,68.0719,1.2415e-05,3991735825.0,-0.04112903860853167,0.005677876824010321,-1.6192697620876069,-1.6098083583022529,0.005679191603887627,0.005644476098379882,0,2.5,0.0
2973,2023-01-22 18:16:59.999,-0.0488045950622009,1655.9299999999998,49.1147,1.2385e-05,24082322568.0,-0.04113308463085048,0.005680230625873677,-1.350563196572756,-1.6192697620876069,0.005681545950801787,0.005645664521809186,0,2.5,0.0
2974,2023-01-22 18:17:59.999,-0.0483985702502387,1654.945,262.8868,1.237e-05,2457932270.0,-0.041137009701793736,0.005682320150870879,-1.277921756543768,-1.350563196572756,0.005683635959653341,0.005646722125169645,0,2.5,0.0
2975,2023-01-22 18:18:59.999,-0.0495064444851749,1655.3200000000002,170.0279,1.239e-05,3577010771.0,-0.04114171555615748,0.005685039796983876,-1.4713580252252974,-1.277921756543768,0.005686356235532727,0.005648247499783168,0,2.5,0.0
2976,2023-01-22 18:19:59.999,-0.0498315925339731,1655.885,183.6835,1.24e-05,3137894480.0,-0.04114623984829177,0.0056880642220763535,-1.5269434989801955,-1.4713580252252974,0.005689381360966789,0.005650168401237138,0,2.5,0.0
2977,2023-01-22 18:20:59.999,-0.0495447779998698,1656.36,227.4483,1.24e-05,2418823213.0,-0.04115072681856894,0.005690864202806029,-1.4750046534517476,-1.5269434989801955,0.0056921819900652895,0.0056521194571474125,0,2.5,0.0
2978,2023-01-22 18:21:59.999,-0.04974195245277,1656.585,210.8502,1.2405e-05,1271233602.0,-0.041155453539735924,0.005693757212960337,-1.5080549787913642,-1.4750046534517476,0.00569507567013049,0.005654013106676224,0,2.5,0.0
2979,2023-01-22 18:22:59.999,-0.0490172328007716,1656.13,169.2215,1.239e-05,3850776149.0,-0.04116016994318989,0.005696047714377998,-1.379388525441749,-1.5080549787913642,0.005697366701940983,0.005655850547365141,0,2.5,0.0
2980,2023-01-22 18:23:59.999,-0.0496212325050535,1655.13,179.3698,1.239e-05,3409735721.0,-0.04116538341383592,0.005698635449847031,-1.4838375196371905,-1.379388525441749,0.005699955036630928,0.005658120102650484,0,2.5,0.0
2981,2023-01-22 18:24:59.999,-0.0495124856314213,1655.31,195.8409,1.239e-05,6212980128.0,-0.04117035873906648,0.005701228989686246,-1.463215546585844,-1.4838375196371905,0.005702549177035125,0.005661009796530787,0,2.5,0.0
2982,2023-01-22 18:25:59.999,-0.0490449123099701,1654.98,160.8303,1.238e-05,4770297429.0,-0.0411743629376481,0.005703720357989556,-1.3798974841565006,-1.463215546585844,0.005705041122244383,0.005664266664367074,0,2.5,0.0
2983,2023-01-22 18:26:59.999,-0.0484438900037673,1654.87,208.0921,1.237e-05,6075768862.0,-0.04117747677297739,0.005705851833897927,-1.2735019138809107,-1.3798974841565006,0.005707173091721339,0.005667550526321242,0,2.5,0.0
2984,2023-01-22 18:27:59.999,-0.048341168177405,1655.04,70.0398,1.237e-05,1669268457.0,-0.04118069949144736,0.0057079308256774795,-1.2544771309676395,-1.2735019138809107,0.0057092525649161535,0.005670581870513076,0,2.5,0.0
2985,2023-01-22 18:28:59.999,-0.0481143120354978,1654.31,250.8336,1.236e-05,7869270868.0,-0.04118391678703437,0.0057098792265228215,-1.2137551379845686,-1.2544771309676395,0.005711201416936874,0.005673340284323707,0,2.5,0.0
2986,2023-01-22 18:29:59.999,-0.0493096079755268,1653.99,118.8869,1.2375e-05,6390827355.0,-0.04118755767154848,0.005712551433936387,-1.4217903152220015,-1.2137551379845686,0.005713874243131833,0.005676680709923495,0,2.5,0.0
2987,2023-01-22 18:30:59.999,-0.0483667930766742,1654.4450000000002,188.467,1.2365e-05,5493509658.0,-0.041191357351329415,0.005714595514602919,-1.2556331777129066,-1.4217903152220015,0.005715918797129543,0.005679780190616167,0,2.5,0.0
2988,2023-01-22 18:31:59.999,-0.0484756098127476,1655.37,392.7066,1.2375e-05,3457817208.0,-0.041195310798651144,0.00571667926612779,-1.2735188866084122,-1.2556331777129066,0.005718003031171851,0.0056820684530146754,0,2.5,0.0
2989,2023-01-22 18:32:59.999,-0.0477431741576452,1656.03,28.0964,1.237e-05,3275171801.0,-0.04119909347087883,0.005718307246824916,-1.1444087217244172,-1.2735188866084122,0.00571963138884726,0.005684316028623188,0,2.5,0.0
2990,2023-01-22 18:33:59.999,-0.0467900933600624,1655.395,85.2252,1.235e-05,6395714992.0,-0.04120225898655057,0.005719508745241127,-0.9769780277302917,-1.1444087217244172,0.005720833165484714,0.005687112516891243,0,2.5,0.0
2991,2023-01-22 18:34:59.999,-0.043776135251889,1653.17,551.8493,1.2285e-05,32386908795.0,-0.04120338997250309,0.00571977605544432,-0.4497982533664173,-0.9769780277302917,0.005721100537586762,0.005690081518241414,0,2.5,0.0
2992,2023-01-22 18:35:59.999,-0.0449654677166506,1651.205,877.181,1.2285e-05,22710603568.0,-0.04120458721287807,0.0057202927200655064,-0.6574629460097741,-0.4497982533664173,0.005721617321847783,0.00569290541008159,0,2.5,0.0
2993,2023-01-22 18:36:59.999,-0.0467688072618983,1648.23,2646.3198,1.2285e-05,12628604058.0,-0.04120666280870618,0.0057214978062747925,-0.9721483152701876,-0.6574629460097741,0.005722822687109108,0.005695648428083113,0,2.5,0.0
2994,2023-01-22 18:37:59.999,-0.0467852813713385,1649.865,192.9595,1.23e-05,2429163111.0,-0.041207676518440144,0.005722292083373621,-0.9747151616227945,-0.9721483152701876,0.00572361714813224,0.005698013785613469,0,2.5,0.0
2995,2023-01-22 18:38:59.999,-0.0460321991376346,1648.89,434.2307,1.228e-05,13503439466.0,-0.041205918514559285,0.005720225947475639,-0.8437220255618004,-0.9747151616227945,0.00572155053379593,0.005700603571731977,0,2.5,0.0
2996,2023-01-22 18:39:59.999,-0.0453653143508461,1648.3249999999998,179.9412,1.2265e-05,6091032940.0,-0.04120316454653529,0.005716789784961013,-0.7280571720968386,-0.8437220255618004,0.005718113575597023,0.005703172163337439,0,2.5,0.0
2997,2023-01-22 18:40:59.999,-0.0462086874406253,1647.49,451.2369,1.227e-05,7697554763.0,-0.04120178235528438,0.005715218261566931,-0.8760654197602222,-0.7280571720968386,0.005716541688298016,0.005705574114613622,0,2.5,0.0
2998,2023-01-22 18:41:59.999,-0.0462801418249014,1649.59,1013.2914,1.229e-05,4667578898.0,-0.04119998773510302,0.0057130143072511045,-0.8892248148845905,-0.8760654197602222,0.005714337223630369,0.005707692960020043,0,2.5,0.0
2999,2023-01-22 18:42:59.999,-0.0463061073384238,1651.21,155.0635,1.2305e-05,3251976626.0,-0.041198200470976026,0.005710812341124846,-0.8944273708075798,-0.8892248148845905,0.005712134747612676,0.005709739777921333,0,2.5,0.0
3000,2023-01-22 18:43:59.999,-0.0460884974552158,1651.015,261.3478,1.23e-05,2231921552.0,-0.04119587826683697,0.005707802692968501,-0.8571808542727135,-0.8944273708075798,0.005709124402536521,0.005709739777921333,0,2.0,0.0
3001,2023-01-22 18:44:59.999,-0.0458106623510552,1649.81,92.1314,1.2284999999999998e-05,780399670.0,-0.04119335174381698,0.0057045506846714585,-0.8094082886572059,-0.8571808542727135,0.005705871641198298,0.005709739777921333,0,2.0,0.0
3002,2023-01-22 18:45:59.999,-0.0461562163776214,1649.24,307.0939,1.2284999999999998e-05,1828569263.0,-0.041192615027049545,0.005703806902114353,-0.8702260500319338,-0.8094082886572059,0.0057051276864094995,0.005709739777921333,0,2.0,0.0
3003,2023-01-22 18:46:59.999,-0.046286203955681,1649.58,98.7187,1.229e-05,2360394035.0,-0.04119202306774949,0.005703211861167506,-0.8932126338523708,-0.8702260500319338,0.0057045325076738465,0.005709739777921333,0,2.0,0.0
3004,2023-01-22 18:47:59.999,-0.0461168050614162,1649.305,77.0894,1.2285e-05,3354121090.0,-0.04119160064750527,0.005702813276949756,-0.8636446916153032,-0.8932126338523708,0.005704133831159183,0.005709739777921333,0,2.0,0.0
3005,2023-01-22 18:48:59.999,-0.0459321368260212,1649.055,135.7118,1.228e-05,781576417.0,-0.04119156645723462,0.005702784634296679,-0.831272908374741,-0.8636446916153032,0.005704105181873559,0.005709739777921333,0,2.0,0.0
3006,2023-01-22 18:49:59.999,-0.0455685243137011,1648.545,70.254,1.227e-05,1078262218.0,-0.04119179797055461,0.005702952165947043,-0.7674492465990516,-0.831272908374741,0.005704272752317869,0.005709739777921333,0,2.0,0.0
3007,2023-01-22 18:50:59.999,-0.045328857149002,1647.83,200.1778,1.226e-05,2297741653.0,-0.041191403661988056,0.005702636658658992,-0.7255334215851811,-0.7674492465990516,0.005703957171970355,0.005709739777921333,0,2.0,0.0
3008,2023-01-22 18:51:59.999,-0.0457717544604072,1648.21,149.3871,1.227e-05,5653658412.0,-0.04119143139475686,0.005702658787816595,-0.8031907985510096,-0.7255334215851811,0.005703979306252227,0.005709739777921333,0,2.0,0.0
3009,2023-01-22 18:52:59.999,-0.0460718847114911,1648.27,178.4264,1.2275e-05,975369127.0,-0.041191789620358424,0.0057029410434731465,-0.8557155078286858,-0.8031907985510096,0.005704261627268431,0.005709739777921333,0,2.0,0.0
3010,2023-01-22 18:53:59.999,-0.0460961528746963,1648.23,111.9462,1.2275e-05,6997996367.0,-0.04119236063828572,0.005703370309314237,-0.859806039317164,-0.8557155078286858,0.005704690992511129,0.005709739777921333,0,2.0,0.0
3011,2023-01-22 18:54:59.999,-0.0458689826443468,1647.495,148.5027,1.2265e-05,5495148910.0,-0.04119310099451366,0.005703873518446221,-0.8197730252452872,-0.859806039317164,0.00570519431816717,0.005709739777921333,0,2.0,0.0
3012,2023-01-22 18:55:59.999,-0.0461211215335417,1646.525,228.095,1.226e-05,3663075856.0,-0.04119489652424159,0.005704814021765479,-0.8635207020781338,-0.8197730252452872,0.0057061350392711525,0.005709739777921333,0,2.0,0.0
3013,2023-01-22 18:56:59.999,-0.0463513388448468,1647.255,113.6731,1.227e-05,1074784559.0,-0.04119692712633911,0.005705868368603818,-0.9033527213613132,-0.8635207020781338,0.005707189630256035,0.005709739777921333,0,2.0,0.0
3014,2023-01-22 18:57:59.999,-0.0460328812461128,1647.225,72.0847,1.2265e-05,4001531043.0,-0.041198290684444805,0.005706671895377553,-0.847182149298622,-0.9033527213613132,0.005707993343095947,0.005709739777921333,0,2.0,0.0
3015,2023-01-22 18:58:59.999,-0.0460482434251829,1646.645,143.2117,1.226e-05,2024208670.0,-0.041199706174164435,0.005707495460733644,-0.8495034791311477,-0.847182149298622,0.005708817099158387,0.005709739777921333,0,2.0,0.0
3016,2023-01-22 18:59:59.999,-0.0458600973324543,1646.4,36.5933,1.2255e-05,576134362.0,-0.041201055566855785,0.005708252530328134,-0.8161940525309409,-0.8495034791311477,0.005709574344061341,0.0057099811122802244,0,2.0,0.0
3017,2023-01-22 19:00:59.999,-0.0453498032458128,1646.13,207.6087,1.2245e-05,3595682920.0,-0.04120220652364243,0.005708838264357907,-0.72652202253918,-0.8161940525309409,0.005710160213724793,0.0057104205145278135,0,2.0,0.0
3018,2023-01-22 19:01:59.999,-0.0442188648260781,1646.3249999999998,104.0038,1.223e-05,13156882920.0,-0.04120305746144711,0.005709150859468513,-0.5282409659274164,-0.72652202253918,0.005710472881220513,0.005710655015149603,0,2.0,0.0
3019,2023-01-22 19:02:59.999,-0.0445083600235065,1646.96,74.9753,1.224e-05,1644085220.0,-0.04120386968769708,0.005709496230550406,-0.578770911193134,-0.5282409659274164,0.005710818332277185,0.005710914103442107,0,2.0,0.0
3020,2023-01-22 19:03:59.999,-0.0458994671100967,1646.89,87.0727,1.226e-05,3558893730.0,-0.041205402976064134,0.005710312264960352,-0.8220328269675038,-0.578770911193134,0.0057116345556495985,0.0057113097016150555,0,2.5,0.0
3021,2023-01-22 19:04:59.999,-0.0446544742193921,1647.275,246.7429,1.2245e-05,9981545032.0,-0.04120586562020469,0.005710551200101572,-0.6039011784232097,-0.8220328269675038,0.005711873546119092,0.005711694303266972,0,2.5,0.0
3022,2023-01-22 19:05:59.999,-0.0436579298778774,1647.805,113.3825,1.2235e-05,4451063520.0,-0.04120637051756746,0.0057107197624734546,-0.42929078334744086,-0.6039011784232097,0.005712042147523595,0.005711915696470218,0,2.5,0.0
3023,2023-01-22 19:06:59.999,-0.0430866978674622,1646.52,305.4764,1.2215e-05,8201560473.0,-0.04120715499599793,0.005710861621923078,-0.32911721486106477,-0.42929078334744086,0.005712184039822461,0.005712065297545865,0,2.5,0.0
3024,2023-01-22 19:07:59.999,-0.0424626785860979,1643.09,1845.5151,1.2175e-05,36191361406.0,-0.041207632373787446,0.005710923455412453,-0.21976239431488143,-0.32911721486106477,0.005712245887630116,0.005712147070665122,0,2.5,0.0
3025,2023-01-22 19:08:59.999,-0.0421568552490931,1643.035,530.7028,1.217e-05,15360739214.0,-0.041207683269741356,0.005710931424814797,-0.16620265745574514,-0.21976239431488143,0.0057122538588778695,0.005712199501774375,0,2.5,0.0
3026,2023-01-22 19:09:59.999,-0.0432454482375632,1643.475,99.9168,1.219e-05,4085524092.0,-0.04120793322496611,0.0057110087922199486,-0.3567697208543565,-0.16620265745574514,0.005712331244198364,0.0057122478804420545,0,2.5,0.0
3027,2023-01-22 19:10:59.999,-0.0442102359790155,1644.115,225.1345,1.221e-05,16803588862.0,-0.04120865785260333,0.005711290381233549,-0.5255516575159459,-0.3567697208543565,0.0057126128984172474,0.005712273205207993,0,2.5,0.0
3028,2023-01-22 19:11:59.999,-0.0453853427633497,1643.295,138.1511,1.222e-05,18475439031.0,-0.041210030617937154,0.005711937732847616,-0.7309799827476399,-0.5255516575159459,0.005713260399933276,0.005712401657753085,0,2.5,0.0
3029,2023-01-22 19:12:59.999,-0.0445466641277185,1642.45,354.876,1.22e-05,13488684526.0,-0.04121111366730393,0.005712348492287704,-0.5839192872980232,-0.7309799827476399,0.005713671254489595,0.005712774773796255,0,2.5,0.0
3030,2023-01-22 19:13:59.999,-0.043897598601486,1642.96,222.6052,1.2195e-05,7224388689.0,-0.041212032667429566,0.005712620936182066,-0.47011099879686574,-0.5839192872980232,0.00571394376147158,0.0057133631135723555,0,2.5,0.0
3031,2023-01-22 19:14:59.999,-0.0430318903345323,1642.155,210.4504,1.2175e-05,5866436941.0,-0.04121250407894367,0.005712729078798653,-0.3184793520737442,-0.47011099879686574,0.005714051929129875,0.005713722001650155,0,2.5,0.0
3032,2023-01-22 19:15:59.999,-0.0442286052855287,1641.86,254.3353,1.219e-05,4243557238.0,-0.041213841701872256,0.005713096866232912,-0.5276934129150017,-0.3184793520737442,0.005714419801729687,0.00571389162271677,0,2.5,0.0
3033,2023-01-22 19:16:59.999,-0.0444833693733492,1643.11,270.1804,1.2205e-05,7217079805.0,-0.04121553826740007,0.005713523401351419,-0.5719467439612115,-0.5276934129150017,0.005714846435617472,0.005713970803386154,0,2.5,0.0
3034,2023-01-22 19:17:59.999,-0.0446852831866628,1643.89,93.4204,1.2215e-05,3123079972.0,-0.04121757655729526,0.005713975516544945,-0.6068816044672789,-0.5719467439612115,0.005715298655503645,0.005714123252754999,0,2.5,0.0
3035,2023-01-22 19:18:59.999,-0.0441023048955386,1643.1799999999998,155.5915,1.22e-05,1527743569.0,-0.04121923005364912,0.005714293280606796,-0.5045374292695252,-0.6068816044672789,0.0057156164931475425,0.0057143578681551985,0,2.5,0.0
3036,2023-01-22 19:19:59.999,-0.0440201505030479,1643.315,171.9744,1.22e-05,4761139871.0,-0.04122056645944042,0.005714610618902949,-0.4898993527830115,-0.5045374292695252,0.005715933904927152,0.005714526460201633,0,2.5,0.0
3037,2023-01-22 19:20:59.999,-0.0446300027408668,1643.4250000000002,99.9839,1.221e-05,1112822867.0,-0.04122153209865333,0.005715010415766575,-0.5964067244409883,-0.4898993527830115,0.005716333794368494,0.005714959490589015,0,2.5,0.0
3038,2023-01-22 19:21:59.999,-0.0459332182602807,1642.95,143.2983,1.2225e-05,6822612173.0,-0.04122331730425812,0.005715879607802979,-0.8240028270702028,-0.5964067244409883,0.0057172031876766465,0.00571537811491462,0,2.5,0.0
3039,2023-01-22 19:22:59.999,-0.0462253409427191,1643.025,198.0915,1.223e-05,4323656416.0,-0.041225448431528186,0.005716885950211386,-0.874583217985316,-0.8240028270702028,0.0057182097631156,0.0057156920691430425,0,2.5,0.0
3040,2023-01-22 19:23:59.999,-0.0465142846220132,1643.105,155.3201,1.2235e-05,4565329867.0,-0.041227818355486424,0.0057180167807480515,-0.9245279384848503,-0.874583217985316,0.005719340855509521,0.005715922574078946,0,2.5,0.0
3041,2023-01-22 19:24:59.999,-0.0462587036760098,1643.525,133.0986,1.2235e-05,2434478413.0,-0.04123027647938693,0.0057190376301891254,-0.8792435933764936,-0.9245279384848503,0.005720361941340419,0.005716033877287487,0,2.5,0.0
3042,2023-01-22 19:25:59.999,-0.0449521027365698,1642.34,281.9468,1.2205e-05,7407498936.0,-0.04123202748112404,0.005719597854980296,-0.6504085339158121,-0.8792435933764936,0.0057209222958582995,0.005716385767850875,0,2.5,0.0
3043,2023-01-22 19:26:59.999,-0.0456468802420744,1642.31,268.2664,1.2215e-05,1877791872.0,-0.04123367817882253,0.005720357200230537,-0.7714906445132512,-0.6504085339158121,0.00572168181694396,0.005716707063142674,0,2.5,0.0
3044,2023-01-22 19:27:59.999,-0.0457625776387082,1642.12,164.1632,1.2215e-05,1057328473.0,-0.04123550622700262,0.005721173222983103,-0.7912837516472013,-0.7714906445132512,0.0057224980286562956,0.005717403148550447,0,2.5,0.0
3045,2023-01-22 19:28:59.999,-0.0456223260152626,1641.795,96.2273,1.221e-05,1509922471.0,-0.04123761726237612,0.0057219501988794745,-0.7662962102929763,-0.7912837516472013,0.005723275184470673,0.005718030667278144,0,2.5,0.0
3046,2023-01-22 19:29:59.999,-0.0463107416793349,1641.775,420.4088,1.222e-05,2298295517.0,-0.04124010163171991,0.005722987263596235,-0.8860128135998483,-0.7662962102929763,0.005724312489332098,0.005718137622476667,0,2.5,0.0
3047,2023-01-22 19:30:59.999,-0.046167623973325,1641.455,80.4211,1.2215e-05,423485284.0,-0.04124295366386719,0.005723907088757595,-0.8603686665582719,-0.8860128135998483,0.005725232527489909,0.0057184925362140804,0,2.5,0.0
3048,2023-01-22 19:31:59.999,-0.0463290147521391,1641.745,94.5862,1.222e-05,2132792057.0,-0.04124574683571049,0.005724916168543155,-0.8879200614953594,-0.8603686665582719,0.005726241840939889,0.005719413488843955,0,2.5,0.0
3049,2023-01-22 19:32:59.999,-0.0459422396006417,1641.8249999999998,64.5364,1.2215e-05,4429335605.0,-0.041248017452270205,0.00572580575452785,-0.8198360806528231,-0.8879200614953594,0.005727131632918794,0.005719596126967245,0,2.5,0.0
3050,2023-01-22 19:33:59.999,-0.0462163361221286,1641.93,157.262,1.222e-05,1174414625.0,-0.04125028030277896,0.005726802884621869,-0.8671602496892191,-0.8198360806528231,0.005728128993910141,0.005719596126967245,0,2.5,0.0
3051,2023-01-22 19:34:59.999,-0.0474215157419877,1641.615,95.3771,1.2235e-05,2217003295.0,-0.04125337349099134,0.0057283307184700545,-1.0767783066554106,-0.8671602496892191,0.005729657181546416,0.005719596126967245,0,2.5,0.0
3052,2023-01-22 19:35:59.999,-0.0470872970210223,1641.0549999999998,35.0727,1.2225e-05,877809518.0,-0.041256326522678625,0.005729693147646448,-1.017675876890341,-1.0767783066554106,0.005731019926209482,0.005719596126967245,0,2.5,0.0
3053,2023-01-22 19:36:59.999,-0.0470358297575117,1640.585,332.2563,1.222e-05,3370231450.0,-0.04125881165335612,0.005731035084782275,-1.0080235103594823,-1.017675876890341,0.005732362174086805,0.005719596126967245,0,2.5,0.0
3054,2023-01-22 19:37:59.999,-0.0470777910270676,1641.625,240.4932,1.223e-05,4880759193.0,-0.04126119495925586,0.005732383898611178,-1.014690601796743,-1.0080235103594823,0.005733711300249585,0.005719596126967245,0,2.5,0.0
3055,2023-01-22 19:38:59.999,-0.0470735091834377,1643.295,176.9329,1.2245e-05,3145136122.0,-0.04126326617056791,0.005733675236170498,-1.0133540484149286,-1.014690601796743,0.005735002936833467,0.005719596126967245,0,2.5,0.0
3056,2023-01-22 19:39:59.999,-0.0465442251645846,1644.165,208.1488,1.2245e-05,1636391885.0,-0.04126531939210518,0.005734771791736167,-0.9205084289642252,-1.0133540484149286,0.0057360997463196135,0.005720502029969889,0,2.5,0.0
3057,2023-01-22 19:40:59.999,-0.0471272993107518,1644.315,118.6798,1.2255e-05,5091840895.0,-0.041268314235937215,0.005736143018572665,-1.0214154451596091,-0.9205084289642252,0.005737471290679986,0.0057211121761297145,0,2.5,0.0
3058,2023-01-22 19:41:59.999,-0.0462766479228662,1644.605,200.8951,1.2245e-05,3619398264.0,-0.04127101609042717,0.005737126891486828,-0.872498016361944,-1.0214154451596091,0.00573845539142162,0.005721885869872044,0,2.5,0.0
3059,2023-01-22 19:42:59.999,-0.0462310453070919,1644.68,91.6601,1.2245e-05,846205681.0,-0.0412733962830775,0.005738117624190386,-0.8639852559163756,-0.872498016361944,0.005739446353541113,0.0057226923176098895,0,2.5,0.0
3060,2023-01-22 19:43:59.999,-0.0461732849789982,1644.775,107.5206,1.2245e-05,1405345740.0,-0.04127542788701836,0.005739075168746435,-0.8534227114940646,-0.8639852559163756,0.005740404119827986,0.005723534510686029,0,2.5,0.0
3061,2023-01-22 19:44:59.999,-0.0467199177953716,1644.985,80.6479,1.2255e-05,1004150489.0,-0.04127763556651986,0.005740251804828689,-0.9480912012037007,-0.8534227114940646,0.005741581028374315,0.005724542498871551,0,2.5,0.0
3062,2023-01-22 19:45:59.999,-0.0466500107868625,1645.1,81.6591,1.2255e-05,1153939019.0,-0.04128059288301374,0.005741373259751878,-0.9352149147816948,-0.9480912012037007,0.005742702742983722,0.005725484855852404,0,2.5,0.0
3063,2023-01-22 19:46:59.999,-0.0466925622969931,1645.03,60.39,1.2255e-05,947606123.0,-0.04128572769599962,0.005741251451176629,-0.9417519241184574,-0.9352149147816948,0.005742580906202249,0.005726464288934615,0,2.5,0.0
3064,2023-01-22 19:47:59.999,-0.046541184111895,1644.17,72.5213,1.2245e-05,3558776354.0,-0.041290125021402876,0.005741637572718872,-0.9145577414085294,-0.9417519241184574,0.005742967117155526,0.00572738097316663,0,2.5,0.0
3065,2023-01-22 19:48:59.999,-0.0459575671113441,1644.02,48.8613,1.2235e-05,1568469694.0,-0.04129366418978618,0.0057421574062323875,-0.8122213641332506,-0.9145577414085294,0.00574348707104267,0.0057285110408192095,0,2.5,0.0
3066,2023-01-22 19:49:59.999,-0.0463222526183315,1644.53,64.2311,1.2245e-05,940341205.0,-0.041297551291614214,0.005742718275171824,-0.8749691497911665,-0.8122213641332506,0.005744048069857978,0.005729997867712182,0,2.5,0.0
3067,2023-01-22 19:50:59.999,-0.0462068677811586,1644.165,27.399,1.224e-05,449407903.0,-0.041301376574057795,0.0057432352191331614,-0.8541337799918985,-0.8749691497911665,0.005744565133523835,0.005731355488178813,0,2.5,0.0
3068,2023-01-22 19:51:59.999,-0.0455560681434477,1644.125,229.1873,1.223e-05,4218653550.0,-0.04130483195076019,0.005743548761009787,-0.7401758685409142,-0.8541337799918985,0.005744878748004809,0.0057326994556275,0,2.5,0.0
3069,2023-01-22 19:52:59.999,-0.0451270671317445,1644.275,22.9875,1.2225e-05,553778024.0,-0.04130841353523037,0.005743519036660034,-0.6648630521010248,-0.7401758685409142,0.005744849016772031,0.005734034209395555,0,2.5,0.0
3070,2023-01-22 19:53:59.999,-0.0451750952576972,1643.085,65.811,1.2215e-05,870886786.0,-0.04131259540985732,0.005743044414761019,-0.6725526687400009,-0.6648630521010248,0.005744374284968671,0.005735277139205004,0,2.5,0.0
3071,2023-01-22 19:54:59.999,-0.0448242445737179,1642.55,54.4207,1.2205e-05,4393040118.0,-0.04131653637034805,0.005742532092523217,-0.6108295342287919,-0.6725526687400009,0.005743861844096565,0.005736442632409707,0,2.5,0.0
3072,2023-01-22 19:55:59.999,-0.0447871874345189,1642.0549999999998,78.3921,1.22e-05,5085750366.0,-0.041320510629809994,0.005741962115855308,-0.6037442837068454,-0.6108295342287919,0.005743291735443781,0.005737717315865394,0,2.5,0.0
3073,2023-01-22 19:56:59.999,-0.0450272962154372,1641.105,150.7932,1.2195e-05,5029359704.0,-0.041324632487086496,0.00574142594348183,-0.6449031590408807,-0.6037442837068454,0.005742755438913217,0.005738703131951493,0,2.5,0.0
3074,2023-01-22 19:57:59.999,-0.0451815047506443,1636.4050000000002,3779.973,1.2155e-05,31149106150.0,-0.04132883274386346,0.005740927352871778,-0.671088792798192,-0.6449031590408807,0.005742256732848582,0.005739685795112831,0,2.5,0.0
3075,2023-01-22 19:58:59.999,-0.0462857910695255,1636.265,1027.7897,1.217e-05,12876638017.0,-0.04133348398356414,0.005740871687575988,-0.8626402671006946,-0.671088792798192,0.005742201054662831,0.005740698346964569,0,2.5,0.0
3076,2023-01-22 19:59:59.999,-0.04691855189931,1634.6750000000002,595.4845,1.2165e-05,13233980787.0,-0.04133802410518387,0.005741409012982414,-0.9719787915313988,-0.8626402671006946,0.005742738504493342,0.005741736034946444,0,2.5,0.0
3077,2023-01-22 20:00:59.999,-0.0476275620540604,1635.1799999999998,411.9804,1.218e-05,1402593289.0,-0.041342797141703455,0.005742350233612311,-1.0944586548500055,-0.9719787915313988,0.005743679943074065,0.005742214974209269,0,2.5,0.0
3078,2023-01-22 20:01:59.999,-0.0475461831413746,1632.54,813.3135,1.2155e-05,6039075865.0,-0.04134706565600353,0.005743532955071931,-1.0793213051727724,-1.0944586548500055,0.005744862938406901,0.0057423377761869985,0,2.5,0.0
3079,2023-01-22 20:02:59.999,-0.045579083593175,1632.975,240.8227,1.213e-05,10547597805.0,-0.041350179860058796,0.005744003097672816,-0.7362293615108855,-1.0793213051727724,0.005745333189874892,0.0057426113653976174,0,2.5,0.0
3080,2023-01-22 20:03:59.999,-0.0462720231266793,1632.955,542.2256,1.214e-05,31727842231.0,-0.04135347633282267,0.005744783548690061,-0.8561761730741217,-0.7362293615108855,0.00574611382161485,0.005742711683361127,0,2.5,0.0
3081,2023-01-22 20:04:59.999,-0.0471266150328091,1631.005,1296.0079,1.2135e-05,6878484380.0,-0.041356860729374334,0.005746030177969492,-1.00412878539278,-0.8561761730741217,0.005747360739566109,0.00574274273809831,0,2.5,0.0
3082,2023-01-22 20:05:59.999,-0.0461961980967267,1626.965,2223.0995,1.2085e-05,42169877287.0,-0.041359586806026985,0.005746928584644691,-0.8415993377093165,-1.00412878539278,0.005748259354278055,0.005742808358473794,0,2.5,0.0
3083,2023-01-22 20:06:59.999,-0.0419303135446611,1622.185,4303.8133,1.198e-05,98769732047.0,-0.04136050705309305,0.005746860753776262,-0.09915091316483167,-0.8415993377093165,0.005748191507702583,0.005743048271727589,0,2.5,0.0
3084,2023-01-22 20:07:59.999,-0.0412958014795563,1622.6550000000002,2261.5071,1.1975e-05,46793876406.0,-0.04136101347779199,0.005746806831912761,0.01134751874267992,-0.09915091316483167,0.005748137573352833,0.005743340569343503,4,2.5,0.0
3085,2023-01-22 20:08:59.999,-0.0449800266593776,1624.4899999999998,1315.3845,1.2045e-05,36050923499.0,-0.041363347030545596,0.005747252510751625,-0.6292884507973386,0.01134751874267992,0.00574858335539393,0.005743535289050519,3,2.5,4.0
3086,2023-01-22 20:09:59.999,-0.0443570481027748,1622.715,1190.8755,1.202e-05,26810216543.0,-0.041365082027117264,0.005747590318909098,-0.520560079902392,-0.6292884507973386,0.0057489212417748976,0.00574372541832969,0,2.5,3.0
3087,2023-01-22 20:10:59.999,-0.0452327262027942,1625.75,947.6157,1.206e-05,9711863253.0,-0.04136759282950099,0.005748094730649671,-0.672419915538928,-0.520560079902392,0.0057494257703180045,0.005743908400536918,0,2.5,0.0
3088,2023-01-22 20:11:59.999,-0.0450359133404383,1626.07,479.4238,1.206e-05,12418489954.0,-0.04137008639936439,0.005748517252105021,-0.637699563262429,-0.672419915538928,0.00574984838961322,0.005744129623635651,0,2.5,0.0
3089,2023-01-22 20:12:59.999,-0.0449275452592914,1627.36,575.3542,1.207e-05,20333713172.0,-0.0413727108776041,0.005748846738500668,-0.6183560883403235,-0.637699563262429,0.00575017795230536,0.005744421997107462,0,2.5,0.0
3090,2023-01-22 20:13:59.999,-0.0455566648762015,1625.78,273.29,1.2065e-05,17176624384.0,-0.041375309470265145,0.005749468763055315,-0.7272594353072622,-0.6183560883403235,0.005750800120897187,0.0057446361043358846,0,2.5,0.0
3091,2023-01-22 20:14:59.999,-0.0444185602468465,1624.845,977.0164,1.204e-05,17559268131.0,-0.04137726450732387,0.005749785272885171,-0.5289407508598222,-0.7272594353072622,0.005751116704018657,0.005744852497180748,0,2.5,0.0
3092,2023-01-22 20:15:59.999,-0.0434546474403454,1624.18,385.4185,1.202e-05,6415128982.0,-0.04137909119791957,0.005749818200116719,-0.3609777161969566,-0.5289407508598222,0.005751149638874896,0.005744866890806378,0,2.5,0.0
3093,2023-01-22 20:16:59.999,-0.0433298184663257,1626.615,503.1004,1.204e-05,14340548530.0,-0.041380900012128,0.005749817037253328,-0.3389531252160841,-0.3609777161969566,0.0057511484757422305,0.00574499235847233,0,2.5,0.0
3094,2023-01-22 20:17:59.999,-0.0441627949866827,1628.605,226.4133,1.207e-05,12139689726.0,-0.04138259272379286,0.005750097564351234,-0.48350523304616644,-0.3389531252160841,0.005751429067799521,0.005745528347809881,0,2.5,0.0
3095,2023-01-22 20:18:59.999,-0.0453308399410588,1628.93,262.4831,1.209e-05,12751682217.0,-0.04138418927054952,0.0057507148091550395,-0.686288713922359,-0.48350523304616644,0.0057520464555336995,0.005746425551102665,0,2.5,0.0
3096,2023-01-22 20:19:59.999,-0.044670702698923,1628.335,293.4722,1.2075e-05,6695621582.0,-0.041385353559175185,0.005751125484127804,-0.5712532527441561,-0.686288713922359,0.005752457225603134,0.00574755494801279,0,2.5,0.0
3097,2023-01-22 20:20:59.999,-0.0441077249314787,1627.58,126.1675,1.206e-05,2806005801.0,-0.041385727783436424,0.005751276315251134,-0.47328575412454665,-0.5712532527441561,0.005752608091653204,0.00574815105694027,0,2.5,0.0
3098,2023-01-22 20:21:59.999,-0.0442322514126622,1626.8200000000002,129.1797,1.2055e-05,2771923486.0,-0.04138594526023566,0.005751375066283405,-0.4948914163349556,-0.47328575412454665,0.005752706865552452,0.005748208469346451,0,2.5,0.0
3099,2023-01-22 20:22:59.999,-0.044139887975156,1628.085,390.7318,1.2065e-05,4242724933.0,-0.04138661905923403,0.0057516124048611166,-0.47869514183448464,-0.4948914163349556,0.005752944259088732,0.005748340354557024,0,2.5,0.0
3100,2023-01-22 20:23:59.999,-0.0443882454417305,1628.795,180.8999,1.2075e-05,1671819084.0,-0.04138775939707392,0.005751963220643174,-0.5216455546669979,-0.47869514183448464,0.0057532951561063556,0.005748667826989172,0,2.5,0.0
3101,2023-01-22 20:24:59.999,-0.0451283299556948,1627.59,190.8734,1.2075e-05,6693550524.0,-0.041389413364596096,0.005752524907026551,-0.6499609565413133,-0.5216455546669979,0.005753856972554892,0.005749047373910674,0,2.5,0.0
3102,2023-01-22 20:25:59.999,-0.0441984436955849,1626.875,157.3907,1.2055e-05,3805635148.0,-0.04139142010870031,0.005752748423296982,-0.48794478401262037,-0.6499609565413133,0.005754080540583172,0.0057495314251418085,0,2.5,0.0
3103,2023-01-22 20:26:59.999,-0.0433728535460709,1626.545,136.7618,1.204e-05,7179537047.0,-0.04139360103921068,0.005752606231397991,-0.34406187860684245,-0.48794478401262037,0.005753938315757957,0.005749930780286255,0,2.5,0.0
3104,2023-01-22 20:27:59.999,-0.0439630303179257,1624.47,1982.64,1.203e-05,5799175730.0,-0.04139603416852382,0.0057525810368358405,-0.44623380930481193,-0.34406187860684245,0.005753913115361705,0.005750333494453317,0,2.5,0.0
3105,2023-01-22 20:28:59.999,-0.0438323870614354,1625.24,241.9155,1.2035e-05,6469183174.0,-0.041398361945128144,0.005752549146463759,-0.42312113366358867,-0.44623380930481193,0.005753881217605028,0.005750879266677555,0,2.5,0.0
3106,2023-01-22 20:29:59.999,-0.0437124119791931,1625.435,230.1862,1.2035e-05,2380609948.0,-0.04140053180238616,0.005752537649142377,-0.4018887520278304,-0.42312113366358867,0.005753869717621305,0.005751124646949551,0,2.5,0.0
3107,2023-01-22 20:30:59.999,-0.0442308458223479,1624.035,457.5462,1.203e-05,4155227631.0,-0.0414029458829636,0.005752630769791203,-0.4915837731554849,-0.4018887520278304,0.005753962859833325,0.005751148766525397,0,2.5,0.0
3108,2023-01-22 20:31:59.999,-0.0443568540402097,1626.06,712.6735,1.205e-05,6865285620.0,-0.041405050394481696,0.005752879525907358,-0.5131002018093601,-0.4915837731554849,0.005754211673551915,0.005751219496106052,0,2.5,0.0
3109,2023-01-22 20:32:59.999,-0.0453660053474145,1626.09,211.4709,1.2065e-05,563386129.0,-0.04140722250909666,0.00575348888596319,-0.6880664787544993,-0.5131002018093601,0.005754821174712313,0.005751583414733066,0,2.5,0.0
3110,2023-01-22 20:33:59.999,-0.0454018932094797,1625.475,367.9454,1.206e-05,2384525546.0,-0.04140920993205478,0.005754126948159977,-0.6938816806434343,-0.6880664787544993,0.005755459384659985,0.005752149148051058,0,2.5,0.0
3111,2023-01-22 20:34:59.999,-0.0459654365156154,1622.89,1481.2179,1.2045e-05,5064594849.0,-0.0414114652654261,0.0057549575643026695,-0.7913127419804198,-0.6938816806434343,0.005756290193141721,0.0057524949421156515,0,2.5,0.0
3112,2023-01-22 20:35:59.999,-0.045689220540023,1622.225,489.1641,1.2035e-05,9950291309.0,-0.04141314341551039,0.005755676173660434,-0.7429321934547193,-0.7913127419804198,0.005757008968902025,0.005752632785128016,0,2.5,0.0
3113,2023-01-22 20:36:59.999,-0.0457662781714631,1622.1,469.4735,1.2035e-05,4868203158.0,-0.041414720162676104,0.005756401937962508,-0.7559510360263761,-0.7429321934547193,0.005757734901263451,0.0057527662139365224,0,2.5,0.0
3114,2023-01-22 20:37:59.999,-0.0468861460858356,1618.06,5468.4693,1.2015e-05,23018849735.0,-0.04141668268103282,0.005757544248583286,-0.9499646322559502,-0.7559510360263761,0.0057588774763998336,0.005753031983343137,0,2.5,0.0
3115,2023-01-22 20:38:59.999,-0.0445519420216555,1617.38,722.8178,1.1975e-05,42587517631.0,-0.04141802368069474,0.005757936996402839,-0.5442779840971887,-0.9499646322559502,0.005759270315164812,0.00575343561021849,0,2.5,0.0
3116,2023-01-22 20:39:59.999,-0.0443947504570303,1618.75,638.8318,1.1985e-05,43090338051.0,-0.04141961261394399,0.00575828465768869,-0.5166708525105285,-0.5442779840971887,0.005759618056955767,0.005753860158821495,0,2.5,0.0
3117,2023-01-22 20:40:59.999,-0.0415349189184688,1615.5500000000002,2150.379,1.1915e-05,61763936224.0,-0.0414196695445184,0.005758285189523449,-0.020014530395278007,-0.5166708525105285,0.005759618588913679,0.005753872592617236,0,2.5,0.0
3118,2023-01-22 20:41:59.999,-0.0428483953308216,1619.02,561.3157,1.1965e-05,14400877296.0,-0.04142049289627459,0.0057583622717071545,-0.2479702330578935,-0.020014530395278007,0.0057596956889466805,0.005753889192044197,0,2.5,0.0
3119,2023-01-22 20:42:59.999,-0.0436146465646203,1619.455,554.772,1.198e-05,8317846786.0,-0.04142142160993829,0.005758554302175682,-0.3808638140050839,-0.2479702330578935,0.005759887763882146,0.005753919415460768,0,2.5,0.0
3120,2023-01-22 20:43:59.999,-0.0431858862587475,1617.915,447.8542,1.196e-05,11981240941.0,-0.04142203714070974,0.005758671813885455,-0.3062944329949013,-0.3808638140050839,0.005760005302803151,0.005753944451776799,0,2.5,0.0
3121,2023-01-22 20:44:59.999,-0.0423324147557053,1616.5,430.8533,1.1935e-05,31663722680.0,-0.0414224058504801,0.005758704594702002,-0.15802319606086598,-0.3062944329949013,0.0057600380912104865,0.005753992280020786,0,2.5,0.0
3122,2023-01-22 20:45:59.999,-0.0437123601425071,1616.505,254.3639,1.1955e-05,4310291863.0,-0.04142353318394623,0.005758914422004644,-0.3974406964297523,-0.15802319606086598,0.005760247967101136,0.005754113323825358,0,2.5,0.0
3123,2023-01-22 20:46:59.999,-0.044147461956431,1616.36,290.5856,1.196e-05,13949974409.0,-0.041424742855356085,0.0057592120325230655,-0.4727589617641002,-0.3974406964297523,0.005760545646534811,0.005754364048842014,0,2.5,0.0
3124,2023-01-22 20:47:59.999,-0.0433142363602208,1616.59,236.7821,1.195e-05,6756907241.0,-0.041425458858870126,0.005759350757077271,-0.32794972576200215,-0.4727589617641002,0.005760684403212335,0.005754980727199231,0,2.5,0.0
3125,2023-01-22 20:48:59.999,-0.0435209169354742,1618.49,284.9475,1.197e-05,1043955294.0,-0.04142575733182773,0.005759442638234179,-0.3637781874478105,-0.32794972576200215,0.005760776305645418,0.0057556670867804196,0,2.5,0.0
3126,2023-01-22 20:49:59.999,-0.0434940559118857,1617.975,381.5854,1.1965e-05,6171026337.0,-0.04142583376688806,0.005759468991054055,-0.359099449655884,-0.3637781874478105,0.005760802664567603,0.005756469887081797,0,2.5,0.0
3127,2023-01-22 20:50:59.999,-0.0424557129554443,1616.86,325.6445,1.194e-05,12052592914.0,-0.041425776445546944,0.005759458124713196,-0.1788252449441402,-0.359099449655884,0.0057607917957105135,0.005757190451992382,0,2.5,0.0
3128,2023-01-22 20:51:59.999,-0.0421749900541819,1616.1950000000002,370.2471,1.193e-05,3906817427.0,-0.04142591736129465,0.005759472730276941,-0.1300592481234358,-0.1788252449441402,0.00576080640465635,0.005758020545047546,0,2.5,0.0
3129,2023-01-22 20:52:59.999,-0.0411130559512074,1613.43,5208.6485,1.189e-05,25641725135.0,-0.041425816842633224,0.005759476295018258,0.054303703219744356,-0.1300592481234358,0.0057608099702231245,0.005758975686091078,4,2.5,0.0
3130,2023-01-22 20:53:59.999,-0.0307245365865682,1609.865,4995.5429,1.171e-05,171942039944.0,-0.04142053382700715,0.005764054406004439,1.8556378005899612,0.054303703219744356,0.005765389141325328,0.005759357250612551,0,2.5,4.0
3131,2023-01-22 20:54:59.999,-0.0260254163573243,1611.17,1094.2069,1.1655e-05,85308281124.0,-0.04141271192760441,0.0057734692148980514,2.6651732255840592,1.8556378005899612,0.0057748061303298645,0.005759618189945245,1,2.5,0.0
3132,2023-01-22 20:55:59.999,-0.031171879899297,1610.2800000000002,608.4825,1.172e-05,19572382105.0,-0.04140729088016423,0.005777583570020582,1.7715729866683294,2.6651732255840592,0.005778921438180235,0.005759637863921929,0,2.5,1.0
3133,2023-01-22 20:56:59.999,-0.0338357036631009,1613.35,369.4735,1.1785e-05,20239966996.0,-0.04140328776390871,0.005779832341988665,1.309308584235513,1.7715729866683294,0.005781170730878202,0.005759743707680547,0,2.5,0.0
3134,2023-01-22 20:57:59.999,-0.0326473197574053,1613.5700000000002,619.8418,1.177e-05,11925871532.0,-0.041399005587186274,0.005782890693092763,1.5133756272160253,1.309308584235513,0.005784229790179855,0.005759917148612397,0,2.5,0.0
3135,2023-01-22 20:58:59.999,-0.0336063934828949,1613.72,515.5668,1.1785e-05,7461418134.0,-0.04139558948553614,0.005785313055280543,1.3463741595680208,1.5133756272160253,0.005786652713294398,0.005760013499904985,0,2.5,0.0
3136,2023-01-22 20:59:59.999,-0.0334758781449693,1613.365,694.2929,1.178e-05,6300200717.0,-0.041391910065378575,0.005787820931399038,1.367705050697863,1.3463741595680208,0.005789161170141421,0.005760090560183149,0,2.5,0.0
3137,2023-01-22 21:00:59.999,-0.0331054376870625,1612.265,915.2886,1.1765e-05,23922694274.0,-0.04138787849159825,0.005790558019885605,1.4303355179401822,1.367705050697863,0.005791898892433365,0.005760322386959555,0,2.5,0.0
3138,2023-01-22 21:01:59.999,-0.0314661760681218,1612.0749999999998,360.1015,1.174e-05,9887100222.0,-0.041383519524580116,0.005794480015190197,1.711515689148993,1.4303355179401822,0.005795821795922595,0.005760580335704191,0,2.5,0.0
3139,2023-01-22 21:02:59.999,-0.0320484780057412,1613.97,453.3556,1.1765e-05,12321017811.0,-0.041379671018727936,0.00579791721268223,1.6094043206715511,1.711515689148993,0.0057992597893385695,0.005760707378820606,0,2.5,0.0
3140,2023-01-22 21:03:59.999,-0.0330364446389594,1614.64,886.2434,1.1785e-05,8070810088.0,-0.041375741659118184,0.00580069353837599,1.4376379246702156,1.6094043206715511,0.005802036757923548,0.005760780178161692,0,2.5,0.0
3141,2023-01-22 21:04:59.999,-0.0342357424505124,1613.835,474.9629,1.1795e-05,11367815359.0,-0.04137185234054421,0.005802662834997695,1.2297991616868857,1.4376379246702156,0.0058040065105592975,0.005760794512924786,0,2.5,0.0
3142,2023-01-22 21:05:59.999,-0.0348921497166188,1614.47,245.6136,1.181e-05,4908641245.0,-0.041368642327233696,0.005804328427582301,1.11580395413851,1.2297991616868857,0.005805672488831668,0.005760803599589789,0,2.5,0.0
3143,2023-01-22 21:06:59.999,-0.034815275648107,1612.9,274.7551,1.1795e-05,7436379567.0,-0.04136522470572713,0.005806012536457618,1.12813209005167,1.11580395413851,0.0058073569876824155,0.0057608072960480435,0,2.5,0.0
3144,2023-01-22 21:07:59.999,-0.033903089096551,1611.545,195.9327,1.177e-05,2670285588.0,-0.04136087992801847,0.005808083230783441,1.2840364945082756,1.12813209005167,0.005809428161502126,0.005761954762998675,0,2.5,0.0
3145,2023-01-22 21:08:59.999,-0.0329102552781606,1610.315,750.2414,1.1745e-05,8836042178.0,-0.041355872593134356,0.005810703692996465,1.4534586103836453,1.2840364945082756,0.005812049230514328,0.005767743388576462,0,2.5,0.0
3146,2023-01-22 21:09:59.999,-0.0315880431903856,1609.61,452.6566,1.172e-05,8268960541.0,-0.04135009840674492,0.005814209279711572,1.6789996277608341,1.4534586103836453,0.005815555628989714,0.005775834957292458,0,2.5,0.0
3147,2023-01-22 21:10:59.999,-0.0312104580488501,1611.92,354.5622,1.1735e-05,7011575852.0,-0.04134354522275777,0.005817655966600591,1.741781781542627,1.6789996277608341,0.005819003114000055,0.005779483761354727,0,2.5,0.0
3148,2023-01-22 21:11:59.999,-0.0302488402139857,1612.335,198.1651,1.1725e-05,7378893098.0,-0.041336369923781494,0.005821776163210797,1.9044926151336012,1.741781781542627,0.005823124264690767,0.0057819354957036155,0,2.5,0.0
3149,2023-01-22 21:12:59.999,-0.0292962353380588,1610.46,247.3624,1.1695e-05,13417574249.0,-0.041328384282661446,0.005826453991004348,2.065089497519327,1.9044926151336012,0.005827803175690953,0.00578483552095849,0,2.5,0.0
3150,2023-01-22 21:13:59.999,-0.0261658366779684,1608.66,364.8711,1.1635e-05,17900249233.0,-0.04131824484155818,0.005833770390025315,2.5973610804939526,2.065089497519327,0.005835121268911092,0.005787279827506154,1,2.5,0.0
3151,2023-01-22 21:14:59.999,-0.0262741952874456,1611.34,843.2422,1.166e-05,10272033515.0,-0.04130764974666697,0.005840297760852614,2.574090410251047,2.5973610804939526,0.0058416501512287035,0.005789845600714407,0,2.5,1.0
3152,2023-01-22 21:15:59.999,-0.027075683284444,1612.9,196.8614,1.1685e-05,4076763116.0,-0.04129728794881732,0.005845681797825811,2.432839342993793,2.574090410251047,0.005847035434939667,0.005792879618305673,0,2.5,0.0
3153,2023-01-22 21:16:59.999,-0.0285528011686011,1613.365,213.059,1.171e-05,12708349043.0,-0.04128807045771564,0.005850071527691044,2.176942491870865,2.432839342993793,0.0058514261812990355,0.005796681294276589,0,2.5,0.0
3154,2023-01-22 21:17:59.999,-0.0296401838294286,1612.1799999999998,234.5777,1.1715e-05,6158647040.0,-0.04128014687510397,0.005854250460239016,1.988292630240514,2.176942491870865,0.0058556060815285185,0.005799954031484814,0,2.5,0.0
3155,2023-01-22 21:18:59.999,-0.02910613511186,1611.335,244.405,1.17e-05,6492567967.0,-0.0412720055690666,0.005858945315929454,2.076460830608832,1.988292630240514,0.005860302024368604,0.005802529196082485,0,2.5,0.0
3156,2023-01-22 21:19:59.999,-0.0276806378616285,1610.785,736.6973,1.1675e-05,20457010761.0,-0.04126342214807965,0.005865266332517716,2.315800087567485,2.076460830608832,0.005866624504663401,0.00580442300512739,0,2.5,0.0
3157,2023-01-22 21:20:59.999,-0.0269916223062907,1611.3249999999998,568.7614,1.167e-05,4889078950.0,-0.0412544155926795,0.00587223403641369,2.428853005167249,2.315800087567485,0.005873593822014044,0.005806093613544355,0,2.5,0.0
3158,2023-01-22 21:21:59.999,-0.0273019684562854,1613.105,456.6244,1.169e-05,6612978703.0,-0.04124569036872707,0.00587895340255883,2.371803441471849,2.428853005167249,0.005880314744108296,0.005807874781137343,0,2.5,0.0
3159,2023-01-22 21:22:59.999,-0.0272833709557893,1613.135,296.1441,1.169e-05,2458244082.0,-0.04123662927454626,0.005885379799507336,2.370833963837811,2.371803441471849,0.005886742629165413,0.005810083428755176,0,2.5,0.0
3160,2023-01-22 21:23:59.999,-0.0275089451878791,1615.0500000000002,1016.3016,1.171e-05,8032693040.0,-0.04122768807822957,0.005891554811290755,2.328543708709872,2.370833963837811,0.00589291907084622,0.005812925830133174,0,2.5,0.0
3161,2023-01-22 21:24:59.999,-0.0271276256643808,1617.9450000000002,1053.9206,1.173e-05,9634901069.0,-0.04121808344558315,0.0058976198515637915,2.3891770130735326,2.328543708709872,0.005898985515551433,0.005816417500242299,0,2.5,0.0
3162,2023-01-22 21:25:59.999,-0.0284760995868111,1618.04,445.8452,1.175e-05,4135906628.0,-0.04120882375190803,0.005901915396216398,2.1573884595600314,2.3891770130735326,0.00590328205488847,0.005820033401672733,0,2.5,0.0
3163,2023-01-22 21:26:59.999,-0.0291468889022112,1616.955,133.3663,1.175e-05,9899109036.0,-0.04120017183242096,0.0059058919674668834,2.0408911975712236,2.1573884595600314,0.0059072595469613015,0.005824293992440814,0,2.5,0.0
3164,2023-01-22 21:27:59.999,-0.029329347234956,1616.66,263.594,1.175e-05,3733740010.0,-0.041191655011861235,0.005909738784333702,2.0072473944789864,2.0408911975712236,0.005911107254604296,0.005829632698995988,0,2.5,0.0
3165,2023-01-22 21:28:59.999,-0.029696234247666,1616.635,388.0501,1.1755e-05,4650712703.0,-0.04118331546639579,0.005913243813605409,1.9426023314479082,2.0072473944789864,0.005914613095507199,0.005836753489490495,0,2.5,0.0
3166,2023-01-22 21:29:59.999,-0.0303476178907047,1617.285,193.4755,1.177e-05,2767025597.0,-0.041175123281188504,0.005915991858456899,1.8302096503067198,1.9426023314479082,0.005917361776701144,0.005842996472156445,0,2.5,0.0
3167,2023-01-22 21:30:59.999,-0.0299816098771437,1619.58,736.7787,1.1785e-05,2968791110.0,-0.04116645201942658,0.005918665065882447,1.8897575750242703,1.8302096503067198,0.005920035603139649,0.005848133121529509,0,2.5,0.0
3168,2023-01-22 21:31:59.999,-0.0296561165695337,1620.675,486.5249,1.179e-05,5896013213.0,-0.041157773429401696,0.005921792050671678,1.9422594987210708,1.8897575750242703,0.005923163312019382,0.005852471156356407,0,2.5,0.0
3169,2023-01-22 21:32:59.999,-0.0293604277176022,1622.29,626.6237,1.18e-05,5766930358.0,-0.04114922628145053,0.005925488948755676,1.9895064636520698,1.9422594987210708,0.005926861066164081,0.00585678006723854,0,2.5,0.0
3170,2023-01-22 21:33:59.999,-0.0292481592453199,1623.04,871.636,1.1805e-05,9272528505.0,-0.041140536828190764,0.005929171700596252,2.0057401241517328,1.9895064636520698,0.005930544670789626,0.005861882644442303,0,2.5,0.0
3171,2023-01-22 21:34:59.999,-0.029698082500893,1623.445,200.0745,1.1815e-05,4810456929.0,-0.041132186209582054,0.005932578490935452,1.9273413282537317,2.0057401241517328,0.00593395225001163,0.0058683668340010625,0,2.5,0.0
3172,2023-01-22 21:35:59.999,-0.029479435616281,1623.8000000000002,270.3088,1.1815e-05,4563453988.0,-0.04112416722873724,0.0059366162802109,1.961509901064813,1.9273413282537317,0.005937990974285186,0.005875274052537608,0,2.5,0.0
3173,2023-01-22 21:36:59.999,-0.0293005314763412,1622.955,136.3045,1.1805e-05,6415494298.0,-0.04111636523147308,0.005941074501002279,1.9888378361756798,1.961509901064813,0.005942450227430588,0.0058819217153725754,0,2.5,0.0
3174,2023-01-22 21:37:59.999,-0.0295302880834498,1624.285,79.2047,1.182e-05,2686228051.0,-0.04110875237780857,0.005945378921673923,1.9474728939730634,1.9888378361756798,0.005946755644842009,0.0058882867395856145,0,2.5,0.0
3175,2023-01-22 21:38:59.999,-0.0297457907288105,1623.935,184.8857,1.182e-05,1995055238.0,-0.041101144063269465,0.005949398614667297,1.908655659155893,1.9474728939730634,0.005950776268643082,0.0058944356820225235,0,2.5,0.0
3176,2023-01-22 21:39:59.999,-0.029832004792226,1623.795,294.6141,1.182e-05,3776212821.0,-0.041093719989968525,0.0059534496020591495,1.8916285431974396,1.908655659155893,0.0059548281940892235,0.005900059650385692,0,2.5,0.0
3177,2023-01-22 21:40:59.999,-0.0306413990201299,1623.615,149.4452,1.183e-05,4404772195.0,-0.041086723935313825,0.005956848370627232,1.7534985390410522,1.8916285431974396,0.005958227749682574,0.005904276427906678,0,2.5,0.0
3178,2023-01-22 21:41:59.999,-0.0307438655132408,1622.315,195.4476,1.182e-05,3748260054.0,-0.04107983010143185,0.0059601967248466324,1.734165005846684,1.7534985390410522,0.0059615768792531994,0.00590822147387205,0,2.5,0.0
3179,2023-01-22 21:42:59.999,-0.0305663218560319,1623.17,120.2375,1.1825e-05,2353030335.0,-0.04107283279134978,0.005963662458464621,1.7617547955627997,1.734165005846684,0.005965043415403008,0.0059119837148300216,0,2.5,0.0
3180,2023-01-22 21:43:59.999,-0.030024319760983,1624.05,132.2,1.1825e-05,1129962392.0,-0.04106457675563031,0.005966607528662785,1.8503407407997574,1.7617547955627997,0.005967989167567187,0.005915300265805686,0,2.5,0.0
3181,2023-01-22 21:44:59.999,-0.0304693396880324,1625.5949999999998,485.2922,1.1845e-05,17096671045.0,-0.041056433989810584,0.005969059402697476,1.7736620776455623,1.8503407407997574,0.005970441609362459,0.00591803023331077,0,2.5,0.0
3182,2023-01-22 21:45:59.999,-0.0298564225060289,1624.89,198.2487,1.183e-05,6540908686.0,-0.04104814876118093,0.00597217863015423,1.873977144394793,1.7736620776455623,0.005973561559113412,0.005920817530359583,0,2.5,0.0
3183,2023-01-22 21:46:59.999,-0.0295395229586503,1624.27,61.5309,1.182e-05,2545170313.0,-0.041039635894297426,0.005975471118743828,1.924553346023819,1.873977144394793,0.005976854810117884,0.005924087750555557,0,2.5,0.0
3184,2023-01-22 21:47:59.999,-0.0291896288210331,1623.135,125.515,1.1805e-05,4564123228.0,-0.04103096907764208,0.005979075015329962,1.9804635710788958,1.924553346023819,0.005980459541229116,0.005927781967320467,0,2.5,0.0
3185,2023-01-22 21:48:59.999,-0.028815051309639,1623.1750000000002,57.1612,1.18e-05,3580127429.0,-0.04102229238206288,0.005983196023326303,2.0402542428548713,1.9804635710788958,0.005984581503493849,0.005931396565595127,0,2.5,0.0
3186,2023-01-22 21:49:59.999,-0.0286753245294235,1623.97,121.8013,1.1805e-05,3759390446.0,-0.04101389535738671,0.005987789081157001,2.060622152973209,2.0402542428548713,0.0059891756249016905,0.0059349619310800185,0,2.5,0.0
3187,2023-01-22 21:50:59.999,-0.0295225453027256,1623.73,66.6713,1.1815e-05,760338521.0,-0.04100630038204662,0.005991954334977173,1.9165291384625964,2.060622152973209,0.005993341843235902,0.005939105787571537,0,2.5,0.0
3188,2023-01-22 21:51:59.999,-0.0288415975809464,1623.6999999999998,229.9512,1.1805e-05,4684395330.0,-0.040997476585665556,0.005995826911095286,2.0273899138456923,1.9165291384625964,0.005997215316095053,0.005943526581783444,0,2.5,0.0
3189,2023-01-22 21:52:59.999,-0.0291117299485392,1624.965,938.927,1.182e-05,9692609991.0,-0.0409887266664572,0.005999374174549379,1.9797059447138239,2.0273899138456923,0.006000763400960169,0.005947760800792278,0,2.5,0.0
3190,2023-01-22 21:53:59.999,-0.029444007777208,1627.83,257.1281,1.185e-05,3535868354.0,-0.040980019938560694,0.006002474887254937,1.9218759558406688,1.9797059447138239,0.006003864831672614,0.005951789250004618,0,2.5,0.0
3191,2023-01-22 21:54:59.999,-0.0300240637340358,1628.02,201.5747,1.186e-05,5410441970.0,-0.040972009887284784,0.006005544818152483,1.8229730165625433,1.9218759558406688,0.006006935473449156,0.005955678082987561,0,2.5,0.0
3192,2023-01-22 21:55:59.999,-0.0295297202719488,1628.8249999999998,748.9882,1.186e-05,1586580680.0,-0.040964268450907955,0.006009510770339347,1.9027419395594936,1.8229730165625433,0.006010902343999396,0.00595906503207523,0,2.5,0.0
3193,2023-01-22 21:56:59.999,-0.0294255785041492,1627.86,283.8821,1.185e-05,2869093074.0,-0.04095641704750619,0.006013501116394185,1.9174917107641796,1.9027419395594936,0.0060148936140663,0.005962443513290652,0,2.5,0.0
3194,2023-01-22 21:57:59.999,-0.0291936053184258,1626.535,561.9336,1.1835e-05,5672136615.0,-0.04094832749059407,0.006017565096844952,1.9534017468845244,1.9174917107641796,0.006018958535580053,0.0059657798534440525,0,2.5,0.0
3195,2023-01-22 21:58:59.999,-0.0297990406726924,1626.685,195.9371,1.1845e-05,2212407732.0,-0.04094130055311099,0.006021716934809546,1.8503460061380308,1.9534017468845244,0.0060231113349520846,0.005968602278016004,0,2.5,0.0
3196,2023-01-22 21:59:59.999,-0.0299798492780887,1627.525,130.3655,1.1855e-05,5175261676.0,-0.040934439047701825,0.006025757921054456,1.8179604811764765,1.8503460061380308,0.0060271532569354,0.0059712215968001974,0,2.5,0.0
3197,2023-01-22 22:00:59.999,-0.0305052834692247,1628.37,348.7064,1.187e-05,3473831655.0,-0.04092753407415499,0.00602915840116571,1.728641032704531,1.8179604811764765,0.006030554524468249,0.00597438487186453,0,2.5,0.0
3198,2023-01-22 22:01:59.999,-0.0310105226093924,1628.68,46.1464,1.188e-05,4383282355.0,-0.04092047797722621,0.0060318412493836375,1.6429403490760737,1.728641032704531,0.006033237993931575,0.005977755992895692,0,2.5,0.0
3199,2023-01-22 22:02:59.999,-0.0314520920069654,1627.395,67.2116,1.1875e-05,12906061514.0,-0.04091358025656286,0.006034145521411598,1.5679913943116315,1.6429403490760737,0.006035542799541118,0.005981490031795299,0,2.5,0.0
3200,2023-01-22 22:03:59.999,-0.0321313218909189,1626.29,82.9441,1.1875e-05,5860528084.0,-0.040907169848378465,0.006036116732020036,1.45388970211692,1.5679913943116315,0.006037514466606804,0.00598573003384581,0,2.5,0.0
3201,2023-01-22 22:04:59.999,-0.031801363791704,1625.6950000000002,185.9346,1.1865e-05,2108296882.0,-0.04090075159068727,0.0060384246057550725,1.5069142024744118,1.45388970211692,0.006039822874757441,0.0059902171794852434,0,2.5,0.0
3202,2023-01-22 22:05:59.999,-0.0318623391014583,1625.03,341.1793,1.186e-05,2551527896.0,-0.04089426243899526,0.006040602390157857,1.495202424223941,1.5069142024744118,0.006042001163452095,0.0059943102114506895,0,2.5,0.0
3203,2023-01-22 22:06:59.999,-0.0324326665669332,1625.8,162.6858,1.1875e-05,5927304587.0,-0.04088952131499405,0.006043222374991863,1.3993949292776497,1.495202424223941,0.006044621754974735,0.005998102337311332,0,2.5,0.0
3204,2023-01-22 22:07:59.999,-0.032881884717014,1625.635,405.8241,1.188e-05,8349196146.0,-0.04088512857142081,0.006045592492240519,1.3238146409436182,1.3993949292776497,0.006046992421052216,0.00600153875863828,0,2.5,0.0
3205,2023-01-22 22:08:59.999,-0.0324197520946434,1624.69,111.606,1.1865e-05,3915872739.0,-0.04088039674090677,0.00604821599897332,1.3988661528787267,1.3238146409436182,0.0060496165352891896,0.0060046324921167495,0,2.5,0.0
3206,2023-01-22 22:09:59.999,-0.0316223723264776,1625.42,155.1291,1.186e-05,8052418915.0,-0.040874784705538424,0.0060511791349866844,1.5290263554693437,1.3988661528787267,0.006052580357451923,0.0060079271910867165,0,2.5,0.0
3207,2023-01-22 22:10:59.999,-0.0317347922881694,1626.935,203.9804,1.1875e-05,3185489069.0,-0.04086908890033603,0.006053988814732887,1.5088063245074979,1.5290263554693437,0.006055390687812872,0.006011900161516122,0,2.5,0.0
3208,2023-01-22 22:11:59.999,-0.0315012515327097,1627.315,140.9939,1.1875e-05,866153958.0,-0.04086282943630637,0.006056681100060516,1.5456613529649326,1.5088063245074979,0.006058083596571174,0.006015909844444738,0,2.5,0.0
3209,2023-01-22 22:12:59.999,-0.0317352982984857,1627.5,72.6949,1.188e-05,4040285011.0,-0.040857341686741204,0.006059578020677166,1.5053925136582542,1.5456613529649326,0.006060981188004233,0.006019996735423061,0,2.5,0.0
3210,2023-01-22 22:13:59.999,-0.0322032585829639,1628.435,140.4994,1.1895e-05,2622856603.0,-0.04085310951566136,0.006062427785157074,1.42679653090059,1.5053925136582542,0.006063831612380985,0.0060241218154479135,0,2.5,0.0
3211,2023-01-22 22:14:59.999,-0.0325657508321413,1628.41,197.1227,1.19e-05,7812528063.0,-0.04084866250144159,0.006064981686494358,1.3656944237350084,1.42679653090059,0.006066386105104484,0.006028003573818613,0,2.5,0.0
3212,2023-01-22 22:15:59.999,-0.0325071163366104,1627.375,71.0063,1.189e-05,1496195613.0,-0.040845142528345285,0.006067614988491912,1.3741851135164518,1.3656944237350084,0.00606902001687442,0.00603122539183408,0,2.5,0.0
3213,2023-01-22 22:16:59.999,-0.0324421532843537,1626.35,378.8359,1.188e-05,1277002235.0,-0.04084140130001001,0.006070303088765595,1.3836620499561099,1.3741851135164518,0.006071708739609678,0.006033814195333961,0,2.5,0.0
3214,2023-01-22 22:17:59.999,-0.0324485347250558,1626.9050000000002,119.2482,1.1885e-05,1462242975.0,-0.04083805152540887,0.006072936641602387,1.3814596290830783,1.3836620499561099,0.006074342902276936,0.00603603571630754,0,2.5,0.0
3215,2023-01-22 22:18:59.999,-0.0325871363364349,1627.81,30.0473,1.1895e-05,192718013.0,-0.040834236411118364,0.006075529792296887,1.3574289579058423,1.3814596290830783,0.006076936653446307,0.006038091568644464,0,2.5,0.0
3216,2023-01-22 22:19:59.999,-0.0323166436565784,1627.685,34.9421,1.189e-05,5335947867.0,-0.04082975704540609,0.006078240636000141,1.400588410140643,1.3574289579058423,0.006079648124877648,0.006040367446931105,0,2.5,0.0
3217,2023-01-22 22:20:59.999,-0.0325466872933581,1626.18,66.9927,1.188e-05,6216073486.0,-0.040825324611033116,0.006080787903220899,1.361441551561098,1.400588410140643,0.0060821959819484135,0.006042656311332755,0,2.5,0.0
3218,2023-01-22 22:21:59.999,-0.0334232521111452,1625.3200000000002,554.704,1.1885e-05,3806547169.0,-0.04082114744691193,0.006082771919642353,1.2162046240592408,1.361441551561098,0.0060841804577924565,0.006045214421494105,0,2.5,0.0
3219,2023-01-22 22:22:59.999,-0.0334017181220502,1625.355,111.248,1.1885e-05,1490330972.0,-0.040816608327327746,0.0060846483206863965,1.2186226408630116,1.2162046240592408,0.006086057293339467,0.006047648449611459,0,2.5,0.0
3220,2023-01-22 22:23:59.999,-0.0339583570637067,1625.015,91.5906,1.189e-05,1193930655.0,-0.040811807711593935,0.00608596669640003,1.1261071559824976,1.2186226408630116,0.00608737597433867,0.0060503574908298725,0,2.5,0.0
3221,2023-01-22 22:24:59.999,-0.0339158614031021,1623.955,164.0923,1.188e-05,3669008517.0,-0.040806650656041124,0.006087088295023082,1.132033727615396,1.1261071559824976,0.006088497832681217,0.0060532829400421605,0,2.5,0.0
3222,2023-01-22 22:25:59.999,-0.0331710372625515,1624.6,174.9866,1.1875e-05,1564651842.0,-0.04080063407212283,0.006088209743463598,1.2531757496959741,1.132033727615396,0.006089619540806451,0.0060560639150024475,0,2.5,0.0
3223,2023-01-22 22:26:59.999,-0.0321044549787536,1623.505,160.0828,1.185e-05,3212948083.0,-0.04079795261281594,0.006090763228614155,1.427324837258597,1.2531757496959741,0.006092173617246851,0.006058807994429439,0,2.5,0.0
3224,2023-01-22 22:27:59.999,-0.0312931532924736,1623.69,86.5605,1.184e-05,3878795804.0,-0.040797874567306686,0.00609088393896769,1.560483071106423,1.427324837258597,0.006092294355552304,0.006061693794098421,0,2.5,0.0
3225,2023-01-22 22:28:59.999,-0.0318488678583364,1623.92,124.1279,1.185e-05,2356847848.0,-0.04079496328904661,0.006093657162246926,1.4680995652554074,1.560483071106423,0.0060950682210043575,0.00606447023556186,0,2.5,0.0
3226,2023-01-22 22:29:59.999,-0.0314964147150789,1623.36,100.9567,1.184e-05,1061336162.0,-0.0407915657876704,0.006096793978595829,1.5245965511093582,1.4680995652554074,0.0060982057637203775,0.006067044583046968,0,2.5,0.0
3227,2023-01-22 22:30:59.999,-0.0312614828812343,1623.1750000000002,37.5292,1.1835e-05,249028567.0,-0.040789173016737366,0.006099518910611842,1.562039609210318,1.5245965511093582,0.006100931326726792,0.006069692197558234,0,2.5,0.0
3228,2023-01-22 22:31:59.999,-0.0305558802371734,1622.62,337.2618,1.182e-05,2872980595.0,-0.04078621076444234,0.0061029333511445445,1.6762972719258589,1.562039609210318,0.00610434655791379,0.0060723672802764925,0,2.5,0.0
3229,2023-01-22 22:32:59.999,-0.0308990595508902,1622.63,211.6249,1.1825e-05,5182328807.0,-0.04078347670339883,0.006106038484107809,1.6187937855673218,1.6762972719258589,0.0061074524099075074,0.006074991340069279,0,2.5,0.0
3230,2023-01-22 22:33:59.999,-0.0314494038748733,1622.87,20.1583,1.1835e-05,1554503915.0,-0.040779417040863325,0.006109327066272377,1.5271752624766184,1.6187937855673218,0.00611074175358237,0.0060776145213041425,0,2.5,0.0
3231,2023-01-22 22:34:59.999,-0.031158896929341,1622.775,123.2101,1.183e-05,1600244087.0,-0.040775120442860684,0.006112827048709044,1.5731221310360017,1.5271752624766184,0.0061142425464815785,0.00608028508914534,0,2.5,0.0
3232,2023-01-22 22:35:59.999,-0.0296657215597946,1622.9299999999998,155.6469,1.181e-05,18234118161.0,-0.040770442443091796,0.006117458902337845,1.8152505902497234,1.5731221310360017,0.006118875472671151,0.006082692100909424,0,2.5,0.0
3233,2023-01-22 22:36:59.999,-0.0305034971938624,1622.705,67.9332,1.182e-05,2454614636.0,-0.04076636330474746,0.006121364743593372,1.676565037498573,1.8152505902497234,0.006122782218370653,0.006084649666679209,0,2.5,0.0
3234,2023-01-22 22:37:59.999,-0.0299781399831005,1624.125,126.2669,1.1825e-05,1606225258.0,-0.04076190275886497,0.006125712430697439,1.7604095683180294,1.676565037498573,0.0061271309122333546,0.006086386963589268,0,2.5,0.0
3235,2023-01-22 22:38:59.999,-0.0315864777153542,1623.78,147.5457,1.1845e-05,2398200990.0,-0.04075792811918655,0.006128878514042427,1.496432076899356,1.7604095683180294,0.0061302977287225795,0.006087656438924307,0,2.5,0.0
3236,2023-01-22 22:39:59.999,-0.0316319452866729,1623.14,42.4664,1.184e-05,1057295569.0,-0.04075417616976936,0.00613198268310821,1.4876478546205771,1.496432076899356,0.006133402616595613,0.006088778259712525,0,2.5,0.0
3237,2023-01-22 22:40:59.999,-0.032044810670694,1622.47,134.5052,1.184e-05,1661835187.0,-0.040751091572327605,0.006134686629559599,1.4191891823264355,1.4876478546205771,0.006136107189177947,0.006090258059916551,0,2.5,0.0
3238,2023-01-22 22:41:59.999,-0.0323442565356586,1622.5500000000002,258.6403,1.1845e-05,755057512.0,-0.04074800042894978,0.0061372391831415836,1.36930363026676,1.4191891823264355,0.006138660333834058,0.006092203801823215,0,2.5,0.0
3239,2023-01-22 22:42:59.999,-0.0327390861438061,1622.475,156.3306,1.185e-05,3099392165.0,-0.04074565703831717,0.006139330072001009,1.3041440679376064,1.36930363026676,0.006140751706863656,0.006092987821915317,0,2.5,0.0
3240,2023-01-22 22:43:59.999,-0.0325322499225428,1622.245,162.2916,1.1845e-05,226688355.0,-0.040743713002474084,0.006141265426162475,1.3370962676437235,1.3041440679376064,0.006142687509179385,0.006095852606683362,0,2.5,0.0
3241,2023-01-22 22:44:59.999,-0.0328189308224651,1621.78,624.9279,1.1845e-05,3042109978.0,-0.04074176438053064,0.006143111609844276,1.289710176414389,1.3370962676437235,0.006144534120366965,0.006098887154471981,0,2.5,0.0
3242,2023-01-22 22:45:59.999,-0.0325815655146008,1622.165,10.1373,1.1845e-05,477813511.0,-0.04073956011307116,0.006145184693447672,1.3275426216512016,1.289710176414389,0.0061466076840175155,0.006101785134523542,0,2.5,0.0
3243,2023-01-22 22:46:59.999,-0.0327911839173964,1621.825,28.2625,1.1845e-05,235819470.0,-0.04073697464450255,0.006147353084581445,1.2925547984278754,1.3275426216512016,0.006148776577268031,0.0061051230209122195,0,2.5,0.0
3244,2023-01-22 22:47:59.999,-0.0328960095985522,1621.655,24.7659,1.1845e-05,303015868.0,-0.04073437288331546,0.006149481476193766,1.2746380837323594,1.2925547984278754,0.006150905461734733,0.006108274745826223,0,2.5,0.0
3245,2023-01-22 22:48:59.999,-0.0330378500714267,1621.4250000000002,77.8959,1.1845e-05,321002840.0,-0.04073174379559803,0.006151557123226873,1.2507229584394088,1.2746380837323594,0.006152981589408587,0.006111616951807172,0,2.5,0.0
3246,2023-01-22 22:49:59.999,-0.0329669273201496,1621.54,111.2637,1.1845e-05,91291395.0,-0.040729618245763516,0.006153446248483546,1.2615192547634506,1.2507229584394088,0.00615487115211467,0.006115400778028971,0,2.5,0.0
3247,2023-01-22 22:50:59.999,-0.0331277314110209,1622.975,341.3135,1.186e-05,631478320.0,-0.04072783858566264,0.006155088462776731,1.2347681468111866,1.2615192547634506,0.006156513746682099,0.0061198521590960266,0,2.5,0.0
3248,2023-01-22 22:51:59.999,-0.0326174076726957,1626.065,248.1665,1.188e-05,4743147153.0,-0.040725829218706704,0.006157027082186995,1.3169377749644182,1.2347681468111866,0.006158452815002733,0.006123869391836329,0,2.5,0.0
3249,2023-01-22 22:52:59.999,-0.0333432710604597,1625.45,87.3808,1.1885e-05,399035582.0,-0.0407241828409131,0.006158525304859508,1.1984868803947828,1.3169377749644182,0.006159951384606516,0.006127922616355661,0,2.5,0.0
3250,2023-01-22 22:53:59.999,-0.0328327735603437,1626.28,86.2269,1.1885e-05,470103485.0,-0.0407224150795646,0.006160241968059156,1.2807356529384208,1.1984868803947828,0.006161668445319935,0.006131073950690838,0,2.5,0.0
3251,2023-01-22 22:54:59.999,-0.0329680887219936,1627.19,214.1913,1.1895e-05,1465099239.0,-0.04072077922604953,0.0061618315553865505,1.2581795581994903,1.2807356529384208,0.006163258400735173,0.0061340787597411964,0,2.5,0.0
3252,2023-01-22 22:55:59.999,-0.0328513462313893,1627.9450000000002,174.3499,1.19e-05,2636127950.0,-0.04071873155295999,0.006163711152525101,1.2764039597065873,1.2581795581994903,0.006165138433116787,0.006136745475341975,0,2.5,0.0
3253,2023-01-22 22:56:59.999,-0.0340413786750666,1628.83,172.955,1.1924999999999998e-05,3743251718.0,-0.04071728641021692,0.006164910503351218,1.0828880210866532,1.2764039597065873,0.006166338061666845,0.006139183177091457,0,2.5,0.0
3254,2023-01-22 22:57:59.999,-0.0335203265283325,1628.5500000000002,196.4435,1.1915e-05,1662588980.0,-0.04071537467301968,0.006166501521522325,1.16679581113781,1.0828880210866532,0.006167929448257123,0.006141235657442588,0,2.5,0.0
3255,2023-01-22 22:58:59.999,-0.0339252197269672,1628.455,87.5354,1.192e-05,1067216696.0,-0.04071359594840833,0.006167905604192219,1.1005966461009367,1.16679581113781,0.006169333856059052,0.00614314916197628,0,2.5,0.0
3256,2023-01-22 22:59:59.999,-0.0338116215665209,1628.64,54.2329,1.192e-05,205629533.0,-0.040711653977565467,0.006169417860330172,1.118425201089442,1.1005966461009367,0.00617084646237789,0.006145052511279603,0,2.5,0.0
3257,2023-01-22 23:00:59.999,-0.0342353777104165,1627.95,260.7431,1.192e-05,1320343039.0,-0.04070986727818932,0.0061707341949019,1.0492251591588366,1.118425201089442,0.006172163101762537,0.006147149907330144,0,2.5,0.0
3258,2023-01-22 23:01:59.999,-0.0342026752696646,1626.875,202.1968,1.191e-05,2316949027.0,-0.04070754901801494,0.00617223762542015,1.0538923066669112,1.0492251591588366,0.006173666880417997,0.0061493087983847065,0,2.5,0.0
3259,2023-01-22 23:02:59.999,-0.034472546655266,1627.0,319.1119,1.1915e-05,2873890322.0,-0.0407050898145923,0.006173662976166443,1.0095373173733597,1.0538923066669112,0.006175092561221199,0.006151424493653196,0,2.5,0.0
3260,2023-01-22 23:03:59.999,-0.0337642160073592,1630.41,1151.651,1.1935e-05,5811190795.0,-0.040701726741228884,0.006175464225609169,1.1233990644946763,1.0095373173733597,0.006176894227764647,0.006153453980085108,0,2.5,0.0
3261,2023-01-22 23:04:59.999,-0.0341861903491675,1630.85,417.6498,1.1945e-05,1275494355.0,-0.0406977517471911,0.0061768933769498525,1.0541806375228393,1.1233990644946763,0.006178323710042314,0.006155281800756527,0,2.5,0.0
3262,2023-01-22 23:05:59.999,-0.0352659649284561,1629.09,306.365,1.1945e-05,1916450596.0,-0.040694077563496765,0.006177762852678271,0.8786534485841251,1.0541806375228393,0.006179193387108174,0.006156998513762257,0,2.5,0.0
3263,2023-01-22 23:06:59.999,-0.0352076518640096,1629.185,157.7515,1.1945e-05,1299730071.0,-0.04069022784886077,0.00617858960736641,0.8873507277962887,0.8786534485841251,0.0061800203332411895,0.006158827457403679,0,2.5,0.0
3264,2023-01-22 23:07:59.999,-0.036004924897746,1629.575,175.5668,1.196e-05,7606934168.0,-0.040686867758919554,0.006179163170135157,0.7576985317044382,0.8873507277962887,0.006180594028825214,0.006160380649784871,0,2.5,0.0
3265,2023-01-22 23:08:59.999,-0.0355742037532706,1630.84,263.8672,1.1965e-05,970823916.0,-0.04068342241799148,0.0061799381344639645,0.8267426879612355,0.7576985317044382,0.006181369172606224,0.006162065934173745,0,2.5,0.0
3266,2023-01-22 23:09:59.999,-0.0356845824135092,1630.66,155.6989,1.1965e-05,921785446.0,-0.0406804576425872,0.006180799403183369,0.8082894951266206,0.8267426879612355,0.00618223064076264,0.006163728408830576,0,2.5,0.0
3267,2023-01-22 23:10:59.999,-0.0359865153591485,1629.605,247.8323,1.196e-05,2425340921.0,-0.040678006535809524,0.0061816105381345835,0.7589431828030968,0.8082894951266206,0.006183041963541796,0.006165438340254301,0,2.5,0.0
3268,2023-01-22 23:11:59.999,-0.0360417449916994,1629.515,303.428,1.196e-05,4139333332.0,-0.040675741091465135,0.006182412511607377,0.7495449536997876,0.7589431828030968,0.006183844122721081,0.006166735908314415,0,2.5,0.0
3269,2023-01-22 23:12:59.999,-0.0355594771167915,1629.1750000000002,105.2369,1.195e-05,3195001994.0,-0.040673573688133624,0.006183385066842782,0.8270706928419336,0.7495449536997876,0.006184816903163211,0.006168280550207605,0,2.5,0.0
3270,2023-01-22 23:13:59.999,-0.0357699911479727,1629.395,66.2981,1.1955e-05,304493541.0,-0.04067153235367442,0.006184275673162132,0.7925812924176252,0.8270706928419336,0.006185707715713044,0.006169712007638761,0,2.5,0.0
3271,2023-01-22 23:14:59.999,-0.03604481339406,1629.51,68.3491,1.196e-05,2157887814.0,-0.04067003132496854,0.006185004960080688,0.7478115152308947,0.7925812924176252,0.006186437171506656,0.006171175622224052,0,2.5,0.0
3272,2023-01-22 23:15:59.999,-0.0360478818058354,1629.505,235.1981,1.196e-05,2230017753.0,-0.0406682232456563,0.006185785006544648,0.7469288756289636,0.7478115152308947,0.006187217398599646,0.006172539046426402,0,2.5,0.0
3273,2023-01-22 23:16:59.999,-0.0358160215618106,1629.3200000000002,145.5957,1.1955e-05,1000550086.0,-0.04066657948892508,0.0061866023746027995,0.7840422954975999,0.7469288756289636,0.00618803495592909,0.006174023300618797,0,2.5,0.0
3274,2023-01-22 23:17:59.999,-0.03610284444186,1628.29,103.0685,1.195e-05,2808236458.0,-0.04066515905024734,0.006187297780122286,0.7373678737500765,0.7840422954975999,0.0061887305224779905,0.006175542977857061,0,2.5,0.0
3275,2023-01-22 23:18:59.999,-0.0361977352160494,1627.01,424.5914,1.194e-05,4340509570.0,-0.04066352224349279,0.006188011702094993,0.7216836752153304,0.7373678737500765,0.006189444609767818,0.006177251598334064,0,2.5,0.0
3276,2023-01-22 23:19:59.999,-0.036717174319456,1627.29,145.6684,1.195e-05,3850928733.0,-0.04066188420922339,0.006188587805860648,0.6374168087316647,0.7216836752153304,0.006190020846937149,0.006178541129308779,0,2.5,0.0
3277,2023-01-22 23:20:59.999,-0.0368738888458288,1627.035,239.7583,1.195e-05,1829856750.0,-0.040660624231945865,0.006189081832320261,0.6118412211553244,0.6374168087316647,0.006190514987794461,0.006179400123641428,0,2.5,0.0
3278,2023-01-22 23:21:59.999,-0.0370179717994219,1627.9250000000002,141.4296,1.196e-05,2602393617.0,-0.04065956808808518,0.0061895086874191926,0.5883498145927468,0.6118412211553244,0.006190941941736767,0.006180163757137196,0,2.5,0.0
3279,2023-01-22 23:22:59.999,-0.0369981945331545,1627.395,53.9344,1.1955e-05,1653858229.0,-0.040658522600729385,0.006189936313361782,0.5913353356598506,0.5883498145927468,0.006191369666701225,0.0061807878147704665,0,2.5,0.0
3280,2023-01-22 23:23:59.999,-0.0375187344744993,1627.11,175.6213,1.196e-05,990279034.0,-0.04065766601684805,0.006190242720919393,0.5070772962974464,0.5913353356598506,0.00619167614521115,0.006181584539645329,0,2.5,0.0
3281,2023-01-22 23:24:59.999,-0.0384242261400267,1626.76,242.4274,1.197e-05,2237553344.0,-0.040657121468109736,0.006190387432875823,0.3607036477595262,0.5070772962974464,0.006191820890677353,0.00618243347145743,0,2.5,0.0
3282,2023-01-22 23:25:59.999,-0.0382819944458177,1626.4299999999998,218.4922,1.1965e-05,3351524494.0,-0.0406560600739771,0.006190598030086472,0.38349536129165207,0.3607036477595262,0.00619203153665429,0.006183242503336617,0,2.5,0.0
3283,2023-01-22 23:26:59.999,-0.0383742252319052,1626.28,250.4432,1.1965e-05,693436213.0,-0.04065509501049378,0.006190791190071518,0.3684294476361157,0.38349536129165207,0.006192224741367826,0.006184087317831613,0,2.5,0.0
3284,2023-01-22 23:27:59.999,-0.0381752960005243,1627.165,260.3466,1.197e-05,1842741818.0,-0.04065395420071858,0.00619102100546631,0.40036339692689926,0.3684294476361157,0.006192454609979106,0.006185039606300669,0,2.5,0.0
3285,2023-01-22 23:28:59.999,-0.0384849134049858,1626.1,181.4858,1.1965e-05,1952663228.0,-0.040653112454182405,0.006191192252411631,0.35020702972873075,0.40036339692689926,0.006192625896578693,0.006185890079661447,0,2.5,0.0
3286,2023-01-22 23:29:59.999,-0.0385679375758307,1625.965,217.497,1.1965e-05,1848586079.0,-0.04065221512410184,0.006191353942931463,0.3366432556566588,0.35020702972873075,0.006192787624539887,0.006186632228279903,0,2.5,0.0
3287,2023-01-22 23:30:59.999,-0.0394456109301657,1625.66,129.9382,1.1975e-05,6365327680.0,-0.04065211040841682,0.006191372436806534,0.1948678569356785,0.3366432556566588,0.006192806122697434,0.006187421787932007,0,2.5,0.0
3288,2023-01-22 23:31:59.999,-0.039980921438417,1624.79,358.8199,1.1975e-05,998780244.0,-0.04065239474085807,0.006191327504157873,0.10845384967765534,0.1948678569356785,0.006192761179644083,0.006188208847566315,0,2.5,0.0
3289,2023-01-22 23:32:59.999,-0.040033617665486,1625.8249999999998,188.6144,1.1985e-05,926335546.0,-0.04065271528588632,0.00619127753626614,0.09999513295501339,0.10845384967765534,0.006192711200181692,0.006188909044300447,0,2.5,0.0
3290,2023-01-22 23:33:59.999,-0.0396889401967506,1625.8249999999998,69.1997,1.198e-05,1323854966.0,-0.04065279468334429,0.006191264076554952,0.15567975694068817,0.09999513295501339,0.006192697737353746,0.006189588669060151,0,2.5,0.0
3291,2023-01-22 23:34:59.999,-0.0393787800679348,1626.89,137.4561,1.1985e-05,2894215362.0,-0.040652442381435665,0.006191314910837054,0.20571757887351091,0.15567975694068817,0.006192748583407132,0.006190144382151477,0,2.5,0.0
3292,2023-01-22 23:35:59.999,-0.0398003582465378,1627.325,90.3184,1.1995e-05,1581458061.0,-0.0406524188985381,0.006191318046449101,0.1376218513744394,0.20571757887351091,0.006192751719745267,0.006190621726280037,0,2.5,0.0
3293,2023-01-22 23:36:59.999,-0.0400246778752908,1626.96,78.0633,1.1995e-05,693227313.0,-0.040652572403451985,0.006191298370159572,0.10141564670626627,0.1376218513744394,0.0061927320388994594,0.006191048872977881,0,2.5,0.0
3294,2023-01-22 23:37:59.999,-0.0400093119118238,1626.985,82.2846,1.1995e-05,704480369.0,-0.04065303468500461,0.006191213044192026,0.10397361043562964,0.10141564670626627,0.006192646693173672,0.006191446286328706,0,2.5,0.0
3295,2023-01-22 23:38:59.999,-0.0403135454480647,1628.17,332.3289,1.201e-05,8675369824.0,-0.040653308267316085,0.006191184980042076,0.05487847970083965,0.10397361043562964,0.006192618622525134,0.0061917123315777004,0,2.5,0.0
3296,2023-01-22 23:39:59.999,-0.0395495386513573,1630.535,696.0911,1.202e-05,3128994138.0,-0.040653302027785096,0.0061911860856363014,0.17827979342900976,0.05487847970083965,0.006192619728375373,0.006191873552171587,0,2.5,0.0
3297,2023-01-22 23:40:59.999,-0.0396293869890911,1630.965,654.8833,1.2025e-05,1126302017.0,-0.04065354246871834,0.006191136231210732,0.16542286284450838,0.17827979342900976,0.006192569862405419,0.006192079837832674,0,2.5,0.0
3298,2023-01-22 23:41:59.999,-0.0397152917684877,1631.385,407.932,1.203e-05,3671928631.0,-0.040654113353100124,0.006190992834656509,0.15164313861857592,0.16542286284450838,0.00619242643264602,0.006192275164187374,0,2.5,0.0
3299,2023-01-22 23:42:59.999,-0.0400433380659848,1630.29,201.9846,1.2025e-05,5853960861.0,-0.04065465480130783,0.006190888251319348,0.0987445921338919,0.15164313861857592,0.006192321825091342,0.006192347976980012,0,2.0,0.0
3300,2023-01-22 23:43:59.999,-0.0397550137980218,1630.1999999999998,195.2049,1.202e-05,3113750434.0,-0.04065506557836259,0.006190799107885764,0.1453853960782407,0.0987445921338919,0.006192232661015537,0.006192347976980012,0,2.0,0.0
3301,2023-01-22 23:44:59.999,-0.0400709758667972,1629.685,318.2744,1.202e-05,3566695824.0,-0.04065559885828529,0.006190699158110588,0.09443569725435033,0.1453853960782407,0.006192132688095803,0.006192347976980012,0,2.0,0.0
3302,2023-01-22 23:45:59.999,-0.0408072976224929,1629.045,147.5999,1.2025e-05,774331582.0,-0.040656474573603184,0.006190586768167459,-0.024363288091729593,0.09443569725435033,0.006192020272127446,0.006192347976980012,3,2.0,0.0
3303,2023-01-22 23:46:59.999,-0.0409699828499583,1628.78,157.7912,1.2025e-05,404276210.0,-0.040657893340479985,0.006190307282260973,-0.05041583482820684,-0.024363288091729593,0.0061917407215026764,0.006192347976980012,0,2.0,3.0
3304,2023-01-22 23:47:59.999,-0.0405038272870186,1628.42,282.4681,1.2015e-05,5118449414.0,-0.040659055584037505,0.006190042570423817,0.02507709684592278,-0.05041583482820684,0.0061914759483683475,0.006192347976980012,4,2.0,0.0
3305,2023-01-22 23:48:59.999,-0.0402889782906683,1628.21,188.5289,1.201e-05,2937720919.0,-0.04065981620429812,0.006189896106985205,0.05991019998079425,0.02507709684592278,0.0061913294510143844,0.006192347976980012,0,2.0,4.0
3306,2023-01-22 23:49:59.999,-0.0398804023611916,1627.755,75.0961,1.2e-05,1431540953.0,-0.04066019799301884,0.006189822588685796,0.1259802879088344,0.05991019998079425,0.0061912559156909385,0.006192347976980012,0,2.0,0.0
3307,2023-01-22 23:50:59.999,-0.0399418385551157,1627.655,61.2606,1.2e-05,1088697765.0,-0.0406601436201213,0.006189828382852537,0.11604603885230416,0.1259802879088344,0.0061912617111993876,0.006192347976980012,0,2.0,0.0
3308,2023-01-22 23:51:59.999,-0.0404426843189185,1626.84,146.8149,1.2e-05,1970851796.0,-0.04066052774337144,0.006189789131288648,0.03519399770046572,0.11604603885230416,0.006191222450546333,0.006192347976980012,0,2.0,0.0
3309,2023-01-22 23:52:59.999,-0.0406851973220447,1627.565,88.2622,1.201e-05,1031606946.0,-0.04066122184572089,0.006189707797128357,-0.003873442351339967,0.03519399770046572,0.00619114109755215,0.006192347976980012,3,2.0,0.0
3310,2023-01-22 23:53:59.999,-0.0407246900144429,1628.62,120.2903,1.202e-05,3721835430.0,-0.040661966388812434,0.006189618662334821,-0.010133681742326338,-0.003873442351339967,0.006191051942118392,0.006192347976980012,0,2.0,3.0
3311,2023-01-22 23:54:59.999,-0.0407062696808537,1628.65,68.0995,1.202e-05,2395738053.0,-0.04066285974462594,0.006189485736431527,-0.007013496448057194,-0.010133681742326338,0.006190918985434526,0.006192347976980012,0,2.0,0.0
3312,2023-01-22 23:55:59.999,-0.0411910316043879,1628.42,33.5852,1.2025e-05,6236883362.0,-0.040663970497103345,0.006189365140191603,-0.08515592396738698,-0.007013496448057194,0.006190798361269109,0.006192347976980012,0,2.0,0.0
3313,2023-01-22 23:56:59.999,-0.0407620021196173,1627.44,44.7047,1.201e-05,738101011.0,-0.04066485298898027,0.0061892431599927045,-0.01569644755032507,-0.08515592396738698,0.0061906763528242455,0.006192347976980012,0,2.0,0.0
3314,2023-01-22 23:57:59.999,-0.0405902204655426,1626.6,84.33,1.2e-05,6705265974.0,-0.040665495733669656,0.006189163287576955,0.012162430465867551,-0.01569644755032507,0.006190596461913088,0.006192347976980012,4,2.0,0.0
3315,2023-01-22 23:58:59.999,-0.0403258772312113,1627.59,157.9506,1.2005e-05,3061045521.0,-0.04066621710575031,0.006189032855100637,0.054990801068137425,0.012162430465867551,0.00619046599923358,0.006192347976980012,0,2.0,4.0
3316,2023-01-22 23:59:59.999,-0.0401138799806588,1627.375,77.3351,1.2e-05,2413828859.0,-0.04066703579116332,0.006188842775481916,0.08937952224217618,0.054990801068137425,0.006190275875599663,0.006192347976980012,0,2.0,0.0
